=== Running multi benchmark: MULTI_DEALER_DEALER,MULTI_DEALER_ROUTER,MULTI_ROUTER_ROUTER,MULTI_PUBSUB,MULTI_SPOT,MULTI_STREAM ===
    warmup=2s duration=5s
    recv_mode=recv
Reusing build directory: /home/hep7/project/kairos/zlink/core/build
Using CMake source directory: /home/hep7/project/kairos/zlink

## Effective Options (runner)
- patterns: MULTI_DEALER_DEALER,MULTI_DEALER_ROUTER,MULTI_ROUTER_ROUTER,MULTI_PUBSUB,MULTI_SPOT,MULTI_STREAM
- build_dir: /home/hep7/project/kairos/zlink/core/build
- build_mode: reuse
- reuse_build: 1
- clean_build: 0
- runs: 1
- recv_mode: recv
- duration_seconds: 5
- warmup_seconds: 2
- hwm: default(binary)
- send_hwm: default(binary)
- recv_hwm: default(binary)
- sndbuf: default(os)
- rcvbuf: default(os)
- sndtimeo_ms: 200
- rcvtimeo_ms: 200
- pin_cpu: 0
- io_threads: default(policy)
- msg_sizes: default(benchmark)
- transports: tcp,tls,ws,wss
- results_dir: /home/hep7/project/kairos/zlink/core/perf/results
- results_tag: none
- result_file: /home/hep7/project/kairos/zlink/core/perf/results/multi/report/perf_linux_recv_20260327_072300.txt
- output_file: none
- comparison_script: /home/hep7/project/kairos/zlink/core/perf/run_comparison.py
- python: python3

## Effective Env (runner)
- PYTHONUNBUFFERED: 1
- PERF_RECV_MODE: recv
- PERF_TRANSPORTS: tcp,tls,ws,wss
- PERF_NO_AUTOBUILD: 1
- PERF_DISABLE_RESOURCE_METRICS: 0

META,os,Linux 6.6.87.2-microsoft-standard-WSL2
META,cpu,Intel(R) Core(TM) Ultra 7 265K
META,cores,20
META,build,Release
META,commit,b7a68af7
META,timestamp,2026-03-27T07:23:00+09:00
META,load_avg,6.75 5.17 5.92
META,runs,1
META,clients,100

## Effective Options (start)
- runs: 1
- recv_mode: recv
- patterns: MULTI_DEALER_DEALER,MULTI_DEALER_ROUTER,MULTI_ROUTER_ROUTER,MULTI_PUBSUB,MULTI_SPOT,MULTI_STREAM
- transports: tcp,tls,ws,wss
- msg_sizes: 64,256,1024,65536,131072,262144
- warmup_seconds: 2
- active_warmup: 0
- duration_seconds: 5
- clients: 100
- default_clients: 100
- default_stream_clients: 10000
- service_clients: auto
- server_io_threads: 4 (default)
- client_io_threads: 4 (default)
- hwm: mixed-default(10,100)
- sndhwm: mixed-default(10,100)
- rcvhwm: mixed-default(10,100)
- sndbuf: default(os)
- rcvbuf: default(os)
- sndtimeo_ms: 200
- rcvtimeo_ms: 200
- connect_concurrency: 128 (default)
- settle_ms: 500
- connect_ready_timeout_ms: 5000
- monitor_hwm: 1000
- server_ready_timeout_ms: 10000
- server_shutdown_timeout_ms: 5000
- server_bind_port: 0
- transport_transition_ms: 3000
- pattern_transition_ms: 3000
- lat_timeout_ms: 5000
- stream_non_tcp_clients_max: 10000
- disable_resource_metrics: 0
- timeout_seconds: auto
## PATTERN: MULTI_DEALER_DEALER (one-way)
  > Benchmarking current for MULTI_DEALER_DEALER...
    Testing tcp | 64B,256B,1024B,65536B,131072B,262144B:
      | Size     |         Throughput |      Bandwidth |  Lat.Mean(ms) |   Lat.P95(ms) |   Lat.P99(ms) |  S.CPU% | S.Mem MB | Q.Snd.Max | Q.Rcv.Max | Q.Rcv.End |
      |----------|--------------------|----------------|---------------|---------------|---------------|---------|----------|-----------|-----------|-----------|
      | 64B      |  1572.835 Kmsg/s |    100.661 MB/s |     0.097 ms |     0.167 ms |     0.257 ms | 18.980 |   34.531 |         0 |         0 |         0 |
      | 256B     |   982.327 Kmsg/s |    251.476 MB/s |     0.113 ms |     0.221 ms |     0.320 ms | 16.815 |   14.363 |         0 |         0 |         0 |
      | 1024B    |   989.983 Kmsg/s |   1013.742 MB/s |     0.094 ms |     0.181 ms |     0.283 ms | 17.978 |   24.719 |         0 |         0 |         0 |
      | 65536B   |   184.107 Kmsg/s |  12065.610 MB/s |    39.948 ms |    72.395 ms |    77.863 ms | 15.870 |   13.762 |         0 |         0 |         0 |
      | 131072B  |    89.523 Kmsg/s |  11733.985 MB/s |    82.627 ms |   168.738 ms |   183.927 ms | 13.620 |   16.086 |         0 |         0 |         0 |
      | 262144B  |    44.226 Kmsg/s |  11593.633 MB/s |   163.917 ms |   297.409 ms |   320.651 ms | 12.330 |   14.102 |         0 |         0 |         0 |
    Testing tcp: Done
    [transport cooldown 3000ms]
    Testing tls | 64B,256B,1024B,65536B,131072B,262144B:
      | Size     |         Throughput |      Bandwidth |  Lat.Mean(ms) |   Lat.P95(ms) |   Lat.P99(ms) |  S.CPU% | S.Mem MB | Q.Snd.Max | Q.Rcv.Max | Q.Rcv.End |
      |----------|--------------------|----------------|---------------|---------------|---------------|---------|----------|-----------|-----------|-----------|
      | 64B      |  1458.673 Kmsg/s |     93.355 MB/s |     4.120 ms |     4.910 ms |     5.462 ms | 20.397 |   27.316 |         0 |         0 |         0 |
      | 256B     |  1025.291 Kmsg/s |    262.474 MB/s |     0.145 ms |     0.295 ms |     0.436 ms | 20.182 |   26.781 |         0 |         0 |         0 |
      | 1024B    |  1018.008 Kmsg/s |   1042.440 MB/s |     0.148 ms |     0.331 ms |     0.456 ms | 20.480 |   50.230 |         0 |         0 |         0 |
      | 65536B   |    92.350 Kmsg/s |   6052.263 MB/s |    80.517 ms |   112.377 ms |   118.767 ms | 17.728 |   28.191 |         0 |         0 |         0 |
      | 131072B  |    51.509 Kmsg/s |   6751.414 MB/s |   143.722 ms |   223.351 ms |   239.095 ms | 17.686 |   28.152 |         0 |         0 |         0 |
      | 262144B  |    28.491 Kmsg/s |   7468.692 MB/s |   252.275 ms |   367.072 ms |   401.000 ms | 18.207 |   27.441 |         0 |         0 |         0 |
    Testing tls: Done
    [transport cooldown 3000ms]
    Testing ws | 64B,256B,1024B,65536B,131072B,262144B:
      | Size     |         Throughput |      Bandwidth |  Lat.Mean(ms) |   Lat.P95(ms) |   Lat.P99(ms) |  S.CPU% | S.Mem MB | Q.Snd.Max | Q.Rcv.Max | Q.Rcv.End |
      |----------|--------------------|----------------|---------------|---------------|---------------|---------|----------|-----------|-----------|-----------|
      | 64B      |  1578.325 Kmsg/s |    101.013 MB/s |     0.136 ms |     0.323 ms |     0.475 ms | 21.036 |   73.141 |         0 |         0 |         0 |
      | 256B     |  1059.515 Kmsg/s |    271.236 MB/s |     0.124 ms |     0.247 ms |     0.338 ms | 16.823 |   21.215 |         0 |         0 |         0 |
      | 1024B    |  1017.696 Kmsg/s |   1042.120 MB/s |     0.105 ms |     0.250 ms |     0.356 ms | 19.248 |   67.117 |         0 |         0 |         0 |
      | 65536B   |   171.552 Kmsg/s |  11242.858 MB/s |    42.976 ms |    78.517 ms |    84.834 ms | 16.544 |   15.645 |         0 |         0 |         0 |
      | 131072B  |    66.448 Kmsg/s |   8709.525 MB/s |   180.707 ms |   414.269 ms |   544.457 ms | 20.470 |   40.223 |         0 |         0 |         0 |
      | 262144B  |    22.563 Kmsg/s |   5914.808 MB/s |   459.631 ms |   774.101 ms |   849.810 ms | 19.788 |   56.320 |         0 |         0 |         0 |
    Testing ws: Done
    [transport cooldown 3000ms]
    Testing wss | 64B,256B,1024B,65536B,131072B,262144B:
      | Size     |         Throughput |      Bandwidth |  Lat.Mean(ms) |   Lat.P95(ms) |   Lat.P99(ms) |  S.CPU% | S.Mem MB | Q.Snd.Max | Q.Rcv.Max | Q.Rcv.End |
      |----------|--------------------|----------------|---------------|---------------|---------------|---------|----------|-----------|-----------|-----------|
      | 64B      |  1673.833 Kmsg/s |    107.125 MB/s |     0.360 ms |     1.354 ms |     2.562 ms | 22.640 |   82.707 |         0 |         0 |         0 |
      | 256B     |  1005.242 Kmsg/s |    257.342 MB/s |     0.187 ms |     0.435 ms |     0.612 ms | 20.952 |   87.707 |         0 |         0 |         0 |
      | 1024B    |  1032.550 Kmsg/s |   1057.331 MB/s |     0.243 ms |     0.578 ms |     0.791 ms | 21.017 |  111.371 |         0 |         0 |         0 |
      | 65536B   |    65.914 Kmsg/s |   4319.727 MB/s |   112.702 ms |   167.205 ms |   182.109 ms | 18.506 |   34.387 |         0 |         0 |         0 |
      | 131072B  |    35.556 Kmsg/s |   4660.370 MB/s |   199.205 ms |   282.215 ms |   305.965 ms | 17.876 |   38.480 |         0 |         0 |         0 |
      | 262144B  |    18.613 Kmsg/s |   4879.286 MB/s |   404.512 ms |   707.629 ms |   909.942 ms | 19.473 |   78.184 |         0 |         0 |         0 |
    Testing wss: Done
[pattern cooldown 3000ms]

===============================================================================

## PATTERN: MULTI_DEALER_ROUTER (echo)
  > Benchmarking current for MULTI_DEALER_ROUTER...
    Testing tcp | 64B,256B,1024B,65536B,131072B,262144B:
      | Size     |         Throughput |      Bandwidth |  Lat.Mean(ms) |   Lat.P95(ms) |   Lat.P99(ms) |  S.CPU% | S.Mem MB | Q.Snd.Max | Q.Rcv.Max | Q.Rcv.End |
      |----------|--------------------|----------------|---------------|---------------|---------------|---------|----------|-----------|-----------|-----------|
      | 64B      |   953.431 Kops/s |    122.039 MB/s |     0.105 ms |     0.163 ms |     0.204 ms | 18.871 |   14.750 |         0 |         0 |         0 |
      | 256B     |   921.186 Kops/s |    471.647 MB/s |     0.108 ms |     0.168 ms |     0.214 ms | 18.860 |   16.540 |         0 |         0 |         0 |
      | 1024B    |   937.964 Kops/s |   1920.949 MB/s |     0.106 ms |     0.163 ms |     0.204 ms | 19.240 |   17.010 |         0 |         0 |         0 |
      | 65536B   |   171.938 Kops/s |  22536.284 MB/s |     0.581 ms |     1.125 ms |     1.321 ms | 20.600 |   21.820 |         0 |         0 |         0 |
      | 131072B  |    74.827 Kops/s |  19615.502 MB/s |     1.335 ms |     2.691 ms |     3.127 ms | 19.750 |   24.790 |         0 |         0 |         0 |
      | 262144B  |    36.858 Kops/s |  19323.997 MB/s |     2.710 ms |     5.500 ms |     6.227 ms | 18.820 |   38.710 |         0 |         0 |         0 |
    Testing tcp: Done
    [transport cooldown 3000ms]
    Testing tls | 64B,256B,1024B,65536B,131072B,262144B:
      | Size     |         Throughput |      Bandwidth |  Lat.Mean(ms) |   Lat.P95(ms) |   Lat.P99(ms) |  S.CPU% | S.Mem MB | Q.Snd.Max | Q.Rcv.Max | Q.Rcv.End |
      |----------|--------------------|----------------|---------------|---------------|---------------|---------|----------|-----------|-----------|-----------|
      | 64B      |   843.577 Kops/s |    107.978 MB/s |     0.118 ms |     0.206 ms |     0.268 ms | 20.680 |   26.680 |         0 |         0 |         0 |
      | 256B     |   835.048 Kops/s |    427.545 MB/s |     0.120 ms |     0.204 ms |     0.263 ms | 20.260 |   29.480 |         0 |         0 |         0 |
      | 1024B    |   787.382 Kops/s |   1612.559 MB/s |     0.127 ms |     0.228 ms |     0.295 ms | 20.620 |   29.360 |         0 |         0 |         0 |
      | 65536B   |    50.514 Kops/s |   6620.945 MB/s |     1.978 ms |     2.803 ms |     3.161 ms | 19.870 |   39.700 |         0 |         0 |         0 |
      | 131072B  |    27.204 Kops/s |   7131.365 MB/s |     3.671 ms |     4.294 ms |     4.605 ms | 19.960 |   47.330 |         0 |         0 |         0 |
      | 262144B  |    13.550 Kops/s |   7104.207 MB/s |     7.362 ms |     9.790 ms |    10.259 ms | 19.015 |   70.906 |         0 |         0 |         0 |
    Testing tls: Done
    [transport cooldown 3000ms]
    Testing ws | 64B,256B,1024B,65536B,131072B,262144B:
      | Size     |         Throughput |      Bandwidth |  Lat.Mean(ms) |   Lat.P95(ms) |   Lat.P99(ms) |  S.CPU% | S.Mem MB | Q.Snd.Max | Q.Rcv.Max | Q.Rcv.End |
      |----------|--------------------|----------------|---------------|---------------|---------------|---------|----------|-----------|-----------|-----------|
      | 64B      |   882.623 Kops/s |    112.976 MB/s |     0.113 ms |     0.185 ms |     0.240 ms | 19.840 |   19.040 |         0 |         0 |         0 |
      | 256B     |   895.457 Kops/s |    458.474 MB/s |     0.111 ms |     0.183 ms |     0.238 ms | 20.300 |   19.110 |         0 |         0 |         0 |
      | 1024B    |   659.171 Kops/s |   1349.983 MB/s |     0.151 ms |     0.267 ms |     0.341 ms | 20.100 |   18.480 |         0 |         0 |         0 |
      | 65536B   |    97.330 Kops/s |  12757.185 MB/s |     1.027 ms |     1.777 ms |     2.012 ms | 19.780 |   24.730 |         0 |         0 |         0 |
      | 131072B  |    37.683 Kops/s |   9878.320 MB/s |     2.651 ms |     4.263 ms |     4.623 ms | 19.850 |   37.080 |         0 |         0 |         0 |
      | 262144B  |    18.248 Kops/s |   9566.998 MB/s |     5.453 ms |     9.722 ms |    10.421 ms | 19.410 |   35.250 |         0 |         0 |         0 |
    Testing ws: Done
    [transport cooldown 3000ms]
    Testing wss | 64B,256B,1024B,65536B,131072B,262144B:
      | Size     |         Throughput |      Bandwidth |  Lat.Mean(ms) |   Lat.P95(ms) |   Lat.P99(ms) |  S.CPU% | S.Mem MB | Q.Snd.Max | Q.Rcv.Max | Q.Rcv.End |
      |----------|--------------------|----------------|---------------|---------------|---------------|---------|----------|-----------|-----------|-----------|
      | 64B      |   781.529 Kops/s |    100.036 MB/s |     0.128 ms |     0.228 ms |     0.303 ms | 20.960 |   31.790 |         0 |         0 |         0 |
      | 256B     |   775.094 Kops/s |    396.848 MB/s |     0.129 ms |     0.231 ms |     0.300 ms | 20.860 |   32.190 |         0 |         0 |         0 |
      | 1024B    |   661.183 Kops/s |   1354.104 MB/s |     0.151 ms |     0.271 ms |     0.355 ms | 21.080 |   31.460 |         0 |         0 |         0 |
      | 65536B   |    34.840 Kops/s |   4566.522 MB/s |     2.863 ms |     4.095 ms |     4.401 ms | 19.480 |   47.220 |         0 |         0 |         0 |
      | 131072B  |    17.579 Kops/s |   4608.334 MB/s |     5.678 ms |     7.968 ms |     8.354 ms | 18.940 |   56.850 |         0 |         0 |         0 |
      | 262144B  |     9.117 Kops/s |   4780.039 MB/s |    10.931 ms |    12.995 ms |    13.486 ms | 17.818 |   86.738 |         0 |         0 |         0 |
    Testing wss: Done
[pattern cooldown 3000ms]

===============================================================================

## PATTERN: MULTI_ROUTER_ROUTER (echo)
  > Benchmarking current for MULTI_ROUTER_ROUTER...
    Testing tcp | 64B,256B,1024B,65536B,131072B,262144B:
      | Size     |         Throughput |      Bandwidth |  Lat.Mean(ms) |   Lat.P95(ms) |   Lat.P99(ms) |  S.CPU% | S.Mem MB | Q.Snd.Max | Q.Rcv.Max | Q.Rcv.End |
      |----------|--------------------|----------------|---------------|---------------|---------------|---------|----------|-----------|-----------|-----------|
      | 64B      |   886.016 Kops/s |    113.410 MB/s |     0.113 ms |     0.169 ms |     0.208 ms | 18.300 |   16.300 |         0 |         0 |         0 |
      | 256B     |   879.855 Kops/s |    450.486 MB/s |     0.113 ms |     0.173 ms |     0.218 ms | 18.720 |   17.540 |         0 |         0 |         0 |
      | 1024B    |   871.012 Kops/s |   1783.833 MB/s |     0.115 ms |     0.175 ms |     0.218 ms | 19.010 |   16.780 |         0 |         0 |         0 |
      | 65536B   |   160.547 Kops/s |  21043.164 MB/s |     0.623 ms |     1.077 ms |     1.261 ms | 20.730 |   21.620 |         0 |         0 |         0 |
      | 131072B  |    72.173 Kops/s |  18919.824 MB/s |     1.384 ms |     2.679 ms |     3.155 ms | 19.850 |   22.750 |         0 |         0 |         0 |
      | 262144B  |    35.465 Kops/s |  18594.084 MB/s |     2.816 ms |     6.076 ms |     7.176 ms | 19.590 |   30.670 |         0 |         0 |         0 |
    Testing tcp: Done
    [transport cooldown 3000ms]
    Testing tls | 64B,256B,1024B,65536B,131072B,262144B:
      | Size     |         Throughput |      Bandwidth |  Lat.Mean(ms) |   Lat.P95(ms) |   Lat.P99(ms) |  S.CPU% | S.Mem MB | Q.Snd.Max | Q.Rcv.Max | Q.Rcv.End |
      |----------|--------------------|----------------|---------------|---------------|---------------|---------|----------|-----------|-----------|-----------|
      | 64B      |   796.672 Kops/s |    101.974 MB/s |     0.125 ms |     0.209 ms |     0.271 ms | 19.800 |   29.640 |         0 |         0 |         0 |
      | 256B     |   786.975 Kops/s |    402.931 MB/s |     0.127 ms |     0.212 ms |     0.275 ms | 19.790 |   28.790 |         0 |         0 |         0 |
      | 1024B    |   774.092 Kops/s |   1585.341 MB/s |     0.129 ms |     0.218 ms |     0.282 ms | 20.220 |   29.160 |         0 |         0 |         0 |
      | 65536B   |    52.363 Kops/s |   6863.297 MB/s |     1.908 ms |     3.309 ms |     3.632 ms | 20.280 |   37.410 |         0 |         0 |         0 |
      | 131072B  |    26.506 Kops/s |   6948.494 MB/s |     3.768 ms |     5.024 ms |     5.383 ms | 19.580 |   41.960 |         0 |         0 |         0 |
      | 262144B  |    13.756 Kops/s |   7212.106 MB/s |     7.248 ms |    13.060 ms |    13.571 ms | 18.731 |   66.504 |         0 |         0 |         0 |
    Testing tls: Done
    [transport cooldown 3000ms]
    Testing ws | 64B,256B,1024B,65536B,131072B,262144B:
      | Size     |         Throughput |      Bandwidth |  Lat.Mean(ms) |   Lat.P95(ms) |   Lat.P99(ms) |  S.CPU% | S.Mem MB | Q.Snd.Max | Q.Rcv.Max | Q.Rcv.End |
      |----------|--------------------|----------------|---------------|---------------|---------------|---------|----------|-----------|-----------|-----------|
      | 64B      |   830.148 Kops/s |    106.259 MB/s |     0.120 ms |     0.190 ms |     0.242 ms | 19.530 |   17.880 |         0 |         0 |         0 |
      | 256B     |   839.029 Kops/s |    429.583 MB/s |     0.119 ms |     0.191 ms |     0.245 ms | 19.760 |   19.040 |         0 |         0 |         0 |
      | 1024B    |   727.602 Kops/s |   1490.129 MB/s |     0.137 ms |     0.236 ms |     0.308 ms | 19.940 |   18.630 |         0 |         0 |         0 |
      | 65536B   |   100.139 Kops/s |  13125.367 MB/s |     0.998 ms |     1.842 ms |     2.057 ms | 19.750 |   24.920 |         0 |         0 |         0 |
      | 131072B  |    37.796 Kops/s |   9908.099 MB/s |     2.640 ms |     4.075 ms |     4.460 ms | 20.180 |   36.500 |         0 |         0 |         0 |
      | 262144B  |    19.860 Kops/s |  10412.255 MB/s |     5.024 ms |    12.335 ms |    13.263 ms | 18.643 |   63.789 |         0 |         0 |         0 |
    Testing ws: Done
    [transport cooldown 3000ms]
    Testing wss | 64B,256B,1024B,65536B,131072B,262144B:
      | Size     |         Throughput |      Bandwidth |  Lat.Mean(ms) |   Lat.P95(ms) |   Lat.P99(ms) |  S.CPU% | S.Mem MB | Q.Snd.Max | Q.Rcv.Max | Q.Rcv.End |
      |----------|--------------------|----------------|---------------|---------------|---------------|---------|----------|-----------|-----------|-----------|
      | 64B      |   749.231 Kops/s |     95.902 MB/s |     0.133 ms |     0.220 ms |     0.289 ms | 20.590 |   31.420 |         0 |         0 |         0 |
      | 256B     |   749.326 Kops/s |    383.655 MB/s |     0.133 ms |     0.234 ms |     0.307 ms | 20.490 |   32.060 |         0 |         0 |         0 |
      | 1024B    |   678.440 Kops/s |   1389.445 MB/s |     0.147 ms |     0.271 ms |     0.356 ms | 21.250 |   31.490 |         0 |         0 |         0 |
      | 65536B   |    34.213 Kops/s |   4484.366 MB/s |     2.919 ms |     4.184 ms |     4.512 ms | 19.440 |   48.570 |         0 |         0 |         0 |
      | 131072B  |    17.409 Kops/s |   4563.770 MB/s |     5.734 ms |     7.040 ms |     7.421 ms | 18.620 |   55.360 |         0 |         0 |         0 |
      | 262144B  |     9.108 Kops/s |   4775.110 MB/s |    10.944 ms |    12.986 ms |    13.470 ms | 17.434 |   88.883 |         0 |         0 |         0 |
    Testing wss: Done
[pattern cooldown 3000ms]

===============================================================================

## PATTERN: MULTI_PUBSUB (one-way)
  > Benchmarking current for MULTI_PUBSUB...
    Testing tcp | 64B,256B,1024B,65536B,131072B,262144B:
      | Size     |         Throughput |      Bandwidth |  Lat.Mean(ms) |   Lat.P95(ms) |   Lat.P99(ms) |  S.CPU% | S.Mem MB | Q.Snd.Max | Q.Rcv.Max | Q.Rcv.End |
      |----------|--------------------|----------------|---------------|---------------|---------------|---------|----------|-----------|-----------|-----------|
      | 64B      |  4485.012 Kmsg/s |    287.041 MB/s |   924.847 ms |  1364.514 ms |  1465.949 ms | 20.010 |   13.280 |         0 |         0 |         0 |
      | 256B     |  4071.814 Kmsg/s |   1042.384 MB/s |   814.081 ms |  1107.783 ms |  1224.269 ms | 18.220 |   12.970 |         0 |         0 |         0 |
      | 1024B    |  3144.728 Kmsg/s |   3220.202 MB/s |   292.377 ms |   338.737 ms |   355.254 ms | 13.330 |   13.280 |         0 |         0 |         0 |
      | 65536B   |   195.227 Kmsg/s |  12794.397 MB/s |    46.342 ms |    98.492 ms |   103.554 ms | 10.780 |   17.370 |         0 |         0 |         0 |
      | 131072B  |    97.539 Kmsg/s |  12784.684 MB/s |    80.915 ms |   179.882 ms |   185.353 ms | 10.650 |   22.690 |         0 |         0 |         0 |
      | 262144B  |    50.512 Kmsg/s |  13241.470 MB/s |   136.651 ms |   249.104 ms |   258.536 ms | 11.650 |   38.070 |         0 |         0 |         0 |
    Testing tcp: Done
    [transport cooldown 3000ms]
    Testing tls | 64B,256B,1024B,65536B,131072B,262144B:
      | Size     |         Throughput |      Bandwidth |  Lat.Mean(ms) |   Lat.P95(ms) |   Lat.P99(ms) |  S.CPU% | S.Mem MB | Q.Snd.Max | Q.Rcv.Max | Q.Rcv.End |
      |----------|--------------------|----------------|---------------|---------------|---------------|---------|----------|-----------|-----------|-----------|
      | 64B      |  2652.588 Kmsg/s |    169.766 MB/s |  3091.423 ms |  4029.508 ms |  4105.180 ms | 12.040 |   25.940 |         0 |         0 |         0 |
      | 256B     |  2761.200 Kmsg/s |    706.867 MB/s |   739.079 ms |   889.196 ms |   933.128 ms | 10.200 |   25.940 |         0 |         0 |         0 |
      | 1024B    |  3021.000 Kmsg/s |   3093.504 MB/s |   436.985 ms |   490.479 ms |   506.470 ms | 10.870 |   26.410 |         0 |         0 |         0 |
      | 65536B   |   103.450 Kmsg/s |   6779.673 MB/s |    55.646 ms |   157.863 ms |   167.847 ms | 16.760 |   32.240 |         0 |         0 |         0 |
      | 131072B  |    49.872 Kmsg/s |   6536.875 MB/s |    92.832 ms |   259.171 ms |   274.740 ms | 14.900 |   37.160 |         0 |         0 |         0 |
      | 262144B  |    16.754 Kmsg/s |   4391.856 MB/s |   299.576 ms |   644.032 ms |   673.782 ms |  8.670 |   48.700 |         0 |         0 |         0 |
    Testing tls: Done
    [transport cooldown 3000ms]
    Testing ws | 64B,256B,1024B,65536B,131072B,262144B:
      | Size     |         Throughput |      Bandwidth |  Lat.Mean(ms) |   Lat.P95(ms) |   Lat.P99(ms) |  S.CPU% | S.Mem MB | Q.Snd.Max | Q.Rcv.Max | Q.Rcv.End |
      |----------|--------------------|----------------|---------------|---------------|---------------|---------|----------|-----------|-----------|-----------|
      | 64B      |  2658.906 Kmsg/s |    170.170 MB/s |  3427.908 ms |  4423.608 ms |  4517.385 ms | 13.260 |   14.060 |         0 |         0 |         0 |
      | 256B     |  3354.279 Kmsg/s |    858.695 MB/s |   229.073 ms |   647.740 ms |   708.418 ms | 11.550 |   14.380 |         0 |         0 |         0 |
      | 1024B    |  2913.091 Kmsg/s |   2983.005 MB/s |   273.957 ms |   315.104 ms |   333.834 ms |  9.650 |   14.220 |         0 |         0 |         0 |
      | 65536B   |   144.721 Kmsg/s |   9484.462 MB/s |    64.340 ms |   158.524 ms |   165.318 ms |  9.230 |   18.970 |         0 |         0 |         0 |
      | 131072B  |    65.501 Kmsg/s |   8585.295 MB/s |    98.304 ms |   218.970 ms |   227.694 ms |  8.240 |   24.320 |         0 |         0 |         0 |
      | 262144B  |    29.704 Kmsg/s |   7786.778 MB/s |   253.727 ms |   418.627 ms |   432.825 ms |  7.470 |   39.270 |         0 |         0 |         0 |
    Testing ws: Done
    [transport cooldown 3000ms]
    Testing wss | 64B,256B,1024B,65536B,131072B,262144B:
      | Size     |         Throughput |      Bandwidth |  Lat.Mean(ms) |   Lat.P95(ms) |   Lat.P99(ms) |  S.CPU% | S.Mem MB | Q.Snd.Max | Q.Rcv.Max | Q.Rcv.End |
      |----------|--------------------|----------------|---------------|---------------|---------------|---------|----------|-----------|-----------|-----------|
      | 64B      |  3590.081 Kmsg/s |    229.765 MB/s |  2217.737 ms |  3025.636 ms |  3099.622 ms | 15.130 |   27.810 |         0 |         0 |         0 |
      | 256B     |  3513.360 Kmsg/s |    899.420 MB/s |   798.321 ms |   903.994 ms |   921.348 ms | 10.900 |   28.120 |         0 |         0 |         0 |
      | 1024B    |  2671.940 Kmsg/s |   2736.067 MB/s |   417.761 ms |   531.597 ms |   573.636 ms | 13.700 |   27.970 |         0 |         0 |         0 |
      | 65536B   |    77.991 Kmsg/s |   5111.244 MB/s |    94.032 ms |   221.961 ms |   234.624 ms | 15.810 |   34.220 |         0 |         0 |         0 |
      | 131072B  |    35.967 Kmsg/s |   4714.293 MB/s |   134.990 ms |   371.136 ms |   388.944 ms | 13.610 |   41.070 |         0 |         0 |         0 |
      | 262144B  |    18.136 Kmsg/s |   4754.139 MB/s |   353.970 ms |   694.012 ms |   737.870 ms | 11.830 |   50.120 |         0 |         0 |         0 |
    Testing wss: Done
[pattern cooldown 3000ms]

===============================================================================

## PATTERN: MULTI_SPOT (one-way)
  > Benchmarking current for MULTI_SPOT...
    Testing tcp | 64B,256B,1024B,65536B,131072B,262144B:
      | Size     |         Throughput |      Bandwidth |  Lat.Mean(ms) |   Lat.P95(ms) |   Lat.P99(ms) |  S.CPU% | S.Mem MB | Q.Snd.Max | Q.Rcv.Max | Q.Rcv.End |
      |----------|--------------------|----------------|---------------|---------------|---------------|---------|----------|-----------|-----------|-----------|
      | 64B      |  4281.803 Kmsg/s |    274.035 MB/s |  1227.100 ms |  1732.293 ms |  1847.438 ms | 15.122 |   19.531 |         0 |         0 |         0 |
      | 256B     |  2652.068 Kmsg/s |    678.929 MB/s |   886.172 ms |  1838.425 ms |  2084.274 ms | 11.996 |   22.031 |         0 |         0 |         0 |
      | 1024B    |  1097.034 Kmsg/s |   1123.363 MB/s |   348.532 ms |   786.590 ms |  1359.931 ms |  9.563 |   32.078 |         0 |         0 |         0 |
      | 65536B   |    66.728 Kmsg/s |   4373.112 MB/s |   259.237 ms |   457.755 ms |   500.129 ms | 11.684 |  276.629 |         0 |         0 |         0 |
      | 131072B  |    33.684 Kmsg/s |   4415.082 MB/s |   432.950 ms |   572.061 ms |   614.195 ms | 12.015 |  370.348 |         0 |         0 |         0 |
      | 262144B  |    18.416 Kmsg/s |   4827.644 MB/s |   529.266 ms |   692.833 ms |   732.136 ms | 13.011 |  261.633 |         0 |         0 |         0 |
    Testing tcp: Done
    [transport cooldown 3000ms]
    Testing tls | 64B,256B,1024B,65536B,131072B,262144B:
      | Size     |         Throughput |      Bandwidth |  Lat.Mean(ms) |   Lat.P95(ms) |   Lat.P99(ms) |  S.CPU% | S.Mem MB | Q.Snd.Max | Q.Rcv.Max | Q.Rcv.End |
      |----------|--------------------|----------------|---------------|---------------|---------------|---------|----------|-----------|-----------|-----------|
      | 64B      |   435.333 Kmsg/s |     27.861 MB/s |  4249.341 ms |  5394.225 ms |  6075.978 ms |  8.100 |   60.680 |         0 |         0 |         0 |
      | 256B     |  3029.218 Kmsg/s |    775.480 MB/s |   619.827 ms |  2477.871 ms |  3195.889 ms | 13.138 |   74.176 |         0 |         0 |         0 |
      | 1024B    |  1493.850 Kmsg/s |   1529.703 MB/s |   514.467 ms |  2391.184 ms |  2766.454 ms | 15.657 |  117.980 |         0 |         0 |         0 |
      | 65536B   |    13.927 Kmsg/s |    912.733 MB/s |  2944.251 ms |  3727.221 ms |  3903.948 ms |  7.402 |  623.219 |         0 |         0 |         0 |
      | 131072B  |    12.577 Kmsg/s |   1648.519 MB/s |   821.785 ms |  4238.282 ms |  4551.735 ms | 12.584 |  677.320 |         0 |         0 |         0 |
      | 262144B  |     8.708 Kmsg/s |   2282.750 MB/s |   148.108 ms |   194.543 ms |   220.299 ms | 14.253 |  895.574 |         0 |         0 |         0 |
    Testing tls: Done
    [transport cooldown 3000ms]
    Testing ws | 64B,256B,1024B,65536B,131072B,262144B:
      | Size     |         Throughput |      Bandwidth |  Lat.Mean(ms) |   Lat.P95(ms) |   Lat.P99(ms) |  S.CPU% | S.Mem MB | Q.Snd.Max | Q.Rcv.Max | Q.Rcv.End |
      |----------|--------------------|----------------|---------------|---------------|---------------|---------|----------|-----------|-----------|-----------|
      | 64B      |  1298.320 Kmsg/s |     83.092 MB/s |  3052.681 ms |  4848.184 ms |  5883.574 ms |  8.048 |   21.918 |         0 |         0 |         0 |
      | 256B     |  1073.935 Kmsg/s |    274.927 MB/s |  1060.726 ms |  2608.172 ms |  3183.174 ms |  9.592 |   23.906 |         0 |         0 |         0 |
      | 1024B    |   778.751 Kmsg/s |    797.441 MB/s |   400.859 ms |   609.139 ms |   968.051 ms |  9.238 |   33.242 |         0 |         0 |         0 |
      | 65536B   |    37.653 Kmsg/s |   2467.601 MB/s |   449.849 ms |   564.916 ms |   624.202 ms |  9.759 |  262.754 |         0 |         0 |         0 |
      | 131072B  |    22.461 Kmsg/s |   2944.008 MB/s |   536.032 ms |   789.618 ms |   871.466 ms | 10.243 |  296.789 |         0 |         0 |         0 |
      | 262144B  |    12.952 Kmsg/s |   3395.184 MB/s |   721.516 ms |   965.972 ms |  1035.995 ms | 10.629 |  184.316 |         0 |         0 |         0 |
    Testing ws: Done
    [transport cooldown 3000ms]
    Testing wss | 64B,256B,1024B,65536B,131072B,262144B:
      | Size     |         Throughput |      Bandwidth |  Lat.Mean(ms) |   Lat.P95(ms) |   Lat.P99(ms) |  S.CPU% | S.Mem MB | Q.Snd.Max | Q.Rcv.Max | Q.Rcv.End |
      |----------|--------------------|----------------|---------------|---------------|---------------|---------|----------|-----------|-----------|-----------|
      | 64B      |  1029.275 Kmsg/s |     65.874 MB/s |  3912.764 ms |  6435.836 ms |  6655.665 ms |  6.863 |   47.051 |         0 |         0 |         0 |
      | 256B     |   955.622 Kmsg/s |    244.639 MB/s |  1770.150 ms |  3650.101 ms |  4105.484 ms |  8.044 |   48.906 |         0 |         0 |         0 |
      | 1024B    |   957.254 Kmsg/s |    980.229 MB/s |   568.208 ms |  3002.594 ms |  3431.709 ms |  9.656 |   62.230 |         0 |         0 |         0 |
      | 65536B   |    14.481 Kmsg/s |    949.027 MB/s |  1767.826 ms |  2331.342 ms |  2517.091 ms |  5.884 |  275.844 |         0 |         0 |         0 |
      | 131072B  |    20.160 Kmsg/s |   2642.438 MB/s |   570.959 ms |  2177.625 ms |  2485.792 ms |  9.538 |  233.887 |         0 |         0 |         0 |
      | 262144B  |     9.107 Kmsg/s |   2387.293 MB/s |   635.031 ms |  3351.907 ms |  3797.621 ms |  9.622 |  238.965 |         0 |         0 |         0 |
    Testing wss: Done
[pattern cooldown 3000ms]

===============================================================================

## PATTERN: MULTI_STREAM (echo)
  > Benchmarking current for MULTI_STREAM...
    Testing tcp | 64B,256B,1024B,65536B:
      | Size     |         Throughput |      Bandwidth |  Lat.Mean(ms) |   Lat.P95(ms) |   Lat.P99(ms) |  S.CPU% | S.Mem MB | Q.Snd.Max | Q.Rcv.Max | Q.Rcv.End |
      |----------|--------------------|----------------|---------------|---------------|---------------|---------|----------|-----------|-----------|-----------|
      | 64B      |   413.344 Kops/s |     52.908 MB/s |    24.717 ms |    30.375 ms |    33.315 ms | 16.291 |  806.750 |         0 |         0 |         0 |
      | 256B     |   407.381 Kops/s |    208.579 MB/s |    24.574 ms |    25.175 ms |    25.673 ms | 15.549 |  736.445 |         0 |         0 |         0 |
      | 1024B    |   374.283 Kops/s |    766.532 MB/s |    26.927 ms |    29.124 ms |    34.614 ms | 15.683 |  769.168 |         0 |         0 |         0 |
      | 65536B   |    75.064 Kops/s |   9838.762 MB/s |   131.196 ms |   141.426 ms |   193.762 ms | 19.042 | 1831.520 |         0 |         0 |         0 |
    Testing tcp: Done
    [transport cooldown 3000ms]
    Testing tls | 64B,256B,1024B,65536B:
      | Size     |         Throughput |      Bandwidth |  Lat.Mean(ms) |   Lat.P95(ms) |   Lat.P99(ms) |  S.CPU% | S.Mem MB | Q.Snd.Max | Q.Rcv.Max | Q.Rcv.End |
      |----------|--------------------|----------------|---------------|---------------|---------------|---------|----------|-----------|-----------|-----------|
      | 64B      |   278.415 Kops/s |     35.637 MB/s |    36.432 ms |    37.503 ms |    39.064 ms | 14.310 | 1519.762 |         0 |         0 |         0 |
      | 256B     |   276.982 Kops/s |    141.815 MB/s |    36.111 ms |    38.074 ms |    40.803 ms | 13.952 | 1520.508 |         0 |         0 |         0 |
      | 1024B    |   232.125 Kops/s |    475.392 MB/s |    42.957 ms |    45.656 ms |    47.508 ms | 15.203 | 1523.117 |         0 |         0 |         0 |
      | 65536B   |    22.943 Kops/s |   3007.132 MB/s |   403.230 ms |   510.713 ms |   677.201 ms | 15.288 | 2275.078 |         0 |         0 |         0 |
    Testing tls: Done
    [transport cooldown 3000ms]
    Testing ws | 64B,256B,1024B,65536B:
      | Size     |         Throughput |      Bandwidth |  Lat.Mean(ms) |   Lat.P95(ms) |   Lat.P99(ms) |  S.CPU% | S.Mem MB | Q.Snd.Max | Q.Rcv.Max | Q.Rcv.End |
      |----------|--------------------|----------------|---------------|---------------|---------------|---------|----------|-----------|-----------|-----------|
      | 64B      |   388.054 Kops/s |     49.671 MB/s |    25.877 ms |    27.569 ms |    28.865 ms | 18.332 |  753.461 |         0 |         0 |         0 |
      | 256B     |   380.817 Kops/s |    194.978 MB/s |    26.376 ms |    28.125 ms |    31.423 ms | 18.210 |  763.227 |         0 |         0 |         0 |
      | 1024B    |   351.497 Kops/s |    719.866 MB/s |    28.479 ms |    29.641 ms |    31.334 ms | 17.901 |  668.176 |         0 |         0 |         0 |
      | 65536B   |    17.650 Kops/s |   2313.368 MB/s |   538.007 ms |   639.934 ms |   834.215 ms | 17.471 | 3977.293 |         0 |         0 |         0 |
    Testing ws: Done
    [transport cooldown 3000ms]
    Testing wss | 64B,256B,1024B,65536B:
      | Size     |         Throughput |      Bandwidth |  Lat.Mean(ms) |   Lat.P95(ms) |   Lat.P99(ms) |  S.CPU% | S.Mem MB | Q.Snd.Max | Q.Rcv.Max | Q.Rcv.End |
      |----------|--------------------|----------------|---------------|---------------|---------------|---------|----------|-----------|-----------|-----------|
      | 64B      |   236.895 Kops/s |     30.323 MB/s |    42.159 ms |    45.158 ms |    47.973 ms | 15.297 | 1558.035 |         0 |         0 |         0 |
      | 256B     |   226.849 Kops/s |    116.147 MB/s |    44.032 ms |    48.637 ms |    52.559 ms | 15.690 | 1547.984 |         0 |         0 |         0 |
      | 1024B    |   204.382 Kops/s |    418.575 MB/s |    48.616 ms |    54.417 ms |    56.801 ms | 15.370 | 1549.168 |         0 |         0 |         0 |
      | 65536B   |     9.550 Kops/s |   1251.738 MB/s |   946.873 ms |  1230.610 ms |  1407.229 ms | 14.118 | 4434.016 |         0 |         0 |         0 |
    Testing wss: Done

## Effective Options (result)
- runs: 1
- recv_mode: recv
- patterns: MULTI_DEALER_DEALER,MULTI_DEALER_ROUTER,MULTI_ROUTER_ROUTER,MULTI_PUBSUB,MULTI_SPOT,MULTI_STREAM
- transports: tcp,tls,ws,wss
- msg_sizes: 64,256,1024,65536,131072,262144
- warmup_seconds: 2
- active_warmup: 0
- duration_seconds: 5
- clients: 100
- default_clients: 100
- default_stream_clients: 10000
- service_clients: auto
- server_io_threads: 4 (default)
- client_io_threads: 4 (default)
- hwm: mixed-default(10,100)
- sndhwm: mixed-default(10,100)
- rcvhwm: mixed-default(10,100)
- sndbuf: default(os)
- rcvbuf: default(os)
- sndtimeo_ms: 200
- rcvtimeo_ms: 200
- connect_concurrency: 128 (default)
- settle_ms: 500
- connect_ready_timeout_ms: 5000
- monitor_hwm: 1000
- server_ready_timeout_ms: 10000
- server_shutdown_timeout_ms: 5000
- server_bind_port: 0
- transport_transition_ms: 3000
- pattern_transition_ms: 3000
- lat_timeout_ms: 5000
- stream_non_tcp_clients_max: 10000
- disable_resource_metrics: 0
- timeout_seconds: auto

## Result Data
RESULT,current,MULTI_DEALER_DEALER,tcp,64,bandwidth,100.661
RESULT,current,MULTI_DEALER_DEALER,tcp,64,latency,96.595
RESULT,current,MULTI_DEALER_DEALER,tcp,64,latency_p95,167.000
RESULT,current,MULTI_DEALER_DEALER,tcp,64,latency_p99,257.000
RESULT,current,MULTI_DEALER_DEALER,tcp,64,server_cpu_pct,18.760
RESULT,current,MULTI_DEALER_DEALER,tcp,64,server_mem_mb,32.860
RESULT,current,MULTI_DEALER_DEALER,tcp,64,server_rcv_pending_end,0.000
RESULT,current,MULTI_DEALER_DEALER,tcp,64,server_rcv_pending_max,0.000
RESULT,current,MULTI_DEALER_DEALER,tcp,64,server_snd_pending_max,0.000
RESULT,current,MULTI_DEALER_DEALER,tcp,64,throughput,1572835.400
RESULT,current,MULTI_DEALER_DEALER,tcp,256,bandwidth,251.476
RESULT,current,MULTI_DEALER_DEALER,tcp,256,latency,113.066
RESULT,current,MULTI_DEALER_DEALER,tcp,256,latency_p95,221.000
RESULT,current,MULTI_DEALER_DEALER,tcp,256,latency_p99,320.000
RESULT,current,MULTI_DEALER_DEALER,tcp,256,server_cpu_pct,16.600
RESULT,current,MULTI_DEALER_DEALER,tcp,256,server_mem_mb,12.840
RESULT,current,MULTI_DEALER_DEALER,tcp,256,server_rcv_pending_end,0.000
RESULT,current,MULTI_DEALER_DEALER,tcp,256,server_rcv_pending_max,0.000
RESULT,current,MULTI_DEALER_DEALER,tcp,256,server_snd_pending_max,0.000
RESULT,current,MULTI_DEALER_DEALER,tcp,256,throughput,982327.200
RESULT,current,MULTI_DEALER_DEALER,tcp,1024,bandwidth,1013.742
RESULT,current,MULTI_DEALER_DEALER,tcp,1024,latency,94.327
RESULT,current,MULTI_DEALER_DEALER,tcp,1024,latency_p95,181.000
RESULT,current,MULTI_DEALER_DEALER,tcp,1024,latency_p99,283.000
RESULT,current,MULTI_DEALER_DEALER,tcp,1024,server_cpu_pct,17.720
RESULT,current,MULTI_DEALER_DEALER,tcp,1024,server_mem_mb,23.110
RESULT,current,MULTI_DEALER_DEALER,tcp,1024,server_rcv_pending_end,0.000
RESULT,current,MULTI_DEALER_DEALER,tcp,1024,server_rcv_pending_max,0.000
RESULT,current,MULTI_DEALER_DEALER,tcp,1024,server_snd_pending_max,0.000
RESULT,current,MULTI_DEALER_DEALER,tcp,1024,throughput,989982.800
RESULT,current,MULTI_DEALER_DEALER,tcp,65536,bandwidth,12065.610
RESULT,current,MULTI_DEALER_DEALER,tcp,65536,latency,39948.401
RESULT,current,MULTI_DEALER_DEALER,tcp,65536,latency_p95,72395.050
RESULT,current,MULTI_DEALER_DEALER,tcp,65536,latency_p99,77863.010
RESULT,current,MULTI_DEALER_DEALER,tcp,65536,server_cpu_pct,15.670
RESULT,current,MULTI_DEALER_DEALER,tcp,65536,server_mem_mb,12.230
RESULT,current,MULTI_DEALER_DEALER,tcp,65536,server_rcv_pending_end,0.000
RESULT,current,MULTI_DEALER_DEALER,tcp,65536,server_rcv_pending_max,0.000
RESULT,current,MULTI_DEALER_DEALER,tcp,65536,server_snd_pending_max,0.000
RESULT,current,MULTI_DEALER_DEALER,tcp,65536,throughput,184106.600
RESULT,current,MULTI_DEALER_DEALER,tcp,131072,bandwidth,11733.985
RESULT,current,MULTI_DEALER_DEALER,tcp,131072,latency,82627.385
RESULT,current,MULTI_DEALER_DEALER,tcp,131072,latency_p95,168738.100
RESULT,current,MULTI_DEALER_DEALER,tcp,131072,latency_p99,183927.090
RESULT,current,MULTI_DEALER_DEALER,tcp,131072,server_cpu_pct,13.460
RESULT,current,MULTI_DEALER_DEALER,tcp,131072,server_mem_mb,14.560
RESULT,current,MULTI_DEALER_DEALER,tcp,131072,server_rcv_pending_end,0.000
RESULT,current,MULTI_DEALER_DEALER,tcp,131072,server_rcv_pending_max,0.000
RESULT,current,MULTI_DEALER_DEALER,tcp,131072,server_snd_pending_max,0.000
RESULT,current,MULTI_DEALER_DEALER,tcp,131072,throughput,89523.200
RESULT,current,MULTI_DEALER_DEALER,tcp,262144,bandwidth,11593.633
RESULT,current,MULTI_DEALER_DEALER,tcp,262144,latency,163917.166
RESULT,current,MULTI_DEALER_DEALER,tcp,262144,latency_p95,297409.200
RESULT,current,MULTI_DEALER_DEALER,tcp,262144,latency_p99,320651.010
RESULT,current,MULTI_DEALER_DEALER,tcp,262144,server_cpu_pct,12.230
RESULT,current,MULTI_DEALER_DEALER,tcp,262144,server_mem_mb,12.730
RESULT,current,MULTI_DEALER_DEALER,tcp,262144,server_rcv_pending_end,0.000
RESULT,current,MULTI_DEALER_DEALER,tcp,262144,server_rcv_pending_max,0.000
RESULT,current,MULTI_DEALER_DEALER,tcp,262144,server_snd_pending_max,0.000
RESULT,current,MULTI_DEALER_DEALER,tcp,262144,throughput,44226.200
RESULT,current,MULTI_DEALER_DEALER,tls,64,bandwidth,93.355
RESULT,current,MULTI_DEALER_DEALER,tls,64,latency,4120.248
RESULT,current,MULTI_DEALER_DEALER,tls,64,latency_p95,4910.000
RESULT,current,MULTI_DEALER_DEALER,tls,64,latency_p99,5462.000
RESULT,current,MULTI_DEALER_DEALER,tls,64,server_cpu_pct,20.160
RESULT,current,MULTI_DEALER_DEALER,tls,64,server_mem_mb,25.790
RESULT,current,MULTI_DEALER_DEALER,tls,64,server_rcv_pending_end,0.000
RESULT,current,MULTI_DEALER_DEALER,tls,64,server_rcv_pending_max,0.000
RESULT,current,MULTI_DEALER_DEALER,tls,64,server_snd_pending_max,0.000
RESULT,current,MULTI_DEALER_DEALER,tls,64,throughput,1458672.800
RESULT,current,MULTI_DEALER_DEALER,tls,256,bandwidth,262.474
RESULT,current,MULTI_DEALER_DEALER,tls,256,latency,145.418
RESULT,current,MULTI_DEALER_DEALER,tls,256,latency_p95,295.000
RESULT,current,MULTI_DEALER_DEALER,tls,256,latency_p99,436.000
RESULT,current,MULTI_DEALER_DEALER,tls,256,server_cpu_pct,20.110
RESULT,current,MULTI_DEALER_DEALER,tls,256,server_mem_mb,25.250
RESULT,current,MULTI_DEALER_DEALER,tls,256,server_rcv_pending_end,0.000
RESULT,current,MULTI_DEALER_DEALER,tls,256,server_rcv_pending_max,0.000
RESULT,current,MULTI_DEALER_DEALER,tls,256,server_snd_pending_max,0.000
RESULT,current,MULTI_DEALER_DEALER,tls,256,throughput,1025290.600
RESULT,current,MULTI_DEALER_DEALER,tls,1024,bandwidth,1042.440
RESULT,current,MULTI_DEALER_DEALER,tls,1024,latency,147.773
RESULT,current,MULTI_DEALER_DEALER,tls,1024,latency_p95,331.000
RESULT,current,MULTI_DEALER_DEALER,tls,1024,latency_p99,456.000
RESULT,current,MULTI_DEALER_DEALER,tls,1024,server_cpu_pct,20.310
RESULT,current,MULTI_DEALER_DEALER,tls,1024,server_mem_mb,48.700
RESULT,current,MULTI_DEALER_DEALER,tls,1024,server_rcv_pending_end,0.000
RESULT,current,MULTI_DEALER_DEALER,tls,1024,server_rcv_pending_max,0.000
RESULT,current,MULTI_DEALER_DEALER,tls,1024,server_snd_pending_max,0.000
RESULT,current,MULTI_DEALER_DEALER,tls,1024,throughput,1018008.000
RESULT,current,MULTI_DEALER_DEALER,tls,65536,bandwidth,6052.263
RESULT,current,MULTI_DEALER_DEALER,tls,65536,latency,80517.031
RESULT,current,MULTI_DEALER_DEALER,tls,65536,latency_p95,112377.100
RESULT,current,MULTI_DEALER_DEALER,tls,65536,latency_p99,118767.000
RESULT,current,MULTI_DEALER_DEALER,tls,65536,server_cpu_pct,17.590
RESULT,current,MULTI_DEALER_DEALER,tls,65536,server_mem_mb,26.660
RESULT,current,MULTI_DEALER_DEALER,tls,65536,server_rcv_pending_end,0.000
RESULT,current,MULTI_DEALER_DEALER,tls,65536,server_rcv_pending_max,0.000
RESULT,current,MULTI_DEALER_DEALER,tls,65536,server_snd_pending_max,0.000
RESULT,current,MULTI_DEALER_DEALER,tls,65536,throughput,92350.200
RESULT,current,MULTI_DEALER_DEALER,tls,131072,bandwidth,6751.414
RESULT,current,MULTI_DEALER_DEALER,tls,131072,latency,143721.677
RESULT,current,MULTI_DEALER_DEALER,tls,131072,latency_p95,223351.050
RESULT,current,MULTI_DEALER_DEALER,tls,131072,latency_p99,239095.020
RESULT,current,MULTI_DEALER_DEALER,tls,131072,server_cpu_pct,17.520
RESULT,current,MULTI_DEALER_DEALER,tls,131072,server_mem_mb,26.620
RESULT,current,MULTI_DEALER_DEALER,tls,131072,server_rcv_pending_end,0.000
RESULT,current,MULTI_DEALER_DEALER,tls,131072,server_rcv_pending_max,0.000
RESULT,current,MULTI_DEALER_DEALER,tls,131072,server_snd_pending_max,0.000
RESULT,current,MULTI_DEALER_DEALER,tls,131072,throughput,51509.200
RESULT,current,MULTI_DEALER_DEALER,tls,262144,bandwidth,7468.692
RESULT,current,MULTI_DEALER_DEALER,tls,262144,latency,252274.526
RESULT,current,MULTI_DEALER_DEALER,tls,262144,latency_p95,367072.450
RESULT,current,MULTI_DEALER_DEALER,tls,262144,latency_p99,401000.470
RESULT,current,MULTI_DEALER_DEALER,tls,262144,server_cpu_pct,18.060
RESULT,current,MULTI_DEALER_DEALER,tls,262144,server_mem_mb,26.350
RESULT,current,MULTI_DEALER_DEALER,tls,262144,server_rcv_pending_end,0.000
RESULT,current,MULTI_DEALER_DEALER,tls,262144,server_rcv_pending_max,0.000
RESULT,current,MULTI_DEALER_DEALER,tls,262144,server_snd_pending_max,0.000
RESULT,current,MULTI_DEALER_DEALER,tls,262144,throughput,28490.800
RESULT,current,MULTI_DEALER_DEALER,ws,64,bandwidth,101.013
RESULT,current,MULTI_DEALER_DEALER,ws,64,latency,135.530
RESULT,current,MULTI_DEALER_DEALER,ws,64,latency_p95,323.000
RESULT,current,MULTI_DEALER_DEALER,ws,64,latency_p99,475.000
RESULT,current,MULTI_DEALER_DEALER,ws,64,server_cpu_pct,20.710
RESULT,current,MULTI_DEALER_DEALER,ws,64,server_mem_mb,71.760
RESULT,current,MULTI_DEALER_DEALER,ws,64,server_rcv_pending_end,0.000
RESULT,current,MULTI_DEALER_DEALER,ws,64,server_rcv_pending_max,0.000
RESULT,current,MULTI_DEALER_DEALER,ws,64,server_snd_pending_max,0.000
RESULT,current,MULTI_DEALER_DEALER,ws,64,throughput,1578324.800
RESULT,current,MULTI_DEALER_DEALER,ws,256,bandwidth,271.236
RESULT,current,MULTI_DEALER_DEALER,ws,256,latency,123.709
RESULT,current,MULTI_DEALER_DEALER,ws,256,latency_p95,247.000
RESULT,current,MULTI_DEALER_DEALER,ws,256,latency_p99,338.000
RESULT,current,MULTI_DEALER_DEALER,ws,256,server_cpu_pct,16.590
RESULT,current,MULTI_DEALER_DEALER,ws,256,server_mem_mb,19.540
RESULT,current,MULTI_DEALER_DEALER,ws,256,server_rcv_pending_end,0.000
RESULT,current,MULTI_DEALER_DEALER,ws,256,server_rcv_pending_max,0.000
RESULT,current,MULTI_DEALER_DEALER,ws,256,server_snd_pending_max,0.000
RESULT,current,MULTI_DEALER_DEALER,ws,256,throughput,1059515.400
RESULT,current,MULTI_DEALER_DEALER,ws,1024,bandwidth,1042.120
RESULT,current,MULTI_DEALER_DEALER,ws,1024,latency,105.190
RESULT,current,MULTI_DEALER_DEALER,ws,1024,latency_p95,250.000
RESULT,current,MULTI_DEALER_DEALER,ws,1024,latency_p99,356.000
RESULT,current,MULTI_DEALER_DEALER,ws,1024,server_cpu_pct,18.960
RESULT,current,MULTI_DEALER_DEALER,ws,1024,server_mem_mb,65.590
RESULT,current,MULTI_DEALER_DEALER,ws,1024,server_rcv_pending_end,0.000
RESULT,current,MULTI_DEALER_DEALER,ws,1024,server_rcv_pending_max,0.000
RESULT,current,MULTI_DEALER_DEALER,ws,1024,server_snd_pending_max,0.000
RESULT,current,MULTI_DEALER_DEALER,ws,1024,throughput,1017695.800
RESULT,current,MULTI_DEALER_DEALER,ws,65536,bandwidth,11242.858
RESULT,current,MULTI_DEALER_DEALER,ws,65536,latency,42976.414
RESULT,current,MULTI_DEALER_DEALER,ws,65536,latency_p95,78517.000
RESULT,current,MULTI_DEALER_DEALER,ws,65536,latency_p99,84834.010
RESULT,current,MULTI_DEALER_DEALER,ws,65536,server_cpu_pct,16.350
RESULT,current,MULTI_DEALER_DEALER,ws,65536,server_mem_mb,14.120
RESULT,current,MULTI_DEALER_DEALER,ws,65536,server_rcv_pending_end,0.000
RESULT,current,MULTI_DEALER_DEALER,ws,65536,server_rcv_pending_max,0.000
RESULT,current,MULTI_DEALER_DEALER,ws,65536,server_snd_pending_max,0.000
RESULT,current,MULTI_DEALER_DEALER,ws,65536,throughput,171552.400
RESULT,current,MULTI_DEALER_DEALER,ws,131072,bandwidth,8709.525
RESULT,current,MULTI_DEALER_DEALER,ws,131072,latency,180707.018
RESULT,current,MULTI_DEALER_DEALER,ws,131072,latency_p95,414268.500
RESULT,current,MULTI_DEALER_DEALER,ws,131072,latency_p99,544457.060
RESULT,current,MULTI_DEALER_DEALER,ws,131072,server_cpu_pct,20.770
RESULT,current,MULTI_DEALER_DEALER,ws,131072,server_mem_mb,67.480
RESULT,current,MULTI_DEALER_DEALER,ws,131072,server_rcv_pending_end,0.000
RESULT,current,MULTI_DEALER_DEALER,ws,131072,server_rcv_pending_max,0.000
RESULT,current,MULTI_DEALER_DEALER,ws,131072,server_snd_pending_max,0.000
RESULT,current,MULTI_DEALER_DEALER,ws,131072,throughput,66448.400
RESULT,current,MULTI_DEALER_DEALER,ws,262144,bandwidth,5914.808
RESULT,current,MULTI_DEALER_DEALER,ws,262144,latency,459631.359
RESULT,current,MULTI_DEALER_DEALER,ws,262144,latency_p95,774101.250
RESULT,current,MULTI_DEALER_DEALER,ws,262144,latency_p99,849810.250
RESULT,current,MULTI_DEALER_DEALER,ws,262144,server_cpu_pct,20.030
RESULT,current,MULTI_DEALER_DEALER,ws,262144,server_mem_mb,75.610
RESULT,current,MULTI_DEALER_DEALER,ws,262144,server_rcv_pending_end,0.000
RESULT,current,MULTI_DEALER_DEALER,ws,262144,server_rcv_pending_max,0.000
RESULT,current,MULTI_DEALER_DEALER,ws,262144,server_snd_pending_max,0.000
RESULT,current,MULTI_DEALER_DEALER,ws,262144,throughput,22563.200
RESULT,current,MULTI_DEALER_DEALER,wss,64,bandwidth,107.125
RESULT,current,MULTI_DEALER_DEALER,wss,64,latency,360.095
RESULT,current,MULTI_DEALER_DEALER,wss,64,latency_p95,1354.000
RESULT,current,MULTI_DEALER_DEALER,wss,64,latency_p99,2562.010
RESULT,current,MULTI_DEALER_DEALER,wss,64,server_cpu_pct,22.520
RESULT,current,MULTI_DEALER_DEALER,wss,64,server_mem_mb,81.320
RESULT,current,MULTI_DEALER_DEALER,wss,64,server_rcv_pending_end,0.000
RESULT,current,MULTI_DEALER_DEALER,wss,64,server_rcv_pending_max,0.000
RESULT,current,MULTI_DEALER_DEALER,wss,64,server_snd_pending_max,0.000
RESULT,current,MULTI_DEALER_DEALER,wss,64,throughput,1673833.000
RESULT,current,MULTI_DEALER_DEALER,wss,256,bandwidth,257.342
RESULT,current,MULTI_DEALER_DEALER,wss,256,latency,187.205
RESULT,current,MULTI_DEALER_DEALER,wss,256,latency_p95,435.000
RESULT,current,MULTI_DEALER_DEALER,wss,256,latency_p99,612.000
RESULT,current,MULTI_DEALER_DEALER,wss,256,server_cpu_pct,20.820
RESULT,current,MULTI_DEALER_DEALER,wss,256,server_mem_mb,86.180
RESULT,current,MULTI_DEALER_DEALER,wss,256,server_rcv_pending_end,0.000
RESULT,current,MULTI_DEALER_DEALER,wss,256,server_rcv_pending_max,0.000
RESULT,current,MULTI_DEALER_DEALER,wss,256,server_snd_pending_max,0.000
RESULT,current,MULTI_DEALER_DEALER,wss,256,throughput,1005241.800
RESULT,current,MULTI_DEALER_DEALER,wss,1024,bandwidth,1057.331
RESULT,current,MULTI_DEALER_DEALER,wss,1024,latency,242.725
RESULT,current,MULTI_DEALER_DEALER,wss,1024,latency_p95,578.000
RESULT,current,MULTI_DEALER_DEALER,wss,1024,latency_p99,791.010
RESULT,current,MULTI_DEALER_DEALER,wss,1024,server_cpu_pct,20.890
RESULT,current,MULTI_DEALER_DEALER,wss,1024,server_mem_mb,109.790
RESULT,current,MULTI_DEALER_DEALER,wss,1024,server_rcv_pending_end,0.000
RESULT,current,MULTI_DEALER_DEALER,wss,1024,server_rcv_pending_max,0.000
RESULT,current,MULTI_DEALER_DEALER,wss,1024,server_snd_pending_max,0.000
RESULT,current,MULTI_DEALER_DEALER,wss,1024,throughput,1032549.800
RESULT,current,MULTI_DEALER_DEALER,wss,65536,bandwidth,4319.727
RESULT,current,MULTI_DEALER_DEALER,wss,65536,latency,112702.464
RESULT,current,MULTI_DEALER_DEALER,wss,65536,latency_p95,167205.250
RESULT,current,MULTI_DEALER_DEALER,wss,65536,latency_p99,182109.010
RESULT,current,MULTI_DEALER_DEALER,wss,65536,server_cpu_pct,18.300
RESULT,current,MULTI_DEALER_DEALER,wss,65536,server_mem_mb,32.860
RESULT,current,MULTI_DEALER_DEALER,wss,65536,server_rcv_pending_end,0.000
RESULT,current,MULTI_DEALER_DEALER,wss,65536,server_rcv_pending_max,0.000
RESULT,current,MULTI_DEALER_DEALER,wss,65536,server_snd_pending_max,0.000
RESULT,current,MULTI_DEALER_DEALER,wss,65536,throughput,65913.800
RESULT,current,MULTI_DEALER_DEALER,wss,131072,bandwidth,4660.370
RESULT,current,MULTI_DEALER_DEALER,wss,131072,latency,199205.049
RESULT,current,MULTI_DEALER_DEALER,wss,131072,latency_p95,282214.800
RESULT,current,MULTI_DEALER_DEALER,wss,131072,latency_p99,305964.540
RESULT,current,MULTI_DEALER_DEALER,wss,131072,server_cpu_pct,17.720
RESULT,current,MULTI_DEALER_DEALER,wss,131072,server_mem_mb,37.280
RESULT,current,MULTI_DEALER_DEALER,wss,131072,server_rcv_pending_end,0.000
RESULT,current,MULTI_DEALER_DEALER,wss,131072,server_rcv_pending_max,0.000
RESULT,current,MULTI_DEALER_DEALER,wss,131072,server_snd_pending_max,0.000
RESULT,current,MULTI_DEALER_DEALER,wss,131072,throughput,35555.800
RESULT,current,MULTI_DEALER_DEALER,wss,262144,bandwidth,4879.286
RESULT,current,MULTI_DEALER_DEALER,wss,262144,latency,404511.937
RESULT,current,MULTI_DEALER_DEALER,wss,262144,latency_p95,707628.600
RESULT,current,MULTI_DEALER_DEALER,wss,262144,latency_p99,909942.320
RESULT,current,MULTI_DEALER_DEALER,wss,262144,server_cpu_pct,19.740
RESULT,current,MULTI_DEALER_DEALER,wss,262144,server_mem_mb,82.130
RESULT,current,MULTI_DEALER_DEALER,wss,262144,server_rcv_pending_end,0.000
RESULT,current,MULTI_DEALER_DEALER,wss,262144,server_rcv_pending_max,0.000
RESULT,current,MULTI_DEALER_DEALER,wss,262144,server_snd_pending_max,0.000
RESULT,current,MULTI_DEALER_DEALER,wss,262144,throughput,18613.000
RESULT,current,MULTI_DEALER_ROUTER,tcp,64,bandwidth,122.039
RESULT,current,MULTI_DEALER_ROUTER,tcp,64,latency,104.664
RESULT,current,MULTI_DEALER_ROUTER,tcp,64,latency_p95,162.500
RESULT,current,MULTI_DEALER_ROUTER,tcp,64,latency_p99,204.000
RESULT,current,MULTI_DEALER_ROUTER,tcp,64,server_cpu_pct,18.340
RESULT,current,MULTI_DEALER_ROUTER,tcp,64,server_mem_mb,14.750
RESULT,current,MULTI_DEALER_ROUTER,tcp,64,server_rcv_pending_end,0.000
RESULT,current,MULTI_DEALER_ROUTER,tcp,64,server_rcv_pending_max,0.000
RESULT,current,MULTI_DEALER_ROUTER,tcp,64,server_snd_pending_max,0.000
RESULT,current,MULTI_DEALER_ROUTER,tcp,64,throughput,953430.800
RESULT,current,MULTI_DEALER_ROUTER,tcp,256,bandwidth,471.647
RESULT,current,MULTI_DEALER_ROUTER,tcp,256,latency,108.329
RESULT,current,MULTI_DEALER_ROUTER,tcp,256,latency_p95,167.500
RESULT,current,MULTI_DEALER_ROUTER,tcp,256,latency_p99,214.000
RESULT,current,MULTI_DEALER_ROUTER,tcp,256,server_cpu_pct,18.860
RESULT,current,MULTI_DEALER_ROUTER,tcp,256,server_mem_mb,16.540
RESULT,current,MULTI_DEALER_ROUTER,tcp,256,server_rcv_pending_end,0.000
RESULT,current,MULTI_DEALER_ROUTER,tcp,256,server_rcv_pending_max,0.000
RESULT,current,MULTI_DEALER_ROUTER,tcp,256,server_snd_pending_max,0.000
RESULT,current,MULTI_DEALER_ROUTER,tcp,256,throughput,921185.600
RESULT,current,MULTI_DEALER_ROUTER,tcp,1024,bandwidth,1920.949
RESULT,current,MULTI_DEALER_ROUTER,tcp,1024,latency,106.397
RESULT,current,MULTI_DEALER_ROUTER,tcp,1024,latency_p95,162.500
RESULT,current,MULTI_DEALER_ROUTER,tcp,1024,latency_p99,204.000
RESULT,current,MULTI_DEALER_ROUTER,tcp,1024,server_cpu_pct,19.240
RESULT,current,MULTI_DEALER_ROUTER,tcp,1024,server_mem_mb,17.010
RESULT,current,MULTI_DEALER_ROUTER,tcp,1024,server_rcv_pending_end,0.000
RESULT,current,MULTI_DEALER_ROUTER,tcp,1024,server_rcv_pending_max,0.000
RESULT,current,MULTI_DEALER_ROUTER,tcp,1024,server_snd_pending_max,0.000
RESULT,current,MULTI_DEALER_ROUTER,tcp,1024,throughput,937963.600
RESULT,current,MULTI_DEALER_ROUTER,tcp,65536,bandwidth,22536.284
RESULT,current,MULTI_DEALER_ROUTER,tcp,65536,latency,581.305
RESULT,current,MULTI_DEALER_ROUTER,tcp,65536,latency_p95,1125.500
RESULT,current,MULTI_DEALER_ROUTER,tcp,65536,latency_p99,1321.500
RESULT,current,MULTI_DEALER_ROUTER,tcp,65536,server_cpu_pct,20.600
RESULT,current,MULTI_DEALER_ROUTER,tcp,65536,server_mem_mb,21.820
RESULT,current,MULTI_DEALER_ROUTER,tcp,65536,server_rcv_pending_end,0.000
RESULT,current,MULTI_DEALER_ROUTER,tcp,65536,server_rcv_pending_max,0.000
RESULT,current,MULTI_DEALER_ROUTER,tcp,65536,server_snd_pending_max,0.000
RESULT,current,MULTI_DEALER_ROUTER,tcp,65536,throughput,171938.200
RESULT,current,MULTI_DEALER_ROUTER,tcp,131072,bandwidth,19615.502
RESULT,current,MULTI_DEALER_ROUTER,tcp,131072,latency,1335.378
RESULT,current,MULTI_DEALER_ROUTER,tcp,131072,latency_p95,2690.500
RESULT,current,MULTI_DEALER_ROUTER,tcp,131072,latency_p99,3126.500
RESULT,current,MULTI_DEALER_ROUTER,tcp,131072,server_cpu_pct,19.750
RESULT,current,MULTI_DEALER_ROUTER,tcp,131072,server_mem_mb,24.790
RESULT,current,MULTI_DEALER_ROUTER,tcp,131072,server_rcv_pending_end,0.000
RESULT,current,MULTI_DEALER_ROUTER,tcp,131072,server_rcv_pending_max,0.000
RESULT,current,MULTI_DEALER_ROUTER,tcp,131072,server_snd_pending_max,0.000
RESULT,current,MULTI_DEALER_ROUTER,tcp,131072,throughput,74827.200
RESULT,current,MULTI_DEALER_ROUTER,tcp,262144,bandwidth,19323.997
RESULT,current,MULTI_DEALER_ROUTER,tcp,262144,latency,2709.585
RESULT,current,MULTI_DEALER_ROUTER,tcp,262144,latency_p95,5500.000
RESULT,current,MULTI_DEALER_ROUTER,tcp,262144,latency_p99,6227.065
RESULT,current,MULTI_DEALER_ROUTER,tcp,262144,server_cpu_pct,18.820
RESULT,current,MULTI_DEALER_ROUTER,tcp,262144,server_mem_mb,38.710
RESULT,current,MULTI_DEALER_ROUTER,tcp,262144,server_rcv_pending_end,0.000
RESULT,current,MULTI_DEALER_ROUTER,tcp,262144,server_rcv_pending_max,0.000
RESULT,current,MULTI_DEALER_ROUTER,tcp,262144,server_snd_pending_max,0.000
RESULT,current,MULTI_DEALER_ROUTER,tcp,262144,throughput,36857.600
RESULT,current,MULTI_DEALER_ROUTER,tls,64,bandwidth,107.978
RESULT,current,MULTI_DEALER_ROUTER,tls,64,latency,118.306
RESULT,current,MULTI_DEALER_ROUTER,tls,64,latency_p95,206.000
RESULT,current,MULTI_DEALER_ROUTER,tls,64,latency_p99,268.000
RESULT,current,MULTI_DEALER_ROUTER,tls,64,server_cpu_pct,20.680
RESULT,current,MULTI_DEALER_ROUTER,tls,64,server_mem_mb,26.680
RESULT,current,MULTI_DEALER_ROUTER,tls,64,server_rcv_pending_end,0.000
RESULT,current,MULTI_DEALER_ROUTER,tls,64,server_rcv_pending_max,0.000
RESULT,current,MULTI_DEALER_ROUTER,tls,64,server_snd_pending_max,0.000
RESULT,current,MULTI_DEALER_ROUTER,tls,64,throughput,843576.600
RESULT,current,MULTI_DEALER_ROUTER,tls,256,bandwidth,427.545
RESULT,current,MULTI_DEALER_ROUTER,tls,256,latency,119.516
RESULT,current,MULTI_DEALER_ROUTER,tls,256,latency_p95,204.500
RESULT,current,MULTI_DEALER_ROUTER,tls,256,latency_p99,262.500
RESULT,current,MULTI_DEALER_ROUTER,tls,256,server_cpu_pct,20.260
RESULT,current,MULTI_DEALER_ROUTER,tls,256,server_mem_mb,29.480
RESULT,current,MULTI_DEALER_ROUTER,tls,256,server_rcv_pending_end,0.000
RESULT,current,MULTI_DEALER_ROUTER,tls,256,server_rcv_pending_max,0.000
RESULT,current,MULTI_DEALER_ROUTER,tls,256,server_snd_pending_max,0.000
RESULT,current,MULTI_DEALER_ROUTER,tls,256,throughput,835048.200
RESULT,current,MULTI_DEALER_ROUTER,tls,1024,bandwidth,1612.559
RESULT,current,MULTI_DEALER_ROUTER,tls,1024,latency,126.760
RESULT,current,MULTI_DEALER_ROUTER,tls,1024,latency_p95,227.500
RESULT,current,MULTI_DEALER_ROUTER,tls,1024,latency_p99,295.500
RESULT,current,MULTI_DEALER_ROUTER,tls,1024,server_cpu_pct,20.620
RESULT,current,MULTI_DEALER_ROUTER,tls,1024,server_mem_mb,29.360
RESULT,current,MULTI_DEALER_ROUTER,tls,1024,server_rcv_pending_end,0.000
RESULT,current,MULTI_DEALER_ROUTER,tls,1024,server_rcv_pending_max,0.000
RESULT,current,MULTI_DEALER_ROUTER,tls,1024,server_snd_pending_max,0.000
RESULT,current,MULTI_DEALER_ROUTER,tls,1024,throughput,787382.200
RESULT,current,MULTI_DEALER_ROUTER,tls,65536,bandwidth,6620.945
RESULT,current,MULTI_DEALER_ROUTER,tls,65536,latency,1978.075
RESULT,current,MULTI_DEALER_ROUTER,tls,65536,latency_p95,2802.800
RESULT,current,MULTI_DEALER_ROUTER,tls,65536,latency_p99,3161.000
RESULT,current,MULTI_DEALER_ROUTER,tls,65536,server_cpu_pct,19.870
RESULT,current,MULTI_DEALER_ROUTER,tls,65536,server_mem_mb,39.700
RESULT,current,MULTI_DEALER_ROUTER,tls,65536,server_rcv_pending_end,0.000
RESULT,current,MULTI_DEALER_ROUTER,tls,65536,server_rcv_pending_max,0.000
RESULT,current,MULTI_DEALER_ROUTER,tls,65536,server_snd_pending_max,0.000
RESULT,current,MULTI_DEALER_ROUTER,tls,65536,throughput,50513.800
RESULT,current,MULTI_DEALER_ROUTER,tls,131072,bandwidth,7131.365
RESULT,current,MULTI_DEALER_ROUTER,tls,131072,latency,3671.375
RESULT,current,MULTI_DEALER_ROUTER,tls,131072,latency_p95,4294.000
RESULT,current,MULTI_DEALER_ROUTER,tls,131072,latency_p99,4605.000
RESULT,current,MULTI_DEALER_ROUTER,tls,131072,server_cpu_pct,19.960
RESULT,current,MULTI_DEALER_ROUTER,tls,131072,server_mem_mb,47.330
RESULT,current,MULTI_DEALER_ROUTER,tls,131072,server_rcv_pending_end,0.000
RESULT,current,MULTI_DEALER_ROUTER,tls,131072,server_rcv_pending_max,0.000
RESULT,current,MULTI_DEALER_ROUTER,tls,131072,server_snd_pending_max,0.000
RESULT,current,MULTI_DEALER_ROUTER,tls,131072,throughput,27204.000
RESULT,current,MULTI_DEALER_ROUTER,tls,262144,bandwidth,7104.207
RESULT,current,MULTI_DEALER_ROUTER,tls,262144,latency,7362.008
RESULT,current,MULTI_DEALER_ROUTER,tls,262144,latency_p95,9789.500
RESULT,current,MULTI_DEALER_ROUTER,tls,262144,latency_p99,10258.750
RESULT,current,MULTI_DEALER_ROUTER,tls,262144,server_cpu_pct,17.580
RESULT,current,MULTI_DEALER_ROUTER,tls,262144,server_mem_mb,44.520
RESULT,current,MULTI_DEALER_ROUTER,tls,262144,server_rcv_pending_end,0.000
RESULT,current,MULTI_DEALER_ROUTER,tls,262144,server_rcv_pending_max,0.000
RESULT,current,MULTI_DEALER_ROUTER,tls,262144,server_snd_pending_max,0.000
RESULT,current,MULTI_DEALER_ROUTER,tls,262144,throughput,13550.200
RESULT,current,MULTI_DEALER_ROUTER,ws,64,bandwidth,112.976
RESULT,current,MULTI_DEALER_ROUTER,ws,64,latency,113.075
RESULT,current,MULTI_DEALER_ROUTER,ws,64,latency_p95,185.000
RESULT,current,MULTI_DEALER_ROUTER,ws,64,latency_p99,240.000
RESULT,current,MULTI_DEALER_ROUTER,ws,64,server_cpu_pct,19.840
RESULT,current,MULTI_DEALER_ROUTER,ws,64,server_mem_mb,19.040
RESULT,current,MULTI_DEALER_ROUTER,ws,64,server_rcv_pending_end,0.000
RESULT,current,MULTI_DEALER_ROUTER,ws,64,server_rcv_pending_max,0.000
RESULT,current,MULTI_DEALER_ROUTER,ws,64,server_snd_pending_max,0.000
RESULT,current,MULTI_DEALER_ROUTER,ws,64,throughput,882622.800
RESULT,current,MULTI_DEALER_ROUTER,ws,256,bandwidth,458.474
RESULT,current,MULTI_DEALER_ROUTER,ws,256,latency,111.451
RESULT,current,MULTI_DEALER_ROUTER,ws,256,latency_p95,183.500
RESULT,current,MULTI_DEALER_ROUTER,ws,256,latency_p99,238.000
RESULT,current,MULTI_DEALER_ROUTER,ws,256,server_cpu_pct,20.300
RESULT,current,MULTI_DEALER_ROUTER,ws,256,server_mem_mb,19.110
RESULT,current,MULTI_DEALER_ROUTER,ws,256,server_rcv_pending_end,0.000
RESULT,current,MULTI_DEALER_ROUTER,ws,256,server_rcv_pending_max,0.000
RESULT,current,MULTI_DEALER_ROUTER,ws,256,server_snd_pending_max,0.000
RESULT,current,MULTI_DEALER_ROUTER,ws,256,throughput,895456.800
RESULT,current,MULTI_DEALER_ROUTER,ws,1024,bandwidth,1349.983
RESULT,current,MULTI_DEALER_ROUTER,ws,1024,latency,151.345
RESULT,current,MULTI_DEALER_ROUTER,ws,1024,latency_p95,267.000
RESULT,current,MULTI_DEALER_ROUTER,ws,1024,latency_p99,341.000
RESULT,current,MULTI_DEALER_ROUTER,ws,1024,server_cpu_pct,20.100
RESULT,current,MULTI_DEALER_ROUTER,ws,1024,server_mem_mb,18.480
RESULT,current,MULTI_DEALER_ROUTER,ws,1024,server_rcv_pending_end,0.000
RESULT,current,MULTI_DEALER_ROUTER,ws,1024,server_rcv_pending_max,0.000
RESULT,current,MULTI_DEALER_ROUTER,ws,1024,server_snd_pending_max,0.000
RESULT,current,MULTI_DEALER_ROUTER,ws,1024,throughput,659171.400
RESULT,current,MULTI_DEALER_ROUTER,ws,65536,bandwidth,12757.185
RESULT,current,MULTI_DEALER_ROUTER,ws,65536,latency,1026.759
RESULT,current,MULTI_DEALER_ROUTER,ws,65536,latency_p95,1777.000
RESULT,current,MULTI_DEALER_ROUTER,ws,65536,latency_p99,2012.000
RESULT,current,MULTI_DEALER_ROUTER,ws,65536,server_cpu_pct,19.780
RESULT,current,MULTI_DEALER_ROUTER,ws,65536,server_mem_mb,24.730
RESULT,current,MULTI_DEALER_ROUTER,ws,65536,server_rcv_pending_end,0.000
RESULT,current,MULTI_DEALER_ROUTER,ws,65536,server_rcv_pending_max,0.000
RESULT,current,MULTI_DEALER_ROUTER,ws,65536,server_snd_pending_max,0.000
RESULT,current,MULTI_DEALER_ROUTER,ws,65536,throughput,97329.600
RESULT,current,MULTI_DEALER_ROUTER,ws,131072,bandwidth,9878.320
RESULT,current,MULTI_DEALER_ROUTER,ws,131072,latency,2651.090
RESULT,current,MULTI_DEALER_ROUTER,ws,131072,latency_p95,4263.500
RESULT,current,MULTI_DEALER_ROUTER,ws,131072,latency_p99,4623.500
RESULT,current,MULTI_DEALER_ROUTER,ws,131072,server_cpu_pct,19.850
RESULT,current,MULTI_DEALER_ROUTER,ws,131072,server_mem_mb,37.080
RESULT,current,MULTI_DEALER_ROUTER,ws,131072,server_rcv_pending_end,0.000
RESULT,current,MULTI_DEALER_ROUTER,ws,131072,server_rcv_pending_max,0.000
RESULT,current,MULTI_DEALER_ROUTER,ws,131072,server_snd_pending_max,0.000
RESULT,current,MULTI_DEALER_ROUTER,ws,131072,throughput,37682.800
RESULT,current,MULTI_DEALER_ROUTER,ws,262144,bandwidth,9566.998
RESULT,current,MULTI_DEALER_ROUTER,ws,262144,latency,5453.295
RESULT,current,MULTI_DEALER_ROUTER,ws,262144,latency_p95,9721.500
RESULT,current,MULTI_DEALER_ROUTER,ws,262144,latency_p99,10421.500
RESULT,current,MULTI_DEALER_ROUTER,ws,262144,server_cpu_pct,19.410
RESULT,current,MULTI_DEALER_ROUTER,ws,262144,server_mem_mb,35.250
RESULT,current,MULTI_DEALER_ROUTER,ws,262144,server_rcv_pending_end,0.000
RESULT,current,MULTI_DEALER_ROUTER,ws,262144,server_rcv_pending_max,0.000
RESULT,current,MULTI_DEALER_ROUTER,ws,262144,server_snd_pending_max,0.000
RESULT,current,MULTI_DEALER_ROUTER,ws,262144,throughput,18247.600
RESULT,current,MULTI_DEALER_ROUTER,wss,64,bandwidth,100.036
RESULT,current,MULTI_DEALER_ROUTER,wss,64,latency,127.706
RESULT,current,MULTI_DEALER_ROUTER,wss,64,latency_p95,227.500
RESULT,current,MULTI_DEALER_ROUTER,wss,64,latency_p99,303.500
RESULT,current,MULTI_DEALER_ROUTER,wss,64,server_cpu_pct,20.960
RESULT,current,MULTI_DEALER_ROUTER,wss,64,server_mem_mb,31.790
RESULT,current,MULTI_DEALER_ROUTER,wss,64,server_rcv_pending_end,0.000
RESULT,current,MULTI_DEALER_ROUTER,wss,64,server_rcv_pending_max,0.000
RESULT,current,MULTI_DEALER_ROUTER,wss,64,server_snd_pending_max,0.000
RESULT,current,MULTI_DEALER_ROUTER,wss,64,throughput,781528.800
RESULT,current,MULTI_DEALER_ROUTER,wss,256,bandwidth,396.848
RESULT,current,MULTI_DEALER_ROUTER,wss,256,latency,128.763
RESULT,current,MULTI_DEALER_ROUTER,wss,256,latency_p95,231.000
RESULT,current,MULTI_DEALER_ROUTER,wss,256,latency_p99,300.000
RESULT,current,MULTI_DEALER_ROUTER,wss,256,server_cpu_pct,20.860
RESULT,current,MULTI_DEALER_ROUTER,wss,256,server_mem_mb,32.190
RESULT,current,MULTI_DEALER_ROUTER,wss,256,server_rcv_pending_end,0.000
RESULT,current,MULTI_DEALER_ROUTER,wss,256,server_rcv_pending_max,0.000
RESULT,current,MULTI_DEALER_ROUTER,wss,256,server_snd_pending_max,0.000
RESULT,current,MULTI_DEALER_ROUTER,wss,256,throughput,775093.800
RESULT,current,MULTI_DEALER_ROUTER,wss,1024,bandwidth,1354.104
RESULT,current,MULTI_DEALER_ROUTER,wss,1024,latency,150.978
RESULT,current,MULTI_DEALER_ROUTER,wss,1024,latency_p95,270.500
RESULT,current,MULTI_DEALER_ROUTER,wss,1024,latency_p99,355.000
RESULT,current,MULTI_DEALER_ROUTER,wss,1024,server_cpu_pct,21.080
RESULT,current,MULTI_DEALER_ROUTER,wss,1024,server_mem_mb,31.460
RESULT,current,MULTI_DEALER_ROUTER,wss,1024,server_rcv_pending_end,0.000
RESULT,current,MULTI_DEALER_ROUTER,wss,1024,server_rcv_pending_max,0.000
RESULT,current,MULTI_DEALER_ROUTER,wss,1024,server_snd_pending_max,0.000
RESULT,current,MULTI_DEALER_ROUTER,wss,1024,throughput,661183.400
RESULT,current,MULTI_DEALER_ROUTER,wss,65536,bandwidth,4566.522
RESULT,current,MULTI_DEALER_ROUTER,wss,65536,latency,2862.886
RESULT,current,MULTI_DEALER_ROUTER,wss,65536,latency_p95,4094.500
RESULT,current,MULTI_DEALER_ROUTER,wss,65536,latency_p99,4401.000
RESULT,current,MULTI_DEALER_ROUTER,wss,65536,server_cpu_pct,19.480
RESULT,current,MULTI_DEALER_ROUTER,wss,65536,server_mem_mb,47.220
RESULT,current,MULTI_DEALER_ROUTER,wss,65536,server_rcv_pending_end,0.000
RESULT,current,MULTI_DEALER_ROUTER,wss,65536,server_rcv_pending_max,0.000
RESULT,current,MULTI_DEALER_ROUTER,wss,65536,server_snd_pending_max,0.000
RESULT,current,MULTI_DEALER_ROUTER,wss,65536,throughput,34839.800
RESULT,current,MULTI_DEALER_ROUTER,wss,131072,bandwidth,4608.334
RESULT,current,MULTI_DEALER_ROUTER,wss,131072,latency,5677.804
RESULT,current,MULTI_DEALER_ROUTER,wss,131072,latency_p95,7968.000
RESULT,current,MULTI_DEALER_ROUTER,wss,131072,latency_p99,8353.500
RESULT,current,MULTI_DEALER_ROUTER,wss,131072,server_cpu_pct,18.940
RESULT,current,MULTI_DEALER_ROUTER,wss,131072,server_mem_mb,56.850
RESULT,current,MULTI_DEALER_ROUTER,wss,131072,server_rcv_pending_end,0.000
RESULT,current,MULTI_DEALER_ROUTER,wss,131072,server_rcv_pending_max,0.000
RESULT,current,MULTI_DEALER_ROUTER,wss,131072,server_snd_pending_max,0.000
RESULT,current,MULTI_DEALER_ROUTER,wss,131072,throughput,17579.400
RESULT,current,MULTI_DEALER_ROUTER,wss,262144,bandwidth,4780.039
RESULT,current,MULTI_DEALER_ROUTER,wss,262144,latency,10931.035
RESULT,current,MULTI_DEALER_ROUTER,wss,262144,latency_p95,12995.000
RESULT,current,MULTI_DEALER_ROUTER,wss,262144,latency_p99,13486.075
RESULT,current,MULTI_DEALER_ROUTER,wss,262144,server_cpu_pct,16.900
RESULT,current,MULTI_DEALER_ROUTER,wss,262144,server_mem_mb,48.480
RESULT,current,MULTI_DEALER_ROUTER,wss,262144,server_rcv_pending_end,0.000
RESULT,current,MULTI_DEALER_ROUTER,wss,262144,server_rcv_pending_max,0.000
RESULT,current,MULTI_DEALER_ROUTER,wss,262144,server_snd_pending_max,0.000
RESULT,current,MULTI_DEALER_ROUTER,wss,262144,throughput,9117.200
RESULT,current,MULTI_PUBSUB,tcp,64,bandwidth,287.041
RESULT,current,MULTI_PUBSUB,tcp,64,latency,924846.528
RESULT,current,MULTI_PUBSUB,tcp,64,latency_p95,1364514.100
RESULT,current,MULTI_PUBSUB,tcp,64,latency_p99,1465948.580
RESULT,current,MULTI_PUBSUB,tcp,64,server_cpu_pct,20.010
RESULT,current,MULTI_PUBSUB,tcp,64,server_mem_mb,13.280
RESULT,current,MULTI_PUBSUB,tcp,64,server_rcv_pending_end,0.000
RESULT,current,MULTI_PUBSUB,tcp,64,server_rcv_pending_max,0.000
RESULT,current,MULTI_PUBSUB,tcp,64,server_snd_pending_max,0.000
RESULT,current,MULTI_PUBSUB,tcp,64,throughput,4485011.800
RESULT,current,MULTI_PUBSUB,tcp,256,bandwidth,1042.384
RESULT,current,MULTI_PUBSUB,tcp,256,latency,814081.174
RESULT,current,MULTI_PUBSUB,tcp,256,latency_p95,1107783.050
RESULT,current,MULTI_PUBSUB,tcp,256,latency_p99,1224269.170
RESULT,current,MULTI_PUBSUB,tcp,256,server_cpu_pct,18.220
RESULT,current,MULTI_PUBSUB,tcp,256,server_mem_mb,12.970
RESULT,current,MULTI_PUBSUB,tcp,256,server_rcv_pending_end,0.000
RESULT,current,MULTI_PUBSUB,tcp,256,server_rcv_pending_max,0.000
RESULT,current,MULTI_PUBSUB,tcp,256,server_snd_pending_max,0.000
RESULT,current,MULTI_PUBSUB,tcp,256,throughput,4071814.200
RESULT,current,MULTI_PUBSUB,tcp,1024,bandwidth,3220.202
RESULT,current,MULTI_PUBSUB,tcp,1024,latency,292376.599
RESULT,current,MULTI_PUBSUB,tcp,1024,latency_p95,338737.400
RESULT,current,MULTI_PUBSUB,tcp,1024,latency_p99,355254.010
RESULT,current,MULTI_PUBSUB,tcp,1024,server_cpu_pct,13.330
RESULT,current,MULTI_PUBSUB,tcp,1024,server_mem_mb,13.280
RESULT,current,MULTI_PUBSUB,tcp,1024,server_rcv_pending_end,0.000
RESULT,current,MULTI_PUBSUB,tcp,1024,server_rcv_pending_max,0.000
RESULT,current,MULTI_PUBSUB,tcp,1024,server_snd_pending_max,0.000
RESULT,current,MULTI_PUBSUB,tcp,1024,throughput,3144728.200
RESULT,current,MULTI_PUBSUB,tcp,65536,bandwidth,12794.397
RESULT,current,MULTI_PUBSUB,tcp,65536,latency,46341.589
RESULT,current,MULTI_PUBSUB,tcp,65536,latency_p95,98492.000
RESULT,current,MULTI_PUBSUB,tcp,65536,latency_p99,103554.010
RESULT,current,MULTI_PUBSUB,tcp,65536,server_cpu_pct,10.780
RESULT,current,MULTI_PUBSUB,tcp,65536,server_mem_mb,17.370
RESULT,current,MULTI_PUBSUB,tcp,65536,server_rcv_pending_end,0.000
RESULT,current,MULTI_PUBSUB,tcp,65536,server_rcv_pending_max,0.000
RESULT,current,MULTI_PUBSUB,tcp,65536,server_snd_pending_max,0.000
RESULT,current,MULTI_PUBSUB,tcp,65536,throughput,195227.000
RESULT,current,MULTI_PUBSUB,tcp,131072,bandwidth,12784.684
RESULT,current,MULTI_PUBSUB,tcp,131072,latency,80914.728
RESULT,current,MULTI_PUBSUB,tcp,131072,latency_p95,179882.000
RESULT,current,MULTI_PUBSUB,tcp,131072,latency_p99,185353.010
RESULT,current,MULTI_PUBSUB,tcp,131072,server_cpu_pct,10.650
RESULT,current,MULTI_PUBSUB,tcp,131072,server_mem_mb,22.690
RESULT,current,MULTI_PUBSUB,tcp,131072,server_rcv_pending_end,0.000
RESULT,current,MULTI_PUBSUB,tcp,131072,server_rcv_pending_max,0.000
RESULT,current,MULTI_PUBSUB,tcp,131072,server_snd_pending_max,0.000
RESULT,current,MULTI_PUBSUB,tcp,131072,throughput,97539.400
RESULT,current,MULTI_PUBSUB,tcp,262144,bandwidth,13241.470
RESULT,current,MULTI_PUBSUB,tcp,262144,latency,136651.381
RESULT,current,MULTI_PUBSUB,tcp,262144,latency_p95,249104.050
RESULT,current,MULTI_PUBSUB,tcp,262144,latency_p99,258536.010
RESULT,current,MULTI_PUBSUB,tcp,262144,server_cpu_pct,11.650
RESULT,current,MULTI_PUBSUB,tcp,262144,server_mem_mb,38.070
RESULT,current,MULTI_PUBSUB,tcp,262144,server_rcv_pending_end,0.000
RESULT,current,MULTI_PUBSUB,tcp,262144,server_rcv_pending_max,0.000
RESULT,current,MULTI_PUBSUB,tcp,262144,server_snd_pending_max,0.000
RESULT,current,MULTI_PUBSUB,tcp,262144,throughput,50512.200
RESULT,current,MULTI_PUBSUB,tls,64,bandwidth,169.766
RESULT,current,MULTI_PUBSUB,tls,64,latency,3091423.335
RESULT,current,MULTI_PUBSUB,tls,64,latency_p95,4029508.200
RESULT,current,MULTI_PUBSUB,tls,64,latency_p99,4105179.640
RESULT,current,MULTI_PUBSUB,tls,64,server_cpu_pct,12.040
RESULT,current,MULTI_PUBSUB,tls,64,server_mem_mb,25.940
RESULT,current,MULTI_PUBSUB,tls,64,server_rcv_pending_end,0.000
RESULT,current,MULTI_PUBSUB,tls,64,server_rcv_pending_max,0.000
RESULT,current,MULTI_PUBSUB,tls,64,server_snd_pending_max,0.000
RESULT,current,MULTI_PUBSUB,tls,64,throughput,2652588.400
RESULT,current,MULTI_PUBSUB,tls,256,bandwidth,706.867
RESULT,current,MULTI_PUBSUB,tls,256,latency,739079.052
RESULT,current,MULTI_PUBSUB,tls,256,latency_p95,889196.050
RESULT,current,MULTI_PUBSUB,tls,256,latency_p99,933128.070
RESULT,current,MULTI_PUBSUB,tls,256,server_cpu_pct,10.200
RESULT,current,MULTI_PUBSUB,tls,256,server_mem_mb,25.940
RESULT,current,MULTI_PUBSUB,tls,256,server_rcv_pending_end,0.000
RESULT,current,MULTI_PUBSUB,tls,256,server_rcv_pending_max,0.000
RESULT,current,MULTI_PUBSUB,tls,256,server_snd_pending_max,0.000
RESULT,current,MULTI_PUBSUB,tls,256,throughput,2761200.000
RESULT,current,MULTI_PUBSUB,tls,1024,bandwidth,3093.504
RESULT,current,MULTI_PUBSUB,tls,1024,latency,436984.782
RESULT,current,MULTI_PUBSUB,tls,1024,latency_p95,490479.050
RESULT,current,MULTI_PUBSUB,tls,1024,latency_p99,506470.040
RESULT,current,MULTI_PUBSUB,tls,1024,server_cpu_pct,10.870
RESULT,current,MULTI_PUBSUB,tls,1024,server_mem_mb,26.410
RESULT,current,MULTI_PUBSUB,tls,1024,server_rcv_pending_end,0.000
RESULT,current,MULTI_PUBSUB,tls,1024,server_rcv_pending_max,0.000
RESULT,current,MULTI_PUBSUB,tls,1024,server_snd_pending_max,0.000
RESULT,current,MULTI_PUBSUB,tls,1024,throughput,3021000.000
RESULT,current,MULTI_PUBSUB,tls,65536,bandwidth,6779.673
RESULT,current,MULTI_PUBSUB,tls,65536,latency,55645.795
RESULT,current,MULTI_PUBSUB,tls,65536,latency_p95,157863.050
RESULT,current,MULTI_PUBSUB,tls,65536,latency_p99,167847.020
RESULT,current,MULTI_PUBSUB,tls,65536,server_cpu_pct,16.760
RESULT,current,MULTI_PUBSUB,tls,65536,server_mem_mb,32.240
RESULT,current,MULTI_PUBSUB,tls,65536,server_rcv_pending_end,0.000
RESULT,current,MULTI_PUBSUB,tls,65536,server_rcv_pending_max,0.000
RESULT,current,MULTI_PUBSUB,tls,65536,server_snd_pending_max,0.000
RESULT,current,MULTI_PUBSUB,tls,65536,throughput,103449.600
RESULT,current,MULTI_PUBSUB,tls,131072,bandwidth,6536.875
RESULT,current,MULTI_PUBSUB,tls,131072,latency,92831.504
RESULT,current,MULTI_PUBSUB,tls,131072,latency_p95,259171.150
RESULT,current,MULTI_PUBSUB,tls,131072,latency_p99,274740.010
RESULT,current,MULTI_PUBSUB,tls,131072,server_cpu_pct,14.900
RESULT,current,MULTI_PUBSUB,tls,131072,server_mem_mb,37.160
RESULT,current,MULTI_PUBSUB,tls,131072,server_rcv_pending_end,0.000
RESULT,current,MULTI_PUBSUB,tls,131072,server_rcv_pending_max,0.000
RESULT,current,MULTI_PUBSUB,tls,131072,server_snd_pending_max,0.000
RESULT,current,MULTI_PUBSUB,tls,131072,throughput,49872.400
RESULT,current,MULTI_PUBSUB,tls,262144,bandwidth,4391.856
RESULT,current,MULTI_PUBSUB,tls,262144,latency,299576.428
RESULT,current,MULTI_PUBSUB,tls,262144,latency_p95,644031.650
RESULT,current,MULTI_PUBSUB,tls,262144,latency_p99,673781.660
RESULT,current,MULTI_PUBSUB,tls,262144,server_cpu_pct,8.670
RESULT,current,MULTI_PUBSUB,tls,262144,server_mem_mb,48.700
RESULT,current,MULTI_PUBSUB,tls,262144,server_rcv_pending_end,0.000
RESULT,current,MULTI_PUBSUB,tls,262144,server_rcv_pending_max,0.000
RESULT,current,MULTI_PUBSUB,tls,262144,server_snd_pending_max,0.000
RESULT,current,MULTI_PUBSUB,tls,262144,throughput,16753.600
RESULT,current,MULTI_PUBSUB,ws,64,bandwidth,170.170
RESULT,current,MULTI_PUBSUB,ws,64,latency,3427908.465
RESULT,current,MULTI_PUBSUB,ws,64,latency_p95,4423608.050
RESULT,current,MULTI_PUBSUB,ws,64,latency_p99,4517385.030
RESULT,current,MULTI_PUBSUB,ws,64,server_cpu_pct,13.260
RESULT,current,MULTI_PUBSUB,ws,64,server_mem_mb,14.060
RESULT,current,MULTI_PUBSUB,ws,64,server_rcv_pending_end,0.000
RESULT,current,MULTI_PUBSUB,ws,64,server_rcv_pending_max,0.000
RESULT,current,MULTI_PUBSUB,ws,64,server_snd_pending_max,0.000
RESULT,current,MULTI_PUBSUB,ws,64,throughput,2658905.800
RESULT,current,MULTI_PUBSUB,ws,256,bandwidth,858.695
RESULT,current,MULTI_PUBSUB,ws,256,latency,229073.371
RESULT,current,MULTI_PUBSUB,ws,256,latency_p95,647740.000
RESULT,current,MULTI_PUBSUB,ws,256,latency_p99,708418.180
RESULT,current,MULTI_PUBSUB,ws,256,server_cpu_pct,11.550
RESULT,current,MULTI_PUBSUB,ws,256,server_mem_mb,14.380
RESULT,current,MULTI_PUBSUB,ws,256,server_rcv_pending_end,0.000
RESULT,current,MULTI_PUBSUB,ws,256,server_rcv_pending_max,0.000
RESULT,current,MULTI_PUBSUB,ws,256,server_snd_pending_max,0.000
RESULT,current,MULTI_PUBSUB,ws,256,throughput,3354278.600
RESULT,current,MULTI_PUBSUB,ws,1024,bandwidth,2983.005
RESULT,current,MULTI_PUBSUB,ws,1024,latency,273956.741
RESULT,current,MULTI_PUBSUB,ws,1024,latency_p95,315104.050
RESULT,current,MULTI_PUBSUB,ws,1024,latency_p99,333834.010
RESULT,current,MULTI_PUBSUB,ws,1024,server_cpu_pct,9.650
RESULT,current,MULTI_PUBSUB,ws,1024,server_mem_mb,14.220
RESULT,current,MULTI_PUBSUB,ws,1024,server_rcv_pending_end,0.000
RESULT,current,MULTI_PUBSUB,ws,1024,server_rcv_pending_max,0.000
RESULT,current,MULTI_PUBSUB,ws,1024,server_snd_pending_max,0.000
RESULT,current,MULTI_PUBSUB,ws,1024,throughput,2913091.200
RESULT,current,MULTI_PUBSUB,ws,65536,bandwidth,9484.462
RESULT,current,MULTI_PUBSUB,ws,65536,latency,64339.969
RESULT,current,MULTI_PUBSUB,ws,65536,latency_p95,158524.050
RESULT,current,MULTI_PUBSUB,ws,65536,latency_p99,165318.010
RESULT,current,MULTI_PUBSUB,ws,65536,server_cpu_pct,9.230
RESULT,current,MULTI_PUBSUB,ws,65536,server_mem_mb,18.970
RESULT,current,MULTI_PUBSUB,ws,65536,server_rcv_pending_end,0.000
RESULT,current,MULTI_PUBSUB,ws,65536,server_rcv_pending_max,0.000
RESULT,current,MULTI_PUBSUB,ws,65536,server_snd_pending_max,0.000
RESULT,current,MULTI_PUBSUB,ws,65536,throughput,144721.400
RESULT,current,MULTI_PUBSUB,ws,131072,bandwidth,8585.295
RESULT,current,MULTI_PUBSUB,ws,131072,latency,98304.440
RESULT,current,MULTI_PUBSUB,ws,131072,latency_p95,218970.200
RESULT,current,MULTI_PUBSUB,ws,131072,latency_p99,227694.080
RESULT,current,MULTI_PUBSUB,ws,131072,server_cpu_pct,8.240
RESULT,current,MULTI_PUBSUB,ws,131072,server_mem_mb,24.320
RESULT,current,MULTI_PUBSUB,ws,131072,server_rcv_pending_end,0.000
RESULT,current,MULTI_PUBSUB,ws,131072,server_rcv_pending_max,0.000
RESULT,current,MULTI_PUBSUB,ws,131072,server_snd_pending_max,0.000
RESULT,current,MULTI_PUBSUB,ws,131072,throughput,65500.600
RESULT,current,MULTI_PUBSUB,ws,262144,bandwidth,7786.778
RESULT,current,MULTI_PUBSUB,ws,262144,latency,253726.697
RESULT,current,MULTI_PUBSUB,ws,262144,latency_p95,418627.000
RESULT,current,MULTI_PUBSUB,ws,262144,latency_p99,432825.000
RESULT,current,MULTI_PUBSUB,ws,262144,server_cpu_pct,7.470
RESULT,current,MULTI_PUBSUB,ws,262144,server_mem_mb,39.270
RESULT,current,MULTI_PUBSUB,ws,262144,server_rcv_pending_end,0.000
RESULT,current,MULTI_PUBSUB,ws,262144,server_rcv_pending_max,0.000
RESULT,current,MULTI_PUBSUB,ws,262144,server_snd_pending_max,0.000
RESULT,current,MULTI_PUBSUB,ws,262144,throughput,29704.200
RESULT,current,MULTI_PUBSUB,wss,64,bandwidth,229.765
RESULT,current,MULTI_PUBSUB,wss,64,latency,2217737.128
RESULT,current,MULTI_PUBSUB,wss,64,latency_p95,3025636.050
RESULT,current,MULTI_PUBSUB,wss,64,latency_p99,3099622.110
RESULT,current,MULTI_PUBSUB,wss,64,server_cpu_pct,15.130
RESULT,current,MULTI_PUBSUB,wss,64,server_mem_mb,27.810
RESULT,current,MULTI_PUBSUB,wss,64,server_rcv_pending_end,0.000
RESULT,current,MULTI_PUBSUB,wss,64,server_rcv_pending_max,0.000
RESULT,current,MULTI_PUBSUB,wss,64,server_snd_pending_max,0.000
RESULT,current,MULTI_PUBSUB,wss,64,throughput,3590081.200
RESULT,current,MULTI_PUBSUB,wss,256,bandwidth,899.420
RESULT,current,MULTI_PUBSUB,wss,256,latency,798320.629
RESULT,current,MULTI_PUBSUB,wss,256,latency_p95,903994.000
RESULT,current,MULTI_PUBSUB,wss,256,latency_p99,921348.000
RESULT,current,MULTI_PUBSUB,wss,256,server_cpu_pct,10.900
RESULT,current,MULTI_PUBSUB,wss,256,server_mem_mb,28.120
RESULT,current,MULTI_PUBSUB,wss,256,server_rcv_pending_end,0.000
RESULT,current,MULTI_PUBSUB,wss,256,server_rcv_pending_max,0.000
RESULT,current,MULTI_PUBSUB,wss,256,server_snd_pending_max,0.000
RESULT,current,MULTI_PUBSUB,wss,256,throughput,3513360.000
RESULT,current,MULTI_PUBSUB,wss,1024,bandwidth,2736.067
RESULT,current,MULTI_PUBSUB,wss,1024,latency,417761.186
RESULT,current,MULTI_PUBSUB,wss,1024,latency_p95,531597.050
RESULT,current,MULTI_PUBSUB,wss,1024,latency_p99,573636.130
RESULT,current,MULTI_PUBSUB,wss,1024,server_cpu_pct,13.700
RESULT,current,MULTI_PUBSUB,wss,1024,server_mem_mb,27.970
RESULT,current,MULTI_PUBSUB,wss,1024,server_rcv_pending_end,0.000
RESULT,current,MULTI_PUBSUB,wss,1024,server_rcv_pending_max,0.000
RESULT,current,MULTI_PUBSUB,wss,1024,server_snd_pending_max,0.000
RESULT,current,MULTI_PUBSUB,wss,1024,throughput,2671940.000
RESULT,current,MULTI_PUBSUB,wss,65536,bandwidth,5111.244
RESULT,current,MULTI_PUBSUB,wss,65536,latency,94032.238
RESULT,current,MULTI_PUBSUB,wss,65536,latency_p95,221961.050
RESULT,current,MULTI_PUBSUB,wss,65536,latency_p99,234624.030
RESULT,current,MULTI_PUBSUB,wss,65536,server_cpu_pct,15.810
RESULT,current,MULTI_PUBSUB,wss,65536,server_mem_mb,34.220
RESULT,current,MULTI_PUBSUB,wss,65536,server_rcv_pending_end,0.000
RESULT,current,MULTI_PUBSUB,wss,65536,server_rcv_pending_max,0.000
RESULT,current,MULTI_PUBSUB,wss,65536,server_snd_pending_max,0.000
RESULT,current,MULTI_PUBSUB,wss,65536,throughput,77991.400
RESULT,current,MULTI_PUBSUB,wss,131072,bandwidth,4714.293
RESULT,current,MULTI_PUBSUB,wss,131072,latency,134990.268
RESULT,current,MULTI_PUBSUB,wss,131072,latency_p95,371136.250
RESULT,current,MULTI_PUBSUB,wss,131072,latency_p99,388944.000
RESULT,current,MULTI_PUBSUB,wss,131072,server_cpu_pct,13.610
RESULT,current,MULTI_PUBSUB,wss,131072,server_mem_mb,41.070
RESULT,current,MULTI_PUBSUB,wss,131072,server_rcv_pending_end,0.000
RESULT,current,MULTI_PUBSUB,wss,131072,server_rcv_pending_max,0.000
RESULT,current,MULTI_PUBSUB,wss,131072,server_snd_pending_max,0.000
RESULT,current,MULTI_PUBSUB,wss,131072,throughput,35967.200
RESULT,current,MULTI_PUBSUB,wss,262144,bandwidth,4754.139
RESULT,current,MULTI_PUBSUB,wss,262144,latency,353969.772
RESULT,current,MULTI_PUBSUB,wss,262144,latency_p95,694011.900
RESULT,current,MULTI_PUBSUB,wss,262144,latency_p99,737870.450
RESULT,current,MULTI_PUBSUB,wss,262144,server_cpu_pct,11.830
RESULT,current,MULTI_PUBSUB,wss,262144,server_mem_mb,50.120
RESULT,current,MULTI_PUBSUB,wss,262144,server_rcv_pending_end,0.000
RESULT,current,MULTI_PUBSUB,wss,262144,server_rcv_pending_max,0.000
RESULT,current,MULTI_PUBSUB,wss,262144,server_snd_pending_max,0.000
RESULT,current,MULTI_PUBSUB,wss,262144,throughput,18135.600
RESULT,current,MULTI_ROUTER_ROUTER,tcp,64,bandwidth,113.410
RESULT,current,MULTI_ROUTER_ROUTER,tcp,64,latency,112.612
RESULT,current,MULTI_ROUTER_ROUTER,tcp,64,latency_p95,169.000
RESULT,current,MULTI_ROUTER_ROUTER,tcp,64,latency_p99,208.000
RESULT,current,MULTI_ROUTER_ROUTER,tcp,64,server_cpu_pct,18.300
RESULT,current,MULTI_ROUTER_ROUTER,tcp,64,server_mem_mb,16.300
RESULT,current,MULTI_ROUTER_ROUTER,tcp,64,server_rcv_pending_end,0.000
RESULT,current,MULTI_ROUTER_ROUTER,tcp,64,server_rcv_pending_max,0.000
RESULT,current,MULTI_ROUTER_ROUTER,tcp,64,server_snd_pending_max,0.000
RESULT,current,MULTI_ROUTER_ROUTER,tcp,64,throughput,886015.600
RESULT,current,MULTI_ROUTER_ROUTER,tcp,256,bandwidth,450.486
RESULT,current,MULTI_ROUTER_ROUTER,tcp,256,latency,113.409
RESULT,current,MULTI_ROUTER_ROUTER,tcp,256,latency_p95,173.000
RESULT,current,MULTI_ROUTER_ROUTER,tcp,256,latency_p99,218.000
RESULT,current,MULTI_ROUTER_ROUTER,tcp,256,server_cpu_pct,18.720
RESULT,current,MULTI_ROUTER_ROUTER,tcp,256,server_mem_mb,17.540
RESULT,current,MULTI_ROUTER_ROUTER,tcp,256,server_rcv_pending_end,0.000
RESULT,current,MULTI_ROUTER_ROUTER,tcp,256,server_rcv_pending_max,0.000
RESULT,current,MULTI_ROUTER_ROUTER,tcp,256,server_snd_pending_max,0.000
RESULT,current,MULTI_ROUTER_ROUTER,tcp,256,throughput,879855.000
RESULT,current,MULTI_ROUTER_ROUTER,tcp,1024,bandwidth,1783.833
RESULT,current,MULTI_ROUTER_ROUTER,tcp,1024,latency,114.557
RESULT,current,MULTI_ROUTER_ROUTER,tcp,1024,latency_p95,175.000
RESULT,current,MULTI_ROUTER_ROUTER,tcp,1024,latency_p99,218.500
RESULT,current,MULTI_ROUTER_ROUTER,tcp,1024,server_cpu_pct,19.010
RESULT,current,MULTI_ROUTER_ROUTER,tcp,1024,server_mem_mb,16.780
RESULT,current,MULTI_ROUTER_ROUTER,tcp,1024,server_rcv_pending_end,0.000
RESULT,current,MULTI_ROUTER_ROUTER,tcp,1024,server_rcv_pending_max,0.000
RESULT,current,MULTI_ROUTER_ROUTER,tcp,1024,server_snd_pending_max,0.000
RESULT,current,MULTI_ROUTER_ROUTER,tcp,1024,throughput,871012.000
RESULT,current,MULTI_ROUTER_ROUTER,tcp,65536,bandwidth,21043.164
RESULT,current,MULTI_ROUTER_ROUTER,tcp,65536,latency,622.537
RESULT,current,MULTI_ROUTER_ROUTER,tcp,65536,latency_p95,1077.000
RESULT,current,MULTI_ROUTER_ROUTER,tcp,65536,latency_p99,1261.000
RESULT,current,MULTI_ROUTER_ROUTER,tcp,65536,server_cpu_pct,20.730
RESULT,current,MULTI_ROUTER_ROUTER,tcp,65536,server_mem_mb,21.620
RESULT,current,MULTI_ROUTER_ROUTER,tcp,65536,server_rcv_pending_end,0.000
RESULT,current,MULTI_ROUTER_ROUTER,tcp,65536,server_rcv_pending_max,0.000
RESULT,current,MULTI_ROUTER_ROUTER,tcp,65536,server_snd_pending_max,0.000
RESULT,current,MULTI_ROUTER_ROUTER,tcp,65536,throughput,160546.600
RESULT,current,MULTI_ROUTER_ROUTER,tcp,131072,bandwidth,18919.824
RESULT,current,MULTI_ROUTER_ROUTER,tcp,131072,latency,1384.457
RESULT,current,MULTI_ROUTER_ROUTER,tcp,131072,latency_p95,2678.500
RESULT,current,MULTI_ROUTER_ROUTER,tcp,131072,latency_p99,3154.500
RESULT,current,MULTI_ROUTER_ROUTER,tcp,131072,server_cpu_pct,19.850
RESULT,current,MULTI_ROUTER_ROUTER,tcp,131072,server_mem_mb,22.750
RESULT,current,MULTI_ROUTER_ROUTER,tcp,131072,server_rcv_pending_end,0.000
RESULT,current,MULTI_ROUTER_ROUTER,tcp,131072,server_rcv_pending_max,0.000
RESULT,current,MULTI_ROUTER_ROUTER,tcp,131072,server_snd_pending_max,0.000
RESULT,current,MULTI_ROUTER_ROUTER,tcp,131072,throughput,72173.400
RESULT,current,MULTI_ROUTER_ROUTER,tcp,262144,bandwidth,18594.084
RESULT,current,MULTI_ROUTER_ROUTER,tcp,262144,latency,2816.367
RESULT,current,MULTI_ROUTER_ROUTER,tcp,262144,latency_p95,6076.000
RESULT,current,MULTI_ROUTER_ROUTER,tcp,262144,latency_p99,7175.500
RESULT,current,MULTI_ROUTER_ROUTER,tcp,262144,server_cpu_pct,19.590
RESULT,current,MULTI_ROUTER_ROUTER,tcp,262144,server_mem_mb,30.670
RESULT,current,MULTI_ROUTER_ROUTER,tcp,262144,server_rcv_pending_end,0.000
RESULT,current,MULTI_ROUTER_ROUTER,tcp,262144,server_rcv_pending_max,0.000
RESULT,current,MULTI_ROUTER_ROUTER,tcp,262144,server_snd_pending_max,0.000
RESULT,current,MULTI_ROUTER_ROUTER,tcp,262144,throughput,35465.400
RESULT,current,MULTI_ROUTER_ROUTER,tls,64,bandwidth,101.974
RESULT,current,MULTI_ROUTER_ROUTER,tls,64,latency,125.258
RESULT,current,MULTI_ROUTER_ROUTER,tls,64,latency_p95,209.500
RESULT,current,MULTI_ROUTER_ROUTER,tls,64,latency_p99,270.500
RESULT,current,MULTI_ROUTER_ROUTER,tls,64,server_cpu_pct,19.800
RESULT,current,MULTI_ROUTER_ROUTER,tls,64,server_mem_mb,29.640
RESULT,current,MULTI_ROUTER_ROUTER,tls,64,server_rcv_pending_end,0.000
RESULT,current,MULTI_ROUTER_ROUTER,tls,64,server_rcv_pending_max,0.000
RESULT,current,MULTI_ROUTER_ROUTER,tls,64,server_snd_pending_max,0.000
RESULT,current,MULTI_ROUTER_ROUTER,tls,64,throughput,796672.400
RESULT,current,MULTI_ROUTER_ROUTER,tls,256,bandwidth,402.931
RESULT,current,MULTI_ROUTER_ROUTER,tls,256,latency,126.803
RESULT,current,MULTI_ROUTER_ROUTER,tls,256,latency_p95,212.500
RESULT,current,MULTI_ROUTER_ROUTER,tls,256,latency_p99,275.000
RESULT,current,MULTI_ROUTER_ROUTER,tls,256,server_cpu_pct,19.790
RESULT,current,MULTI_ROUTER_ROUTER,tls,256,server_mem_mb,28.790
RESULT,current,MULTI_ROUTER_ROUTER,tls,256,server_rcv_pending_end,0.000
RESULT,current,MULTI_ROUTER_ROUTER,tls,256,server_rcv_pending_max,0.000
RESULT,current,MULTI_ROUTER_ROUTER,tls,256,server_snd_pending_max,0.000
RESULT,current,MULTI_ROUTER_ROUTER,tls,256,throughput,786974.600
RESULT,current,MULTI_ROUTER_ROUTER,tls,1024,bandwidth,1585.341
RESULT,current,MULTI_ROUTER_ROUTER,tls,1024,latency,128.916
RESULT,current,MULTI_ROUTER_ROUTER,tls,1024,latency_p95,218.500
RESULT,current,MULTI_ROUTER_ROUTER,tls,1024,latency_p99,282.500
RESULT,current,MULTI_ROUTER_ROUTER,tls,1024,server_cpu_pct,20.220
RESULT,current,MULTI_ROUTER_ROUTER,tls,1024,server_mem_mb,29.160
RESULT,current,MULTI_ROUTER_ROUTER,tls,1024,server_rcv_pending_end,0.000
RESULT,current,MULTI_ROUTER_ROUTER,tls,1024,server_rcv_pending_max,0.000
RESULT,current,MULTI_ROUTER_ROUTER,tls,1024,server_snd_pending_max,0.000
RESULT,current,MULTI_ROUTER_ROUTER,tls,1024,throughput,774092.400
RESULT,current,MULTI_ROUTER_ROUTER,tls,65536,bandwidth,6863.297
RESULT,current,MULTI_ROUTER_ROUTER,tls,65536,latency,1908.033
RESULT,current,MULTI_ROUTER_ROUTER,tls,65536,latency_p95,3309.000
RESULT,current,MULTI_ROUTER_ROUTER,tls,65536,latency_p99,3632.500
RESULT,current,MULTI_ROUTER_ROUTER,tls,65536,server_cpu_pct,20.280
RESULT,current,MULTI_ROUTER_ROUTER,tls,65536,server_mem_mb,37.410
RESULT,current,MULTI_ROUTER_ROUTER,tls,65536,server_rcv_pending_end,0.000
RESULT,current,MULTI_ROUTER_ROUTER,tls,65536,server_rcv_pending_max,0.000
RESULT,current,MULTI_ROUTER_ROUTER,tls,65536,server_snd_pending_max,0.000
RESULT,current,MULTI_ROUTER_ROUTER,tls,65536,throughput,52362.800
RESULT,current,MULTI_ROUTER_ROUTER,tls,131072,bandwidth,6948.494
RESULT,current,MULTI_ROUTER_ROUTER,tls,131072,latency,3767.596
RESULT,current,MULTI_ROUTER_ROUTER,tls,131072,latency_p95,5024.500
RESULT,current,MULTI_ROUTER_ROUTER,tls,131072,latency_p99,5383.000
RESULT,current,MULTI_ROUTER_ROUTER,tls,131072,server_cpu_pct,19.580
RESULT,current,MULTI_ROUTER_ROUTER,tls,131072,server_mem_mb,41.960
RESULT,current,MULTI_ROUTER_ROUTER,tls,131072,server_rcv_pending_end,0.000
RESULT,current,MULTI_ROUTER_ROUTER,tls,131072,server_rcv_pending_max,0.000
RESULT,current,MULTI_ROUTER_ROUTER,tls,131072,server_snd_pending_max,0.000
RESULT,current,MULTI_ROUTER_ROUTER,tls,131072,throughput,26506.400
RESULT,current,MULTI_ROUTER_ROUTER,tls,262144,bandwidth,7212.106
RESULT,current,MULTI_ROUTER_ROUTER,tls,262144,latency,7247.966
RESULT,current,MULTI_ROUTER_ROUTER,tls,262144,latency_p95,13060.000
RESULT,current,MULTI_ROUTER_ROUTER,tls,262144,latency_p99,13571.000
RESULT,current,MULTI_ROUTER_ROUTER,tls,262144,server_cpu_pct,17.730
RESULT,current,MULTI_ROUTER_ROUTER,tls,262144,server_mem_mb,46.140
RESULT,current,MULTI_ROUTER_ROUTER,tls,262144,server_rcv_pending_end,0.000
RESULT,current,MULTI_ROUTER_ROUTER,tls,262144,server_rcv_pending_max,0.000
RESULT,current,MULTI_ROUTER_ROUTER,tls,262144,server_snd_pending_max,0.000
RESULT,current,MULTI_ROUTER_ROUTER,tls,262144,throughput,13756.000
RESULT,current,MULTI_ROUTER_ROUTER,ws,64,bandwidth,106.259
RESULT,current,MULTI_ROUTER_ROUTER,ws,64,latency,120.199
RESULT,current,MULTI_ROUTER_ROUTER,ws,64,latency_p95,189.500
RESULT,current,MULTI_ROUTER_ROUTER,ws,64,latency_p99,242.000
RESULT,current,MULTI_ROUTER_ROUTER,ws,64,server_cpu_pct,19.530
RESULT,current,MULTI_ROUTER_ROUTER,ws,64,server_mem_mb,17.880
RESULT,current,MULTI_ROUTER_ROUTER,ws,64,server_rcv_pending_end,0.000
RESULT,current,MULTI_ROUTER_ROUTER,ws,64,server_rcv_pending_max,0.000
RESULT,current,MULTI_ROUTER_ROUTER,ws,64,server_snd_pending_max,0.000
RESULT,current,MULTI_ROUTER_ROUTER,ws,64,throughput,830148.400
RESULT,current,MULTI_ROUTER_ROUTER,ws,256,bandwidth,429.583
RESULT,current,MULTI_ROUTER_ROUTER,ws,256,latency,118.931
RESULT,current,MULTI_ROUTER_ROUTER,ws,256,latency_p95,191.000
RESULT,current,MULTI_ROUTER_ROUTER,ws,256,latency_p99,245.500
RESULT,current,MULTI_ROUTER_ROUTER,ws,256,server_cpu_pct,19.760
RESULT,current,MULTI_ROUTER_ROUTER,ws,256,server_mem_mb,19.040
RESULT,current,MULTI_ROUTER_ROUTER,ws,256,server_rcv_pending_end,0.000
RESULT,current,MULTI_ROUTER_ROUTER,ws,256,server_rcv_pending_max,0.000
RESULT,current,MULTI_ROUTER_ROUTER,ws,256,server_snd_pending_max,0.000
RESULT,current,MULTI_ROUTER_ROUTER,ws,256,throughput,839029.400
RESULT,current,MULTI_ROUTER_ROUTER,ws,1024,bandwidth,1490.129
RESULT,current,MULTI_ROUTER_ROUTER,ws,1024,latency,137.192
RESULT,current,MULTI_ROUTER_ROUTER,ws,1024,latency_p95,236.500
RESULT,current,MULTI_ROUTER_ROUTER,ws,1024,latency_p99,308.000
RESULT,current,MULTI_ROUTER_ROUTER,ws,1024,server_cpu_pct,19.940
RESULT,current,MULTI_ROUTER_ROUTER,ws,1024,server_mem_mb,18.630
RESULT,current,MULTI_ROUTER_ROUTER,ws,1024,server_rcv_pending_end,0.000
RESULT,current,MULTI_ROUTER_ROUTER,ws,1024,server_rcv_pending_max,0.000
RESULT,current,MULTI_ROUTER_ROUTER,ws,1024,server_snd_pending_max,0.000
RESULT,current,MULTI_ROUTER_ROUTER,ws,1024,throughput,727602.200
RESULT,current,MULTI_ROUTER_ROUTER,ws,65536,bandwidth,13125.367
RESULT,current,MULTI_ROUTER_ROUTER,ws,65536,latency,998.011
RESULT,current,MULTI_ROUTER_ROUTER,ws,65536,latency_p95,1842.000
RESULT,current,MULTI_ROUTER_ROUTER,ws,65536,latency_p99,2056.540
RESULT,current,MULTI_ROUTER_ROUTER,ws,65536,server_cpu_pct,19.750
RESULT,current,MULTI_ROUTER_ROUTER,ws,65536,server_mem_mb,24.920
RESULT,current,MULTI_ROUTER_ROUTER,ws,65536,server_rcv_pending_end,0.000
RESULT,current,MULTI_ROUTER_ROUTER,ws,65536,server_rcv_pending_max,0.000
RESULT,current,MULTI_ROUTER_ROUTER,ws,65536,server_snd_pending_max,0.000
RESULT,current,MULTI_ROUTER_ROUTER,ws,65536,throughput,100138.600
RESULT,current,MULTI_ROUTER_ROUTER,ws,131072,bandwidth,9908.099
RESULT,current,MULTI_ROUTER_ROUTER,ws,131072,latency,2639.641
RESULT,current,MULTI_ROUTER_ROUTER,ws,131072,latency_p95,4075.500
RESULT,current,MULTI_ROUTER_ROUTER,ws,131072,latency_p99,4460.000
RESULT,current,MULTI_ROUTER_ROUTER,ws,131072,server_cpu_pct,20.180
RESULT,current,MULTI_ROUTER_ROUTER,ws,131072,server_mem_mb,36.500
RESULT,current,MULTI_ROUTER_ROUTER,ws,131072,server_rcv_pending_end,0.000
RESULT,current,MULTI_ROUTER_ROUTER,ws,131072,server_rcv_pending_max,0.000
RESULT,current,MULTI_ROUTER_ROUTER,ws,131072,server_snd_pending_max,0.000
RESULT,current,MULTI_ROUTER_ROUTER,ws,131072,throughput,37796.400
RESULT,current,MULTI_ROUTER_ROUTER,ws,262144,bandwidth,10412.255
RESULT,current,MULTI_ROUTER_ROUTER,ws,262144,latency,5023.861
RESULT,current,MULTI_ROUTER_ROUTER,ws,262144,latency_p95,12335.050
RESULT,current,MULTI_ROUTER_ROUTER,ws,262144,latency_p99,13263.020
RESULT,current,MULTI_ROUTER_ROUTER,ws,262144,server_cpu_pct,17.200
RESULT,current,MULTI_ROUTER_ROUTER,ws,262144,server_mem_mb,34.480
RESULT,current,MULTI_ROUTER_ROUTER,ws,262144,server_rcv_pending_end,0.000
RESULT,current,MULTI_ROUTER_ROUTER,ws,262144,server_rcv_pending_max,0.000
RESULT,current,MULTI_ROUTER_ROUTER,ws,262144,server_snd_pending_max,0.000
RESULT,current,MULTI_ROUTER_ROUTER,ws,262144,throughput,19859.800
RESULT,current,MULTI_ROUTER_ROUTER,wss,64,bandwidth,95.902
RESULT,current,MULTI_ROUTER_ROUTER,wss,64,latency,133.210
RESULT,current,MULTI_ROUTER_ROUTER,wss,64,latency_p95,220.000
RESULT,current,MULTI_ROUTER_ROUTER,wss,64,latency_p99,289.500
RESULT,current,MULTI_ROUTER_ROUTER,wss,64,server_cpu_pct,20.590
RESULT,current,MULTI_ROUTER_ROUTER,wss,64,server_mem_mb,31.420
RESULT,current,MULTI_ROUTER_ROUTER,wss,64,server_rcv_pending_end,0.000
RESULT,current,MULTI_ROUTER_ROUTER,wss,64,server_rcv_pending_max,0.000
RESULT,current,MULTI_ROUTER_ROUTER,wss,64,server_snd_pending_max,0.000
RESULT,current,MULTI_ROUTER_ROUTER,wss,64,throughput,749230.800
RESULT,current,MULTI_ROUTER_ROUTER,wss,256,bandwidth,383.655
RESULT,current,MULTI_ROUTER_ROUTER,wss,256,latency,133.178
RESULT,current,MULTI_ROUTER_ROUTER,wss,256,latency_p95,234.500
RESULT,current,MULTI_ROUTER_ROUTER,wss,256,latency_p99,307.500
RESULT,current,MULTI_ROUTER_ROUTER,wss,256,server_cpu_pct,20.490
RESULT,current,MULTI_ROUTER_ROUTER,wss,256,server_mem_mb,32.060
RESULT,current,MULTI_ROUTER_ROUTER,wss,256,server_rcv_pending_end,0.000
RESULT,current,MULTI_ROUTER_ROUTER,wss,256,server_rcv_pending_max,0.000
RESULT,current,MULTI_ROUTER_ROUTER,wss,256,server_snd_pending_max,0.000
RESULT,current,MULTI_ROUTER_ROUTER,wss,256,throughput,749326.400
RESULT,current,MULTI_ROUTER_ROUTER,wss,1024,bandwidth,1389.445
RESULT,current,MULTI_ROUTER_ROUTER,wss,1024,latency,147.125
RESULT,current,MULTI_ROUTER_ROUTER,wss,1024,latency_p95,271.000
RESULT,current,MULTI_ROUTER_ROUTER,wss,1024,latency_p99,356.000
RESULT,current,MULTI_ROUTER_ROUTER,wss,1024,server_cpu_pct,21.250
RESULT,current,MULTI_ROUTER_ROUTER,wss,1024,server_mem_mb,31.490
RESULT,current,MULTI_ROUTER_ROUTER,wss,1024,server_rcv_pending_end,0.000
RESULT,current,MULTI_ROUTER_ROUTER,wss,1024,server_rcv_pending_max,0.000
RESULT,current,MULTI_ROUTER_ROUTER,wss,1024,server_snd_pending_max,0.000
RESULT,current,MULTI_ROUTER_ROUTER,wss,1024,throughput,678440.000
RESULT,current,MULTI_ROUTER_ROUTER,wss,65536,bandwidth,4484.366
RESULT,current,MULTI_ROUTER_ROUTER,wss,65536,latency,2919.399
RESULT,current,MULTI_ROUTER_ROUTER,wss,65536,latency_p95,4184.000
RESULT,current,MULTI_ROUTER_ROUTER,wss,65536,latency_p99,4512.000
RESULT,current,MULTI_ROUTER_ROUTER,wss,65536,server_cpu_pct,19.440
RESULT,current,MULTI_ROUTER_ROUTER,wss,65536,server_mem_mb,48.570
RESULT,current,MULTI_ROUTER_ROUTER,wss,65536,server_rcv_pending_end,0.000
RESULT,current,MULTI_ROUTER_ROUTER,wss,65536,server_rcv_pending_max,0.000
RESULT,current,MULTI_ROUTER_ROUTER,wss,65536,server_snd_pending_max,0.000
RESULT,current,MULTI_ROUTER_ROUTER,wss,65536,throughput,34213.000
RESULT,current,MULTI_ROUTER_ROUTER,wss,131072,bandwidth,4563.770
RESULT,current,MULTI_ROUTER_ROUTER,wss,131072,latency,5733.607
RESULT,current,MULTI_ROUTER_ROUTER,wss,131072,latency_p95,7040.500
RESULT,current,MULTI_ROUTER_ROUTER,wss,131072,latency_p99,7421.040
RESULT,current,MULTI_ROUTER_ROUTER,wss,131072,server_cpu_pct,18.620
RESULT,current,MULTI_ROUTER_ROUTER,wss,131072,server_mem_mb,55.360
RESULT,current,MULTI_ROUTER_ROUTER,wss,131072,server_rcv_pending_end,0.000
RESULT,current,MULTI_ROUTER_ROUTER,wss,131072,server_rcv_pending_max,0.000
RESULT,current,MULTI_ROUTER_ROUTER,wss,131072,server_snd_pending_max,0.000
RESULT,current,MULTI_ROUTER_ROUTER,wss,131072,throughput,17409.400
RESULT,current,MULTI_ROUTER_ROUTER,wss,262144,bandwidth,4775.110
RESULT,current,MULTI_ROUTER_ROUTER,wss,262144,latency,10943.995
RESULT,current,MULTI_ROUTER_ROUTER,wss,262144,latency_p95,12986.000
RESULT,current,MULTI_ROUTER_ROUTER,wss,262144,latency_p99,13469.930
RESULT,current,MULTI_ROUTER_ROUTER,wss,262144,server_cpu_pct,14.990
RESULT,current,MULTI_ROUTER_ROUTER,wss,262144,server_mem_mb,56.540
RESULT,current,MULTI_ROUTER_ROUTER,wss,262144,server_rcv_pending_end,0.000
RESULT,current,MULTI_ROUTER_ROUTER,wss,262144,server_rcv_pending_max,0.000
RESULT,current,MULTI_ROUTER_ROUTER,wss,262144,server_snd_pending_max,0.000
RESULT,current,MULTI_ROUTER_ROUTER,wss,262144,throughput,9107.800
RESULT,current,MULTI_SPOT,tcp,64,bandwidth,274.035
RESULT,current,MULTI_SPOT,tcp,64,latency,1227100.338
RESULT,current,MULTI_SPOT,tcp,64,latency_p95,1732293.150
RESULT,current,MULTI_SPOT,tcp,64,latency_p99,1847437.510
RESULT,current,MULTI_SPOT,tcp,64,server_cpu_pct,16.270
RESULT,current,MULTI_SPOT,tcp,64,server_mem_mb,19.530
RESULT,current,MULTI_SPOT,tcp,64,server_rcv_pending_end,0.000
RESULT,current,MULTI_SPOT,tcp,64,server_rcv_pending_max,0.000
RESULT,current,MULTI_SPOT,tcp,64,server_snd_pending_max,0.000
RESULT,current,MULTI_SPOT,tcp,64,throughput,4281802.800
RESULT,current,MULTI_SPOT,tcp,256,bandwidth,678.929
RESULT,current,MULTI_SPOT,tcp,256,latency,886171.632
RESULT,current,MULTI_SPOT,tcp,256,latency_p95,1838425.300
RESULT,current,MULTI_SPOT,tcp,256,latency_p99,2084274.130
RESULT,current,MULTI_SPOT,tcp,256,server_cpu_pct,12.570
RESULT,current,MULTI_SPOT,tcp,256,server_mem_mb,22.030
RESULT,current,MULTI_SPOT,tcp,256,server_rcv_pending_end,0.000
RESULT,current,MULTI_SPOT,tcp,256,server_rcv_pending_max,0.000
RESULT,current,MULTI_SPOT,tcp,256,server_snd_pending_max,0.000
RESULT,current,MULTI_SPOT,tcp,256,throughput,2652067.800
RESULT,current,MULTI_SPOT,tcp,1024,bandwidth,1123.363
RESULT,current,MULTI_SPOT,tcp,1024,latency,348532.209
RESULT,current,MULTI_SPOT,tcp,1024,latency_p95,786590.250
RESULT,current,MULTI_SPOT,tcp,1024,latency_p99,1359931.330
RESULT,current,MULTI_SPOT,tcp,1024,server_cpu_pct,9.820
RESULT,current,MULTI_SPOT,tcp,1024,server_mem_mb,32.080
RESULT,current,MULTI_SPOT,tcp,1024,server_rcv_pending_end,0.000
RESULT,current,MULTI_SPOT,tcp,1024,server_rcv_pending_max,0.000
RESULT,current,MULTI_SPOT,tcp,1024,server_snd_pending_max,0.000
RESULT,current,MULTI_SPOT,tcp,1024,throughput,1097033.800
RESULT,current,MULTI_SPOT,tcp,65536,bandwidth,4373.112
RESULT,current,MULTI_SPOT,tcp,65536,latency,259237.182
RESULT,current,MULTI_SPOT,tcp,65536,latency_p95,457755.400
RESULT,current,MULTI_SPOT,tcp,65536,latency_p99,500129.360
RESULT,current,MULTI_SPOT,tcp,65536,server_cpu_pct,12.000
RESULT,current,MULTI_SPOT,tcp,65536,server_mem_mb,276.790
RESULT,current,MULTI_SPOT,tcp,65536,server_rcv_pending_end,0.000
RESULT,current,MULTI_SPOT,tcp,65536,server_rcv_pending_max,0.000
RESULT,current,MULTI_SPOT,tcp,65536,server_snd_pending_max,0.000
RESULT,current,MULTI_SPOT,tcp,65536,throughput,66728.400
RESULT,current,MULTI_SPOT,tcp,131072,bandwidth,4415.082
RESULT,current,MULTI_SPOT,tcp,131072,latency,432950.485
RESULT,current,MULTI_SPOT,tcp,131072,latency_p95,572060.500
RESULT,current,MULTI_SPOT,tcp,131072,latency_p99,614195.250
RESULT,current,MULTI_SPOT,tcp,131072,server_cpu_pct,12.540
RESULT,current,MULTI_SPOT,tcp,131072,server_mem_mb,370.500
RESULT,current,MULTI_SPOT,tcp,131072,server_rcv_pending_end,0.000
RESULT,current,MULTI_SPOT,tcp,131072,server_rcv_pending_max,0.000
RESULT,current,MULTI_SPOT,tcp,131072,server_snd_pending_max,0.000
RESULT,current,MULTI_SPOT,tcp,131072,throughput,33684.400
RESULT,current,MULTI_SPOT,tcp,262144,bandwidth,4827.644
RESULT,current,MULTI_SPOT,tcp,262144,latency,529265.986
RESULT,current,MULTI_SPOT,tcp,262144,latency_p95,692833.300
RESULT,current,MULTI_SPOT,tcp,262144,latency_p99,732135.700
RESULT,current,MULTI_SPOT,tcp,262144,server_cpu_pct,13.630
RESULT,current,MULTI_SPOT,tcp,262144,server_mem_mb,261.950
RESULT,current,MULTI_SPOT,tcp,262144,server_rcv_pending_end,0.000
RESULT,current,MULTI_SPOT,tcp,262144,server_rcv_pending_max,0.000
RESULT,current,MULTI_SPOT,tcp,262144,server_snd_pending_max,0.000
RESULT,current,MULTI_SPOT,tcp,262144,throughput,18416.000
RESULT,current,MULTI_SPOT,tls,64,bandwidth,27.861
RESULT,current,MULTI_SPOT,tls,64,latency,4249340.586
RESULT,current,MULTI_SPOT,tls,64,latency_p95,5394225.400
RESULT,current,MULTI_SPOT,tls,64,latency_p99,6075977.720
RESULT,current,MULTI_SPOT,tls,64,server_cpu_pct,11.300
RESULT,current,MULTI_SPOT,tls,64,server_mem_mb,60.680
RESULT,current,MULTI_SPOT,tls,64,server_rcv_pending_end,0.000
RESULT,current,MULTI_SPOT,tls,64,server_rcv_pending_max,0.000
RESULT,current,MULTI_SPOT,tls,64,server_snd_pending_max,0.000
RESULT,current,MULTI_SPOT,tls,64,throughput,435332.600
RESULT,current,MULTI_SPOT,tls,256,bandwidth,775.480
RESULT,current,MULTI_SPOT,tls,256,latency,619826.748
RESULT,current,MULTI_SPOT,tls,256,latency_p95,2477871.300
RESULT,current,MULTI_SPOT,tls,256,latency_p99,3195889.430
RESULT,current,MULTI_SPOT,tls,256,server_cpu_pct,13.140
RESULT,current,MULTI_SPOT,tls,256,server_mem_mb,74.180
RESULT,current,MULTI_SPOT,tls,256,server_rcv_pending_end,0.000
RESULT,current,MULTI_SPOT,tls,256,server_rcv_pending_max,0.000
RESULT,current,MULTI_SPOT,tls,256,server_snd_pending_max,0.000
RESULT,current,MULTI_SPOT,tls,256,throughput,3029218.200
RESULT,current,MULTI_SPOT,tls,1024,bandwidth,1529.703
RESULT,current,MULTI_SPOT,tls,1024,latency,514467.428
RESULT,current,MULTI_SPOT,tls,1024,latency_p95,2391183.550
RESULT,current,MULTI_SPOT,tls,1024,latency_p99,2766454.010
RESULT,current,MULTI_SPOT,tls,1024,server_cpu_pct,15.710
RESULT,current,MULTI_SPOT,tls,1024,server_mem_mb,117.980
RESULT,current,MULTI_SPOT,tls,1024,server_rcv_pending_end,0.000
RESULT,current,MULTI_SPOT,tls,1024,server_rcv_pending_max,0.000
RESULT,current,MULTI_SPOT,tls,1024,server_snd_pending_max,0.000
RESULT,current,MULTI_SPOT,tls,1024,throughput,1493850.200
RESULT,current,MULTI_SPOT,tls,65536,bandwidth,912.733
RESULT,current,MULTI_SPOT,tls,65536,latency,2944250.587
RESULT,current,MULTI_SPOT,tls,65536,latency_p95,3727221.050
RESULT,current,MULTI_SPOT,tls,65536,latency_p99,3903947.750
RESULT,current,MULTI_SPOT,tls,65536,server_cpu_pct,9.710
RESULT,current,MULTI_SPOT,tls,65536,server_mem_mb,623.380
RESULT,current,MULTI_SPOT,tls,65536,server_rcv_pending_end,0.000
RESULT,current,MULTI_SPOT,tls,65536,server_rcv_pending_max,0.000
RESULT,current,MULTI_SPOT,tls,65536,server_snd_pending_max,0.000
RESULT,current,MULTI_SPOT,tls,65536,throughput,13927.200
RESULT,current,MULTI_SPOT,tls,131072,bandwidth,1648.519
RESULT,current,MULTI_SPOT,tls,131072,latency,821784.721
RESULT,current,MULTI_SPOT,tls,131072,latency_p95,4238282.200
RESULT,current,MULTI_SPOT,tls,131072,latency_p99,4551735.180
RESULT,current,MULTI_SPOT,tls,131072,server_cpu_pct,12.640
RESULT,current,MULTI_SPOT,tls,131072,server_mem_mb,677.320
RESULT,current,MULTI_SPOT,tls,131072,server_rcv_pending_end,0.000
RESULT,current,MULTI_SPOT,tls,131072,server_rcv_pending_max,0.000
RESULT,current,MULTI_SPOT,tls,131072,server_snd_pending_max,0.000
RESULT,current,MULTI_SPOT,tls,131072,throughput,12577.200
RESULT,current,MULTI_SPOT,tls,262144,bandwidth,2282.750
RESULT,current,MULTI_SPOT,tls,262144,latency,148108.170
RESULT,current,MULTI_SPOT,tls,262144,latency_p95,194543.350
RESULT,current,MULTI_SPOT,tls,262144,latency_p99,220298.870
RESULT,current,MULTI_SPOT,tls,262144,server_cpu_pct,14.380
RESULT,current,MULTI_SPOT,tls,262144,server_mem_mb,896.200
RESULT,current,MULTI_SPOT,tls,262144,server_rcv_pending_end,0.000
RESULT,current,MULTI_SPOT,tls,262144,server_rcv_pending_max,0.000
RESULT,current,MULTI_SPOT,tls,262144,server_snd_pending_max,0.000
RESULT,current,MULTI_SPOT,tls,262144,throughput,8708.000
RESULT,current,MULTI_SPOT,ws,64,bandwidth,83.092
RESULT,current,MULTI_SPOT,ws,64,latency,3052680.560
RESULT,current,MULTI_SPOT,ws,64,latency_p95,4848183.500
RESULT,current,MULTI_SPOT,ws,64,latency_p99,5883574.220
RESULT,current,MULTI_SPOT,ws,64,server_cpu_pct,10.940
RESULT,current,MULTI_SPOT,ws,64,server_mem_mb,21.920
RESULT,current,MULTI_SPOT,ws,64,server_rcv_pending_end,0.000
RESULT,current,MULTI_SPOT,ws,64,server_rcv_pending_max,0.000
RESULT,current,MULTI_SPOT,ws,64,server_snd_pending_max,0.000
RESULT,current,MULTI_SPOT,ws,64,throughput,1298320.200
RESULT,current,MULTI_SPOT,ws,256,bandwidth,274.927
RESULT,current,MULTI_SPOT,ws,256,latency,1060726.488
RESULT,current,MULTI_SPOT,ws,256,latency_p95,2608172.050
RESULT,current,MULTI_SPOT,ws,256,latency_p99,3183173.880
RESULT,current,MULTI_SPOT,ws,256,server_cpu_pct,10.060
RESULT,current,MULTI_SPOT,ws,256,server_mem_mb,23.910
RESULT,current,MULTI_SPOT,ws,256,server_rcv_pending_end,0.000
RESULT,current,MULTI_SPOT,ws,256,server_rcv_pending_max,0.000
RESULT,current,MULTI_SPOT,ws,256,server_snd_pending_max,0.000
RESULT,current,MULTI_SPOT,ws,256,throughput,1073935.400
RESULT,current,MULTI_SPOT,ws,1024,bandwidth,797.441
RESULT,current,MULTI_SPOT,ws,1024,latency,400858.895
RESULT,current,MULTI_SPOT,ws,1024,latency_p95,609139.000
RESULT,current,MULTI_SPOT,ws,1024,latency_p99,968050.600
RESULT,current,MULTI_SPOT,ws,1024,server_cpu_pct,9.560
RESULT,current,MULTI_SPOT,ws,1024,server_mem_mb,33.240
RESULT,current,MULTI_SPOT,ws,1024,server_rcv_pending_end,0.000
RESULT,current,MULTI_SPOT,ws,1024,server_rcv_pending_max,0.000
RESULT,current,MULTI_SPOT,ws,1024,server_snd_pending_max,0.000
RESULT,current,MULTI_SPOT,ws,1024,throughput,778750.600
RESULT,current,MULTI_SPOT,ws,65536,bandwidth,2467.601
RESULT,current,MULTI_SPOT,ws,65536,latency,449849.164
RESULT,current,MULTI_SPOT,ws,65536,latency_p95,564916.250
RESULT,current,MULTI_SPOT,ws,65536,latency_p99,624201.650
RESULT,current,MULTI_SPOT,ws,65536,server_cpu_pct,10.120
RESULT,current,MULTI_SPOT,ws,65536,server_mem_mb,262.750
RESULT,current,MULTI_SPOT,ws,65536,server_rcv_pending_end,0.000
RESULT,current,MULTI_SPOT,ws,65536,server_rcv_pending_max,0.000
RESULT,current,MULTI_SPOT,ws,65536,server_snd_pending_max,0.000
RESULT,current,MULTI_SPOT,ws,65536,throughput,37652.600
RESULT,current,MULTI_SPOT,ws,131072,bandwidth,2944.008
RESULT,current,MULTI_SPOT,ws,131072,latency,536031.792
RESULT,current,MULTI_SPOT,ws,131072,latency_p95,789617.950
RESULT,current,MULTI_SPOT,ws,131072,latency_p99,871465.950
RESULT,current,MULTI_SPOT,ws,131072,server_cpu_pct,10.690
RESULT,current,MULTI_SPOT,ws,131072,server_mem_mb,296.950
RESULT,current,MULTI_SPOT,ws,131072,server_rcv_pending_end,0.000
RESULT,current,MULTI_SPOT,ws,131072,server_rcv_pending_max,0.000
RESULT,current,MULTI_SPOT,ws,131072,server_snd_pending_max,0.000
RESULT,current,MULTI_SPOT,ws,131072,throughput,22461.000
RESULT,current,MULTI_SPOT,ws,262144,bandwidth,3395.184
RESULT,current,MULTI_SPOT,ws,262144,latency,721515.976
RESULT,current,MULTI_SPOT,ws,262144,latency_p95,965972.500
RESULT,current,MULTI_SPOT,ws,262144,latency_p99,1035995.500
RESULT,current,MULTI_SPOT,ws,262144,server_cpu_pct,11.420
RESULT,current,MULTI_SPOT,ws,262144,server_mem_mb,184.630
RESULT,current,MULTI_SPOT,ws,262144,server_rcv_pending_end,0.000
RESULT,current,MULTI_SPOT,ws,262144,server_rcv_pending_max,0.000
RESULT,current,MULTI_SPOT,ws,262144,server_snd_pending_max,0.000
RESULT,current,MULTI_SPOT,ws,262144,throughput,12951.600
RESULT,current,MULTI_SPOT,wss,64,bandwidth,65.874
RESULT,current,MULTI_SPOT,wss,64,latency,3912763.859
RESULT,current,MULTI_SPOT,wss,64,latency_p95,6435836.250
RESULT,current,MULTI_SPOT,wss,64,latency_p99,6655664.750
RESULT,current,MULTI_SPOT,wss,64,server_cpu_pct,7.870
RESULT,current,MULTI_SPOT,wss,64,server_mem_mb,47.050
RESULT,current,MULTI_SPOT,wss,64,server_rcv_pending_end,0.000
RESULT,current,MULTI_SPOT,wss,64,server_rcv_pending_max,0.000
RESULT,current,MULTI_SPOT,wss,64,server_snd_pending_max,0.000
RESULT,current,MULTI_SPOT,wss,64,throughput,1029275.000
RESULT,current,MULTI_SPOT,wss,256,bandwidth,244.639
RESULT,current,MULTI_SPOT,wss,256,latency,1770150.298
RESULT,current,MULTI_SPOT,wss,256,latency_p95,3650100.850
RESULT,current,MULTI_SPOT,wss,256,latency_p99,4105483.750
RESULT,current,MULTI_SPOT,wss,256,server_cpu_pct,8.050
RESULT,current,MULTI_SPOT,wss,256,server_mem_mb,48.910
RESULT,current,MULTI_SPOT,wss,256,server_rcv_pending_end,0.000
RESULT,current,MULTI_SPOT,wss,256,server_rcv_pending_max,0.000
RESULT,current,MULTI_SPOT,wss,256,server_snd_pending_max,0.000
RESULT,current,MULTI_SPOT,wss,256,throughput,955621.800
RESULT,current,MULTI_SPOT,wss,1024,bandwidth,980.229
RESULT,current,MULTI_SPOT,wss,1024,latency,568207.519
RESULT,current,MULTI_SPOT,wss,1024,latency_p95,3002593.800
RESULT,current,MULTI_SPOT,wss,1024,latency_p99,3431708.760
RESULT,current,MULTI_SPOT,wss,1024,server_cpu_pct,9.660
RESULT,current,MULTI_SPOT,wss,1024,server_mem_mb,62.230
RESULT,current,MULTI_SPOT,wss,1024,server_rcv_pending_end,0.000
RESULT,current,MULTI_SPOT,wss,1024,server_rcv_pending_max,0.000
RESULT,current,MULTI_SPOT,wss,1024,server_snd_pending_max,0.000
RESULT,current,MULTI_SPOT,wss,1024,throughput,957254.400
RESULT,current,MULTI_SPOT,wss,65536,bandwidth,949.027
RESULT,current,MULTI_SPOT,wss,65536,latency,1767826.201
RESULT,current,MULTI_SPOT,wss,65536,latency_p95,2331341.800
RESULT,current,MULTI_SPOT,wss,65536,latency_p99,2517090.960
RESULT,current,MULTI_SPOT,wss,65536,server_cpu_pct,6.580
RESULT,current,MULTI_SPOT,wss,65536,server_mem_mb,276.160
RESULT,current,MULTI_SPOT,wss,65536,server_rcv_pending_end,0.000
RESULT,current,MULTI_SPOT,wss,65536,server_rcv_pending_max,0.000
RESULT,current,MULTI_SPOT,wss,65536,server_snd_pending_max,0.000
RESULT,current,MULTI_SPOT,wss,65536,throughput,14481.000
RESULT,current,MULTI_SPOT,wss,131072,bandwidth,2642.438
RESULT,current,MULTI_SPOT,wss,131072,latency,570959.411
RESULT,current,MULTI_SPOT,wss,131072,latency_p95,2177624.650
RESULT,current,MULTI_SPOT,wss,131072,latency_p99,2485792.300
RESULT,current,MULTI_SPOT,wss,131072,server_cpu_pct,9.560
RESULT,current,MULTI_SPOT,wss,131072,server_mem_mb,233.890
RESULT,current,MULTI_SPOT,wss,131072,server_rcv_pending_end,0.000
RESULT,current,MULTI_SPOT,wss,131072,server_rcv_pending_max,0.000
RESULT,current,MULTI_SPOT,wss,131072,server_snd_pending_max,0.000
RESULT,current,MULTI_SPOT,wss,131072,throughput,20160.200
RESULT,current,MULTI_SPOT,wss,262144,bandwidth,2387.293
RESULT,current,MULTI_SPOT,wss,262144,latency,635031.048
RESULT,current,MULTI_SPOT,wss,262144,latency_p95,3351907.000
RESULT,current,MULTI_SPOT,wss,262144,latency_p99,3797621.320
RESULT,current,MULTI_SPOT,wss,262144,server_cpu_pct,9.690
RESULT,current,MULTI_SPOT,wss,262144,server_mem_mb,238.960
RESULT,current,MULTI_SPOT,wss,262144,server_rcv_pending_end,0.000
RESULT,current,MULTI_SPOT,wss,262144,server_rcv_pending_max,0.000
RESULT,current,MULTI_SPOT,wss,262144,server_snd_pending_max,0.000
RESULT,current,MULTI_SPOT,wss,262144,throughput,9106.800
RESULT,current,MULTI_STREAM,tcp,64,bandwidth,52.908
RESULT,current,MULTI_STREAM,tcp,64,latency,24716.862
RESULT,current,MULTI_STREAM,tcp,64,latency_p95,30375.250
RESULT,current,MULTI_STREAM,tcp,64,latency_p99,33315.250
RESULT,current,MULTI_STREAM,tcp,64,server_cpu_pct,16.230
RESULT,current,MULTI_STREAM,tcp,64,server_mem_mb,609.430
RESULT,current,MULTI_STREAM,tcp,64,server_rcv_pending_end,0.000
RESULT,current,MULTI_STREAM,tcp,64,server_rcv_pending_max,0.000
RESULT,current,MULTI_STREAM,tcp,64,server_snd_pending_max,0.000
RESULT,current,MULTI_STREAM,tcp,64,throughput,413343.800
RESULT,current,MULTI_STREAM,tcp,256,bandwidth,208.579
RESULT,current,MULTI_STREAM,tcp,256,latency,24574.391
RESULT,current,MULTI_STREAM,tcp,256,latency_p95,25175.000
RESULT,current,MULTI_STREAM,tcp,256,latency_p99,25673.250
RESULT,current,MULTI_STREAM,tcp,256,server_cpu_pct,15.480
RESULT,current,MULTI_STREAM,tcp,256,server_mem_mb,622.890
RESULT,current,MULTI_STREAM,tcp,256,server_rcv_pending_end,0.000
RESULT,current,MULTI_STREAM,tcp,256,server_rcv_pending_max,0.000
RESULT,current,MULTI_STREAM,tcp,256,server_snd_pending_max,0.000
RESULT,current,MULTI_STREAM,tcp,256,throughput,407380.800
RESULT,current,MULTI_STREAM,tcp,1024,bandwidth,766.532
RESULT,current,MULTI_STREAM,tcp,1024,latency,26926.983
RESULT,current,MULTI_STREAM,tcp,1024,latency_p95,29124.000
RESULT,current,MULTI_STREAM,tcp,1024,latency_p99,34614.250
RESULT,current,MULTI_STREAM,tcp,1024,server_cpu_pct,15.620
RESULT,current,MULTI_STREAM,tcp,1024,server_mem_mb,638.350
RESULT,current,MULTI_STREAM,tcp,1024,server_rcv_pending_end,0.000
RESULT,current,MULTI_STREAM,tcp,1024,server_rcv_pending_max,0.000
RESULT,current,MULTI_STREAM,tcp,1024,server_snd_pending_max,0.000
RESULT,current,MULTI_STREAM,tcp,1024,throughput,374283.400
RESULT,current,MULTI_STREAM,tcp,65536,bandwidth,9838.762
RESULT,current,MULTI_STREAM,tcp,65536,latency,131196.182
RESULT,current,MULTI_STREAM,tcp,65536,latency_p95,141426.000
RESULT,current,MULTI_STREAM,tcp,65536,latency_p99,193761.900
RESULT,current,MULTI_STREAM,tcp,65536,server_cpu_pct,18.850
RESULT,current,MULTI_STREAM,tcp,65536,server_mem_mb,1602.200
RESULT,current,MULTI_STREAM,tcp,65536,server_rcv_pending_end,0.000
RESULT,current,MULTI_STREAM,tcp,65536,server_rcv_pending_max,0.000
RESULT,current,MULTI_STREAM,tcp,65536,server_snd_pending_max,0.000
RESULT,current,MULTI_STREAM,tcp,65536,throughput,75063.800
RESULT,current,MULTI_STREAM,tls,64,bandwidth,35.637
RESULT,current,MULTI_STREAM,tls,64,latency,36432.221
RESULT,current,MULTI_STREAM,tls,64,latency_p95,37503.000
RESULT,current,MULTI_STREAM,tls,64,latency_p99,39064.000
RESULT,current,MULTI_STREAM,tls,64,server_cpu_pct,14.250
RESULT,current,MULTI_STREAM,tls,64,server_mem_mb,1519.580
RESULT,current,MULTI_STREAM,tls,64,server_rcv_pending_end,0.000
RESULT,current,MULTI_STREAM,tls,64,server_rcv_pending_max,0.000
RESULT,current,MULTI_STREAM,tls,64,server_snd_pending_max,0.000
RESULT,current,MULTI_STREAM,tls,64,throughput,278414.600
RESULT,current,MULTI_STREAM,tls,256,bandwidth,141.815
RESULT,current,MULTI_STREAM,tls,256,latency,36110.585
RESULT,current,MULTI_STREAM,tls,256,latency_p95,38074.000
RESULT,current,MULTI_STREAM,tls,256,latency_p99,40803.000
RESULT,current,MULTI_STREAM,tls,256,server_cpu_pct,13.900
RESULT,current,MULTI_STREAM,tls,256,server_mem_mb,1520.090
RESULT,current,MULTI_STREAM,tls,256,server_rcv_pending_end,0.000
RESULT,current,MULTI_STREAM,tls,256,server_rcv_pending_max,0.000
RESULT,current,MULTI_STREAM,tls,256,server_snd_pending_max,0.000
RESULT,current,MULTI_STREAM,tls,256,throughput,276981.600
RESULT,current,MULTI_STREAM,tls,1024,bandwidth,475.392
RESULT,current,MULTI_STREAM,tls,1024,latency,42957.499
RESULT,current,MULTI_STREAM,tls,1024,latency_p95,45656.000
RESULT,current,MULTI_STREAM,tls,1024,latency_p99,47508.250
RESULT,current,MULTI_STREAM,tls,1024,server_cpu_pct,15.120
RESULT,current,MULTI_STREAM,tls,1024,server_mem_mb,1521.230
RESULT,current,MULTI_STREAM,tls,1024,server_rcv_pending_end,0.000
RESULT,current,MULTI_STREAM,tls,1024,server_rcv_pending_max,0.000
RESULT,current,MULTI_STREAM,tls,1024,server_snd_pending_max,0.000
RESULT,current,MULTI_STREAM,tls,1024,throughput,232125.200
RESULT,current,MULTI_STREAM,tls,65536,bandwidth,3007.132
RESULT,current,MULTI_STREAM,tls,65536,latency,403229.528
RESULT,current,MULTI_STREAM,tls,65536,latency_p95,510713.400
RESULT,current,MULTI_STREAM,tls,65536,latency_p99,677200.560
RESULT,current,MULTI_STREAM,tls,65536,server_cpu_pct,15.180
RESULT,current,MULTI_STREAM,tls,65536,server_mem_mb,2193.180
RESULT,current,MULTI_STREAM,tls,65536,server_rcv_pending_end,0.000
RESULT,current,MULTI_STREAM,tls,65536,server_rcv_pending_max,0.000
RESULT,current,MULTI_STREAM,tls,65536,server_snd_pending_max,0.000
RESULT,current,MULTI_STREAM,tls,65536,throughput,22942.600
RESULT,current,MULTI_STREAM,ws,64,bandwidth,49.671
RESULT,current,MULTI_STREAM,ws,64,latency,25877.307
RESULT,current,MULTI_STREAM,ws,64,latency_p95,27569.000
RESULT,current,MULTI_STREAM,ws,64,latency_p99,28865.250
RESULT,current,MULTI_STREAM,ws,64,server_cpu_pct,18.200
RESULT,current,MULTI_STREAM,ws,64,server_mem_mb,656.460
RESULT,current,MULTI_STREAM,ws,64,server_rcv_pending_end,0.000
RESULT,current,MULTI_STREAM,ws,64,server_rcv_pending_max,0.000
RESULT,current,MULTI_STREAM,ws,64,server_snd_pending_max,0.000
RESULT,current,MULTI_STREAM,ws,64,throughput,388053.600
RESULT,current,MULTI_STREAM,ws,256,bandwidth,194.978
RESULT,current,MULTI_STREAM,ws,256,latency,26375.547
RESULT,current,MULTI_STREAM,ws,256,latency_p95,28125.000
RESULT,current,MULTI_STREAM,ws,256,latency_p99,31423.000
RESULT,current,MULTI_STREAM,ws,256,server_cpu_pct,18.070
RESULT,current,MULTI_STREAM,ws,256,server_mem_mb,731.550
RESULT,current,MULTI_STREAM,ws,256,server_rcv_pending_end,0.000
RESULT,current,MULTI_STREAM,ws,256,server_rcv_pending_max,0.000
RESULT,current,MULTI_STREAM,ws,256,server_snd_pending_max,0.000
RESULT,current,MULTI_STREAM,ws,256,throughput,380816.600
RESULT,current,MULTI_STREAM,ws,1024,bandwidth,719.866
RESULT,current,MULTI_STREAM,ws,1024,latency,28479.111
RESULT,current,MULTI_STREAM,ws,1024,latency_p95,29641.000
RESULT,current,MULTI_STREAM,ws,1024,latency_p99,31334.000
RESULT,current,MULTI_STREAM,ws,1024,server_cpu_pct,17.770
RESULT,current,MULTI_STREAM,ws,1024,server_mem_mb,666.830
RESULT,current,MULTI_STREAM,ws,1024,server_rcv_pending_end,0.000
RESULT,current,MULTI_STREAM,ws,1024,server_rcv_pending_max,0.000
RESULT,current,MULTI_STREAM,ws,1024,server_snd_pending_max,0.000
RESULT,current,MULTI_STREAM,ws,1024,throughput,351497.200
RESULT,current,MULTI_STREAM,ws,65536,bandwidth,2313.368
RESULT,current,MULTI_STREAM,ws,65536,latency,538006.737
RESULT,current,MULTI_STREAM,ws,65536,latency_p95,639933.650
RESULT,current,MULTI_STREAM,ws,65536,latency_p99,834215.060
RESULT,current,MULTI_STREAM,ws,65536,server_cpu_pct,17.280
RESULT,current,MULTI_STREAM,ws,65536,server_mem_mb,3108.370
RESULT,current,MULTI_STREAM,ws,65536,server_rcv_pending_end,0.000
RESULT,current,MULTI_STREAM,ws,65536,server_rcv_pending_max,0.000
RESULT,current,MULTI_STREAM,ws,65536,server_snd_pending_max,0.000
RESULT,current,MULTI_STREAM,ws,65536,throughput,17649.600
RESULT,current,MULTI_STREAM,wss,64,bandwidth,30.323
RESULT,current,MULTI_STREAM,wss,64,latency,42158.750
RESULT,current,MULTI_STREAM,wss,64,latency_p95,45158.000
RESULT,current,MULTI_STREAM,wss,64,latency_p99,47973.000
RESULT,current,MULTI_STREAM,wss,64,server_cpu_pct,15.210
RESULT,current,MULTI_STREAM,wss,64,server_mem_mb,1557.160
RESULT,current,MULTI_STREAM,wss,64,server_rcv_pending_end,0.000
RESULT,current,MULTI_STREAM,wss,64,server_rcv_pending_max,0.000
RESULT,current,MULTI_STREAM,wss,64,server_snd_pending_max,0.000
RESULT,current,MULTI_STREAM,wss,64,throughput,236894.600
RESULT,current,MULTI_STREAM,wss,256,bandwidth,116.147
RESULT,current,MULTI_STREAM,wss,256,latency,44032.330
RESULT,current,MULTI_STREAM,wss,256,latency_p95,48637.000
RESULT,current,MULTI_STREAM,wss,256,latency_p99,52559.000
RESULT,current,MULTI_STREAM,wss,256,server_cpu_pct,15.590
RESULT,current,MULTI_STREAM,wss,256,server_mem_mb,1548.300
RESULT,current,MULTI_STREAM,wss,256,server_rcv_pending_end,0.000
RESULT,current,MULTI_STREAM,wss,256,server_rcv_pending_max,0.000
RESULT,current,MULTI_STREAM,wss,256,server_snd_pending_max,0.000
RESULT,current,MULTI_STREAM,wss,256,throughput,226849.000
RESULT,current,MULTI_STREAM,wss,1024,bandwidth,418.575
RESULT,current,MULTI_STREAM,wss,1024,latency,48616.470
RESULT,current,MULTI_STREAM,wss,1024,latency_p95,54417.000
RESULT,current,MULTI_STREAM,wss,1024,latency_p99,56801.000
RESULT,current,MULTI_STREAM,wss,1024,server_cpu_pct,15.280
RESULT,current,MULTI_STREAM,wss,1024,server_mem_mb,1548.910
RESULT,current,MULTI_STREAM,wss,1024,server_rcv_pending_end,0.000
RESULT,current,MULTI_STREAM,wss,1024,server_rcv_pending_max,0.000
RESULT,current,MULTI_STREAM,wss,1024,server_snd_pending_max,0.000
RESULT,current,MULTI_STREAM,wss,1024,throughput,204382.200
RESULT,current,MULTI_STREAM,wss,65536,bandwidth,1251.738
RESULT,current,MULTI_STREAM,wss,65536,latency,946872.706
RESULT,current,MULTI_STREAM,wss,65536,latency_p95,1230609.550
RESULT,current,MULTI_STREAM,wss,65536,latency_p99,1407229.040
RESULT,current,MULTI_STREAM,wss,65536,server_cpu_pct,14.030
RESULT,current,MULTI_STREAM,wss,65536,server_mem_mb,3789.610
RESULT,current,MULTI_STREAM,wss,65536,server_rcv_pending_end,0.000
RESULT,current,MULTI_STREAM,wss,65536,server_rcv_pending_max,0.000
RESULT,current,MULTI_STREAM,wss,65536,server_snd_pending_max,0.000
RESULT,current,MULTI_STREAM,wss,65536,throughput,9550.000

Saved result file: /home/hep7/project/kairos/zlink/core/perf/results/multi/report/perf_linux_recv_20260327_072300.txt (status=complete)

## Status Summary
- success: 136
- unsupported: 0
- skip: 0
- fail: 0
- expected result lines: 680
- actual result lines: 680
- status: complete
Total benchmark time: 20m 3s (1203s, exit=0)
