[preflight] started_at=2026-03-24T12:36:23+09:00
[preflight] log=doc/plan/refactor/2nd/logs/perf_full_multi_20260324_123623.log
[preflight] build_dir_ok=1 binaries_ok=1
=== Running multi benchmark: MULTI_DEALER_DEALER,MULTI_DEALER_ROUTER,MULTI_ROUTER_ROUTER,MULTI_PUBSUB,MULTI_GATEWAY,MULTI_SPOT,MULTI_STREAM ===
    warmup=2s duration=5s
    recv_mode=recv
Reusing build directory: /home/hep7/project/kairos/zlink/core/build
Using CMake source directory: /home/hep7/project/kairos/zlink

## Effective Options (runner)
- patterns: MULTI_DEALER_DEALER,MULTI_DEALER_ROUTER,MULTI_ROUTER_ROUTER,MULTI_PUBSUB,MULTI_GATEWAY,MULTI_SPOT,MULTI_STREAM
- build_dir: /home/hep7/project/kairos/zlink/core/build
- build_mode: reuse
- reuse_build: 1
- clean_build: 0
- runs: 1
- recv_mode: recv
- duration_seconds: 5
- warmup_seconds: 2
- hwm: default(binary)
- send_hwm: default(binary)
- recv_hwm: default(binary)
- sndbuf: default(os)
- rcvbuf: default(os)
- sndtimeo_ms: 200
- rcvtimeo_ms: 200
- pin_cpu: 0
- io_threads: default(policy)
- msg_sizes: default(benchmark)
- transports: tcp,tls,ws,wss
- results_dir: /home/hep7/project/kairos/zlink/core/perf/results
- results_tag: final-multi
- result_file: /home/hep7/project/kairos/zlink/core/perf/results/multi/report/perf_linux_recv_20260324_123623_final-multi.txt
- output_file: none
- comparison_script: /home/hep7/project/kairos/zlink/core/perf/run_comparison.py
- python: python3

## Effective Env (runner)
- PYTHONUNBUFFERED: 1
- PERF_RECV_MODE: recv
- PERF_TRANSPORTS: tcp,tls,ws,wss
- PERF_NO_AUTOBUILD: 1
- PERF_DISABLE_RESOURCE_METRICS: 0

META,os,Linux 6.6.87.2-microsoft-standard-WSL2
META,cpu,Intel(R) Core(TM) Ultra 7 265K
META,cores,20
META,build,Release
META,commit,45bdf7dc
META,timestamp,2026-03-24T12:36:23+09:00
META,load_avg,0.74 1.02 1.07
META,runs,1
META,clients,100

## Effective Options (start)
- runs: 1
- recv_mode: recv
- patterns: MULTI_DEALER_DEALER,MULTI_DEALER_ROUTER,MULTI_ROUTER_ROUTER,MULTI_PUBSUB,MULTI_GATEWAY,MULTI_SPOT,MULTI_STREAM
- transports: tcp,tls,ws,wss
- msg_sizes: 64,256,1024,65536,131072,262144
- warmup_seconds: 2
- active_warmup: 0
- duration_seconds: 5
- clients: 100
- default_clients: 100
- default_stream_clients: 10000
- service_clients: auto
- server_io_threads: 4 (default)
- client_io_threads: 4 (default)
- hwm: mixed-default(10,100)
- sndhwm: mixed-default(10,100)
- rcvhwm: mixed-default(10,100)
- sndbuf: default(os)
- rcvbuf: default(os)
- sndtimeo_ms: 200
- rcvtimeo_ms: 200
- connect_concurrency: 128 (default)
- settle_ms: 500
- connect_ready_timeout_ms: 5000
- monitor_hwm: 1000
- server_ready_timeout_ms: 10000
- server_shutdown_timeout_ms: 5000
- server_bind_port: 0
- transport_transition_ms: 3000
- pattern_transition_ms: 3000
- lat_timeout_ms: 5000
- stream_non_tcp_clients_max: 10000
- disable_resource_metrics: 0
- timeout_seconds: auto
## PATTERN: MULTI_DEALER_DEALER (one-way)
  > Benchmarking current for MULTI_DEALER_DEALER...
    Testing tcp | 64B,256B,1024B,65536B,131072B,262144B:
      | Size     |         Throughput |      Bandwidth |  Lat.Mean(ms) |   Lat.P95(ms) |   Lat.P99(ms) |  S.CPU% | S.Mem MB | Q.Snd.Max | Q.Rcv.Max | Q.Rcv.End |
      |----------|--------------------|----------------|---------------|---------------|---------------|---------|----------|-----------|-----------|-----------|
      | 64B      |  1349.122 Kmsg/s |     86.344 MB/s |     0.096 ms |     0.173 ms |     0.252 ms | 19.307 |   44.285 |         0 |         0 |         0 |
      | 256B     |   881.714 Kmsg/s |    225.719 MB/s |     0.093 ms |     0.181 ms |     0.266 ms | 16.387 |   16.547 |         0 |         0 |         0 |
      | 1024B    |   854.043 Kmsg/s |    874.540 MB/s |     0.090 ms |     0.173 ms |     0.236 ms | 16.617 |   18.023 |         0 |         0 |         0 |
      | 65536B   |   163.284 Kmsg/s |  10700.967 MB/s |    44.878 ms |    82.012 ms |    89.336 ms | 14.015 |   52.047 |         0 |         0 |         0 |
      | 131072B  |    82.318 Kmsg/s |  10789.532 MB/s |    89.548 ms |   155.490 ms |   162.626 ms | 13.397 |   26.746 |         0 |         0 |         0 |
      | 262144B  |    40.325 Kmsg/s |  10571.062 MB/s |   180.347 ms |   316.778 ms |   331.663 ms | 10.973 |   41.027 |         0 |         0 |         0 |
    Testing tcp: Done
    [transport cooldown 3000ms]
    Testing tls | 64B,256B,1024B,65536B,131072B,262144B:
      | Size     |         Throughput |      Bandwidth |  Lat.Mean(ms) |   Lat.P95(ms) |   Lat.P99(ms) |  S.CPU% | S.Mem MB | Q.Snd.Max | Q.Rcv.Max | Q.Rcv.End |
      |----------|--------------------|----------------|---------------|---------------|---------------|---------|----------|-----------|-----------|-----------|
      | 64B      |  1452.940 Kmsg/s |     92.988 MB/s |     0.661 ms |     4.428 ms |     4.992 ms | 20.449 |   58.570 |         0 |         0 |         0 |
      | 256B     |   900.510 Kmsg/s |    230.531 MB/s |     0.255 ms |     0.558 ms |     0.795 ms | 18.957 |   36.398 |         0 |         0 |         0 |
      | 1024B    |   931.392 Kmsg/s |    953.745 MB/s |     0.248 ms |     0.574 ms |     0.800 ms | 19.052 |   30.449 |         0 |         0 |         0 |
      | 65536B   |    84.471 Kmsg/s |   5535.878 MB/s |    87.844 ms |   119.350 ms |   129.036 ms | 16.364 |   49.715 |         0 |         0 |         0 |
      | 131072B  |    46.307 Kmsg/s |   6069.577 MB/s |   158.619 ms |   247.190 ms |   261.088 ms | 16.455 |   65.441 |         0 |         0 |         0 |
      | 262144B  |    25.142 Kmsg/s |   6590.772 MB/s |   283.874 ms |   376.755 ms |   401.373 ms | 16.860 |   56.527 |         0 |         0 |         0 |
    Testing tls: Done
    [transport cooldown 3000ms]
    Testing ws | 64B,256B,1024B,65536B,131072B,262144B:
      | Size     |         Throughput |      Bandwidth |  Lat.Mean(ms) |   Lat.P95(ms) |   Lat.P99(ms) |  S.CPU% | S.Mem MB | Q.Snd.Max | Q.Rcv.Max | Q.Rcv.End |
      |----------|--------------------|----------------|---------------|---------------|---------------|---------|----------|-----------|-----------|-----------|
      | 64B      |  1460.550 Kmsg/s |     93.475 MB/s |     0.149 ms |     0.324 ms |     0.491 ms | 19.838 |   61.227 |         0 |         0 |         0 |
      | 256B     |   904.095 Kmsg/s |    231.448 MB/s |     0.123 ms |     0.218 ms |     0.318 ms | 17.568 |   15.465 |         0 |         0 |         0 |
      | 1024B    |   942.719 Kmsg/s |    965.344 MB/s |     0.131 ms |     0.268 ms |     0.359 ms | 16.697 |   17.781 |         0 |         0 |         0 |
      | 65536B   |   147.942 Kmsg/s |   9695.540 MB/s |    69.922 ms |   193.527 ms |   281.960 ms | 16.742 |   36.945 |         0 |         0 |         0 |
      | 131072B  |    58.104 Kmsg/s |   7615.781 MB/s |   215.542 ms |   481.126 ms |   564.648 ms | 18.821 |   39.273 |         0 |         0 |         0 |
      | 262144B  |    20.407 Kmsg/s |   5349.520 MB/s |   494.829 ms |   844.652 ms |   942.357 ms | 18.266 |   52.809 |         0 |         0 |         0 |
    Testing ws: Done
    [transport cooldown 3000ms]
    Testing wss | 64B,256B,1024B,65536B,131072B,262144B:
      | Size     |         Throughput |      Bandwidth |  Lat.Mean(ms) |   Lat.P95(ms) |   Lat.P99(ms) |  S.CPU% | S.Mem MB | Q.Snd.Max | Q.Rcv.Max | Q.Rcv.End |
      |----------|--------------------|----------------|---------------|---------------|---------------|---------|----------|-----------|-----------|-----------|
      | 64B      |  1491.083 Kmsg/s |     95.429 MB/s |     0.561 ms |     1.850 ms |     3.343 ms | 20.931 |   79.207 |         0 |         0 |         0 |
      | 256B     |   912.868 Kmsg/s |    233.694 MB/s |     0.229 ms |     0.549 ms |     0.815 ms | 19.413 |   33.207 |         0 |         0 |         0 |
      | 1024B    |   980.523 Kmsg/s |   1004.056 MB/s |     0.233 ms |     0.529 ms |     0.734 ms | 19.376 |   35.719 |         0 |         0 |         0 |
      | 65536B   |    60.749 Kmsg/s |   3981.220 MB/s |   121.838 ms |   167.243 ms |   180.589 ms | 16.857 |   43.480 |         0 |         0 |         0 |
      | 131072B  |    30.348 Kmsg/s |   3977.721 MB/s |   259.448 ms |   484.833 ms |   588.142 ms | 17.140 |   62.555 |         0 |         0 |         0 |
      | 262144B  |    16.668 Kmsg/s |   4369.469 MB/s |   465.071 ms |   761.322 ms |   872.867 ms | 17.649 |   80.062 |         0 |         0 |         0 |
    Testing wss: Done
[pattern cooldown 3000ms]

===============================================================================

## PATTERN: MULTI_DEALER_ROUTER (echo)
  > Benchmarking current for MULTI_DEALER_ROUTER...
    Testing tcp | 64B,256B,1024B,65536B,131072B,262144B:
      | Size     |         Throughput |      Bandwidth |  Lat.Mean(ms) |   Lat.P95(ms) |   Lat.P99(ms) |  S.CPU% | S.Mem MB | Q.Snd.Max | Q.Rcv.Max | Q.Rcv.End |
      |----------|--------------------|----------------|---------------|---------------|---------------|---------|----------|-----------|-----------|-----------|
      | 64B      |   836.252 Kops/s |    107.040 MB/s |     0.119 ms |     0.183 ms |     0.228 ms | 17.380 |   16.590 |         0 |         0 |         0 |
      | 256B     |   845.529 Kops/s |    432.911 MB/s |     0.118 ms |     0.180 ms |     0.226 ms | 17.640 |   17.120 |         0 |         0 |         0 |
      | 1024B    |   794.081 Kops/s |   1626.278 MB/s |     0.126 ms |     0.190 ms |     0.234 ms | 17.450 |   17.110 |         0 |         0 |         0 |
      | 65536B   |   156.531 Kops/s |  20516.884 MB/s |     0.639 ms |     1.238 ms |     1.453 ms | 19.040 |   21.260 |         0 |         0 |         0 |
      | 131072B  |    76.434 Kops/s |  20036.610 MB/s |     1.307 ms |     2.646 ms |     2.918 ms | 18.240 |   22.810 |         0 |         0 |         0 |
      | 262144B  |    30.252 Kops/s |  15860.761 MB/s |     3.302 ms |     5.810 ms |     6.885 ms | 17.390 |   38.130 |         0 |         0 |         0 |
    Testing tcp: Done
    [transport cooldown 3000ms]
    Testing tls | 64B,256B,1024B,65536B,131072B,262144B:
      | Size     |         Throughput |      Bandwidth |  Lat.Mean(ms) |   Lat.P95(ms) |   Lat.P99(ms) |  S.CPU% | S.Mem MB | Q.Snd.Max | Q.Rcv.Max | Q.Rcv.End |
      |----------|--------------------|----------------|---------------|---------------|---------------|---------|----------|-----------|-----------|-----------|
      | 64B      |   772.863 Kops/s |     98.926 MB/s |     0.129 ms |     0.214 ms |     0.272 ms | 18.680 |   29.020 |         0 |         0 |         0 |
      | 256B     |   761.264 Kops/s |    389.767 MB/s |     0.131 ms |     0.217 ms |     0.274 ms | 18.830 |   29.570 |         0 |         0 |         0 |
      | 1024B    |   731.747 Kops/s |   1498.618 MB/s |     0.136 ms |     0.228 ms |     0.290 ms | 18.980 |   29.720 |         0 |         0 |         0 |
      | 65536B   |    47.288 Kops/s |   6198.159 MB/s |     2.113 ms |     3.103 ms |     3.461 ms | 18.200 |   40.980 |         0 |         0 |         0 |
      | 131072B  |    24.403 Kops/s |   6397.048 MB/s |     4.077 ms |     5.055 ms |     5.581 ms | 17.970 |   44.290 |         0 |         0 |         0 |
      | 262144B  |    12.176 Kops/s |   6383.731 MB/s |     8.192 ms |     9.647 ms |    10.746 ms | 17.091 |   73.023 |         0 |         0 |         0 |
    Testing tls: Done
    [transport cooldown 3000ms]
    Testing ws | 64B,256B,1024B,65536B,131072B,262144B:
      | Size     |         Throughput |      Bandwidth |  Lat.Mean(ms) |   Lat.P95(ms) |   Lat.P99(ms) |  S.CPU% | S.Mem MB | Q.Snd.Max | Q.Rcv.Max | Q.Rcv.End |
      |----------|--------------------|----------------|---------------|---------------|---------------|---------|----------|-----------|-----------|-----------|
      | 64B      |   813.019 Kops/s |    104.066 MB/s |     0.123 ms |     0.197 ms |     0.255 ms | 18.580 |   19.010 |         0 |         0 |         0 |
      | 256B     |   809.093 Kops/s |    414.256 MB/s |     0.123 ms |     0.200 ms |     0.259 ms | 18.510 |   18.880 |         0 |         0 |         0 |
      | 1024B    |   628.299 Kops/s |   1286.757 MB/s |     0.159 ms |     0.271 ms |     0.343 ms | 18.530 |   18.510 |         0 |         0 |         0 |
      | 65536B   |    88.852 Kops/s |  11645.983 MB/s |     1.125 ms |     2.138 ms |     2.445 ms | 18.210 |   23.780 |         0 |         0 |         0 |
      | 131072B  |    31.494 Kops/s |   8256.016 MB/s |     3.171 ms |     4.688 ms |     5.250 ms | 18.280 |   36.350 |         0 |         0 |         0 |
      | 262144B  |    16.183 Kops/s |   8484.762 MB/s |     6.166 ms |    10.571 ms |    11.477 ms | 17.762 |   66.781 |         0 |         0 |         0 |
    Testing ws: Done
    [transport cooldown 3000ms]
    Testing wss | 64B,256B,1024B,65536B,131072B,262144B:
      | Size     |         Throughput |      Bandwidth |  Lat.Mean(ms) |   Lat.P95(ms) |   Lat.P99(ms) |  S.CPU% | S.Mem MB | Q.Snd.Max | Q.Rcv.Max | Q.Rcv.End |
      |----------|--------------------|----------------|---------------|---------------|---------------|---------|----------|-----------|-----------|-----------|
      | 64B      |   719.704 Kops/s |     92.122 MB/s |     0.139 ms |     0.239 ms |     0.309 ms | 19.320 |   32.480 |         0 |         0 |         0 |
      | 256B     |   679.322 Kops/s |    347.813 MB/s |     0.147 ms |     0.243 ms |     0.312 ms | 19.380 |   31.860 |         0 |         0 |         0 |
      | 1024B    |   601.126 Kops/s |   1231.106 MB/s |     0.166 ms |     0.282 ms |     0.365 ms | 19.420 |   32.200 |         0 |         0 |         0 |
      | 65536B   |    31.629 Kops/s |   4145.676 MB/s |     3.147 ms |     5.461 ms |     5.889 ms | 17.760 |   46.640 |         0 |         0 |         0 |
      | 131072B  |    15.634 Kops/s |   4098.464 MB/s |     6.384 ms |     7.940 ms |     8.443 ms | 17.070 |   53.140 |         0 |         0 |         0 |
      | 262144B  |     8.300 Kops/s |   4351.486 MB/s |    12.009 ms |    16.500 ms |    17.190 ms | 16.303 |   84.363 |         0 |         0 |         0 |
    Testing wss: Done
[pattern cooldown 3000ms]

===============================================================================

## PATTERN: MULTI_ROUTER_ROUTER (echo)
  > Benchmarking current for MULTI_ROUTER_ROUTER...
    Testing tcp | 64B,256B,1024B,65536B,131072B,262144B:
      | Size     |         Throughput |      Bandwidth |  Lat.Mean(ms) |   Lat.P95(ms) |   Lat.P99(ms) |  S.CPU% | S.Mem MB | Q.Snd.Max | Q.Rcv.Max | Q.Rcv.End |
      |----------|--------------------|----------------|---------------|---------------|---------------|---------|----------|-----------|-----------|-----------|
      | 64B      |   785.746 Kops/s |    100.575 MB/s |     0.127 ms |     0.189 ms |     0.234 ms | 16.620 |   16.420 |         0 |         0 |         0 |
      | 256B     |   781.932 Kops/s |    400.349 MB/s |     0.128 ms |     0.193 ms |     0.241 ms | 16.730 |   16.370 |         0 |         0 |         0 |
      | 1024B    |   772.990 Kops/s |   1583.084 MB/s |     0.129 ms |     0.196 ms |     0.244 ms | 17.380 |   16.910 |         0 |         0 |         0 |
      | 65536B   |   150.114 Kops/s |  19675.742 MB/s |     0.666 ms |     1.196 ms |     1.409 ms | 19.300 |   20.770 |         0 |         0 |         0 |
      | 131072B  |    64.746 Kops/s |  16972.828 MB/s |     1.543 ms |     2.886 ms |     3.348 ms | 18.070 |   25.150 |         0 |         0 |         0 |
      | 262144B  |    28.712 Kops/s |  15053.567 MB/s |     3.476 ms |     8.031 ms |     9.631 ms | 17.610 |   32.030 |         0 |         0 |         0 |
    Testing tcp: Done
    [transport cooldown 3000ms]
    Testing tls | 64B,256B,1024B,65536B,131072B,262144B:
      | Size     |         Throughput |      Bandwidth |  Lat.Mean(ms) |   Lat.P95(ms) |   Lat.P99(ms) |  S.CPU% | S.Mem MB | Q.Snd.Max | Q.Rcv.Max | Q.Rcv.End |
      |----------|--------------------|----------------|---------------|---------------|---------------|---------|----------|-----------|-----------|-----------|
      | 64B      |   734.742 Kops/s |     94.047 MB/s |     0.136 ms |     0.215 ms |     0.269 ms | 18.270 |   29.570 |         0 |         0 |         0 |
      | 256B     |   719.672 Kops/s |    368.472 MB/s |     0.139 ms |     0.222 ms |     0.276 ms | 18.300 |   29.910 |         0 |         0 |         0 |
      | 1024B    |   699.273 Kops/s |   1432.112 MB/s |     0.143 ms |     0.234 ms |     0.290 ms | 18.550 |   28.590 |         0 |         0 |         0 |
      | 65536B   |    47.035 Kops/s |   6164.972 MB/s |     2.124 ms |     2.845 ms |     3.213 ms | 18.250 |   42.830 |         0 |         0 |         0 |
      | 131072B  |    24.365 Kops/s |   6387.034 MB/s |     4.098 ms |     5.641 ms |     6.037 ms | 17.750 |   45.900 |         0 |         0 |         0 |
      | 262144B  |    12.545 Kops/s |   6577.298 MB/s |     7.950 ms |    12.188 ms |    12.698 ms | 17.228 |   71.781 |         0 |         0 |         0 |
    Testing tls: Done
    [transport cooldown 3000ms]
    Testing ws | 64B,256B,1024B,65536B,131072B,262144B:
      | Size     |         Throughput |      Bandwidth |  Lat.Mean(ms) |   Lat.P95(ms) |   Lat.P99(ms) |  S.CPU% | S.Mem MB | Q.Snd.Max | Q.Rcv.Max | Q.Rcv.End |
      |----------|--------------------|----------------|---------------|---------------|---------------|---------|----------|-----------|-----------|-----------|
      | 64B      |   739.195 Kops/s |     94.617 MB/s |     0.135 ms |     0.212 ms |     0.271 ms | 17.590 |   19.210 |         0 |         0 |         0 |
      | 256B     |   754.682 Kops/s |    386.397 MB/s |     0.132 ms |     0.206 ms |     0.261 ms | 18.020 |   19.160 |         0 |         0 |         0 |
      | 1024B    |   685.755 Kops/s |   1404.426 MB/s |     0.146 ms |     0.238 ms |     0.307 ms | 18.460 |   19.080 |         0 |         0 |         0 |
      | 65536B   |    96.448 Kops/s |  12641.685 MB/s |     1.036 ms |     2.030 ms |     2.220 ms | 18.300 |   24.290 |         0 |         0 |         0 |
      | 131072B  |    31.752 Kops/s |   8323.491 MB/s |     3.137 ms |     4.119 ms |     4.552 ms | 18.340 |   35.940 |         0 |         0 |         0 |
      | 262144B  |    16.636 Kops/s |   8721.845 MB/s |     5.997 ms |     9.714 ms |    10.575 ms | 17.260 |   47.940 |         0 |         0 |         0 |
    Testing ws: Done
    [transport cooldown 3000ms]
    Testing wss | 64B,256B,1024B,65536B,131072B,262144B:
      | Size     |         Throughput |      Bandwidth |  Lat.Mean(ms) |   Lat.P95(ms) |   Lat.P99(ms) |  S.CPU% | S.Mem MB | Q.Snd.Max | Q.Rcv.Max | Q.Rcv.End |
      |----------|--------------------|----------------|---------------|---------------|---------------|---------|----------|-----------|-----------|-----------|
      | 64B      |   696.979 Kops/s |     89.213 MB/s |     0.143 ms |     0.244 ms |     0.307 ms | 18.920 |   31.210 |         0 |         0 |         0 |
      | 256B     |   682.683 Kops/s |    349.534 MB/s |     0.146 ms |     0.244 ms |     0.311 ms | 19.050 |   31.720 |         0 |         0 |         0 |
      | 1024B    |   609.455 Kops/s |   1248.164 MB/s |     0.164 ms |     0.284 ms |     0.364 ms | 19.240 |   31.220 |         0 |         0 |         0 |
      | 65536B   |    30.181 Kops/s |   3955.832 MB/s |     3.310 ms |     4.365 ms |     4.830 ms | 17.730 |   49.840 |         0 |         0 |         0 |
      | 131072B  |    15.985 Kops/s |   4190.372 MB/s |     6.242 ms |     9.013 ms |     9.487 ms | 17.200 |   52.750 |         0 |         0 |         0 |
      | 262144B  |     8.385 Kops/s |   4396.050 MB/s |    11.887 ms |    13.162 ms |    14.175 ms | 16.330 |   88.602 |         0 |         0 |         0 |
    Testing wss: Done
[pattern cooldown 3000ms]

===============================================================================

## PATTERN: MULTI_PUBSUB (one-way)
  > Benchmarking current for MULTI_PUBSUB...
    Testing tcp | 64B,256B,1024B,65536B,131072B,262144B:
      | Size     |         Throughput |      Bandwidth |  Lat.Mean(ms) |   Lat.P95(ms) |   Lat.P99(ms) |  S.CPU% | S.Mem MB | Q.Snd.Max | Q.Rcv.Max | Q.Rcv.End |
      |----------|--------------------|----------------|---------------|---------------|---------------|---------|----------|-----------|-----------|-----------|
      | 64B      |  4108.236 Kmsg/s |    262.927 MB/s |   899.272 ms |  1322.492 ms |  1387.423 ms | 18.510 |   13.120 |         0 |         0 |         0 |
      | 256B     |  3936.567 Kmsg/s |   1007.761 MB/s |   372.564 ms |   641.733 ms |   817.828 ms | 15.570 |   13.280 |         0 |         0 |         0 |
      | 1024B    |  2959.691 Kmsg/s |   3030.723 MB/s |   438.100 ms |   504.353 ms |   521.416 ms | 12.800 |   13.120 |         0 |         0 |         0 |
      | 65536B   |   196.343 Kmsg/s |  12867.561 MB/s |    40.764 ms |    91.704 ms |    97.621 ms | 10.750 |   19.460 |         0 |         0 |         0 |
      | 131072B  |   103.294 Kmsg/s |  13538.899 MB/s |    61.073 ms |   153.273 ms |   162.709 ms | 11.600 |   25.070 |         0 |         0 |         0 |
      | 262144B  |    42.237 Kmsg/s |  11072.071 MB/s |   133.007 ms |   297.993 ms |   315.532 ms |  9.960 |   38.390 |         0 |         0 |         0 |
    Testing tcp: Done
    [transport cooldown 3000ms]
    Testing tls | 64B,256B,1024B,65536B,131072B,262144B:
      | Size     |         Throughput |      Bandwidth |  Lat.Mean(ms) |   Lat.P95(ms) |   Lat.P99(ms) |  S.CPU% | S.Mem MB | Q.Snd.Max | Q.Rcv.Max | Q.Rcv.End |
      |----------|--------------------|----------------|---------------|---------------|---------------|---------|----------|-----------|-----------|-----------|
      | 64B      |  2488.980 Kmsg/s |    159.295 MB/s |  3053.285 ms |  3969.455 ms |  4084.906 ms | 12.360 |   26.410 |         0 |         0 |         0 |
      | 256B     |  2527.909 Kmsg/s |    647.145 MB/s |  1330.711 ms |  1603.472 ms |  1797.057 ms | 10.040 |   26.560 |         0 |         0 |         0 |
      | 1024B    |  2745.220 Kmsg/s |   2811.105 MB/s |   481.480 ms |   548.166 ms |   566.740 ms |  9.770 |   26.560 |         0 |         0 |         0 |
      | 65536B   |    99.830 Kmsg/s |   6542.433 MB/s |    62.991 ms |   166.483 ms |   179.988 ms | 16.050 |   34.210 |         0 |         0 |         0 |
      | 131072B  |    43.754 Kmsg/s |   5734.977 MB/s |   111.525 ms |   302.888 ms |   317.605 ms | 12.950 |   40.860 |         0 |         0 |         0 |
      | 262144B  |    21.936 Kmsg/s |   5750.286 MB/s |   190.753 ms |   486.621 ms |   517.595 ms | 12.350 |   48.510 |         0 |         0 |         0 |
    Testing tls: Done
    [transport cooldown 3000ms]
    Testing ws | 64B,256B,1024B,65536B,131072B,262144B:
      | Size     |         Throughput |      Bandwidth |  Lat.Mean(ms) |   Lat.P95(ms) |   Lat.P99(ms) |  S.CPU% | S.Mem MB | Q.Snd.Max | Q.Rcv.Max | Q.Rcv.End |
      |----------|--------------------|----------------|---------------|---------------|---------------|---------|----------|-----------|-----------|-----------|
      | 64B      |  2652.413 Kmsg/s |    169.754 MB/s |  3331.198 ms |  4410.150 ms |  4501.827 ms | 12.620 |   13.910 |         0 |         0 |         0 |
      | 256B     |  3456.420 Kmsg/s |    884.844 MB/s |   356.128 ms |   742.615 ms |  1100.018 ms | 10.390 |   14.380 |         0 |         0 |         0 |
      | 1024B    |  2805.145 Kmsg/s |   2872.469 MB/s |    74.459 ms |   206.929 ms |   284.892 ms |  9.180 |   14.690 |         0 |         0 |         0 |
      | 65536B   |   115.115 Kmsg/s |   7544.190 MB/s |    73.850 ms |   163.028 ms |   171.507 ms |  7.480 |   19.450 |         0 |         0 |         0 |
      | 131072B  |    62.416 Kmsg/s |   8181.016 MB/s |    94.757 ms |   229.480 ms |   240.405 ms |  8.590 |   27.080 |         0 |         0 |         0 |
      | 262144B  |    29.599 Kmsg/s |   7759.148 MB/s |   169.123 ms |   425.715 ms |   443.031 ms |  8.150 |   39.870 |         0 |         0 |         0 |
    Testing ws: Done
    [transport cooldown 3000ms]
    Testing wss | 64B,256B,1024B,65536B,131072B,262144B:
      | Size     |         Throughput |      Bandwidth |  Lat.Mean(ms) |   Lat.P95(ms) |   Lat.P99(ms) |  S.CPU% | S.Mem MB | Q.Snd.Max | Q.Rcv.Max | Q.Rcv.End |
      |----------|--------------------|----------------|---------------|---------------|---------------|---------|----------|-----------|-----------|-----------|
      | 64B      |  3296.161 Kmsg/s |    210.954 MB/s |  2361.490 ms |  2989.648 ms |  3050.390 ms | 14.040 |   28.120 |         0 |         0 |         0 |
      | 256B     |  3345.960 Kmsg/s |    856.566 MB/s |   848.589 ms |   958.392 ms |   975.840 ms | 10.370 |   28.440 |         0 |         0 |         0 |
      | 1024B    |  2551.255 Kmsg/s |   2612.485 MB/s |   529.659 ms |   641.809 ms |   663.005 ms | 14.140 |   28.280 |         0 |         0 |         0 |
      | 65536B   |    62.262 Kmsg/s |   4080.389 MB/s |   102.205 ms |   278.815 ms |   295.620 ms | 13.550 |   35.940 |         0 |         0 |         0 |
      | 131072B  |    34.269 Kmsg/s |   4491.733 MB/s |   161.199 ms |   451.625 ms |   487.851 ms | 12.660 |   42.680 |         0 |         0 |         0 |
      | 262144B  |    14.612 Kmsg/s |   3830.553 MB/s |   333.031 ms |   851.660 ms |   905.399 ms |  9.880 |   56.060 |         0 |         0 |         0 |
    Testing wss: Done
[pattern cooldown 3000ms]

===============================================================================

## PATTERN: MULTI_GATEWAY (echo)
  > Benchmarking current for MULTI_GATEWAY...
    Testing tcp | 64B,256B,1024B,65536B,131072B,262144B:
      | Size     |         Throughput |      Bandwidth |  Lat.Mean(ms) |   Lat.P95(ms) |   Lat.P99(ms) |  S.CPU% | S.Mem MB | Q.Snd.Max | Q.Rcv.Max | Q.Rcv.End |
      |----------|--------------------|----------------|---------------|---------------|---------------|---------|----------|-----------|-----------|-----------|
      | 64B      |   683.607 Kops/s |     87.502 MB/s |     0.146 ms |     0.217 ms |     0.293 ms | 13.526 |   18.078 |         0 |         0 |         0 |
      | 256B     |   689.278 Kops/s |    352.911 MB/s |     0.145 ms |     0.214 ms |     0.274 ms | 13.613 |   18.066 |         0 |         0 |         0 |
      | 1024B    |   664.712 Kops/s |   1361.330 MB/s |     0.150 ms |     0.221 ms |     0.285 ms | 13.780 |   18.254 |         0 |         0 |         0 |
      | 65536B   |    87.152 Kops/s |  11423.239 MB/s |     1.147 ms |     1.388 ms |     1.528 ms | 12.303 |   21.793 |         0 |         0 |         0 |
      | 131072B  |    42.985 Kops/s |  11268.155 MB/s |     2.325 ms |     2.528 ms |     2.715 ms | 10.188 |   25.070 |         0 |         0 |         0 |
      | 262144B  |    21.514 Kops/s |  11279.322 MB/s |     4.624 ms |     5.127 ms |     5.545 ms | 11.641 |   39.348 |         0 |         0 |         0 |
    Testing tcp: Done
    [transport cooldown 3000ms]
    Testing tls | 64B,256B,1024B,65536B,131072B,262144B:
      | Size     |         Throughput |      Bandwidth |  Lat.Mean(ms) |   Lat.P95(ms) |   Lat.P99(ms) |  S.CPU% | S.Mem MB | Q.Snd.Max | Q.Rcv.Max | Q.Rcv.End |
      |----------|--------------------|----------------|---------------|---------------|---------------|---------|----------|-----------|-----------|-----------|
      | 64B      |   492.365 Kops/s |     63.023 MB/s |     0.203 ms |     0.300 ms |     0.369 ms | 14.074 |   30.266 |         0 |         0 |         0 |
      | 256B     |   473.256 Kops/s |    242.307 MB/s |     0.211 ms |     0.301 ms |     0.361 ms | 14.161 |   31.008 |         0 |         0 |         0 |
      | 1024B    |   422.193 Kops/s |    864.652 MB/s |     0.236 ms |     0.330 ms |     0.393 ms | 13.944 |   30.410 |         0 |         0 |         0 |
      | 65536B   |    23.483 Kops/s |   3077.911 MB/s |     4.238 ms |     4.543 ms |     4.779 ms |  9.709 |   37.566 |         0 |         0 |         0 |
      | 131072B  |    12.117 Kops/s |   3176.346 MB/s |     8.233 ms |     8.706 ms |     9.216 ms |  9.622 |   41.152 |         0 |         0 |         0 |
      | 262144B  |     6.305 Kops/s |   3305.846 MB/s |    15.782 ms |    16.666 ms |    17.210 ms |  9.588 |   60.141 |         0 |         0 |         0 |
    Testing tls: Done
    [transport cooldown 3000ms]
    Testing ws | 64B,256B,1024B,65536B,131072B,262144B:
      | Size     |         Throughput |      Bandwidth |  Lat.Mean(ms) |   Lat.P95(ms) |   Lat.P99(ms) |  S.CPU% | S.Mem MB | Q.Snd.Max | Q.Rcv.Max | Q.Rcv.End |
      |----------|--------------------|----------------|---------------|---------------|---------------|---------|----------|-----------|-----------|-----------|
      | 64B      |   591.554 Kops/s |     75.719 MB/s |     0.169 ms |     0.256 ms |     0.319 ms | 14.249 |   20.273 |         0 |         0 |         0 |
      | 256B     |   562.655 Kops/s |    288.079 MB/s |     0.177 ms |     0.271 ms |     0.340 ms | 14.265 |   20.484 |         0 |         0 |         0 |
      | 1024B    |   411.315 Kops/s |    842.373 MB/s |     0.242 ms |     0.353 ms |     0.420 ms | 14.078 |   20.559 |         0 |         0 |         0 |
      | 65536B   |    47.722 Kops/s |   6254.992 MB/s |     2.094 ms |     2.293 ms |     2.421 ms |  9.547 |   29.461 |         0 |         0 |         0 |
      | 131072B  |    18.647 Kops/s |   4888.199 MB/s |     5.333 ms |     6.745 ms |     7.089 ms |  8.196 |   35.953 |         0 |         0 |         0 |
      | 262144B  |    10.426 Kops/s |   5466.332 MB/s |     9.567 ms |    12.213 ms |    12.887 ms |  8.460 |   65.488 |         0 |         0 |         0 |
    Testing ws: Done
    [transport cooldown 3000ms]
    Testing wss | 64B,256B,1024B,65536B,131072B,262144B:
      | Size     |         Throughput |      Bandwidth |  Lat.Mean(ms) |   Lat.P95(ms) |   Lat.P99(ms) |  S.CPU% | S.Mem MB | Q.Snd.Max | Q.Rcv.Max | Q.Rcv.End |
      |----------|--------------------|----------------|---------------|---------------|---------------|---------|----------|-----------|-----------|-----------|
      | 64B      |   388.309 Kops/s |     49.704 MB/s |     0.256 ms |     0.356 ms |     0.416 ms | 14.043 |   33.277 |         0 |         0 |         0 |
      | 256B     |   373.464 Kops/s |    191.214 MB/s |     0.267 ms |     0.377 ms |     0.449 ms | 13.975 |   33.219 |         0 |         0 |         0 |
      | 1024B    |   319.569 Kops/s |    654.478 MB/s |     0.312 ms |     0.447 ms |     0.529 ms | 13.468 |   33.090 |         0 |         0 |         0 |
      | 65536B   |    15.842 Kops/s |   2076.390 MB/s |     6.301 ms |     6.579 ms |     6.894 ms |  9.301 |   44.023 |         0 |         0 |         0 |
      | 131072B  |     8.652 Kops/s |   2267.965 MB/s |    11.519 ms |    12.026 ms |    12.364 ms |  9.217 |   57.984 |         0 |         0 |         0 |
      | 262144B  |     4.455 Kops/s |   2335.808 MB/s |    22.312 ms |    23.540 ms |    25.242 ms |  8.820 |   78.004 |         0 |         0 |         0 |
    Testing wss: Done
[pattern cooldown 3000ms]

===============================================================================

## PATTERN: MULTI_SPOT (one-way)
  > Benchmarking current for MULTI_SPOT...
    Testing tcp | 64B,256B,1024B,65536B,131072B,262144B:
      | Size     |         Throughput |      Bandwidth |  Lat.Mean(ms) |   Lat.P95(ms) |   Lat.P99(ms) |  S.CPU% | S.Mem MB | Q.Snd.Max | Q.Rcv.Max | Q.Rcv.End |
      |----------|--------------------|----------------|---------------|---------------|---------------|---------|----------|-----------|-----------|-----------|
      | 64B      |  3858.089 Kmsg/s |    246.918 MB/s |  1283.375 ms |  1825.732 ms |  1874.639 ms | 14.423 |   20.469 |         0 |         0 |         0 |
      | 256B     |  2173.953 Kmsg/s |    556.532 MB/s |  1047.080 ms |  2048.458 ms |  2291.946 ms | 11.490 |   22.500 |         0 |         0 |         0 |
      | 1024B    |  1020.593 Kmsg/s |   1045.087 MB/s |   314.619 ms |   703.919 ms |  1429.290 ms |  8.752 |   31.500 |         0 |         0 |         0 |
      | 65536B   |    54.421 Kmsg/s |   3566.535 MB/s |   366.451 ms |   533.558 ms |   598.193 ms | 10.407 |  269.359 |         0 |         0 |         0 |
      | 131072B  |    31.494 Kmsg/s |   4127.955 MB/s |   438.917 ms |   560.095 ms |   608.750 ms | 11.080 |  348.762 |         0 |         0 |         0 |
      | 262144B  |    14.784 Kmsg/s |   3875.537 MB/s |   670.850 ms |   836.076 ms |   871.829 ms | 11.567 |  166.500 |         0 |         0 |         0 |
    Testing tcp: Done
    [transport cooldown 3000ms]
    Testing tls | 64B,256B,1024B,65536B,131072B,262144B:
      | Size     |         Throughput |      Bandwidth |  Lat.Mean(ms) |   Lat.P95(ms) |   Lat.P99(ms) |  S.CPU% | S.Mem MB | Q.Snd.Max | Q.Rcv.Max | Q.Rcv.End |
      |----------|--------------------|----------------|---------------|---------------|---------------|---------|----------|-----------|-----------|-----------|
      | 64B      |  1108.791 Kmsg/s |     70.963 MB/s |  2341.591 ms |  4205.017 ms |  4473.050 ms | 10.270 |   43.766 |         0 |         0 |         0 |
      | 256B     |  1069.302 Kmsg/s |    273.741 MB/s |  1518.820 ms |  2999.054 ms |  3965.193 ms |  9.267 |   45.465 |         0 |         0 |         0 |
      | 1024B    |   926.279 Kmsg/s |    948.509 MB/s |   798.348 ms |  2703.382 ms |  2930.754 ms | 10.930 |   54.880 |         0 |         0 |         0 |
      | 65536B   |    35.952 Kmsg/s |   2356.137 MB/s |   447.941 ms |  1198.344 ms |  1496.863 ms | 10.820 |  263.560 |         0 |         0 |         0 |
      | 131072B  |    11.285 Kmsg/s |   1479.200 MB/s |  1154.228 ms |  1553.106 ms |  1687.121 ms |  8.234 |  251.445 |         0 |         0 |         0 |
      | 262144B  |     7.997 Kmsg/s |   2096.313 MB/s |   814.395 ms |  1712.158 ms |  2028.132 ms | 11.183 |  189.180 |         0 |         0 |         0 |
    Testing tls: Done
    [transport cooldown 3000ms]
    Testing ws | 64B,256B,1024B,65536B,131072B,262144B:
      | Size     |         Throughput |      Bandwidth |  Lat.Mean(ms) |   Lat.P95(ms) |   Lat.P99(ms) |  S.CPU% | S.Mem MB | Q.Snd.Max | Q.Rcv.Max | Q.Rcv.End |
      |----------|--------------------|----------------|---------------|---------------|---------------|---------|----------|-----------|-----------|-----------|
      | 64B      |   489.108 Kmsg/s |     31.303 MB/s |  3784.451 ms |  4762.839 ms |  5095.810 ms |  7.893 |   22.152 |         0 |         0 |         0 |
      | 256B     |   742.708 Kmsg/s |    190.133 MB/s |  1637.233 ms |  3173.028 ms |  3859.323 ms |  9.022 |   24.062 |         0 |         0 |         0 |
      | 1024B    |   680.278 Kmsg/s |    696.605 MB/s |   461.187 ms |  1307.760 ms |  2287.184 ms |  8.453 |   32.859 |         0 |         0 |         0 |
      | 65536B   |    38.694 Kmsg/s |   2535.824 MB/s |   374.074 ms |   685.961 ms |   757.861 ms |  9.302 |  258.496 |         0 |         0 |         0 |
      | 131072B  |    20.753 Kmsg/s |   2720.137 MB/s |   538.272 ms |   815.259 ms |   934.103 ms |  9.348 |  274.832 |         0 |         0 |         0 |
      | 262144B  |    11.282 Kmsg/s |   2957.456 MB/s |   823.483 ms |  1093.616 ms |  1175.294 ms |  9.679 |  154.820 |         0 |         0 |         0 |
    Testing ws: Done
    [transport cooldown 3000ms]
    Testing wss | 64B,256B,1024B,65536B,131072B,262144B:
      | Size     |         Throughput |      Bandwidth |  Lat.Mean(ms) |   Lat.P95(ms) |   Lat.P99(ms) |  S.CPU% | S.Mem MB | Q.Snd.Max | Q.Rcv.Max | Q.Rcv.End |
      |----------|--------------------|----------------|---------------|---------------|---------------|---------|----------|-----------|-----------|-----------|
      | 64B      |  1010.383 Kmsg/s |     64.664 MB/s |   840.365 ms |  3757.260 ms |  3930.761 ms |  7.791 |   46.797 |         0 |         0 |         0 |
      | 256B     |   618.472 Kmsg/s |    158.329 MB/s |  1157.770 ms |  3890.807 ms |  4070.447 ms |  7.890 |   48.910 |         0 |         0 |         0 |
      | 1024B    |   583.922 Kmsg/s |    597.936 MB/s |   852.241 ms |  3379.299 ms |  3660.350 ms |  8.270 |   58.600 |         0 |         0 |         0 |
      | 65536B   |    48.435 Kmsg/s |   3174.210 MB/s |   358.287 ms |  1581.466 ms |  1992.089 ms | 10.269 |  254.223 |         0 |         0 |         0 |
      | 131072B  |    12.887 Kmsg/s |   1689.099 MB/s |   723.053 ms |  2462.355 ms |  2659.763 ms |  7.826 |  226.473 |         0 |         0 |         0 |
      | 262144B  |     3.852 Kmsg/s |   1009.674 MB/s |  2223.540 ms |  2749.804 ms |  2838.869 ms |  5.617 |  185.004 |         0 |         0 |         0 |
    Testing wss: Done
[pattern cooldown 3000ms]

===============================================================================

## PATTERN: MULTI_STREAM (echo)
  > Benchmarking current for MULTI_STREAM...
    Testing tcp | 64B,256B,1024B,65536B:
      | Size     |         Throughput |      Bandwidth |  Lat.Mean(ms) |   Lat.P95(ms) |   Lat.P99(ms) |  S.CPU% | S.Mem MB | Q.Snd.Max | Q.Rcv.Max | Q.Rcv.End |
      |----------|--------------------|----------------|---------------|---------------|---------------|---------|----------|-----------|-----------|-----------|
      | 64B      |   374.716 Kops/s |     47.964 MB/s |    26.760 ms |    28.171 ms |    34.478 ms | 14.486 |  720.551 |         0 |         0 |         0 |
      | 256B     |   339.187 Kops/s |    173.664 MB/s |    27.979 ms |    28.937 ms |    29.733 ms | 15.106 |  606.043 |         0 |         0 |         0 |
      | 1024B    |   350.746 Kops/s |    718.327 MB/s |    28.476 ms |    28.958 ms |    29.191 ms | 14.230 |  613.930 |         0 |         0 |         0 |
      | 65536B   |    66.725 Kops/s |   8745.779 MB/s |   147.176 ms |   160.076 ms |   187.874 ms | 17.376 | 1796.258 |         0 |         0 |         0 |
    Testing tcp: Done
    [transport cooldown 3000ms]
    Testing tls | 64B,256B,1024B,65536B:
      | Size     |         Throughput |      Bandwidth |  Lat.Mean(ms) |   Lat.P95(ms) |   Lat.P99(ms) |  S.CPU% | S.Mem MB | Q.Snd.Max | Q.Rcv.Max | Q.Rcv.End |
      |----------|--------------------|----------------|---------------|---------------|---------------|---------|----------|-----------|-----------|-----------|
      | 64B      |   257.387 Kops/s |     32.945 MB/s |    39.092 ms |    41.363 ms |    44.521 ms | 12.844 | 1517.414 |         0 |         0 |         0 |
      | 256B     |   245.316 Kops/s |    125.602 MB/s |    40.744 ms |    45.458 ms |    49.859 ms | 12.945 | 1513.766 |         0 |         0 |         0 |
      | 1024B    |   205.428 Kops/s |    420.717 MB/s |    48.353 ms |    55.308 ms |    58.258 ms | 13.869 | 1513.652 |         0 |         0 |         0 |
      | 65536B   |    20.403 Kops/s |   2674.236 MB/s |   464.360 ms |   536.865 ms |   750.888 ms | 13.816 | 2271.008 |         0 |         0 |         0 |
    Testing tls: Done
    [transport cooldown 3000ms]
    Testing ws | 64B,256B,1024B,65536B:
      | Size     |         Throughput |      Bandwidth |  Lat.Mean(ms) |   Lat.P95(ms) |   Lat.P99(ms) |  S.CPU% | S.Mem MB | Q.Snd.Max | Q.Rcv.Max | Q.Rcv.End |
      |----------|--------------------|----------------|---------------|---------------|---------------|---------|----------|-----------|-----------|-----------|
      | 64B      |   343.352 Kops/s |     43.949 MB/s |    29.081 ms |    30.292 ms |    31.343 ms | 16.761 |  657.910 |         0 |         0 |         0 |
      | 256B     |   353.566 Kops/s |    181.026 MB/s |    28.394 ms |    29.419 ms |    29.850 ms | 16.519 |  666.730 |         0 |         0 |         0 |
      | 1024B    |   321.134 Kops/s |    657.683 MB/s |    31.516 ms |    33.815 ms |    36.041 ms | 16.503 |  673.605 |         0 |         0 |         0 |
      | 65536B   |    15.672 Kops/s |   2054.160 MB/s |   600.681 ms |   781.600 ms |   988.884 ms | 15.798 | 3926.109 |         0 |         0 |         0 |
    Testing ws: Done
    [transport cooldown 3000ms]
    Testing wss | 64B,256B,1024B,65536B:
      | Size     |         Throughput |      Bandwidth |  Lat.Mean(ms) |   Lat.P95(ms) |   Lat.P99(ms) |  S.CPU% | S.Mem MB | Q.Snd.Max | Q.Rcv.Max | Q.Rcv.End |
      |----------|--------------------|----------------|---------------|---------------|---------------|---------|----------|-----------|-----------|-----------|
      | 64B      |   220.674 Kops/s |     28.246 MB/s |    45.140 ms |    49.733 ms |    52.961 ms | 14.072 | 1551.840 |         0 |         0 |         0 |
      | 256B     |   199.127 Kops/s |    101.953 MB/s |    49.750 ms |    58.531 ms |    68.534 ms | 14.053 | 1544.590 |         0 |         0 |         0 |
      | 1024B    |   184.936 Kops/s |    378.749 MB/s |    53.677 ms |    59.397 ms |    61.509 ms | 13.959 | 1545.883 |         0 |         0 |         0 |
      | 65536B   |     8.621 Kops/s |   1129.972 MB/s |   973.814 ms |  1452.077 ms |  1587.964 ms | 12.638 | 4334.887 |         0 |         0 |         0 |
    Testing wss: Done

## Effective Options (result)
- runs: 1
- recv_mode: recv
- patterns: MULTI_DEALER_DEALER,MULTI_DEALER_ROUTER,MULTI_ROUTER_ROUTER,MULTI_PUBSUB,MULTI_GATEWAY,MULTI_SPOT,MULTI_STREAM
- transports: tcp,tls,ws,wss
- msg_sizes: 64,256,1024,65536,131072,262144
- warmup_seconds: 2
- active_warmup: 0
- duration_seconds: 5
- clients: 100
- default_clients: 100
- default_stream_clients: 10000
- service_clients: auto
- server_io_threads: 4 (default)
- client_io_threads: 4 (default)
- hwm: mixed-default(10,100)
- sndhwm: mixed-default(10,100)
- rcvhwm: mixed-default(10,100)
- sndbuf: default(os)
- rcvbuf: default(os)
- sndtimeo_ms: 200
- rcvtimeo_ms: 200
- connect_concurrency: 128 (default)
- settle_ms: 500
- connect_ready_timeout_ms: 5000
- monitor_hwm: 1000
- server_ready_timeout_ms: 10000
- server_shutdown_timeout_ms: 5000
- server_bind_port: 0
- transport_transition_ms: 3000
- pattern_transition_ms: 3000
- lat_timeout_ms: 5000
- stream_non_tcp_clients_max: 10000
- disable_resource_metrics: 0
- timeout_seconds: auto

## Result Data
RESULT,current,MULTI_DEALER_DEALER,tcp,64,bandwidth,86.344
RESULT,current,MULTI_DEALER_DEALER,tcp,64,latency,96.261
RESULT,current,MULTI_DEALER_DEALER,tcp,64,latency_p95,173.000
RESULT,current,MULTI_DEALER_DEALER,tcp,64,latency_p99,252.000
RESULT,current,MULTI_DEALER_DEALER,tcp,64,server_cpu_pct,19.570
RESULT,current,MULTI_DEALER_DEALER,tcp,64,server_mem_mb,53.280
RESULT,current,MULTI_DEALER_DEALER,tcp,64,server_rcv_pending_end,0.000
RESULT,current,MULTI_DEALER_DEALER,tcp,64,server_rcv_pending_max,0.000
RESULT,current,MULTI_DEALER_DEALER,tcp,64,server_snd_pending_max,0.000
RESULT,current,MULTI_DEALER_DEALER,tcp,64,throughput,1349121.800
RESULT,current,MULTI_DEALER_DEALER,tcp,256,bandwidth,225.719
RESULT,current,MULTI_DEALER_DEALER,tcp,256,latency,93.137
RESULT,current,MULTI_DEALER_DEALER,tcp,256,latency_p95,181.000
RESULT,current,MULTI_DEALER_DEALER,tcp,256,latency_p99,266.010
RESULT,current,MULTI_DEALER_DEALER,tcp,256,server_cpu_pct,16.610
RESULT,current,MULTI_DEALER_DEALER,tcp,256,server_mem_mb,41.430
RESULT,current,MULTI_DEALER_DEALER,tcp,256,server_rcv_pending_end,0.000
RESULT,current,MULTI_DEALER_DEALER,tcp,256,server_rcv_pending_max,0.000
RESULT,current,MULTI_DEALER_DEALER,tcp,256,server_snd_pending_max,0.000
RESULT,current,MULTI_DEALER_DEALER,tcp,256,throughput,881714.400
RESULT,current,MULTI_DEALER_DEALER,tcp,1024,bandwidth,874.540
RESULT,current,MULTI_DEALER_DEALER,tcp,1024,latency,90.228
RESULT,current,MULTI_DEALER_DEALER,tcp,1024,latency_p95,173.000
RESULT,current,MULTI_DEALER_DEALER,tcp,1024,latency_p99,236.000
RESULT,current,MULTI_DEALER_DEALER,tcp,1024,server_cpu_pct,16.780
RESULT,current,MULTI_DEALER_DEALER,tcp,1024,server_mem_mb,35.470
RESULT,current,MULTI_DEALER_DEALER,tcp,1024,server_rcv_pending_end,0.000
RESULT,current,MULTI_DEALER_DEALER,tcp,1024,server_rcv_pending_max,0.000
RESULT,current,MULTI_DEALER_DEALER,tcp,1024,server_snd_pending_max,0.000
RESULT,current,MULTI_DEALER_DEALER,tcp,1024,throughput,854043.200
RESULT,current,MULTI_DEALER_DEALER,tcp,65536,bandwidth,10700.967
RESULT,current,MULTI_DEALER_DEALER,tcp,65536,latency,44878.456
RESULT,current,MULTI_DEALER_DEALER,tcp,65536,latency_p95,82012.000
RESULT,current,MULTI_DEALER_DEALER,tcp,65536,latency_p99,89336.000
RESULT,current,MULTI_DEALER_DEALER,tcp,65536,server_cpu_pct,14.180
RESULT,current,MULTI_DEALER_DEALER,tcp,65536,server_mem_mb,52.270
RESULT,current,MULTI_DEALER_DEALER,tcp,65536,server_rcv_pending_end,0.000
RESULT,current,MULTI_DEALER_DEALER,tcp,65536,server_rcv_pending_max,0.000
RESULT,current,MULTI_DEALER_DEALER,tcp,65536,server_snd_pending_max,0.000
RESULT,current,MULTI_DEALER_DEALER,tcp,65536,throughput,163283.800
RESULT,current,MULTI_DEALER_DEALER,tcp,131072,bandwidth,10789.532
RESULT,current,MULTI_DEALER_DEALER,tcp,131072,latency,89548.032
RESULT,current,MULTI_DEALER_DEALER,tcp,131072,latency_p95,155490.000
RESULT,current,MULTI_DEALER_DEALER,tcp,131072,latency_p99,162626.010
RESULT,current,MULTI_DEALER_DEALER,tcp,131072,server_cpu_pct,13.570
RESULT,current,MULTI_DEALER_DEALER,tcp,131072,server_mem_mb,87.520
RESULT,current,MULTI_DEALER_DEALER,tcp,131072,server_rcv_pending_end,0.000
RESULT,current,MULTI_DEALER_DEALER,tcp,131072,server_rcv_pending_max,0.000
RESULT,current,MULTI_DEALER_DEALER,tcp,131072,server_snd_pending_max,0.000
RESULT,current,MULTI_DEALER_DEALER,tcp,131072,throughput,82317.600
RESULT,current,MULTI_DEALER_DEALER,tcp,262144,bandwidth,10571.062
RESULT,current,MULTI_DEALER_DEALER,tcp,262144,latency,180347.047
RESULT,current,MULTI_DEALER_DEALER,tcp,262144,latency_p95,316778.100
RESULT,current,MULTI_DEALER_DEALER,tcp,262144,latency_p99,331663.010
RESULT,current,MULTI_DEALER_DEALER,tcp,262144,server_cpu_pct,11.120
RESULT,current,MULTI_DEALER_DEALER,tcp,262144,server_mem_mb,82.620
RESULT,current,MULTI_DEALER_DEALER,tcp,262144,server_rcv_pending_end,0.000
RESULT,current,MULTI_DEALER_DEALER,tcp,262144,server_rcv_pending_max,0.000
RESULT,current,MULTI_DEALER_DEALER,tcp,262144,server_snd_pending_max,0.000
RESULT,current,MULTI_DEALER_DEALER,tcp,262144,throughput,40325.400
RESULT,current,MULTI_DEALER_DEALER,tls,64,bandwidth,92.988
RESULT,current,MULTI_DEALER_DEALER,tls,64,latency,660.656
RESULT,current,MULTI_DEALER_DEALER,tls,64,latency_p95,4428.000
RESULT,current,MULTI_DEALER_DEALER,tls,64,latency_p99,4992.000
RESULT,current,MULTI_DEALER_DEALER,tls,64,server_cpu_pct,20.840
RESULT,current,MULTI_DEALER_DEALER,tls,64,server_mem_mb,57.040
RESULT,current,MULTI_DEALER_DEALER,tls,64,server_rcv_pending_end,0.000
RESULT,current,MULTI_DEALER_DEALER,tls,64,server_rcv_pending_max,0.000
RESULT,current,MULTI_DEALER_DEALER,tls,64,server_snd_pending_max,0.000
RESULT,current,MULTI_DEALER_DEALER,tls,64,throughput,1452940.000
RESULT,current,MULTI_DEALER_DEALER,tls,256,bandwidth,230.531
RESULT,current,MULTI_DEALER_DEALER,tls,256,latency,254.571
RESULT,current,MULTI_DEALER_DEALER,tls,256,latency_p95,558.000
RESULT,current,MULTI_DEALER_DEALER,tls,256,latency_p99,795.000
RESULT,current,MULTI_DEALER_DEALER,tls,256,server_cpu_pct,19.340
RESULT,current,MULTI_DEALER_DEALER,tls,256,server_mem_mb,34.720
RESULT,current,MULTI_DEALER_DEALER,tls,256,server_rcv_pending_end,0.000
RESULT,current,MULTI_DEALER_DEALER,tls,256,server_rcv_pending_max,0.000
RESULT,current,MULTI_DEALER_DEALER,tls,256,server_snd_pending_max,0.000
RESULT,current,MULTI_DEALER_DEALER,tls,256,throughput,900510.400
RESULT,current,MULTI_DEALER_DEALER,tls,1024,bandwidth,953.745
RESULT,current,MULTI_DEALER_DEALER,tls,1024,latency,248.360
RESULT,current,MULTI_DEALER_DEALER,tls,1024,latency_p95,574.000
RESULT,current,MULTI_DEALER_DEALER,tls,1024,latency_p99,800.000
RESULT,current,MULTI_DEALER_DEALER,tls,1024,server_cpu_pct,19.540
RESULT,current,MULTI_DEALER_DEALER,tls,1024,server_mem_mb,29.570
RESULT,current,MULTI_DEALER_DEALER,tls,1024,server_rcv_pending_end,0.000
RESULT,current,MULTI_DEALER_DEALER,tls,1024,server_rcv_pending_max,0.000
RESULT,current,MULTI_DEALER_DEALER,tls,1024,server_snd_pending_max,0.000
RESULT,current,MULTI_DEALER_DEALER,tls,1024,throughput,931392.000
RESULT,current,MULTI_DEALER_DEALER,tls,65536,bandwidth,5535.878
RESULT,current,MULTI_DEALER_DEALER,tls,65536,latency,87844.058
RESULT,current,MULTI_DEALER_DEALER,tls,65536,latency_p95,119350.000
RESULT,current,MULTI_DEALER_DEALER,tls,65536,latency_p99,129036.030
RESULT,current,MULTI_DEALER_DEALER,tls,65536,server_cpu_pct,16.730
RESULT,current,MULTI_DEALER_DEALER,tls,65536,server_mem_mb,60.310
RESULT,current,MULTI_DEALER_DEALER,tls,65536,server_rcv_pending_end,0.000
RESULT,current,MULTI_DEALER_DEALER,tls,65536,server_rcv_pending_max,0.000
RESULT,current,MULTI_DEALER_DEALER,tls,65536,server_snd_pending_max,0.000
RESULT,current,MULTI_DEALER_DEALER,tls,65536,throughput,84470.800
RESULT,current,MULTI_DEALER_DEALER,tls,131072,bandwidth,6069.577
RESULT,current,MULTI_DEALER_DEALER,tls,131072,latency,158618.746
RESULT,current,MULTI_DEALER_DEALER,tls,131072,latency_p95,247190.050
RESULT,current,MULTI_DEALER_DEALER,tls,131072,latency_p99,261088.020
RESULT,current,MULTI_DEALER_DEALER,tls,131072,server_cpu_pct,16.790
RESULT,current,MULTI_DEALER_DEALER,tls,131072,server_mem_mb,64.230
RESULT,current,MULTI_DEALER_DEALER,tls,131072,server_rcv_pending_end,0.000
RESULT,current,MULTI_DEALER_DEALER,tls,131072,server_rcv_pending_max,0.000
RESULT,current,MULTI_DEALER_DEALER,tls,131072,server_snd_pending_max,0.000
RESULT,current,MULTI_DEALER_DEALER,tls,131072,throughput,46307.200
RESULT,current,MULTI_DEALER_DEALER,tls,262144,bandwidth,6590.772
RESULT,current,MULTI_DEALER_DEALER,tls,262144,latency,283873.678
RESULT,current,MULTI_DEALER_DEALER,tls,262144,latency_p95,376754.700
RESULT,current,MULTI_DEALER_DEALER,tls,262144,latency_p99,401373.080
RESULT,current,MULTI_DEALER_DEALER,tls,262144,server_cpu_pct,17.190
RESULT,current,MULTI_DEALER_DEALER,tls,262144,server_mem_mb,56.130
RESULT,current,MULTI_DEALER_DEALER,tls,262144,server_rcv_pending_end,0.000
RESULT,current,MULTI_DEALER_DEALER,tls,262144,server_rcv_pending_max,0.000
RESULT,current,MULTI_DEALER_DEALER,tls,262144,server_snd_pending_max,0.000
RESULT,current,MULTI_DEALER_DEALER,tls,262144,throughput,25141.800
RESULT,current,MULTI_DEALER_DEALER,ws,64,bandwidth,93.475
RESULT,current,MULTI_DEALER_DEALER,ws,64,latency,148.811
RESULT,current,MULTI_DEALER_DEALER,ws,64,latency_p95,324.000
RESULT,current,MULTI_DEALER_DEALER,ws,64,latency_p99,491.000
RESULT,current,MULTI_DEALER_DEALER,ws,64,server_cpu_pct,19.510
RESULT,current,MULTI_DEALER_DEALER,ws,64,server_mem_mb,59.700
RESULT,current,MULTI_DEALER_DEALER,ws,64,server_rcv_pending_end,0.000
RESULT,current,MULTI_DEALER_DEALER,ws,64,server_rcv_pending_max,0.000
RESULT,current,MULTI_DEALER_DEALER,ws,64,server_snd_pending_max,0.000
RESULT,current,MULTI_DEALER_DEALER,ws,64,throughput,1460550.200
RESULT,current,MULTI_DEALER_DEALER,ws,256,bandwidth,231.448
RESULT,current,MULTI_DEALER_DEALER,ws,256,latency,123.050
RESULT,current,MULTI_DEALER_DEALER,ws,256,latency_p95,218.000
RESULT,current,MULTI_DEALER_DEALER,ws,256,latency_p99,318.010
RESULT,current,MULTI_DEALER_DEALER,ws,256,server_cpu_pct,17.410
RESULT,current,MULTI_DEALER_DEALER,ws,256,server_mem_mb,13.940
RESULT,current,MULTI_DEALER_DEALER,ws,256,server_rcv_pending_end,0.000
RESULT,current,MULTI_DEALER_DEALER,ws,256,server_rcv_pending_max,0.000
RESULT,current,MULTI_DEALER_DEALER,ws,256,server_snd_pending_max,0.000
RESULT,current,MULTI_DEALER_DEALER,ws,256,throughput,904095.000
RESULT,current,MULTI_DEALER_DEALER,ws,1024,bandwidth,965.344
RESULT,current,MULTI_DEALER_DEALER,ws,1024,latency,130.955
RESULT,current,MULTI_DEALER_DEALER,ws,1024,latency_p95,268.000
RESULT,current,MULTI_DEALER_DEALER,ws,1024,latency_p99,359.000
RESULT,current,MULTI_DEALER_DEALER,ws,1024,server_cpu_pct,16.890
RESULT,current,MULTI_DEALER_DEALER,ws,1024,server_mem_mb,27.030
RESULT,current,MULTI_DEALER_DEALER,ws,1024,server_rcv_pending_end,0.000
RESULT,current,MULTI_DEALER_DEALER,ws,1024,server_rcv_pending_max,0.000
RESULT,current,MULTI_DEALER_DEALER,ws,1024,server_snd_pending_max,0.000
RESULT,current,MULTI_DEALER_DEALER,ws,1024,throughput,942718.800
RESULT,current,MULTI_DEALER_DEALER,ws,65536,bandwidth,9695.540
RESULT,current,MULTI_DEALER_DEALER,ws,65536,latency,69922.317
RESULT,current,MULTI_DEALER_DEALER,ws,65536,latency_p95,193527.150
RESULT,current,MULTI_DEALER_DEALER,ws,65536,latency_p99,281960.210
RESULT,current,MULTI_DEALER_DEALER,ws,65536,server_cpu_pct,16.930
RESULT,current,MULTI_DEALER_DEALER,ws,65536,server_mem_mb,64.950
RESULT,current,MULTI_DEALER_DEALER,ws,65536,server_rcv_pending_end,0.000
RESULT,current,MULTI_DEALER_DEALER,ws,65536,server_rcv_pending_max,0.000
RESULT,current,MULTI_DEALER_DEALER,ws,65536,server_snd_pending_max,0.000
RESULT,current,MULTI_DEALER_DEALER,ws,65536,throughput,147942.200
RESULT,current,MULTI_DEALER_DEALER,ws,131072,bandwidth,7615.781
RESULT,current,MULTI_DEALER_DEALER,ws,131072,latency,215541.849
RESULT,current,MULTI_DEALER_DEALER,ws,131072,latency_p95,481126.150
RESULT,current,MULTI_DEALER_DEALER,ws,131072,latency_p99,564648.110
RESULT,current,MULTI_DEALER_DEALER,ws,131072,server_cpu_pct,19.070
RESULT,current,MULTI_DEALER_DEALER,ws,131072,server_mem_mb,72.280
RESULT,current,MULTI_DEALER_DEALER,ws,131072,server_rcv_pending_end,0.000
RESULT,current,MULTI_DEALER_DEALER,ws,131072,server_rcv_pending_max,0.000
RESULT,current,MULTI_DEALER_DEALER,ws,131072,server_snd_pending_max,0.000
RESULT,current,MULTI_DEALER_DEALER,ws,131072,throughput,58103.800
RESULT,current,MULTI_DEALER_DEALER,ws,262144,bandwidth,5349.520
RESULT,current,MULTI_DEALER_DEALER,ws,262144,latency,494829.215
RESULT,current,MULTI_DEALER_DEALER,ws,262144,latency_p95,844652.450
RESULT,current,MULTI_DEALER_DEALER,ws,262144,latency_p99,942356.860
RESULT,current,MULTI_DEALER_DEALER,ws,262144,server_cpu_pct,18.470
RESULT,current,MULTI_DEALER_DEALER,ws,262144,server_mem_mb,69.520
RESULT,current,MULTI_DEALER_DEALER,ws,262144,server_rcv_pending_end,0.000
RESULT,current,MULTI_DEALER_DEALER,ws,262144,server_rcv_pending_max,0.000
RESULT,current,MULTI_DEALER_DEALER,ws,262144,server_snd_pending_max,0.000
RESULT,current,MULTI_DEALER_DEALER,ws,262144,throughput,20406.800
RESULT,current,MULTI_DEALER_DEALER,wss,64,bandwidth,95.429
RESULT,current,MULTI_DEALER_DEALER,wss,64,latency,561.271
RESULT,current,MULTI_DEALER_DEALER,wss,64,latency_p95,1850.000
RESULT,current,MULTI_DEALER_DEALER,wss,64,latency_p99,3343.010
RESULT,current,MULTI_DEALER_DEALER,wss,64,server_cpu_pct,20.830
RESULT,current,MULTI_DEALER_DEALER,wss,64,server_mem_mb,77.680
RESULT,current,MULTI_DEALER_DEALER,wss,64,server_rcv_pending_end,0.000
RESULT,current,MULTI_DEALER_DEALER,wss,64,server_rcv_pending_max,0.000
RESULT,current,MULTI_DEALER_DEALER,wss,64,server_snd_pending_max,0.000
RESULT,current,MULTI_DEALER_DEALER,wss,64,throughput,1491082.600
RESULT,current,MULTI_DEALER_DEALER,wss,256,bandwidth,233.694
RESULT,current,MULTI_DEALER_DEALER,wss,256,latency,228.873
RESULT,current,MULTI_DEALER_DEALER,wss,256,latency_p95,549.000
RESULT,current,MULTI_DEALER_DEALER,wss,256,latency_p99,815.000
RESULT,current,MULTI_DEALER_DEALER,wss,256,server_cpu_pct,19.760
RESULT,current,MULTI_DEALER_DEALER,wss,256,server_mem_mb,40.570
RESULT,current,MULTI_DEALER_DEALER,wss,256,server_rcv_pending_end,0.000
RESULT,current,MULTI_DEALER_DEALER,wss,256,server_rcv_pending_max,0.000
RESULT,current,MULTI_DEALER_DEALER,wss,256,server_snd_pending_max,0.000
RESULT,current,MULTI_DEALER_DEALER,wss,256,throughput,912868.400
RESULT,current,MULTI_DEALER_DEALER,wss,1024,bandwidth,1004.056
RESULT,current,MULTI_DEALER_DEALER,wss,1024,latency,232.520
RESULT,current,MULTI_DEALER_DEALER,wss,1024,latency_p95,529.000
RESULT,current,MULTI_DEALER_DEALER,wss,1024,latency_p99,734.000
RESULT,current,MULTI_DEALER_DEALER,wss,1024,server_cpu_pct,19.690
RESULT,current,MULTI_DEALER_DEALER,wss,1024,server_mem_mb,43.660
RESULT,current,MULTI_DEALER_DEALER,wss,1024,server_rcv_pending_end,0.000
RESULT,current,MULTI_DEALER_DEALER,wss,1024,server_rcv_pending_max,0.000
RESULT,current,MULTI_DEALER_DEALER,wss,1024,server_snd_pending_max,0.000
RESULT,current,MULTI_DEALER_DEALER,wss,1024,throughput,980523.200
RESULT,current,MULTI_DEALER_DEALER,wss,65536,bandwidth,3981.220
RESULT,current,MULTI_DEALER_DEALER,wss,65536,latency,121838.315
RESULT,current,MULTI_DEALER_DEALER,wss,65536,latency_p95,167243.000
RESULT,current,MULTI_DEALER_DEALER,wss,65536,latency_p99,180589.010
RESULT,current,MULTI_DEALER_DEALER,wss,65536,server_cpu_pct,17.190
RESULT,current,MULTI_DEALER_DEALER,wss,65536,server_mem_mb,43.010
RESULT,current,MULTI_DEALER_DEALER,wss,65536,server_rcv_pending_end,0.000
RESULT,current,MULTI_DEALER_DEALER,wss,65536,server_rcv_pending_max,0.000
RESULT,current,MULTI_DEALER_DEALER,wss,65536,server_snd_pending_max,0.000
RESULT,current,MULTI_DEALER_DEALER,wss,65536,throughput,60748.600
RESULT,current,MULTI_DEALER_DEALER,wss,131072,bandwidth,3977.721
RESULT,current,MULTI_DEALER_DEALER,wss,131072,latency,259448.470
RESULT,current,MULTI_DEALER_DEALER,wss,131072,latency_p95,484832.650
RESULT,current,MULTI_DEALER_DEALER,wss,131072,latency_p99,588141.820
RESULT,current,MULTI_DEALER_DEALER,wss,131072,server_cpu_pct,17.500
RESULT,current,MULTI_DEALER_DEALER,wss,131072,server_mem_mb,64.990
RESULT,current,MULTI_DEALER_DEALER,wss,131072,server_rcv_pending_end,0.000
RESULT,current,MULTI_DEALER_DEALER,wss,131072,server_rcv_pending_max,0.000
RESULT,current,MULTI_DEALER_DEALER,wss,131072,server_snd_pending_max,0.000
RESULT,current,MULTI_DEALER_DEALER,wss,131072,throughput,30347.600
RESULT,current,MULTI_DEALER_DEALER,wss,262144,bandwidth,4369.469
RESULT,current,MULTI_DEALER_DEALER,wss,262144,latency,465071.315
RESULT,current,MULTI_DEALER_DEALER,wss,262144,latency_p95,761322.000
RESULT,current,MULTI_DEALER_DEALER,wss,262144,latency_p99,872866.600
RESULT,current,MULTI_DEALER_DEALER,wss,262144,server_cpu_pct,18.050
RESULT,current,MULTI_DEALER_DEALER,wss,262144,server_mem_mb,81.770
RESULT,current,MULTI_DEALER_DEALER,wss,262144,server_rcv_pending_end,0.000
RESULT,current,MULTI_DEALER_DEALER,wss,262144,server_rcv_pending_max,0.000
RESULT,current,MULTI_DEALER_DEALER,wss,262144,server_snd_pending_max,0.000
RESULT,current,MULTI_DEALER_DEALER,wss,262144,throughput,16668.200
RESULT,current,MULTI_DEALER_ROUTER,tcp,64,bandwidth,107.040
RESULT,current,MULTI_DEALER_ROUTER,tcp,64,latency,119.331
RESULT,current,MULTI_DEALER_ROUTER,tcp,64,latency_p95,183.000
RESULT,current,MULTI_DEALER_ROUTER,tcp,64,latency_p99,227.500
RESULT,current,MULTI_DEALER_ROUTER,tcp,64,server_cpu_pct,17.380
RESULT,current,MULTI_DEALER_ROUTER,tcp,64,server_mem_mb,16.590
RESULT,current,MULTI_DEALER_ROUTER,tcp,64,server_rcv_pending_end,0.000
RESULT,current,MULTI_DEALER_ROUTER,tcp,64,server_rcv_pending_max,0.000
RESULT,current,MULTI_DEALER_ROUTER,tcp,64,server_snd_pending_max,0.000
RESULT,current,MULTI_DEALER_ROUTER,tcp,64,throughput,836252.000
RESULT,current,MULTI_DEALER_ROUTER,tcp,256,bandwidth,432.911
RESULT,current,MULTI_DEALER_ROUTER,tcp,256,latency,118.024
RESULT,current,MULTI_DEALER_ROUTER,tcp,256,latency_p95,180.000
RESULT,current,MULTI_DEALER_ROUTER,tcp,256,latency_p99,225.500
RESULT,current,MULTI_DEALER_ROUTER,tcp,256,server_cpu_pct,17.640
RESULT,current,MULTI_DEALER_ROUTER,tcp,256,server_mem_mb,17.120
RESULT,current,MULTI_DEALER_ROUTER,tcp,256,server_rcv_pending_end,0.000
RESULT,current,MULTI_DEALER_ROUTER,tcp,256,server_rcv_pending_max,0.000
RESULT,current,MULTI_DEALER_ROUTER,tcp,256,server_snd_pending_max,0.000
RESULT,current,MULTI_DEALER_ROUTER,tcp,256,throughput,845528.600
RESULT,current,MULTI_DEALER_ROUTER,tcp,1024,bandwidth,1626.278
RESULT,current,MULTI_DEALER_ROUTER,tcp,1024,latency,125.667
RESULT,current,MULTI_DEALER_ROUTER,tcp,1024,latency_p95,189.500
RESULT,current,MULTI_DEALER_ROUTER,tcp,1024,latency_p99,234.000
RESULT,current,MULTI_DEALER_ROUTER,tcp,1024,server_cpu_pct,17.450
RESULT,current,MULTI_DEALER_ROUTER,tcp,1024,server_mem_mb,17.110
RESULT,current,MULTI_DEALER_ROUTER,tcp,1024,server_rcv_pending_end,0.000
RESULT,current,MULTI_DEALER_ROUTER,tcp,1024,server_rcv_pending_max,0.000
RESULT,current,MULTI_DEALER_ROUTER,tcp,1024,server_snd_pending_max,0.000
RESULT,current,MULTI_DEALER_ROUTER,tcp,1024,throughput,794081.200
RESULT,current,MULTI_DEALER_ROUTER,tcp,65536,bandwidth,20516.884
RESULT,current,MULTI_DEALER_ROUTER,tcp,65536,latency,638.522
RESULT,current,MULTI_DEALER_ROUTER,tcp,65536,latency_p95,1237.500
RESULT,current,MULTI_DEALER_ROUTER,tcp,65536,latency_p99,1453.000
RESULT,current,MULTI_DEALER_ROUTER,tcp,65536,server_cpu_pct,19.040
RESULT,current,MULTI_DEALER_ROUTER,tcp,65536,server_mem_mb,21.260
RESULT,current,MULTI_DEALER_ROUTER,tcp,65536,server_rcv_pending_end,0.000
RESULT,current,MULTI_DEALER_ROUTER,tcp,65536,server_rcv_pending_max,0.000
RESULT,current,MULTI_DEALER_ROUTER,tcp,65536,server_snd_pending_max,0.000
RESULT,current,MULTI_DEALER_ROUTER,tcp,65536,throughput,156531.400
RESULT,current,MULTI_DEALER_ROUTER,tcp,131072,bandwidth,20036.610
RESULT,current,MULTI_DEALER_ROUTER,tcp,131072,latency,1307.237
RESULT,current,MULTI_DEALER_ROUTER,tcp,131072,latency_p95,2645.500
RESULT,current,MULTI_DEALER_ROUTER,tcp,131072,latency_p99,2918.000
RESULT,current,MULTI_DEALER_ROUTER,tcp,131072,server_cpu_pct,18.240
RESULT,current,MULTI_DEALER_ROUTER,tcp,131072,server_mem_mb,22.810
RESULT,current,MULTI_DEALER_ROUTER,tcp,131072,server_rcv_pending_end,0.000
RESULT,current,MULTI_DEALER_ROUTER,tcp,131072,server_rcv_pending_max,0.000
RESULT,current,MULTI_DEALER_ROUTER,tcp,131072,server_snd_pending_max,0.000
RESULT,current,MULTI_DEALER_ROUTER,tcp,131072,throughput,76433.600
RESULT,current,MULTI_DEALER_ROUTER,tcp,262144,bandwidth,15860.761
RESULT,current,MULTI_DEALER_ROUTER,tcp,262144,latency,3301.562
RESULT,current,MULTI_DEALER_ROUTER,tcp,262144,latency_p95,5810.000
RESULT,current,MULTI_DEALER_ROUTER,tcp,262144,latency_p99,6884.500
RESULT,current,MULTI_DEALER_ROUTER,tcp,262144,server_cpu_pct,17.390
RESULT,current,MULTI_DEALER_ROUTER,tcp,262144,server_mem_mb,38.130
RESULT,current,MULTI_DEALER_ROUTER,tcp,262144,server_rcv_pending_end,0.000
RESULT,current,MULTI_DEALER_ROUTER,tcp,262144,server_rcv_pending_max,0.000
RESULT,current,MULTI_DEALER_ROUTER,tcp,262144,server_snd_pending_max,0.000
RESULT,current,MULTI_DEALER_ROUTER,tcp,262144,throughput,30252.000
RESULT,current,MULTI_DEALER_ROUTER,tls,64,bandwidth,98.926
RESULT,current,MULTI_DEALER_ROUTER,tls,64,latency,129.113
RESULT,current,MULTI_DEALER_ROUTER,tls,64,latency_p95,214.500
RESULT,current,MULTI_DEALER_ROUTER,tls,64,latency_p99,271.500
RESULT,current,MULTI_DEALER_ROUTER,tls,64,server_cpu_pct,18.680
RESULT,current,MULTI_DEALER_ROUTER,tls,64,server_mem_mb,29.020
RESULT,current,MULTI_DEALER_ROUTER,tls,64,server_rcv_pending_end,0.000
RESULT,current,MULTI_DEALER_ROUTER,tls,64,server_rcv_pending_max,0.000
RESULT,current,MULTI_DEALER_ROUTER,tls,64,server_snd_pending_max,0.000
RESULT,current,MULTI_DEALER_ROUTER,tls,64,throughput,772862.600
RESULT,current,MULTI_DEALER_ROUTER,tls,256,bandwidth,389.767
RESULT,current,MULTI_DEALER_ROUTER,tls,256,latency,131.101
RESULT,current,MULTI_DEALER_ROUTER,tls,256,latency_p95,217.000
RESULT,current,MULTI_DEALER_ROUTER,tls,256,latency_p99,274.000
RESULT,current,MULTI_DEALER_ROUTER,tls,256,server_cpu_pct,18.830
RESULT,current,MULTI_DEALER_ROUTER,tls,256,server_mem_mb,29.570
RESULT,current,MULTI_DEALER_ROUTER,tls,256,server_rcv_pending_end,0.000
RESULT,current,MULTI_DEALER_ROUTER,tls,256,server_rcv_pending_max,0.000
RESULT,current,MULTI_DEALER_ROUTER,tls,256,server_snd_pending_max,0.000
RESULT,current,MULTI_DEALER_ROUTER,tls,256,throughput,761264.000
RESULT,current,MULTI_DEALER_ROUTER,tls,1024,bandwidth,1498.618
RESULT,current,MULTI_DEALER_ROUTER,tls,1024,latency,136.398
RESULT,current,MULTI_DEALER_ROUTER,tls,1024,latency_p95,228.000
RESULT,current,MULTI_DEALER_ROUTER,tls,1024,latency_p99,290.500
RESULT,current,MULTI_DEALER_ROUTER,tls,1024,server_cpu_pct,18.980
RESULT,current,MULTI_DEALER_ROUTER,tls,1024,server_mem_mb,29.720
RESULT,current,MULTI_DEALER_ROUTER,tls,1024,server_rcv_pending_end,0.000
RESULT,current,MULTI_DEALER_ROUTER,tls,1024,server_rcv_pending_max,0.000
RESULT,current,MULTI_DEALER_ROUTER,tls,1024,server_snd_pending_max,0.000
RESULT,current,MULTI_DEALER_ROUTER,tls,1024,throughput,731747.000
RESULT,current,MULTI_DEALER_ROUTER,tls,65536,bandwidth,6198.159
RESULT,current,MULTI_DEALER_ROUTER,tls,65536,latency,2112.844
RESULT,current,MULTI_DEALER_ROUTER,tls,65536,latency_p95,3102.500
RESULT,current,MULTI_DEALER_ROUTER,tls,65536,latency_p99,3461.000
RESULT,current,MULTI_DEALER_ROUTER,tls,65536,server_cpu_pct,18.200
RESULT,current,MULTI_DEALER_ROUTER,tls,65536,server_mem_mb,40.980
RESULT,current,MULTI_DEALER_ROUTER,tls,65536,server_rcv_pending_end,0.000
RESULT,current,MULTI_DEALER_ROUTER,tls,65536,server_rcv_pending_max,0.000
RESULT,current,MULTI_DEALER_ROUTER,tls,65536,server_snd_pending_max,0.000
RESULT,current,MULTI_DEALER_ROUTER,tls,65536,throughput,47288.200
RESULT,current,MULTI_DEALER_ROUTER,tls,131072,bandwidth,6397.048
RESULT,current,MULTI_DEALER_ROUTER,tls,131072,latency,4077.422
RESULT,current,MULTI_DEALER_ROUTER,tls,131072,latency_p95,5055.000
RESULT,current,MULTI_DEALER_ROUTER,tls,131072,latency_p99,5581.435
RESULT,current,MULTI_DEALER_ROUTER,tls,131072,server_cpu_pct,17.970
RESULT,current,MULTI_DEALER_ROUTER,tls,131072,server_mem_mb,44.290
RESULT,current,MULTI_DEALER_ROUTER,tls,131072,server_rcv_pending_end,0.000
RESULT,current,MULTI_DEALER_ROUTER,tls,131072,server_rcv_pending_max,0.000
RESULT,current,MULTI_DEALER_ROUTER,tls,131072,server_snd_pending_max,0.000
RESULT,current,MULTI_DEALER_ROUTER,tls,131072,throughput,24402.800
RESULT,current,MULTI_DEALER_ROUTER,tls,262144,bandwidth,6383.731
RESULT,current,MULTI_DEALER_ROUTER,tls,262144,latency,8191.571
RESULT,current,MULTI_DEALER_ROUTER,tls,262144,latency_p95,9646.525
RESULT,current,MULTI_DEALER_ROUTER,tls,262144,latency_p99,10746.490
RESULT,current,MULTI_DEALER_ROUTER,tls,262144,server_cpu_pct,15.020
RESULT,current,MULTI_DEALER_ROUTER,tls,262144,server_mem_mb,46.860
RESULT,current,MULTI_DEALER_ROUTER,tls,262144,server_rcv_pending_end,0.000
RESULT,current,MULTI_DEALER_ROUTER,tls,262144,server_rcv_pending_max,0.000
RESULT,current,MULTI_DEALER_ROUTER,tls,262144,server_snd_pending_max,0.000
RESULT,current,MULTI_DEALER_ROUTER,tls,262144,throughput,12176.000
RESULT,current,MULTI_DEALER_ROUTER,ws,64,bandwidth,104.066
RESULT,current,MULTI_DEALER_ROUTER,ws,64,latency,122.749
RESULT,current,MULTI_DEALER_ROUTER,ws,64,latency_p95,197.000
RESULT,current,MULTI_DEALER_ROUTER,ws,64,latency_p99,255.000
RESULT,current,MULTI_DEALER_ROUTER,ws,64,server_cpu_pct,18.580
RESULT,current,MULTI_DEALER_ROUTER,ws,64,server_mem_mb,19.010
RESULT,current,MULTI_DEALER_ROUTER,ws,64,server_rcv_pending_end,0.000
RESULT,current,MULTI_DEALER_ROUTER,ws,64,server_rcv_pending_max,0.000
RESULT,current,MULTI_DEALER_ROUTER,ws,64,server_snd_pending_max,0.000
RESULT,current,MULTI_DEALER_ROUTER,ws,64,throughput,813019.200
RESULT,current,MULTI_DEALER_ROUTER,ws,256,bandwidth,414.256
RESULT,current,MULTI_DEALER_ROUTER,ws,256,latency,123.351
RESULT,current,MULTI_DEALER_ROUTER,ws,256,latency_p95,200.000
RESULT,current,MULTI_DEALER_ROUTER,ws,256,latency_p99,259.000
RESULT,current,MULTI_DEALER_ROUTER,ws,256,server_cpu_pct,18.510
RESULT,current,MULTI_DEALER_ROUTER,ws,256,server_mem_mb,18.880
RESULT,current,MULTI_DEALER_ROUTER,ws,256,server_rcv_pending_end,0.000
RESULT,current,MULTI_DEALER_ROUTER,ws,256,server_rcv_pending_max,0.000
RESULT,current,MULTI_DEALER_ROUTER,ws,256,server_snd_pending_max,0.000
RESULT,current,MULTI_DEALER_ROUTER,ws,256,throughput,809093.000
RESULT,current,MULTI_DEALER_ROUTER,ws,1024,bandwidth,1286.757
RESULT,current,MULTI_DEALER_ROUTER,ws,1024,latency,158.839
RESULT,current,MULTI_DEALER_ROUTER,ws,1024,latency_p95,270.500
RESULT,current,MULTI_DEALER_ROUTER,ws,1024,latency_p99,343.000
RESULT,current,MULTI_DEALER_ROUTER,ws,1024,server_cpu_pct,18.530
RESULT,current,MULTI_DEALER_ROUTER,ws,1024,server_mem_mb,18.510
RESULT,current,MULTI_DEALER_ROUTER,ws,1024,server_rcv_pending_end,0.000
RESULT,current,MULTI_DEALER_ROUTER,ws,1024,server_rcv_pending_max,0.000
RESULT,current,MULTI_DEALER_ROUTER,ws,1024,server_snd_pending_max,0.000
RESULT,current,MULTI_DEALER_ROUTER,ws,1024,throughput,628299.200
RESULT,current,MULTI_DEALER_ROUTER,ws,65536,bandwidth,11645.983
RESULT,current,MULTI_DEALER_ROUTER,ws,65536,latency,1124.713
RESULT,current,MULTI_DEALER_ROUTER,ws,65536,latency_p95,2137.500
RESULT,current,MULTI_DEALER_ROUTER,ws,65536,latency_p99,2445.000
RESULT,current,MULTI_DEALER_ROUTER,ws,65536,server_cpu_pct,18.210
RESULT,current,MULTI_DEALER_ROUTER,ws,65536,server_mem_mb,23.780
RESULT,current,MULTI_DEALER_ROUTER,ws,65536,server_rcv_pending_end,0.000
RESULT,current,MULTI_DEALER_ROUTER,ws,65536,server_rcv_pending_max,0.000
RESULT,current,MULTI_DEALER_ROUTER,ws,65536,server_snd_pending_max,0.000
RESULT,current,MULTI_DEALER_ROUTER,ws,65536,throughput,88851.800
RESULT,current,MULTI_DEALER_ROUTER,ws,131072,bandwidth,8256.016
RESULT,current,MULTI_DEALER_ROUTER,ws,131072,latency,3171.471
RESULT,current,MULTI_DEALER_ROUTER,ws,131072,latency_p95,4687.500
RESULT,current,MULTI_DEALER_ROUTER,ws,131072,latency_p99,5250.500
RESULT,current,MULTI_DEALER_ROUTER,ws,131072,server_cpu_pct,18.280
RESULT,current,MULTI_DEALER_ROUTER,ws,131072,server_mem_mb,36.350
RESULT,current,MULTI_DEALER_ROUTER,ws,131072,server_rcv_pending_end,0.000
RESULT,current,MULTI_DEALER_ROUTER,ws,131072,server_rcv_pending_max,0.000
RESULT,current,MULTI_DEALER_ROUTER,ws,131072,server_snd_pending_max,0.000
RESULT,current,MULTI_DEALER_ROUTER,ws,131072,throughput,31494.200
RESULT,current,MULTI_DEALER_ROUTER,ws,262144,bandwidth,8484.762
RESULT,current,MULTI_DEALER_ROUTER,ws,262144,latency,6165.690
RESULT,current,MULTI_DEALER_ROUTER,ws,262144,latency_p95,10571.000
RESULT,current,MULTI_DEALER_ROUTER,ws,262144,latency_p99,11477.340
RESULT,current,MULTI_DEALER_ROUTER,ws,262144,server_cpu_pct,15.180
RESULT,current,MULTI_DEALER_ROUTER,ws,262144,server_mem_mb,29.620
RESULT,current,MULTI_DEALER_ROUTER,ws,262144,server_rcv_pending_end,0.000
RESULT,current,MULTI_DEALER_ROUTER,ws,262144,server_rcv_pending_max,0.000
RESULT,current,MULTI_DEALER_ROUTER,ws,262144,server_snd_pending_max,0.000
RESULT,current,MULTI_DEALER_ROUTER,ws,262144,throughput,16183.400
RESULT,current,MULTI_DEALER_ROUTER,wss,64,bandwidth,92.122
RESULT,current,MULTI_DEALER_ROUTER,wss,64,latency,138.678
RESULT,current,MULTI_DEALER_ROUTER,wss,64,latency_p95,239.000
RESULT,current,MULTI_DEALER_ROUTER,wss,64,latency_p99,309.500
RESULT,current,MULTI_DEALER_ROUTER,wss,64,server_cpu_pct,19.320
RESULT,current,MULTI_DEALER_ROUTER,wss,64,server_mem_mb,32.480
RESULT,current,MULTI_DEALER_ROUTER,wss,64,server_rcv_pending_end,0.000
RESULT,current,MULTI_DEALER_ROUTER,wss,64,server_rcv_pending_max,0.000
RESULT,current,MULTI_DEALER_ROUTER,wss,64,server_snd_pending_max,0.000
RESULT,current,MULTI_DEALER_ROUTER,wss,64,throughput,719703.800
RESULT,current,MULTI_DEALER_ROUTER,wss,256,bandwidth,347.813
RESULT,current,MULTI_DEALER_ROUTER,wss,256,latency,146.914
RESULT,current,MULTI_DEALER_ROUTER,wss,256,latency_p95,243.500
RESULT,current,MULTI_DEALER_ROUTER,wss,256,latency_p99,312.500
RESULT,current,MULTI_DEALER_ROUTER,wss,256,server_cpu_pct,19.380
RESULT,current,MULTI_DEALER_ROUTER,wss,256,server_mem_mb,31.860
RESULT,current,MULTI_DEALER_ROUTER,wss,256,server_rcv_pending_end,0.000
RESULT,current,MULTI_DEALER_ROUTER,wss,256,server_rcv_pending_max,0.000
RESULT,current,MULTI_DEALER_ROUTER,wss,256,server_snd_pending_max,0.000
RESULT,current,MULTI_DEALER_ROUTER,wss,256,throughput,679321.800
RESULT,current,MULTI_DEALER_ROUTER,wss,1024,bandwidth,1231.106
RESULT,current,MULTI_DEALER_ROUTER,wss,1024,latency,166.040
RESULT,current,MULTI_DEALER_ROUTER,wss,1024,latency_p95,282.500
RESULT,current,MULTI_DEALER_ROUTER,wss,1024,latency_p99,365.000
RESULT,current,MULTI_DEALER_ROUTER,wss,1024,server_cpu_pct,19.420
RESULT,current,MULTI_DEALER_ROUTER,wss,1024,server_mem_mb,32.200
RESULT,current,MULTI_DEALER_ROUTER,wss,1024,server_rcv_pending_end,0.000
RESULT,current,MULTI_DEALER_ROUTER,wss,1024,server_rcv_pending_max,0.000
RESULT,current,MULTI_DEALER_ROUTER,wss,1024,server_snd_pending_max,0.000
RESULT,current,MULTI_DEALER_ROUTER,wss,1024,throughput,601125.800
RESULT,current,MULTI_DEALER_ROUTER,wss,65536,bandwidth,4145.676
RESULT,current,MULTI_DEALER_ROUTER,wss,65536,latency,3146.779
RESULT,current,MULTI_DEALER_ROUTER,wss,65536,latency_p95,5461.000
RESULT,current,MULTI_DEALER_ROUTER,wss,65536,latency_p99,5889.000
RESULT,current,MULTI_DEALER_ROUTER,wss,65536,server_cpu_pct,17.760
RESULT,current,MULTI_DEALER_ROUTER,wss,65536,server_mem_mb,46.640
RESULT,current,MULTI_DEALER_ROUTER,wss,65536,server_rcv_pending_end,0.000
RESULT,current,MULTI_DEALER_ROUTER,wss,65536,server_rcv_pending_max,0.000
RESULT,current,MULTI_DEALER_ROUTER,wss,65536,server_snd_pending_max,0.000
RESULT,current,MULTI_DEALER_ROUTER,wss,65536,throughput,31629.000
RESULT,current,MULTI_DEALER_ROUTER,wss,131072,bandwidth,4098.464
RESULT,current,MULTI_DEALER_ROUTER,wss,131072,latency,6383.764
RESULT,current,MULTI_DEALER_ROUTER,wss,131072,latency_p95,7940.000
RESULT,current,MULTI_DEALER_ROUTER,wss,131072,latency_p99,8442.500
RESULT,current,MULTI_DEALER_ROUTER,wss,131072,server_cpu_pct,17.070
RESULT,current,MULTI_DEALER_ROUTER,wss,131072,server_mem_mb,53.140
RESULT,current,MULTI_DEALER_ROUTER,wss,131072,server_rcv_pending_end,0.000
RESULT,current,MULTI_DEALER_ROUTER,wss,131072,server_rcv_pending_max,0.000
RESULT,current,MULTI_DEALER_ROUTER,wss,131072,server_snd_pending_max,0.000
RESULT,current,MULTI_DEALER_ROUTER,wss,131072,throughput,15634.400
RESULT,current,MULTI_DEALER_ROUTER,wss,262144,bandwidth,4351.486
RESULT,current,MULTI_DEALER_ROUTER,wss,262144,latency,12009.325
RESULT,current,MULTI_DEALER_ROUTER,wss,262144,latency_p95,16500.000
RESULT,current,MULTI_DEALER_ROUTER,wss,262144,latency_p99,17189.520
RESULT,current,MULTI_DEALER_ROUTER,wss,262144,server_cpu_pct,14.320
RESULT,current,MULTI_DEALER_ROUTER,wss,262144,server_mem_mb,57.330
RESULT,current,MULTI_DEALER_ROUTER,wss,262144,server_rcv_pending_end,0.000
RESULT,current,MULTI_DEALER_ROUTER,wss,262144,server_rcv_pending_max,0.000
RESULT,current,MULTI_DEALER_ROUTER,wss,262144,server_snd_pending_max,0.000
RESULT,current,MULTI_DEALER_ROUTER,wss,262144,throughput,8299.800
RESULT,current,MULTI_GATEWAY,tcp,64,bandwidth,87.502
RESULT,current,MULTI_GATEWAY,tcp,64,latency,145.964
RESULT,current,MULTI_GATEWAY,tcp,64,latency_p95,217.500
RESULT,current,MULTI_GATEWAY,tcp,64,latency_p99,293.500
RESULT,current,MULTI_GATEWAY,tcp,64,server_cpu_pct,13.470
RESULT,current,MULTI_GATEWAY,tcp,64,server_mem_mb,17.240
RESULT,current,MULTI_GATEWAY,tcp,64,server_rcv_pending_end,0.000
RESULT,current,MULTI_GATEWAY,tcp,64,server_rcv_pending_max,0.000
RESULT,current,MULTI_GATEWAY,tcp,64,server_snd_pending_max,0.000
RESULT,current,MULTI_GATEWAY,tcp,64,throughput,683606.800
RESULT,current,MULTI_GATEWAY,tcp,256,bandwidth,352.911
RESULT,current,MULTI_GATEWAY,tcp,256,latency,144.738
RESULT,current,MULTI_GATEWAY,tcp,256,latency_p95,214.000
RESULT,current,MULTI_GATEWAY,tcp,256,latency_p99,274.000
RESULT,current,MULTI_GATEWAY,tcp,256,server_cpu_pct,13.510
RESULT,current,MULTI_GATEWAY,tcp,256,server_mem_mb,16.620
RESULT,current,MULTI_GATEWAY,tcp,256,server_rcv_pending_end,0.000
RESULT,current,MULTI_GATEWAY,tcp,256,server_rcv_pending_max,0.000
RESULT,current,MULTI_GATEWAY,tcp,256,server_snd_pending_max,0.000
RESULT,current,MULTI_GATEWAY,tcp,256,throughput,689278.400
RESULT,current,MULTI_GATEWAY,tcp,1024,bandwidth,1361.330
RESULT,current,MULTI_GATEWAY,tcp,1024,latency,150.116
RESULT,current,MULTI_GATEWAY,tcp,1024,latency_p95,221.000
RESULT,current,MULTI_GATEWAY,tcp,1024,latency_p99,285.500
RESULT,current,MULTI_GATEWAY,tcp,1024,server_cpu_pct,13.720
RESULT,current,MULTI_GATEWAY,tcp,1024,server_mem_mb,17.220
RESULT,current,MULTI_GATEWAY,tcp,1024,server_rcv_pending_end,0.000
RESULT,current,MULTI_GATEWAY,tcp,1024,server_rcv_pending_max,0.000
RESULT,current,MULTI_GATEWAY,tcp,1024,server_snd_pending_max,0.000
RESULT,current,MULTI_GATEWAY,tcp,1024,throughput,664712.000
RESULT,current,MULTI_GATEWAY,tcp,65536,bandwidth,11423.239
RESULT,current,MULTI_GATEWAY,tcp,65536,latency,1146.852
RESULT,current,MULTI_GATEWAY,tcp,65536,latency_p95,1388.000
RESULT,current,MULTI_GATEWAY,tcp,65536,latency_p99,1528.500
RESULT,current,MULTI_GATEWAY,tcp,65536,server_cpu_pct,12.210
RESULT,current,MULTI_GATEWAY,tcp,65536,server_mem_mb,21.200
RESULT,current,MULTI_GATEWAY,tcp,65536,server_rcv_pending_end,0.000
RESULT,current,MULTI_GATEWAY,tcp,65536,server_rcv_pending_max,0.000
RESULT,current,MULTI_GATEWAY,tcp,65536,server_snd_pending_max,0.000
RESULT,current,MULTI_GATEWAY,tcp,65536,throughput,87152.400
RESULT,current,MULTI_GATEWAY,tcp,131072,bandwidth,11268.155
RESULT,current,MULTI_GATEWAY,tcp,131072,latency,2324.816
RESULT,current,MULTI_GATEWAY,tcp,131072,latency_p95,2528.000
RESULT,current,MULTI_GATEWAY,tcp,131072,latency_p99,2714.500
RESULT,current,MULTI_GATEWAY,tcp,131072,server_cpu_pct,10.130
RESULT,current,MULTI_GATEWAY,tcp,131072,server_mem_mb,22.830
RESULT,current,MULTI_GATEWAY,tcp,131072,server_rcv_pending_end,0.000
RESULT,current,MULTI_GATEWAY,tcp,131072,server_rcv_pending_max,0.000
RESULT,current,MULTI_GATEWAY,tcp,131072,server_snd_pending_max,0.000
RESULT,current,MULTI_GATEWAY,tcp,131072,throughput,42984.600
RESULT,current,MULTI_GATEWAY,tcp,262144,bandwidth,11279.322
RESULT,current,MULTI_GATEWAY,tcp,262144,latency,4624.028
RESULT,current,MULTI_GATEWAY,tcp,262144,latency_p95,5127.000
RESULT,current,MULTI_GATEWAY,tcp,262144,latency_p99,5545.000
RESULT,current,MULTI_GATEWAY,tcp,262144,server_cpu_pct,11.550
RESULT,current,MULTI_GATEWAY,tcp,262144,server_mem_mb,37.890
RESULT,current,MULTI_GATEWAY,tcp,262144,server_rcv_pending_end,0.000
RESULT,current,MULTI_GATEWAY,tcp,262144,server_rcv_pending_max,0.000
RESULT,current,MULTI_GATEWAY,tcp,262144,server_snd_pending_max,0.000
RESULT,current,MULTI_GATEWAY,tcp,262144,throughput,21513.600
RESULT,current,MULTI_GATEWAY,tls,64,bandwidth,63.023
RESULT,current,MULTI_GATEWAY,tls,64,latency,202.561
RESULT,current,MULTI_GATEWAY,tls,64,latency_p95,300.000
RESULT,current,MULTI_GATEWAY,tls,64,latency_p99,369.500
RESULT,current,MULTI_GATEWAY,tls,64,server_cpu_pct,13.970
RESULT,current,MULTI_GATEWAY,tls,64,server_mem_mb,29.630
RESULT,current,MULTI_GATEWAY,tls,64,server_rcv_pending_end,0.000
RESULT,current,MULTI_GATEWAY,tls,64,server_rcv_pending_max,0.000
RESULT,current,MULTI_GATEWAY,tls,64,server_snd_pending_max,0.000
RESULT,current,MULTI_GATEWAY,tls,64,throughput,492365.200
RESULT,current,MULTI_GATEWAY,tls,256,bandwidth,242.307
RESULT,current,MULTI_GATEWAY,tls,256,latency,210.697
RESULT,current,MULTI_GATEWAY,tls,256,latency_p95,301.000
RESULT,current,MULTI_GATEWAY,tls,256,latency_p99,361.000
RESULT,current,MULTI_GATEWAY,tls,256,server_cpu_pct,14.050
RESULT,current,MULTI_GATEWAY,tls,256,server_mem_mb,30.250
RESULT,current,MULTI_GATEWAY,tls,256,server_rcv_pending_end,0.000
RESULT,current,MULTI_GATEWAY,tls,256,server_rcv_pending_max,0.000
RESULT,current,MULTI_GATEWAY,tls,256,server_snd_pending_max,0.000
RESULT,current,MULTI_GATEWAY,tls,256,throughput,473255.600
RESULT,current,MULTI_GATEWAY,tls,1024,bandwidth,864.652
RESULT,current,MULTI_GATEWAY,tls,1024,latency,236.079
RESULT,current,MULTI_GATEWAY,tls,1024,latency_p95,330.000
RESULT,current,MULTI_GATEWAY,tls,1024,latency_p99,393.000
RESULT,current,MULTI_GATEWAY,tls,1024,server_cpu_pct,13.810
RESULT,current,MULTI_GATEWAY,tls,1024,server_mem_mb,29.510
RESULT,current,MULTI_GATEWAY,tls,1024,server_rcv_pending_end,0.000
RESULT,current,MULTI_GATEWAY,tls,1024,server_rcv_pending_max,0.000
RESULT,current,MULTI_GATEWAY,tls,1024,server_snd_pending_max,0.000
RESULT,current,MULTI_GATEWAY,tls,1024,throughput,422193.400
RESULT,current,MULTI_GATEWAY,tls,65536,bandwidth,3077.911
RESULT,current,MULTI_GATEWAY,tls,65536,latency,4237.730
RESULT,current,MULTI_GATEWAY,tls,65536,latency_p95,4542.500
RESULT,current,MULTI_GATEWAY,tls,65536,latency_p99,4779.000
RESULT,current,MULTI_GATEWAY,tls,65536,server_cpu_pct,9.640
RESULT,current,MULTI_GATEWAY,tls,65536,server_mem_mb,37.720
RESULT,current,MULTI_GATEWAY,tls,65536,server_rcv_pending_end,0.000
RESULT,current,MULTI_GATEWAY,tls,65536,server_rcv_pending_max,0.000
RESULT,current,MULTI_GATEWAY,tls,65536,server_snd_pending_max,0.000
RESULT,current,MULTI_GATEWAY,tls,65536,throughput,23482.600
RESULT,current,MULTI_GATEWAY,tls,131072,bandwidth,3176.346
RESULT,current,MULTI_GATEWAY,tls,131072,latency,8233.121
RESULT,current,MULTI_GATEWAY,tls,131072,latency_p95,8705.500
RESULT,current,MULTI_GATEWAY,tls,131072,latency_p99,9215.755
RESULT,current,MULTI_GATEWAY,tls,131072,server_cpu_pct,9.560
RESULT,current,MULTI_GATEWAY,tls,131072,server_mem_mb,35.680
RESULT,current,MULTI_GATEWAY,tls,131072,server_rcv_pending_end,0.000
RESULT,current,MULTI_GATEWAY,tls,131072,server_rcv_pending_max,0.000
RESULT,current,MULTI_GATEWAY,tls,131072,server_snd_pending_max,0.000
RESULT,current,MULTI_GATEWAY,tls,131072,throughput,12116.800
RESULT,current,MULTI_GATEWAY,tls,262144,bandwidth,3305.846
RESULT,current,MULTI_GATEWAY,tls,262144,latency,15781.685
RESULT,current,MULTI_GATEWAY,tls,262144,latency_p95,16666.000
RESULT,current,MULTI_GATEWAY,tls,262144,latency_p99,17210.500
RESULT,current,MULTI_GATEWAY,tls,262144,server_cpu_pct,5.200
RESULT,current,MULTI_GATEWAY,tls,262144,server_mem_mb,46.020
RESULT,current,MULTI_GATEWAY,tls,262144,server_rcv_pending_end,0.000
RESULT,current,MULTI_GATEWAY,tls,262144,server_rcv_pending_max,0.000
RESULT,current,MULTI_GATEWAY,tls,262144,server_snd_pending_max,0.000
RESULT,current,MULTI_GATEWAY,tls,262144,throughput,6305.400
RESULT,current,MULTI_GATEWAY,ws,64,bandwidth,75.719
RESULT,current,MULTI_GATEWAY,ws,64,latency,168.661
RESULT,current,MULTI_GATEWAY,ws,64,latency_p95,255.500
RESULT,current,MULTI_GATEWAY,ws,64,latency_p99,318.500
RESULT,current,MULTI_GATEWAY,ws,64,server_cpu_pct,14.190
RESULT,current,MULTI_GATEWAY,ws,64,server_mem_mb,19.420
RESULT,current,MULTI_GATEWAY,ws,64,server_rcv_pending_end,0.000
RESULT,current,MULTI_GATEWAY,ws,64,server_rcv_pending_max,0.000
RESULT,current,MULTI_GATEWAY,ws,64,server_snd_pending_max,0.000
RESULT,current,MULTI_GATEWAY,ws,64,throughput,591554.200
RESULT,current,MULTI_GATEWAY,ws,256,bandwidth,288.079
RESULT,current,MULTI_GATEWAY,ws,256,latency,177.281
RESULT,current,MULTI_GATEWAY,ws,256,latency_p95,271.000
RESULT,current,MULTI_GATEWAY,ws,256,latency_p99,340.000
RESULT,current,MULTI_GATEWAY,ws,256,server_cpu_pct,14.160
RESULT,current,MULTI_GATEWAY,ws,256,server_mem_mb,20.070
RESULT,current,MULTI_GATEWAY,ws,256,server_rcv_pending_end,0.000
RESULT,current,MULTI_GATEWAY,ws,256,server_rcv_pending_max,0.000
RESULT,current,MULTI_GATEWAY,ws,256,server_snd_pending_max,0.000
RESULT,current,MULTI_GATEWAY,ws,256,throughput,562654.800
RESULT,current,MULTI_GATEWAY,ws,1024,bandwidth,842.373
RESULT,current,MULTI_GATEWAY,ws,1024,latency,242.336
RESULT,current,MULTI_GATEWAY,ws,1024,latency_p95,353.500
RESULT,current,MULTI_GATEWAY,ws,1024,latency_p99,420.000
RESULT,current,MULTI_GATEWAY,ws,1024,server_cpu_pct,13.970
RESULT,current,MULTI_GATEWAY,ws,1024,server_mem_mb,19.640
RESULT,current,MULTI_GATEWAY,ws,1024,server_rcv_pending_end,0.000
RESULT,current,MULTI_GATEWAY,ws,1024,server_rcv_pending_max,0.000
RESULT,current,MULTI_GATEWAY,ws,1024,server_snd_pending_max,0.000
RESULT,current,MULTI_GATEWAY,ws,1024,throughput,411315.000
RESULT,current,MULTI_GATEWAY,ws,65536,bandwidth,6254.992
RESULT,current,MULTI_GATEWAY,ws,65536,latency,2093.882
RESULT,current,MULTI_GATEWAY,ws,65536,latency_p95,2293.500
RESULT,current,MULTI_GATEWAY,ws,65536,latency_p99,2420.500
RESULT,current,MULTI_GATEWAY,ws,65536,server_cpu_pct,9.500
RESULT,current,MULTI_GATEWAY,ws,65536,server_mem_mb,21.830
RESULT,current,MULTI_GATEWAY,ws,65536,server_rcv_pending_end,0.000
RESULT,current,MULTI_GATEWAY,ws,65536,server_rcv_pending_max,0.000
RESULT,current,MULTI_GATEWAY,ws,65536,server_snd_pending_max,0.000
RESULT,current,MULTI_GATEWAY,ws,65536,throughput,47721.800
RESULT,current,MULTI_GATEWAY,ws,131072,bandwidth,4888.199
RESULT,current,MULTI_GATEWAY,ws,131072,latency,5333.339
RESULT,current,MULTI_GATEWAY,ws,131072,latency_p95,6745.150
RESULT,current,MULTI_GATEWAY,ws,131072,latency_p99,7088.830
RESULT,current,MULTI_GATEWAY,ws,131072,server_cpu_pct,8.130
RESULT,current,MULTI_GATEWAY,ws,131072,server_mem_mb,32.250
RESULT,current,MULTI_GATEWAY,ws,131072,server_rcv_pending_end,0.000
RESULT,current,MULTI_GATEWAY,ws,131072,server_rcv_pending_max,0.000
RESULT,current,MULTI_GATEWAY,ws,131072,server_snd_pending_max,0.000
RESULT,current,MULTI_GATEWAY,ws,131072,throughput,18647.000
RESULT,current,MULTI_GATEWAY,ws,262144,bandwidth,5466.332
RESULT,current,MULTI_GATEWAY,ws,262144,latency,9566.797
RESULT,current,MULTI_GATEWAY,ws,262144,latency_p95,12212.500
RESULT,current,MULTI_GATEWAY,ws,262144,latency_p99,12887.200
RESULT,current,MULTI_GATEWAY,ws,262144,server_cpu_pct,4.490
RESULT,current,MULTI_GATEWAY,ws,262144,server_mem_mb,30.650
RESULT,current,MULTI_GATEWAY,ws,262144,server_rcv_pending_end,0.000
RESULT,current,MULTI_GATEWAY,ws,262144,server_rcv_pending_max,0.000
RESULT,current,MULTI_GATEWAY,ws,262144,server_snd_pending_max,0.000
RESULT,current,MULTI_GATEWAY,ws,262144,throughput,10426.200
RESULT,current,MULTI_GATEWAY,wss,64,bandwidth,49.704
RESULT,current,MULTI_GATEWAY,wss,64,latency,256.438
RESULT,current,MULTI_GATEWAY,wss,64,latency_p95,356.500
RESULT,current,MULTI_GATEWAY,wss,64,latency_p99,416.000
RESULT,current,MULTI_GATEWAY,wss,64,server_cpu_pct,13.910
RESULT,current,MULTI_GATEWAY,wss,64,server_mem_mb,32.610
RESULT,current,MULTI_GATEWAY,wss,64,server_rcv_pending_end,0.000
RESULT,current,MULTI_GATEWAY,wss,64,server_rcv_pending_max,0.000
RESULT,current,MULTI_GATEWAY,wss,64,server_snd_pending_max,0.000
RESULT,current,MULTI_GATEWAY,wss,64,throughput,388309.200
RESULT,current,MULTI_GATEWAY,wss,256,bandwidth,191.214
RESULT,current,MULTI_GATEWAY,wss,256,latency,266.682
RESULT,current,MULTI_GATEWAY,wss,256,latency_p95,377.000
RESULT,current,MULTI_GATEWAY,wss,256,latency_p99,449.000
RESULT,current,MULTI_GATEWAY,wss,256,server_cpu_pct,13.840
RESULT,current,MULTI_GATEWAY,wss,256,server_mem_mb,33.180
RESULT,current,MULTI_GATEWAY,wss,256,server_rcv_pending_end,0.000
RESULT,current,MULTI_GATEWAY,wss,256,server_rcv_pending_max,0.000
RESULT,current,MULTI_GATEWAY,wss,256,server_snd_pending_max,0.000
RESULT,current,MULTI_GATEWAY,wss,256,throughput,373464.200
RESULT,current,MULTI_GATEWAY,wss,1024,bandwidth,654.478
RESULT,current,MULTI_GATEWAY,wss,1024,latency,311.755
RESULT,current,MULTI_GATEWAY,wss,1024,latency_p95,447.000
RESULT,current,MULTI_GATEWAY,wss,1024,latency_p99,529.000
RESULT,current,MULTI_GATEWAY,wss,1024,server_cpu_pct,13.370
RESULT,current,MULTI_GATEWAY,wss,1024,server_mem_mb,31.860
RESULT,current,MULTI_GATEWAY,wss,1024,server_rcv_pending_end,0.000
RESULT,current,MULTI_GATEWAY,wss,1024,server_rcv_pending_max,0.000
RESULT,current,MULTI_GATEWAY,wss,1024,server_snd_pending_max,0.000
RESULT,current,MULTI_GATEWAY,wss,1024,throughput,319569.200
RESULT,current,MULTI_GATEWAY,wss,65536,bandwidth,2076.390
RESULT,current,MULTI_GATEWAY,wss,65536,latency,6300.785
RESULT,current,MULTI_GATEWAY,wss,65536,latency_p95,6579.000
RESULT,current,MULTI_GATEWAY,wss,65536,latency_p99,6894.465
RESULT,current,MULTI_GATEWAY,wss,65536,server_cpu_pct,9.240
RESULT,current,MULTI_GATEWAY,wss,65536,server_mem_mb,38.220
RESULT,current,MULTI_GATEWAY,wss,65536,server_rcv_pending_end,0.000
RESULT,current,MULTI_GATEWAY,wss,65536,server_rcv_pending_max,0.000
RESULT,current,MULTI_GATEWAY,wss,65536,server_snd_pending_max,0.000
RESULT,current,MULTI_GATEWAY,wss,65536,throughput,15841.600
RESULT,current,MULTI_GATEWAY,wss,131072,bandwidth,2267.965
RESULT,current,MULTI_GATEWAY,wss,131072,latency,11518.563
RESULT,current,MULTI_GATEWAY,wss,131072,latency_p95,12026.075
RESULT,current,MULTI_GATEWAY,wss,131072,latency_p99,12363.500
RESULT,current,MULTI_GATEWAY,wss,131072,server_cpu_pct,9.140
RESULT,current,MULTI_GATEWAY,wss,131072,server_mem_mb,56.420
RESULT,current,MULTI_GATEWAY,wss,131072,server_rcv_pending_end,0.000
RESULT,current,MULTI_GATEWAY,wss,131072,server_rcv_pending_max,0.000
RESULT,current,MULTI_GATEWAY,wss,131072,server_snd_pending_max,0.000
RESULT,current,MULTI_GATEWAY,wss,131072,throughput,8651.600
RESULT,current,MULTI_GATEWAY,wss,262144,bandwidth,2335.808
RESULT,current,MULTI_GATEWAY,wss,262144,latency,22311.827
RESULT,current,MULTI_GATEWAY,wss,262144,latency_p95,23540.125
RESULT,current,MULTI_GATEWAY,wss,262144,latency_p99,25242.250
RESULT,current,MULTI_GATEWAY,wss,262144,server_cpu_pct,8.750
RESULT,current,MULTI_GATEWAY,wss,262144,server_mem_mb,43.350
RESULT,current,MULTI_GATEWAY,wss,262144,server_rcv_pending_end,0.000
RESULT,current,MULTI_GATEWAY,wss,262144,server_rcv_pending_max,0.000
RESULT,current,MULTI_GATEWAY,wss,262144,server_snd_pending_max,0.000
RESULT,current,MULTI_GATEWAY,wss,262144,throughput,4455.200
RESULT,current,MULTI_PUBSUB,tcp,64,bandwidth,262.927
RESULT,current,MULTI_PUBSUB,tcp,64,latency,899271.558
RESULT,current,MULTI_PUBSUB,tcp,64,latency_p95,1322491.850
RESULT,current,MULTI_PUBSUB,tcp,64,latency_p99,1387423.370
RESULT,current,MULTI_PUBSUB,tcp,64,server_cpu_pct,18.510
RESULT,current,MULTI_PUBSUB,tcp,64,server_mem_mb,13.120
RESULT,current,MULTI_PUBSUB,tcp,64,server_rcv_pending_end,0.000
RESULT,current,MULTI_PUBSUB,tcp,64,server_rcv_pending_max,0.000
RESULT,current,MULTI_PUBSUB,tcp,64,server_snd_pending_max,0.000
RESULT,current,MULTI_PUBSUB,tcp,64,throughput,4108236.400
RESULT,current,MULTI_PUBSUB,tcp,256,bandwidth,1007.761
RESULT,current,MULTI_PUBSUB,tcp,256,latency,372563.954
RESULT,current,MULTI_PUBSUB,tcp,256,latency_p95,641733.150
RESULT,current,MULTI_PUBSUB,tcp,256,latency_p99,817827.850
RESULT,current,MULTI_PUBSUB,tcp,256,server_cpu_pct,15.570
RESULT,current,MULTI_PUBSUB,tcp,256,server_mem_mb,13.280
RESULT,current,MULTI_PUBSUB,tcp,256,server_rcv_pending_end,0.000
RESULT,current,MULTI_PUBSUB,tcp,256,server_rcv_pending_max,0.000
RESULT,current,MULTI_PUBSUB,tcp,256,server_snd_pending_max,0.000
RESULT,current,MULTI_PUBSUB,tcp,256,throughput,3936567.200
RESULT,current,MULTI_PUBSUB,tcp,1024,bandwidth,3030.723
RESULT,current,MULTI_PUBSUB,tcp,1024,latency,438100.486
RESULT,current,MULTI_PUBSUB,tcp,1024,latency_p95,504353.050
RESULT,current,MULTI_PUBSUB,tcp,1024,latency_p99,521416.100
RESULT,current,MULTI_PUBSUB,tcp,1024,server_cpu_pct,12.800
RESULT,current,MULTI_PUBSUB,tcp,1024,server_mem_mb,13.120
RESULT,current,MULTI_PUBSUB,tcp,1024,server_rcv_pending_end,0.000
RESULT,current,MULTI_PUBSUB,tcp,1024,server_rcv_pending_max,0.000
RESULT,current,MULTI_PUBSUB,tcp,1024,server_snd_pending_max,0.000
RESULT,current,MULTI_PUBSUB,tcp,1024,throughput,2959690.800
RESULT,current,MULTI_PUBSUB,tcp,65536,bandwidth,12867.561
RESULT,current,MULTI_PUBSUB,tcp,65536,latency,40764.180
RESULT,current,MULTI_PUBSUB,tcp,65536,latency_p95,91704.000
RESULT,current,MULTI_PUBSUB,tcp,65536,latency_p99,97621.040
RESULT,current,MULTI_PUBSUB,tcp,65536,server_cpu_pct,10.750
RESULT,current,MULTI_PUBSUB,tcp,65536,server_mem_mb,19.460
RESULT,current,MULTI_PUBSUB,tcp,65536,server_rcv_pending_end,0.000
RESULT,current,MULTI_PUBSUB,tcp,65536,server_rcv_pending_max,0.000
RESULT,current,MULTI_PUBSUB,tcp,65536,server_snd_pending_max,0.000
RESULT,current,MULTI_PUBSUB,tcp,65536,throughput,196343.400
RESULT,current,MULTI_PUBSUB,tcp,131072,bandwidth,13538.899
RESULT,current,MULTI_PUBSUB,tcp,131072,latency,61072.566
RESULT,current,MULTI_PUBSUB,tcp,131072,latency_p95,153273.050
RESULT,current,MULTI_PUBSUB,tcp,131072,latency_p99,162709.000
RESULT,current,MULTI_PUBSUB,tcp,131072,server_cpu_pct,11.600
RESULT,current,MULTI_PUBSUB,tcp,131072,server_mem_mb,25.070
RESULT,current,MULTI_PUBSUB,tcp,131072,server_rcv_pending_end,0.000
RESULT,current,MULTI_PUBSUB,tcp,131072,server_rcv_pending_max,0.000
RESULT,current,MULTI_PUBSUB,tcp,131072,server_snd_pending_max,0.000
RESULT,current,MULTI_PUBSUB,tcp,131072,throughput,103293.600
RESULT,current,MULTI_PUBSUB,tcp,262144,bandwidth,11072.071
RESULT,current,MULTI_PUBSUB,tcp,262144,latency,133007.319
RESULT,current,MULTI_PUBSUB,tcp,262144,latency_p95,297993.100
RESULT,current,MULTI_PUBSUB,tcp,262144,latency_p99,315532.030
RESULT,current,MULTI_PUBSUB,tcp,262144,server_cpu_pct,9.960
RESULT,current,MULTI_PUBSUB,tcp,262144,server_mem_mb,38.390
RESULT,current,MULTI_PUBSUB,tcp,262144,server_rcv_pending_end,0.000
RESULT,current,MULTI_PUBSUB,tcp,262144,server_rcv_pending_max,0.000
RESULT,current,MULTI_PUBSUB,tcp,262144,server_snd_pending_max,0.000
RESULT,current,MULTI_PUBSUB,tcp,262144,throughput,42236.600
RESULT,current,MULTI_PUBSUB,tls,64,bandwidth,159.295
RESULT,current,MULTI_PUBSUB,tls,64,latency,3053284.635
RESULT,current,MULTI_PUBSUB,tls,64,latency_p95,3969455.100
RESULT,current,MULTI_PUBSUB,tls,64,latency_p99,4084906.080
RESULT,current,MULTI_PUBSUB,tls,64,server_cpu_pct,12.360
RESULT,current,MULTI_PUBSUB,tls,64,server_mem_mb,26.410
RESULT,current,MULTI_PUBSUB,tls,64,server_rcv_pending_end,0.000
RESULT,current,MULTI_PUBSUB,tls,64,server_rcv_pending_max,0.000
RESULT,current,MULTI_PUBSUB,tls,64,server_snd_pending_max,0.000
RESULT,current,MULTI_PUBSUB,tls,64,throughput,2488980.000
RESULT,current,MULTI_PUBSUB,tls,256,bandwidth,647.145
RESULT,current,MULTI_PUBSUB,tls,256,latency,1330710.705
RESULT,current,MULTI_PUBSUB,tls,256,latency_p95,1603472.150
RESULT,current,MULTI_PUBSUB,tls,256,latency_p99,1797057.480
RESULT,current,MULTI_PUBSUB,tls,256,server_cpu_pct,10.040
RESULT,current,MULTI_PUBSUB,tls,256,server_mem_mb,26.560
RESULT,current,MULTI_PUBSUB,tls,256,server_rcv_pending_end,0.000
RESULT,current,MULTI_PUBSUB,tls,256,server_rcv_pending_max,0.000
RESULT,current,MULTI_PUBSUB,tls,256,server_snd_pending_max,0.000
RESULT,current,MULTI_PUBSUB,tls,256,throughput,2527908.600
RESULT,current,MULTI_PUBSUB,tls,1024,bandwidth,2811.105
RESULT,current,MULTI_PUBSUB,tls,1024,latency,481480.199
RESULT,current,MULTI_PUBSUB,tls,1024,latency_p95,548166.000
RESULT,current,MULTI_PUBSUB,tls,1024,latency_p99,566740.070
RESULT,current,MULTI_PUBSUB,tls,1024,server_cpu_pct,9.770
RESULT,current,MULTI_PUBSUB,tls,1024,server_mem_mb,26.560
RESULT,current,MULTI_PUBSUB,tls,1024,server_rcv_pending_end,0.000
RESULT,current,MULTI_PUBSUB,tls,1024,server_rcv_pending_max,0.000
RESULT,current,MULTI_PUBSUB,tls,1024,server_snd_pending_max,0.000
RESULT,current,MULTI_PUBSUB,tls,1024,throughput,2745220.000
RESULT,current,MULTI_PUBSUB,tls,65536,bandwidth,6542.433
RESULT,current,MULTI_PUBSUB,tls,65536,latency,62990.548
RESULT,current,MULTI_PUBSUB,tls,65536,latency_p95,166483.050
RESULT,current,MULTI_PUBSUB,tls,65536,latency_p99,179988.010
RESULT,current,MULTI_PUBSUB,tls,65536,server_cpu_pct,16.050
RESULT,current,MULTI_PUBSUB,tls,65536,server_mem_mb,34.210
RESULT,current,MULTI_PUBSUB,tls,65536,server_rcv_pending_end,0.000
RESULT,current,MULTI_PUBSUB,tls,65536,server_rcv_pending_max,0.000
RESULT,current,MULTI_PUBSUB,tls,65536,server_snd_pending_max,0.000
RESULT,current,MULTI_PUBSUB,tls,65536,throughput,99829.600
RESULT,current,MULTI_PUBSUB,tls,131072,bandwidth,5734.977
RESULT,current,MULTI_PUBSUB,tls,131072,latency,111524.893
RESULT,current,MULTI_PUBSUB,tls,131072,latency_p95,302888.050
RESULT,current,MULTI_PUBSUB,tls,131072,latency_p99,317605.070
RESULT,current,MULTI_PUBSUB,tls,131072,server_cpu_pct,12.950
RESULT,current,MULTI_PUBSUB,tls,131072,server_mem_mb,40.860
RESULT,current,MULTI_PUBSUB,tls,131072,server_rcv_pending_end,0.000
RESULT,current,MULTI_PUBSUB,tls,131072,server_rcv_pending_max,0.000
RESULT,current,MULTI_PUBSUB,tls,131072,server_snd_pending_max,0.000
RESULT,current,MULTI_PUBSUB,tls,131072,throughput,43754.400
RESULT,current,MULTI_PUBSUB,tls,262144,bandwidth,5750.286
RESULT,current,MULTI_PUBSUB,tls,262144,latency,190752.707
RESULT,current,MULTI_PUBSUB,tls,262144,latency_p95,486621.150
RESULT,current,MULTI_PUBSUB,tls,262144,latency_p99,517595.230
RESULT,current,MULTI_PUBSUB,tls,262144,server_cpu_pct,12.350
RESULT,current,MULTI_PUBSUB,tls,262144,server_mem_mb,48.510
RESULT,current,MULTI_PUBSUB,tls,262144,server_rcv_pending_end,0.000
RESULT,current,MULTI_PUBSUB,tls,262144,server_rcv_pending_max,0.000
RESULT,current,MULTI_PUBSUB,tls,262144,server_snd_pending_max,0.000
RESULT,current,MULTI_PUBSUB,tls,262144,throughput,21935.600
RESULT,current,MULTI_PUBSUB,ws,64,bandwidth,169.754
RESULT,current,MULTI_PUBSUB,ws,64,latency,3331198.136
RESULT,current,MULTI_PUBSUB,ws,64,latency_p95,4410149.850
RESULT,current,MULTI_PUBSUB,ws,64,latency_p99,4501827.260
RESULT,current,MULTI_PUBSUB,ws,64,server_cpu_pct,12.620
RESULT,current,MULTI_PUBSUB,ws,64,server_mem_mb,13.910
RESULT,current,MULTI_PUBSUB,ws,64,server_rcv_pending_end,0.000
RESULT,current,MULTI_PUBSUB,ws,64,server_rcv_pending_max,0.000
RESULT,current,MULTI_PUBSUB,ws,64,server_snd_pending_max,0.000
RESULT,current,MULTI_PUBSUB,ws,64,throughput,2652413.400
RESULT,current,MULTI_PUBSUB,ws,256,bandwidth,884.844
RESULT,current,MULTI_PUBSUB,ws,256,latency,356127.947
RESULT,current,MULTI_PUBSUB,ws,256,latency_p95,742615.000
RESULT,current,MULTI_PUBSUB,ws,256,latency_p99,1100017.930
RESULT,current,MULTI_PUBSUB,ws,256,server_cpu_pct,10.390
RESULT,current,MULTI_PUBSUB,ws,256,server_mem_mb,14.380
RESULT,current,MULTI_PUBSUB,ws,256,server_rcv_pending_end,0.000
RESULT,current,MULTI_PUBSUB,ws,256,server_rcv_pending_max,0.000
RESULT,current,MULTI_PUBSUB,ws,256,server_snd_pending_max,0.000
RESULT,current,MULTI_PUBSUB,ws,256,throughput,3456420.000
RESULT,current,MULTI_PUBSUB,ws,1024,bandwidth,2872.469
RESULT,current,MULTI_PUBSUB,ws,1024,latency,74458.602
RESULT,current,MULTI_PUBSUB,ws,1024,latency_p95,206929.150
RESULT,current,MULTI_PUBSUB,ws,1024,latency_p99,284892.020
RESULT,current,MULTI_PUBSUB,ws,1024,server_cpu_pct,9.180
RESULT,current,MULTI_PUBSUB,ws,1024,server_mem_mb,14.690
RESULT,current,MULTI_PUBSUB,ws,1024,server_rcv_pending_end,0.000
RESULT,current,MULTI_PUBSUB,ws,1024,server_rcv_pending_max,0.000
RESULT,current,MULTI_PUBSUB,ws,1024,server_snd_pending_max,0.000
RESULT,current,MULTI_PUBSUB,ws,1024,throughput,2805145.200
RESULT,current,MULTI_PUBSUB,ws,65536,bandwidth,7544.190
RESULT,current,MULTI_PUBSUB,ws,65536,latency,73849.550
RESULT,current,MULTI_PUBSUB,ws,65536,latency_p95,163028.000
RESULT,current,MULTI_PUBSUB,ws,65536,latency_p99,171507.000
RESULT,current,MULTI_PUBSUB,ws,65536,server_cpu_pct,7.480
RESULT,current,MULTI_PUBSUB,ws,65536,server_mem_mb,19.450
RESULT,current,MULTI_PUBSUB,ws,65536,server_rcv_pending_end,0.000
RESULT,current,MULTI_PUBSUB,ws,65536,server_rcv_pending_max,0.000
RESULT,current,MULTI_PUBSUB,ws,65536,server_snd_pending_max,0.000
RESULT,current,MULTI_PUBSUB,ws,65536,throughput,115115.200
RESULT,current,MULTI_PUBSUB,ws,131072,bandwidth,8181.016
RESULT,current,MULTI_PUBSUB,ws,131072,latency,94756.980
RESULT,current,MULTI_PUBSUB,ws,131072,latency_p95,229480.050
RESULT,current,MULTI_PUBSUB,ws,131072,latency_p99,240405.030
RESULT,current,MULTI_PUBSUB,ws,131072,server_cpu_pct,8.590
RESULT,current,MULTI_PUBSUB,ws,131072,server_mem_mb,27.080
RESULT,current,MULTI_PUBSUB,ws,131072,server_rcv_pending_end,0.000
RESULT,current,MULTI_PUBSUB,ws,131072,server_rcv_pending_max,0.000
RESULT,current,MULTI_PUBSUB,ws,131072,server_snd_pending_max,0.000
RESULT,current,MULTI_PUBSUB,ws,131072,throughput,62416.200
RESULT,current,MULTI_PUBSUB,ws,262144,bandwidth,7759.148
RESULT,current,MULTI_PUBSUB,ws,262144,latency,169122.890
RESULT,current,MULTI_PUBSUB,ws,262144,latency_p95,425715.000
RESULT,current,MULTI_PUBSUB,ws,262144,latency_p99,443030.700
RESULT,current,MULTI_PUBSUB,ws,262144,server_cpu_pct,8.150
RESULT,current,MULTI_PUBSUB,ws,262144,server_mem_mb,39.870
RESULT,current,MULTI_PUBSUB,ws,262144,server_rcv_pending_end,0.000
RESULT,current,MULTI_PUBSUB,ws,262144,server_rcv_pending_max,0.000
RESULT,current,MULTI_PUBSUB,ws,262144,server_snd_pending_max,0.000
RESULT,current,MULTI_PUBSUB,ws,262144,throughput,29598.800
RESULT,current,MULTI_PUBSUB,wss,64,bandwidth,210.954
RESULT,current,MULTI_PUBSUB,wss,64,latency,2361490.323
RESULT,current,MULTI_PUBSUB,wss,64,latency_p95,2989647.500
RESULT,current,MULTI_PUBSUB,wss,64,latency_p99,3050390.010
RESULT,current,MULTI_PUBSUB,wss,64,server_cpu_pct,14.040
RESULT,current,MULTI_PUBSUB,wss,64,server_mem_mb,28.120
RESULT,current,MULTI_PUBSUB,wss,64,server_rcv_pending_end,0.000
RESULT,current,MULTI_PUBSUB,wss,64,server_rcv_pending_max,0.000
RESULT,current,MULTI_PUBSUB,wss,64,server_snd_pending_max,0.000
RESULT,current,MULTI_PUBSUB,wss,64,throughput,3296161.400
RESULT,current,MULTI_PUBSUB,wss,256,bandwidth,856.566
RESULT,current,MULTI_PUBSUB,wss,256,latency,848588.986
RESULT,current,MULTI_PUBSUB,wss,256,latency_p95,958392.050
RESULT,current,MULTI_PUBSUB,wss,256,latency_p99,975840.000
RESULT,current,MULTI_PUBSUB,wss,256,server_cpu_pct,10.370
RESULT,current,MULTI_PUBSUB,wss,256,server_mem_mb,28.440
RESULT,current,MULTI_PUBSUB,wss,256,server_rcv_pending_end,0.000
RESULT,current,MULTI_PUBSUB,wss,256,server_rcv_pending_max,0.000
RESULT,current,MULTI_PUBSUB,wss,256,server_snd_pending_max,0.000
RESULT,current,MULTI_PUBSUB,wss,256,throughput,3345960.000
RESULT,current,MULTI_PUBSUB,wss,1024,bandwidth,2612.485
RESULT,current,MULTI_PUBSUB,wss,1024,latency,529658.654
RESULT,current,MULTI_PUBSUB,wss,1024,latency_p95,641809.100
RESULT,current,MULTI_PUBSUB,wss,1024,latency_p99,663005.030
RESULT,current,MULTI_PUBSUB,wss,1024,server_cpu_pct,14.140
RESULT,current,MULTI_PUBSUB,wss,1024,server_mem_mb,28.280
RESULT,current,MULTI_PUBSUB,wss,1024,server_rcv_pending_end,0.000
RESULT,current,MULTI_PUBSUB,wss,1024,server_rcv_pending_max,0.000
RESULT,current,MULTI_PUBSUB,wss,1024,server_snd_pending_max,0.000
RESULT,current,MULTI_PUBSUB,wss,1024,throughput,2551255.000
RESULT,current,MULTI_PUBSUB,wss,65536,bandwidth,4080.389
RESULT,current,MULTI_PUBSUB,wss,65536,latency,102205.372
RESULT,current,MULTI_PUBSUB,wss,65536,latency_p95,278815.000
RESULT,current,MULTI_PUBSUB,wss,65536,latency_p99,295620.090
RESULT,current,MULTI_PUBSUB,wss,65536,server_cpu_pct,13.550
RESULT,current,MULTI_PUBSUB,wss,65536,server_mem_mb,35.940
RESULT,current,MULTI_PUBSUB,wss,65536,server_rcv_pending_end,0.000
RESULT,current,MULTI_PUBSUB,wss,65536,server_rcv_pending_max,0.000
RESULT,current,MULTI_PUBSUB,wss,65536,server_snd_pending_max,0.000
RESULT,current,MULTI_PUBSUB,wss,65536,throughput,62261.800
RESULT,current,MULTI_PUBSUB,wss,131072,bandwidth,4491.733
RESULT,current,MULTI_PUBSUB,wss,131072,latency,161198.849
RESULT,current,MULTI_PUBSUB,wss,131072,latency_p95,451624.750
RESULT,current,MULTI_PUBSUB,wss,131072,latency_p99,487850.950
RESULT,current,MULTI_PUBSUB,wss,131072,server_cpu_pct,12.660
RESULT,current,MULTI_PUBSUB,wss,131072,server_mem_mb,42.680
RESULT,current,MULTI_PUBSUB,wss,131072,server_rcv_pending_end,0.000
RESULT,current,MULTI_PUBSUB,wss,131072,server_rcv_pending_max,0.000
RESULT,current,MULTI_PUBSUB,wss,131072,server_snd_pending_max,0.000
RESULT,current,MULTI_PUBSUB,wss,131072,throughput,34269.200
RESULT,current,MULTI_PUBSUB,wss,262144,bandwidth,3830.553
RESULT,current,MULTI_PUBSUB,wss,262144,latency,333030.549
RESULT,current,MULTI_PUBSUB,wss,262144,latency_p95,851659.950
RESULT,current,MULTI_PUBSUB,wss,262144,latency_p99,905399.410
RESULT,current,MULTI_PUBSUB,wss,262144,server_cpu_pct,9.880
RESULT,current,MULTI_PUBSUB,wss,262144,server_mem_mb,56.060
RESULT,current,MULTI_PUBSUB,wss,262144,server_rcv_pending_end,0.000
RESULT,current,MULTI_PUBSUB,wss,262144,server_rcv_pending_max,0.000
RESULT,current,MULTI_PUBSUB,wss,262144,server_snd_pending_max,0.000
RESULT,current,MULTI_PUBSUB,wss,262144,throughput,14612.400
RESULT,current,MULTI_ROUTER_ROUTER,tcp,64,bandwidth,100.575
RESULT,current,MULTI_ROUTER_ROUTER,tcp,64,latency,126.988
RESULT,current,MULTI_ROUTER_ROUTER,tcp,64,latency_p95,189.000
RESULT,current,MULTI_ROUTER_ROUTER,tcp,64,latency_p99,234.500
RESULT,current,MULTI_ROUTER_ROUTER,tcp,64,server_cpu_pct,16.620
RESULT,current,MULTI_ROUTER_ROUTER,tcp,64,server_mem_mb,16.420
RESULT,current,MULTI_ROUTER_ROUTER,tcp,64,server_rcv_pending_end,0.000
RESULT,current,MULTI_ROUTER_ROUTER,tcp,64,server_rcv_pending_max,0.000
RESULT,current,MULTI_ROUTER_ROUTER,tcp,64,server_snd_pending_max,0.000
RESULT,current,MULTI_ROUTER_ROUTER,tcp,64,throughput,785745.600
RESULT,current,MULTI_ROUTER_ROUTER,tcp,256,bandwidth,400.349
RESULT,current,MULTI_ROUTER_ROUTER,tcp,256,latency,127.610
RESULT,current,MULTI_ROUTER_ROUTER,tcp,256,latency_p95,192.500
RESULT,current,MULTI_ROUTER_ROUTER,tcp,256,latency_p99,241.500
RESULT,current,MULTI_ROUTER_ROUTER,tcp,256,server_cpu_pct,16.730
RESULT,current,MULTI_ROUTER_ROUTER,tcp,256,server_mem_mb,16.370
RESULT,current,MULTI_ROUTER_ROUTER,tcp,256,server_rcv_pending_end,0.000
RESULT,current,MULTI_ROUTER_ROUTER,tcp,256,server_rcv_pending_max,0.000
RESULT,current,MULTI_ROUTER_ROUTER,tcp,256,server_snd_pending_max,0.000
RESULT,current,MULTI_ROUTER_ROUTER,tcp,256,throughput,781932.200
RESULT,current,MULTI_ROUTER_ROUTER,tcp,1024,bandwidth,1583.084
RESULT,current,MULTI_ROUTER_ROUTER,tcp,1024,latency,129.088
RESULT,current,MULTI_ROUTER_ROUTER,tcp,1024,latency_p95,195.500
RESULT,current,MULTI_ROUTER_ROUTER,tcp,1024,latency_p99,244.500
RESULT,current,MULTI_ROUTER_ROUTER,tcp,1024,server_cpu_pct,17.380
RESULT,current,MULTI_ROUTER_ROUTER,tcp,1024,server_mem_mb,16.910
RESULT,current,MULTI_ROUTER_ROUTER,tcp,1024,server_rcv_pending_end,0.000
RESULT,current,MULTI_ROUTER_ROUTER,tcp,1024,server_rcv_pending_max,0.000
RESULT,current,MULTI_ROUTER_ROUTER,tcp,1024,server_snd_pending_max,0.000
RESULT,current,MULTI_ROUTER_ROUTER,tcp,1024,throughput,772990.400
RESULT,current,MULTI_ROUTER_ROUTER,tcp,65536,bandwidth,19675.742
RESULT,current,MULTI_ROUTER_ROUTER,tcp,65536,latency,665.821
RESULT,current,MULTI_ROUTER_ROUTER,tcp,65536,latency_p95,1196.500
RESULT,current,MULTI_ROUTER_ROUTER,tcp,65536,latency_p99,1409.500
RESULT,current,MULTI_ROUTER_ROUTER,tcp,65536,server_cpu_pct,19.300
RESULT,current,MULTI_ROUTER_ROUTER,tcp,65536,server_mem_mb,20.770
RESULT,current,MULTI_ROUTER_ROUTER,tcp,65536,server_rcv_pending_end,0.000
RESULT,current,MULTI_ROUTER_ROUTER,tcp,65536,server_rcv_pending_max,0.000
RESULT,current,MULTI_ROUTER_ROUTER,tcp,65536,server_snd_pending_max,0.000
RESULT,current,MULTI_ROUTER_ROUTER,tcp,65536,throughput,150114.000
RESULT,current,MULTI_ROUTER_ROUTER,tcp,131072,bandwidth,16972.828
RESULT,current,MULTI_ROUTER_ROUTER,tcp,131072,latency,1543.187
RESULT,current,MULTI_ROUTER_ROUTER,tcp,131072,latency_p95,2886.000
RESULT,current,MULTI_ROUTER_ROUTER,tcp,131072,latency_p99,3347.500
RESULT,current,MULTI_ROUTER_ROUTER,tcp,131072,server_cpu_pct,18.070
RESULT,current,MULTI_ROUTER_ROUTER,tcp,131072,server_mem_mb,25.150
RESULT,current,MULTI_ROUTER_ROUTER,tcp,131072,server_rcv_pending_end,0.000
RESULT,current,MULTI_ROUTER_ROUTER,tcp,131072,server_rcv_pending_max,0.000
RESULT,current,MULTI_ROUTER_ROUTER,tcp,131072,server_snd_pending_max,0.000
RESULT,current,MULTI_ROUTER_ROUTER,tcp,131072,throughput,64746.200
RESULT,current,MULTI_ROUTER_ROUTER,tcp,262144,bandwidth,15053.567
RESULT,current,MULTI_ROUTER_ROUTER,tcp,262144,latency,3475.939
RESULT,current,MULTI_ROUTER_ROUTER,tcp,262144,latency_p95,8031.000
RESULT,current,MULTI_ROUTER_ROUTER,tcp,262144,latency_p99,9631.195
RESULT,current,MULTI_ROUTER_ROUTER,tcp,262144,server_cpu_pct,17.610
RESULT,current,MULTI_ROUTER_ROUTER,tcp,262144,server_mem_mb,32.030
RESULT,current,MULTI_ROUTER_ROUTER,tcp,262144,server_rcv_pending_end,0.000
RESULT,current,MULTI_ROUTER_ROUTER,tcp,262144,server_rcv_pending_max,0.000
RESULT,current,MULTI_ROUTER_ROUTER,tcp,262144,server_snd_pending_max,0.000
RESULT,current,MULTI_ROUTER_ROUTER,tcp,262144,throughput,28712.400
RESULT,current,MULTI_ROUTER_ROUTER,tls,64,bandwidth,94.047
RESULT,current,MULTI_ROUTER_ROUTER,tls,64,latency,135.813
RESULT,current,MULTI_ROUTER_ROUTER,tls,64,latency_p95,215.500
RESULT,current,MULTI_ROUTER_ROUTER,tls,64,latency_p99,269.000
RESULT,current,MULTI_ROUTER_ROUTER,tls,64,server_cpu_pct,18.270
RESULT,current,MULTI_ROUTER_ROUTER,tls,64,server_mem_mb,29.570
RESULT,current,MULTI_ROUTER_ROUTER,tls,64,server_rcv_pending_end,0.000
RESULT,current,MULTI_ROUTER_ROUTER,tls,64,server_rcv_pending_max,0.000
RESULT,current,MULTI_ROUTER_ROUTER,tls,64,server_snd_pending_max,0.000
RESULT,current,MULTI_ROUTER_ROUTER,tls,64,throughput,734741.600
RESULT,current,MULTI_ROUTER_ROUTER,tls,256,bandwidth,368.472
RESULT,current,MULTI_ROUTER_ROUTER,tls,256,latency,138.656
RESULT,current,MULTI_ROUTER_ROUTER,tls,256,latency_p95,221.500
RESULT,current,MULTI_ROUTER_ROUTER,tls,256,latency_p99,275.500
RESULT,current,MULTI_ROUTER_ROUTER,tls,256,server_cpu_pct,18.300
RESULT,current,MULTI_ROUTER_ROUTER,tls,256,server_mem_mb,29.910
RESULT,current,MULTI_ROUTER_ROUTER,tls,256,server_rcv_pending_end,0.000
RESULT,current,MULTI_ROUTER_ROUTER,tls,256,server_rcv_pending_max,0.000
RESULT,current,MULTI_ROUTER_ROUTER,tls,256,server_snd_pending_max,0.000
RESULT,current,MULTI_ROUTER_ROUTER,tls,256,throughput,719672.400
RESULT,current,MULTI_ROUTER_ROUTER,tls,1024,bandwidth,1432.112
RESULT,current,MULTI_ROUTER_ROUTER,tls,1024,latency,142.693
RESULT,current,MULTI_ROUTER_ROUTER,tls,1024,latency_p95,233.500
RESULT,current,MULTI_ROUTER_ROUTER,tls,1024,latency_p99,290.000
RESULT,current,MULTI_ROUTER_ROUTER,tls,1024,server_cpu_pct,18.550
RESULT,current,MULTI_ROUTER_ROUTER,tls,1024,server_mem_mb,28.590
RESULT,current,MULTI_ROUTER_ROUTER,tls,1024,server_rcv_pending_end,0.000
RESULT,current,MULTI_ROUTER_ROUTER,tls,1024,server_rcv_pending_max,0.000
RESULT,current,MULTI_ROUTER_ROUTER,tls,1024,server_snd_pending_max,0.000
RESULT,current,MULTI_ROUTER_ROUTER,tls,1024,throughput,699273.400
RESULT,current,MULTI_ROUTER_ROUTER,tls,65536,bandwidth,6164.972
RESULT,current,MULTI_ROUTER_ROUTER,tls,65536,latency,2124.414
RESULT,current,MULTI_ROUTER_ROUTER,tls,65536,latency_p95,2844.500
RESULT,current,MULTI_ROUTER_ROUTER,tls,65536,latency_p99,3213.500
RESULT,current,MULTI_ROUTER_ROUTER,tls,65536,server_cpu_pct,18.250
RESULT,current,MULTI_ROUTER_ROUTER,tls,65536,server_mem_mb,42.830
RESULT,current,MULTI_ROUTER_ROUTER,tls,65536,server_rcv_pending_end,0.000
RESULT,current,MULTI_ROUTER_ROUTER,tls,65536,server_rcv_pending_max,0.000
RESULT,current,MULTI_ROUTER_ROUTER,tls,65536,server_snd_pending_max,0.000
RESULT,current,MULTI_ROUTER_ROUTER,tls,65536,throughput,47035.000
RESULT,current,MULTI_ROUTER_ROUTER,tls,131072,bandwidth,6387.034
RESULT,current,MULTI_ROUTER_ROUTER,tls,131072,latency,4098.275
RESULT,current,MULTI_ROUTER_ROUTER,tls,131072,latency_p95,5641.000
RESULT,current,MULTI_ROUTER_ROUTER,tls,131072,latency_p99,6037.500
RESULT,current,MULTI_ROUTER_ROUTER,tls,131072,server_cpu_pct,17.750
RESULT,current,MULTI_ROUTER_ROUTER,tls,131072,server_mem_mb,45.900
RESULT,current,MULTI_ROUTER_ROUTER,tls,131072,server_rcv_pending_end,0.000
RESULT,current,MULTI_ROUTER_ROUTER,tls,131072,server_rcv_pending_max,0.000
RESULT,current,MULTI_ROUTER_ROUTER,tls,131072,server_snd_pending_max,0.000
RESULT,current,MULTI_ROUTER_ROUTER,tls,131072,throughput,24364.600
RESULT,current,MULTI_ROUTER_ROUTER,tls,262144,bandwidth,6577.298
RESULT,current,MULTI_ROUTER_ROUTER,tls,262144,latency,7949.892
RESULT,current,MULTI_ROUTER_ROUTER,tls,262144,latency_p95,12188.000
RESULT,current,MULTI_ROUTER_ROUTER,tls,262144,latency_p99,12698.000
RESULT,current,MULTI_ROUTER_ROUTER,tls,262144,server_cpu_pct,15.890
RESULT,current,MULTI_ROUTER_ROUTER,tls,262144,server_mem_mb,48.790
RESULT,current,MULTI_ROUTER_ROUTER,tls,262144,server_rcv_pending_end,0.000
RESULT,current,MULTI_ROUTER_ROUTER,tls,262144,server_rcv_pending_max,0.000
RESULT,current,MULTI_ROUTER_ROUTER,tls,262144,server_snd_pending_max,0.000
RESULT,current,MULTI_ROUTER_ROUTER,tls,262144,throughput,12545.200
RESULT,current,MULTI_ROUTER_ROUTER,ws,64,bandwidth,94.617
RESULT,current,MULTI_ROUTER_ROUTER,ws,64,latency,134.969
RESULT,current,MULTI_ROUTER_ROUTER,ws,64,latency_p95,212.000
RESULT,current,MULTI_ROUTER_ROUTER,ws,64,latency_p99,270.500
RESULT,current,MULTI_ROUTER_ROUTER,ws,64,server_cpu_pct,17.590
RESULT,current,MULTI_ROUTER_ROUTER,ws,64,server_mem_mb,19.210
RESULT,current,MULTI_ROUTER_ROUTER,ws,64,server_rcv_pending_end,0.000
RESULT,current,MULTI_ROUTER_ROUTER,ws,64,server_rcv_pending_max,0.000
RESULT,current,MULTI_ROUTER_ROUTER,ws,64,server_snd_pending_max,0.000
RESULT,current,MULTI_ROUTER_ROUTER,ws,64,throughput,739195.200
RESULT,current,MULTI_ROUTER_ROUTER,ws,256,bandwidth,386.397
RESULT,current,MULTI_ROUTER_ROUTER,ws,256,latency,132.225
RESULT,current,MULTI_ROUTER_ROUTER,ws,256,latency_p95,206.000
RESULT,current,MULTI_ROUTER_ROUTER,ws,256,latency_p99,260.500
RESULT,current,MULTI_ROUTER_ROUTER,ws,256,server_cpu_pct,18.020
RESULT,current,MULTI_ROUTER_ROUTER,ws,256,server_mem_mb,19.160
RESULT,current,MULTI_ROUTER_ROUTER,ws,256,server_rcv_pending_end,0.000
RESULT,current,MULTI_ROUTER_ROUTER,ws,256,server_rcv_pending_max,0.000
RESULT,current,MULTI_ROUTER_ROUTER,ws,256,server_snd_pending_max,0.000
RESULT,current,MULTI_ROUTER_ROUTER,ws,256,throughput,754681.600
RESULT,current,MULTI_ROUTER_ROUTER,ws,1024,bandwidth,1404.426
RESULT,current,MULTI_ROUTER_ROUTER,ws,1024,latency,145.543
RESULT,current,MULTI_ROUTER_ROUTER,ws,1024,latency_p95,238.500
RESULT,current,MULTI_ROUTER_ROUTER,ws,1024,latency_p99,307.500
RESULT,current,MULTI_ROUTER_ROUTER,ws,1024,server_cpu_pct,18.460
RESULT,current,MULTI_ROUTER_ROUTER,ws,1024,server_mem_mb,19.080
RESULT,current,MULTI_ROUTER_ROUTER,ws,1024,server_rcv_pending_end,0.000
RESULT,current,MULTI_ROUTER_ROUTER,ws,1024,server_rcv_pending_max,0.000
RESULT,current,MULTI_ROUTER_ROUTER,ws,1024,server_snd_pending_max,0.000
RESULT,current,MULTI_ROUTER_ROUTER,ws,1024,throughput,685754.800
RESULT,current,MULTI_ROUTER_ROUTER,ws,65536,bandwidth,12641.685
RESULT,current,MULTI_ROUTER_ROUTER,ws,65536,latency,1036.124
RESULT,current,MULTI_ROUTER_ROUTER,ws,65536,latency_p95,2030.000
RESULT,current,MULTI_ROUTER_ROUTER,ws,65536,latency_p99,2220.000
RESULT,current,MULTI_ROUTER_ROUTER,ws,65536,server_cpu_pct,18.300
RESULT,current,MULTI_ROUTER_ROUTER,ws,65536,server_mem_mb,24.290
RESULT,current,MULTI_ROUTER_ROUTER,ws,65536,server_rcv_pending_end,0.000
RESULT,current,MULTI_ROUTER_ROUTER,ws,65536,server_rcv_pending_max,0.000
RESULT,current,MULTI_ROUTER_ROUTER,ws,65536,server_snd_pending_max,0.000
RESULT,current,MULTI_ROUTER_ROUTER,ws,65536,throughput,96448.400
RESULT,current,MULTI_ROUTER_ROUTER,ws,131072,bandwidth,8323.491
RESULT,current,MULTI_ROUTER_ROUTER,ws,131072,latency,3136.943
RESULT,current,MULTI_ROUTER_ROUTER,ws,131072,latency_p95,4119.000
RESULT,current,MULTI_ROUTER_ROUTER,ws,131072,latency_p99,4552.215
RESULT,current,MULTI_ROUTER_ROUTER,ws,131072,server_cpu_pct,18.340
RESULT,current,MULTI_ROUTER_ROUTER,ws,131072,server_mem_mb,35.940
RESULT,current,MULTI_ROUTER_ROUTER,ws,131072,server_rcv_pending_end,0.000
RESULT,current,MULTI_ROUTER_ROUTER,ws,131072,server_rcv_pending_max,0.000
RESULT,current,MULTI_ROUTER_ROUTER,ws,131072,server_snd_pending_max,0.000
RESULT,current,MULTI_ROUTER_ROUTER,ws,131072,throughput,31751.600
RESULT,current,MULTI_ROUTER_ROUTER,ws,262144,bandwidth,8721.845
RESULT,current,MULTI_ROUTER_ROUTER,ws,262144,latency,5997.040
RESULT,current,MULTI_ROUTER_ROUTER,ws,262144,latency_p95,9714.500
RESULT,current,MULTI_ROUTER_ROUTER,ws,262144,latency_p99,10575.000
RESULT,current,MULTI_ROUTER_ROUTER,ws,262144,server_cpu_pct,17.260
RESULT,current,MULTI_ROUTER_ROUTER,ws,262144,server_mem_mb,47.940
RESULT,current,MULTI_ROUTER_ROUTER,ws,262144,server_rcv_pending_end,0.000
RESULT,current,MULTI_ROUTER_ROUTER,ws,262144,server_rcv_pending_max,0.000
RESULT,current,MULTI_ROUTER_ROUTER,ws,262144,server_snd_pending_max,0.000
RESULT,current,MULTI_ROUTER_ROUTER,ws,262144,throughput,16635.600
RESULT,current,MULTI_ROUTER_ROUTER,wss,64,bandwidth,89.213
RESULT,current,MULTI_ROUTER_ROUTER,wss,64,latency,143.179
RESULT,current,MULTI_ROUTER_ROUTER,wss,64,latency_p95,244.500
RESULT,current,MULTI_ROUTER_ROUTER,wss,64,latency_p99,307.500
RESULT,current,MULTI_ROUTER_ROUTER,wss,64,server_cpu_pct,18.920
RESULT,current,MULTI_ROUTER_ROUTER,wss,64,server_mem_mb,31.210
RESULT,current,MULTI_ROUTER_ROUTER,wss,64,server_rcv_pending_end,0.000
RESULT,current,MULTI_ROUTER_ROUTER,wss,64,server_rcv_pending_max,0.000
RESULT,current,MULTI_ROUTER_ROUTER,wss,64,server_snd_pending_max,0.000
RESULT,current,MULTI_ROUTER_ROUTER,wss,64,throughput,696978.600
RESULT,current,MULTI_ROUTER_ROUTER,wss,256,bandwidth,349.534
RESULT,current,MULTI_ROUTER_ROUTER,wss,256,latency,146.189
RESULT,current,MULTI_ROUTER_ROUTER,wss,256,latency_p95,244.500
RESULT,current,MULTI_ROUTER_ROUTER,wss,256,latency_p99,311.500
RESULT,current,MULTI_ROUTER_ROUTER,wss,256,server_cpu_pct,19.050
RESULT,current,MULTI_ROUTER_ROUTER,wss,256,server_mem_mb,31.720
RESULT,current,MULTI_ROUTER_ROUTER,wss,256,server_rcv_pending_end,0.000
RESULT,current,MULTI_ROUTER_ROUTER,wss,256,server_rcv_pending_max,0.000
RESULT,current,MULTI_ROUTER_ROUTER,wss,256,server_snd_pending_max,0.000
RESULT,current,MULTI_ROUTER_ROUTER,wss,256,throughput,682683.000
RESULT,current,MULTI_ROUTER_ROUTER,wss,1024,bandwidth,1248.164
RESULT,current,MULTI_ROUTER_ROUTER,wss,1024,latency,163.768
RESULT,current,MULTI_ROUTER_ROUTER,wss,1024,latency_p95,284.500
RESULT,current,MULTI_ROUTER_ROUTER,wss,1024,latency_p99,364.000
RESULT,current,MULTI_ROUTER_ROUTER,wss,1024,server_cpu_pct,19.240
RESULT,current,MULTI_ROUTER_ROUTER,wss,1024,server_mem_mb,31.220
RESULT,current,MULTI_ROUTER_ROUTER,wss,1024,server_rcv_pending_end,0.000
RESULT,current,MULTI_ROUTER_ROUTER,wss,1024,server_rcv_pending_max,0.000
RESULT,current,MULTI_ROUTER_ROUTER,wss,1024,server_snd_pending_max,0.000
RESULT,current,MULTI_ROUTER_ROUTER,wss,1024,throughput,609455.000
RESULT,current,MULTI_ROUTER_ROUTER,wss,65536,bandwidth,3955.832
RESULT,current,MULTI_ROUTER_ROUTER,wss,65536,latency,3309.517
RESULT,current,MULTI_ROUTER_ROUTER,wss,65536,latency_p95,4364.950
RESULT,current,MULTI_ROUTER_ROUTER,wss,65536,latency_p99,4830.000
RESULT,current,MULTI_ROUTER_ROUTER,wss,65536,server_cpu_pct,17.730
RESULT,current,MULTI_ROUTER_ROUTER,wss,65536,server_mem_mb,49.840
RESULT,current,MULTI_ROUTER_ROUTER,wss,65536,server_rcv_pending_end,0.000
RESULT,current,MULTI_ROUTER_ROUTER,wss,65536,server_rcv_pending_max,0.000
RESULT,current,MULTI_ROUTER_ROUTER,wss,65536,server_snd_pending_max,0.000
RESULT,current,MULTI_ROUTER_ROUTER,wss,65536,throughput,30180.600
RESULT,current,MULTI_ROUTER_ROUTER,wss,131072,bandwidth,4190.372
RESULT,current,MULTI_ROUTER_ROUTER,wss,131072,latency,6242.313
RESULT,current,MULTI_ROUTER_ROUTER,wss,131072,latency_p95,9012.900
RESULT,current,MULTI_ROUTER_ROUTER,wss,131072,latency_p99,9487.380
RESULT,current,MULTI_ROUTER_ROUTER,wss,131072,server_cpu_pct,17.200
RESULT,current,MULTI_ROUTER_ROUTER,wss,131072,server_mem_mb,52.750
RESULT,current,MULTI_ROUTER_ROUTER,wss,131072,server_rcv_pending_end,0.000
RESULT,current,MULTI_ROUTER_ROUTER,wss,131072,server_rcv_pending_max,0.000
RESULT,current,MULTI_ROUTER_ROUTER,wss,131072,server_snd_pending_max,0.000
RESULT,current,MULTI_ROUTER_ROUTER,wss,131072,throughput,15985.000
RESULT,current,MULTI_ROUTER_ROUTER,wss,262144,bandwidth,4396.050
RESULT,current,MULTI_ROUTER_ROUTER,wss,262144,latency,11886.997
RESULT,current,MULTI_ROUTER_ROUTER,wss,262144,latency_p95,13161.500
RESULT,current,MULTI_ROUTER_ROUTER,wss,262144,latency_p99,14174.885
RESULT,current,MULTI_ROUTER_ROUTER,wss,262144,server_cpu_pct,15.050
RESULT,current,MULTI_ROUTER_ROUTER,wss,262144,server_mem_mb,53.800
RESULT,current,MULTI_ROUTER_ROUTER,wss,262144,server_rcv_pending_end,0.000
RESULT,current,MULTI_ROUTER_ROUTER,wss,262144,server_rcv_pending_max,0.000
RESULT,current,MULTI_ROUTER_ROUTER,wss,262144,server_snd_pending_max,0.000
RESULT,current,MULTI_ROUTER_ROUTER,wss,262144,throughput,8384.800
RESULT,current,MULTI_SPOT,tcp,64,bandwidth,246.918
RESULT,current,MULTI_SPOT,tcp,64,latency,1283375.326
RESULT,current,MULTI_SPOT,tcp,64,latency_p95,1825732.250
RESULT,current,MULTI_SPOT,tcp,64,latency_p99,1874639.020
RESULT,current,MULTI_SPOT,tcp,64,server_cpu_pct,15.590
RESULT,current,MULTI_SPOT,tcp,64,server_mem_mb,20.470
RESULT,current,MULTI_SPOT,tcp,64,server_rcv_pending_end,0.000
RESULT,current,MULTI_SPOT,tcp,64,server_rcv_pending_max,0.000
RESULT,current,MULTI_SPOT,tcp,64,server_snd_pending_max,0.000
RESULT,current,MULTI_SPOT,tcp,64,throughput,3858089.000
RESULT,current,MULTI_SPOT,tcp,256,bandwidth,556.532
RESULT,current,MULTI_SPOT,tcp,256,latency,1047079.844
RESULT,current,MULTI_SPOT,tcp,256,latency_p95,2048458.450
RESULT,current,MULTI_SPOT,tcp,256,latency_p99,2291946.420
RESULT,current,MULTI_SPOT,tcp,256,server_cpu_pct,11.840
RESULT,current,MULTI_SPOT,tcp,256,server_mem_mb,22.500
RESULT,current,MULTI_SPOT,tcp,256,server_rcv_pending_end,0.000
RESULT,current,MULTI_SPOT,tcp,256,server_rcv_pending_max,0.000
RESULT,current,MULTI_SPOT,tcp,256,server_snd_pending_max,0.000
RESULT,current,MULTI_SPOT,tcp,256,throughput,2173953.000
RESULT,current,MULTI_SPOT,tcp,1024,bandwidth,1045.087
RESULT,current,MULTI_SPOT,tcp,1024,latency,314618.843
RESULT,current,MULTI_SPOT,tcp,1024,latency_p95,703918.750
RESULT,current,MULTI_SPOT,tcp,1024,latency_p99,1429290.190
RESULT,current,MULTI_SPOT,tcp,1024,server_cpu_pct,8.950
RESULT,current,MULTI_SPOT,tcp,1024,server_mem_mb,31.500
RESULT,current,MULTI_SPOT,tcp,1024,server_rcv_pending_end,0.000
RESULT,current,MULTI_SPOT,tcp,1024,server_rcv_pending_max,0.000
RESULT,current,MULTI_SPOT,tcp,1024,server_snd_pending_max,0.000
RESULT,current,MULTI_SPOT,tcp,1024,throughput,1020592.600
RESULT,current,MULTI_SPOT,tcp,65536,bandwidth,3566.535
RESULT,current,MULTI_SPOT,tcp,65536,latency,366450.720
RESULT,current,MULTI_SPOT,tcp,65536,latency_p95,533558.250
RESULT,current,MULTI_SPOT,tcp,65536,latency_p99,598193.200
RESULT,current,MULTI_SPOT,tcp,65536,server_cpu_pct,10.700
RESULT,current,MULTI_SPOT,tcp,65536,server_mem_mb,269.360
RESULT,current,MULTI_SPOT,tcp,65536,server_rcv_pending_end,0.000
RESULT,current,MULTI_SPOT,tcp,65536,server_rcv_pending_max,0.000
RESULT,current,MULTI_SPOT,tcp,65536,server_snd_pending_max,0.000
RESULT,current,MULTI_SPOT,tcp,65536,throughput,54421.000
RESULT,current,MULTI_SPOT,tcp,131072,bandwidth,4127.955
RESULT,current,MULTI_SPOT,tcp,131072,latency,438916.838
RESULT,current,MULTI_SPOT,tcp,131072,latency_p95,560094.850
RESULT,current,MULTI_SPOT,tcp,131072,latency_p99,608750.220
RESULT,current,MULTI_SPOT,tcp,131072,server_cpu_pct,11.550
RESULT,current,MULTI_SPOT,tcp,131072,server_mem_mb,348.920
RESULT,current,MULTI_SPOT,tcp,131072,server_rcv_pending_end,0.000
RESULT,current,MULTI_SPOT,tcp,131072,server_rcv_pending_max,0.000
RESULT,current,MULTI_SPOT,tcp,131072,server_snd_pending_max,0.000
RESULT,current,MULTI_SPOT,tcp,131072,throughput,31493.800
RESULT,current,MULTI_SPOT,tcp,262144,bandwidth,3875.537
RESULT,current,MULTI_SPOT,tcp,262144,latency,670850.432
RESULT,current,MULTI_SPOT,tcp,262144,latency_p95,836076.100
RESULT,current,MULTI_SPOT,tcp,262144,latency_p99,871828.750
RESULT,current,MULTI_SPOT,tcp,262144,server_cpu_pct,12.200
RESULT,current,MULTI_SPOT,tcp,262144,server_mem_mb,166.500
RESULT,current,MULTI_SPOT,tcp,262144,server_rcv_pending_end,0.000
RESULT,current,MULTI_SPOT,tcp,262144,server_rcv_pending_max,0.000
RESULT,current,MULTI_SPOT,tcp,262144,server_snd_pending_max,0.000
RESULT,current,MULTI_SPOT,tcp,262144,throughput,14784.000
RESULT,current,MULTI_SPOT,tls,64,bandwidth,70.963
RESULT,current,MULTI_SPOT,tls,64,latency,2341590.780
RESULT,current,MULTI_SPOT,tls,64,latency_p95,4205017.500
RESULT,current,MULTI_SPOT,tls,64,latency_p99,4473049.500
RESULT,current,MULTI_SPOT,tls,64,server_cpu_pct,10.280
RESULT,current,MULTI_SPOT,tls,64,server_mem_mb,43.560
RESULT,current,MULTI_SPOT,tls,64,server_rcv_pending_end,0.000
RESULT,current,MULTI_SPOT,tls,64,server_rcv_pending_max,0.000
RESULT,current,MULTI_SPOT,tls,64,server_snd_pending_max,0.000
RESULT,current,MULTI_SPOT,tls,64,throughput,1108790.600
RESULT,current,MULTI_SPOT,tls,256,bandwidth,273.741
RESULT,current,MULTI_SPOT,tls,256,latency,1518819.878
RESULT,current,MULTI_SPOT,tls,256,latency_p95,2999053.800
RESULT,current,MULTI_SPOT,tls,256,latency_p99,3965193.330
RESULT,current,MULTI_SPOT,tls,256,server_cpu_pct,9.280
RESULT,current,MULTI_SPOT,tls,256,server_mem_mb,45.460
RESULT,current,MULTI_SPOT,tls,256,server_rcv_pending_end,0.000
RESULT,current,MULTI_SPOT,tls,256,server_rcv_pending_max,0.000
RESULT,current,MULTI_SPOT,tls,256,server_snd_pending_max,0.000
RESULT,current,MULTI_SPOT,tls,256,throughput,1069301.600
RESULT,current,MULTI_SPOT,tls,1024,bandwidth,948.509
RESULT,current,MULTI_SPOT,tls,1024,latency,798348.421
RESULT,current,MULTI_SPOT,tls,1024,latency_p95,2703382.000
RESULT,current,MULTI_SPOT,tls,1024,latency_p99,2930753.680
RESULT,current,MULTI_SPOT,tls,1024,server_cpu_pct,10.930
RESULT,current,MULTI_SPOT,tls,1024,server_mem_mb,54.880
RESULT,current,MULTI_SPOT,tls,1024,server_rcv_pending_end,0.000
RESULT,current,MULTI_SPOT,tls,1024,server_rcv_pending_max,0.000
RESULT,current,MULTI_SPOT,tls,1024,server_snd_pending_max,0.000
RESULT,current,MULTI_SPOT,tls,1024,throughput,926278.600
RESULT,current,MULTI_SPOT,tls,65536,bandwidth,2356.137
RESULT,current,MULTI_SPOT,tls,65536,latency,447940.681
RESULT,current,MULTI_SPOT,tls,65536,latency_p95,1198344.000
RESULT,current,MULTI_SPOT,tls,65536,latency_p99,1496863.420
RESULT,current,MULTI_SPOT,tls,65536,server_cpu_pct,10.820
RESULT,current,MULTI_SPOT,tls,65536,server_mem_mb,263.560
RESULT,current,MULTI_SPOT,tls,65536,server_rcv_pending_end,0.000
RESULT,current,MULTI_SPOT,tls,65536,server_rcv_pending_max,0.000
RESULT,current,MULTI_SPOT,tls,65536,server_snd_pending_max,0.000
RESULT,current,MULTI_SPOT,tls,65536,throughput,35951.800
RESULT,current,MULTI_SPOT,tls,131072,bandwidth,1479.200
RESULT,current,MULTI_SPOT,tls,131072,latency,1154227.651
RESULT,current,MULTI_SPOT,tls,131072,latency_p95,1553105.600
RESULT,current,MULTI_SPOT,tls,131072,latency_p99,1687120.920
RESULT,current,MULTI_SPOT,tls,131072,server_cpu_pct,9.080
RESULT,current,MULTI_SPOT,tls,131072,server_mem_mb,251.450
RESULT,current,MULTI_SPOT,tls,131072,server_rcv_pending_end,0.000
RESULT,current,MULTI_SPOT,tls,131072,server_rcv_pending_max,0.000
RESULT,current,MULTI_SPOT,tls,131072,server_snd_pending_max,0.000
RESULT,current,MULTI_SPOT,tls,131072,throughput,11285.400
RESULT,current,MULTI_SPOT,tls,262144,bandwidth,2096.313
RESULT,current,MULTI_SPOT,tls,262144,latency,814395.285
RESULT,current,MULTI_SPOT,tls,262144,latency_p95,1712157.500
RESULT,current,MULTI_SPOT,tls,262144,latency_p99,2028132.500
RESULT,current,MULTI_SPOT,tls,262144,server_cpu_pct,11.220
RESULT,current,MULTI_SPOT,tls,262144,server_mem_mb,189.180
RESULT,current,MULTI_SPOT,tls,262144,server_rcv_pending_end,0.000
RESULT,current,MULTI_SPOT,tls,262144,server_rcv_pending_max,0.000
RESULT,current,MULTI_SPOT,tls,262144,server_snd_pending_max,0.000
RESULT,current,MULTI_SPOT,tls,262144,throughput,7996.800
RESULT,current,MULTI_SPOT,ws,64,bandwidth,31.303
RESULT,current,MULTI_SPOT,ws,64,latency,3784451.420
RESULT,current,MULTI_SPOT,ws,64,latency_p95,4762838.600
RESULT,current,MULTI_SPOT,ws,64,latency_p99,5095809.720
RESULT,current,MULTI_SPOT,ws,64,server_cpu_pct,10.040
RESULT,current,MULTI_SPOT,ws,64,server_mem_mb,22.150
RESULT,current,MULTI_SPOT,ws,64,server_rcv_pending_end,0.000
RESULT,current,MULTI_SPOT,ws,64,server_rcv_pending_max,0.000
RESULT,current,MULTI_SPOT,ws,64,server_snd_pending_max,0.000
RESULT,current,MULTI_SPOT,ws,64,throughput,489107.600
RESULT,current,MULTI_SPOT,ws,256,bandwidth,190.133
RESULT,current,MULTI_SPOT,ws,256,latency,1637232.839
RESULT,current,MULTI_SPOT,ws,256,latency_p95,3173027.950
RESULT,current,MULTI_SPOT,ws,256,latency_p99,3859323.350
RESULT,current,MULTI_SPOT,ws,256,server_cpu_pct,9.460
RESULT,current,MULTI_SPOT,ws,256,server_mem_mb,24.060
RESULT,current,MULTI_SPOT,ws,256,server_rcv_pending_end,0.000
RESULT,current,MULTI_SPOT,ws,256,server_rcv_pending_max,0.000
RESULT,current,MULTI_SPOT,ws,256,server_snd_pending_max,0.000
RESULT,current,MULTI_SPOT,ws,256,throughput,742707.800
RESULT,current,MULTI_SPOT,ws,1024,bandwidth,696.605
RESULT,current,MULTI_SPOT,ws,1024,latency,461187.350
RESULT,current,MULTI_SPOT,ws,1024,latency_p95,1307760.200
RESULT,current,MULTI_SPOT,ws,1024,latency_p99,2287184.330
RESULT,current,MULTI_SPOT,ws,1024,server_cpu_pct,8.710
RESULT,current,MULTI_SPOT,ws,1024,server_mem_mb,32.860
RESULT,current,MULTI_SPOT,ws,1024,server_rcv_pending_end,0.000
RESULT,current,MULTI_SPOT,ws,1024,server_rcv_pending_max,0.000
RESULT,current,MULTI_SPOT,ws,1024,server_snd_pending_max,0.000
RESULT,current,MULTI_SPOT,ws,1024,throughput,680278.400
RESULT,current,MULTI_SPOT,ws,65536,bandwidth,2535.824
RESULT,current,MULTI_SPOT,ws,65536,latency,374074.383
RESULT,current,MULTI_SPOT,ws,65536,latency_p95,685961.000
RESULT,current,MULTI_SPOT,ws,65536,latency_p99,757861.420
RESULT,current,MULTI_SPOT,ws,65536,server_cpu_pct,9.660
RESULT,current,MULTI_SPOT,ws,65536,server_mem_mb,259.120
RESULT,current,MULTI_SPOT,ws,65536,server_rcv_pending_end,0.000
RESULT,current,MULTI_SPOT,ws,65536,server_rcv_pending_max,0.000
RESULT,current,MULTI_SPOT,ws,65536,server_snd_pending_max,0.000
RESULT,current,MULTI_SPOT,ws,65536,throughput,38693.600
RESULT,current,MULTI_SPOT,ws,131072,bandwidth,2720.137
RESULT,current,MULTI_SPOT,ws,131072,latency,538272.027
RESULT,current,MULTI_SPOT,ws,131072,latency_p95,815259.300
RESULT,current,MULTI_SPOT,ws,131072,latency_p99,934103.270
RESULT,current,MULTI_SPOT,ws,131072,server_cpu_pct,9.910
RESULT,current,MULTI_SPOT,ws,131072,server_mem_mb,274.830
RESULT,current,MULTI_SPOT,ws,131072,server_rcv_pending_end,0.000
RESULT,current,MULTI_SPOT,ws,131072,server_rcv_pending_max,0.000
RESULT,current,MULTI_SPOT,ws,131072,server_snd_pending_max,0.000
RESULT,current,MULTI_SPOT,ws,131072,throughput,20753.000
RESULT,current,MULTI_SPOT,ws,262144,bandwidth,2957.456
RESULT,current,MULTI_SPOT,ws,262144,latency,823482.998
RESULT,current,MULTI_SPOT,ws,262144,latency_p95,1093615.600
RESULT,current,MULTI_SPOT,ws,262144,latency_p99,1175293.960
RESULT,current,MULTI_SPOT,ws,262144,server_cpu_pct,10.510
RESULT,current,MULTI_SPOT,ws,262144,server_mem_mb,155.450
RESULT,current,MULTI_SPOT,ws,262144,server_rcv_pending_end,0.000
RESULT,current,MULTI_SPOT,ws,262144,server_rcv_pending_max,0.000
RESULT,current,MULTI_SPOT,ws,262144,server_snd_pending_max,0.000
RESULT,current,MULTI_SPOT,ws,262144,throughput,11281.800
RESULT,current,MULTI_SPOT,wss,64,bandwidth,64.664
RESULT,current,MULTI_SPOT,wss,64,latency,840365.105
RESULT,current,MULTI_SPOT,wss,64,latency_p95,3757259.850
RESULT,current,MULTI_SPOT,wss,64,latency_p99,3930760.890
RESULT,current,MULTI_SPOT,wss,64,server_cpu_pct,7.800
RESULT,current,MULTI_SPOT,wss,64,server_mem_mb,46.800
RESULT,current,MULTI_SPOT,wss,64,server_rcv_pending_end,0.000
RESULT,current,MULTI_SPOT,wss,64,server_rcv_pending_max,0.000
RESULT,current,MULTI_SPOT,wss,64,server_snd_pending_max,0.000
RESULT,current,MULTI_SPOT,wss,64,throughput,1010382.600
RESULT,current,MULTI_SPOT,wss,256,bandwidth,158.329
RESULT,current,MULTI_SPOT,wss,256,latency,1157769.970
RESULT,current,MULTI_SPOT,wss,256,latency_p95,3890807.300
RESULT,current,MULTI_SPOT,wss,256,latency_p99,4070446.620
RESULT,current,MULTI_SPOT,wss,256,server_cpu_pct,7.890
RESULT,current,MULTI_SPOT,wss,256,server_mem_mb,48.910
RESULT,current,MULTI_SPOT,wss,256,server_rcv_pending_end,0.000
RESULT,current,MULTI_SPOT,wss,256,server_rcv_pending_max,0.000
RESULT,current,MULTI_SPOT,wss,256,server_snd_pending_max,0.000
RESULT,current,MULTI_SPOT,wss,256,throughput,618471.800
RESULT,current,MULTI_SPOT,wss,1024,bandwidth,597.936
RESULT,current,MULTI_SPOT,wss,1024,latency,852240.683
RESULT,current,MULTI_SPOT,wss,1024,latency_p95,3379299.250
RESULT,current,MULTI_SPOT,wss,1024,latency_p99,3660350.070
RESULT,current,MULTI_SPOT,wss,1024,server_cpu_pct,8.270
RESULT,current,MULTI_SPOT,wss,1024,server_mem_mb,58.600
RESULT,current,MULTI_SPOT,wss,1024,server_rcv_pending_end,0.000
RESULT,current,MULTI_SPOT,wss,1024,server_rcv_pending_max,0.000
RESULT,current,MULTI_SPOT,wss,1024,server_snd_pending_max,0.000
RESULT,current,MULTI_SPOT,wss,1024,throughput,583921.800
RESULT,current,MULTI_SPOT,wss,65536,bandwidth,3174.210
RESULT,current,MULTI_SPOT,wss,65536,latency,358286.615
RESULT,current,MULTI_SPOT,wss,65536,latency_p95,1581465.950
RESULT,current,MULTI_SPOT,wss,65536,latency_p99,1992089.450
RESULT,current,MULTI_SPOT,wss,65536,server_cpu_pct,10.270
RESULT,current,MULTI_SPOT,wss,65536,server_mem_mb,254.380
RESULT,current,MULTI_SPOT,wss,65536,server_rcv_pending_end,0.000
RESULT,current,MULTI_SPOT,wss,65536,server_rcv_pending_max,0.000
RESULT,current,MULTI_SPOT,wss,65536,server_snd_pending_max,0.000
RESULT,current,MULTI_SPOT,wss,65536,throughput,48434.600
RESULT,current,MULTI_SPOT,wss,131072,bandwidth,1689.099
RESULT,current,MULTI_SPOT,wss,131072,latency,723052.747
RESULT,current,MULTI_SPOT,wss,131072,latency_p95,2462354.750
RESULT,current,MULTI_SPOT,wss,131072,latency_p99,2659763.000
RESULT,current,MULTI_SPOT,wss,131072,server_cpu_pct,7.830
RESULT,current,MULTI_SPOT,wss,131072,server_mem_mb,225.640
RESULT,current,MULTI_SPOT,wss,131072,server_rcv_pending_end,0.000
RESULT,current,MULTI_SPOT,wss,131072,server_rcv_pending_max,0.000
RESULT,current,MULTI_SPOT,wss,131072,server_snd_pending_max,0.000
RESULT,current,MULTI_SPOT,wss,131072,throughput,12886.800
RESULT,current,MULTI_SPOT,wss,262144,bandwidth,1009.674
RESULT,current,MULTI_SPOT,wss,262144,latency,2223539.572
RESULT,current,MULTI_SPOT,wss,262144,latency_p95,2749804.400
RESULT,current,MULTI_SPOT,wss,262144,latency_p99,2838869.080
RESULT,current,MULTI_SPOT,wss,262144,server_cpu_pct,6.500
RESULT,current,MULTI_SPOT,wss,262144,server_mem_mb,185.320
RESULT,current,MULTI_SPOT,wss,262144,server_rcv_pending_end,0.000
RESULT,current,MULTI_SPOT,wss,262144,server_rcv_pending_max,0.000
RESULT,current,MULTI_SPOT,wss,262144,server_snd_pending_max,0.000
RESULT,current,MULTI_SPOT,wss,262144,throughput,3851.600
RESULT,current,MULTI_STREAM,tcp,64,bandwidth,47.964
RESULT,current,MULTI_STREAM,tcp,64,latency,26759.586
RESULT,current,MULTI_STREAM,tcp,64,latency_p95,28171.000
RESULT,current,MULTI_STREAM,tcp,64,latency_p99,34478.000
RESULT,current,MULTI_STREAM,tcp,64,server_cpu_pct,14.420
RESULT,current,MULTI_STREAM,tcp,64,server_mem_mb,614.280
RESULT,current,MULTI_STREAM,tcp,64,server_rcv_pending_end,0.000
RESULT,current,MULTI_STREAM,tcp,64,server_rcv_pending_max,0.000
RESULT,current,MULTI_STREAM,tcp,64,server_snd_pending_max,0.000
RESULT,current,MULTI_STREAM,tcp,64,throughput,374715.600
RESULT,current,MULTI_STREAM,tcp,256,bandwidth,173.664
RESULT,current,MULTI_STREAM,tcp,256,latency,27979.068
RESULT,current,MULTI_STREAM,tcp,256,latency_p95,28937.000
RESULT,current,MULTI_STREAM,tcp,256,latency_p99,29733.000
RESULT,current,MULTI_STREAM,tcp,256,server_cpu_pct,15.010
RESULT,current,MULTI_STREAM,tcp,256,server_mem_mb,602.750
RESULT,current,MULTI_STREAM,tcp,256,server_rcv_pending_end,0.000
RESULT,current,MULTI_STREAM,tcp,256,server_rcv_pending_max,0.000
RESULT,current,MULTI_STREAM,tcp,256,server_snd_pending_max,0.000
RESULT,current,MULTI_STREAM,tcp,256,throughput,339187.400
RESULT,current,MULTI_STREAM,tcp,1024,bandwidth,718.327
RESULT,current,MULTI_STREAM,tcp,1024,latency,28476.145
RESULT,current,MULTI_STREAM,tcp,1024,latency_p95,28958.000
RESULT,current,MULTI_STREAM,tcp,1024,latency_p99,29191.000
RESULT,current,MULTI_STREAM,tcp,1024,server_cpu_pct,14.160
RESULT,current,MULTI_STREAM,tcp,1024,server_mem_mb,604.510
RESULT,current,MULTI_STREAM,tcp,1024,server_rcv_pending_end,0.000
RESULT,current,MULTI_STREAM,tcp,1024,server_rcv_pending_max,0.000
RESULT,current,MULTI_STREAM,tcp,1024,server_snd_pending_max,0.000
RESULT,current,MULTI_STREAM,tcp,1024,throughput,350745.800
RESULT,current,MULTI_STREAM,tcp,65536,bandwidth,8745.779
RESULT,current,MULTI_STREAM,tcp,65536,latency,147176.182
RESULT,current,MULTI_STREAM,tcp,65536,latency_p95,160075.800
RESULT,current,MULTI_STREAM,tcp,65536,latency_p99,187874.000
RESULT,current,MULTI_STREAM,tcp,65536,server_cpu_pct,17.180
RESULT,current,MULTI_STREAM,tcp,65536,server_mem_mb,1620.620
RESULT,current,MULTI_STREAM,tcp,65536,server_rcv_pending_end,0.000
RESULT,current,MULTI_STREAM,tcp,65536,server_rcv_pending_max,0.000
RESULT,current,MULTI_STREAM,tcp,65536,server_snd_pending_max,0.000
RESULT,current,MULTI_STREAM,tcp,65536,throughput,66725.000
RESULT,current,MULTI_STREAM,tls,64,bandwidth,32.945
RESULT,current,MULTI_STREAM,tls,64,latency,39092.381
RESULT,current,MULTI_STREAM,tls,64,latency_p95,41363.000
RESULT,current,MULTI_STREAM,tls,64,latency_p99,44521.000
RESULT,current,MULTI_STREAM,tls,64,server_cpu_pct,12.770
RESULT,current,MULTI_STREAM,tls,64,server_mem_mb,1517.570
RESULT,current,MULTI_STREAM,tls,64,server_rcv_pending_end,0.000
RESULT,current,MULTI_STREAM,tls,64,server_rcv_pending_max,0.000
RESULT,current,MULTI_STREAM,tls,64,server_snd_pending_max,0.000
RESULT,current,MULTI_STREAM,tls,64,throughput,257386.600
RESULT,current,MULTI_STREAM,tls,256,bandwidth,125.602
RESULT,current,MULTI_STREAM,tls,256,latency,40744.346
RESULT,current,MULTI_STREAM,tls,256,latency_p95,45458.000
RESULT,current,MULTI_STREAM,tls,256,latency_p99,49859.000
RESULT,current,MULTI_STREAM,tls,256,server_cpu_pct,12.870
RESULT,current,MULTI_STREAM,tls,256,server_mem_mb,1513.780
RESULT,current,MULTI_STREAM,tls,256,server_rcv_pending_end,0.000
RESULT,current,MULTI_STREAM,tls,256,server_rcv_pending_max,0.000
RESULT,current,MULTI_STREAM,tls,256,server_snd_pending_max,0.000
RESULT,current,MULTI_STREAM,tls,256,throughput,245316.400
RESULT,current,MULTI_STREAM,tls,1024,bandwidth,420.717
RESULT,current,MULTI_STREAM,tls,1024,latency,48352.605
RESULT,current,MULTI_STREAM,tls,1024,latency_p95,55308.000
RESULT,current,MULTI_STREAM,tls,1024,latency_p99,58258.000
RESULT,current,MULTI_STREAM,tls,1024,server_cpu_pct,13.770
RESULT,current,MULTI_STREAM,tls,1024,server_mem_mb,1513.030
RESULT,current,MULTI_STREAM,tls,1024,server_rcv_pending_end,0.000
RESULT,current,MULTI_STREAM,tls,1024,server_rcv_pending_max,0.000
RESULT,current,MULTI_STREAM,tls,1024,server_snd_pending_max,0.000
RESULT,current,MULTI_STREAM,tls,1024,throughput,205428.000
RESULT,current,MULTI_STREAM,tls,65536,bandwidth,2674.236
RESULT,current,MULTI_STREAM,tls,65536,latency,464359.885
RESULT,current,MULTI_STREAM,tls,65536,latency_p95,536865.200
RESULT,current,MULTI_STREAM,tls,65536,latency_p99,750887.870
RESULT,current,MULTI_STREAM,tls,65536,server_cpu_pct,13.710
RESULT,current,MULTI_STREAM,tls,65536,server_mem_mb,2141.980
RESULT,current,MULTI_STREAM,tls,65536,server_rcv_pending_end,0.000
RESULT,current,MULTI_STREAM,tls,65536,server_rcv_pending_max,0.000
RESULT,current,MULTI_STREAM,tls,65536,server_snd_pending_max,0.000
RESULT,current,MULTI_STREAM,tls,65536,throughput,20402.800
RESULT,current,MULTI_STREAM,ws,64,bandwidth,43.949
RESULT,current,MULTI_STREAM,ws,64,latency,29080.602
RESULT,current,MULTI_STREAM,ws,64,latency_p95,30292.000
RESULT,current,MULTI_STREAM,ws,64,latency_p99,31343.000
RESULT,current,MULTI_STREAM,ws,64,server_cpu_pct,16.610
RESULT,current,MULTI_STREAM,ws,64,server_mem_mb,656.650
RESULT,current,MULTI_STREAM,ws,64,server_rcv_pending_end,0.000
RESULT,current,MULTI_STREAM,ws,64,server_rcv_pending_max,0.000
RESULT,current,MULTI_STREAM,ws,64,server_snd_pending_max,0.000
RESULT,current,MULTI_STREAM,ws,64,throughput,343352.400
RESULT,current,MULTI_STREAM,ws,256,bandwidth,181.026
RESULT,current,MULTI_STREAM,ws,256,latency,28393.917
RESULT,current,MULTI_STREAM,ws,256,latency_p95,29419.000
RESULT,current,MULTI_STREAM,ws,256,latency_p99,29850.000
RESULT,current,MULTI_STREAM,ws,256,server_cpu_pct,16.400
RESULT,current,MULTI_STREAM,ws,256,server_mem_mb,665.950
RESULT,current,MULTI_STREAM,ws,256,server_rcv_pending_end,0.000
RESULT,current,MULTI_STREAM,ws,256,server_rcv_pending_max,0.000
RESULT,current,MULTI_STREAM,ws,256,server_snd_pending_max,0.000
RESULT,current,MULTI_STREAM,ws,256,throughput,353565.600
RESULT,current,MULTI_STREAM,ws,1024,bandwidth,657.683
RESULT,current,MULTI_STREAM,ws,1024,latency,31515.708
RESULT,current,MULTI_STREAM,ws,1024,latency_p95,33815.000
RESULT,current,MULTI_STREAM,ws,1024,latency_p99,36041.000
RESULT,current,MULTI_STREAM,ws,1024,server_cpu_pct,16.350
RESULT,current,MULTI_STREAM,ws,1024,server_mem_mb,672.430
RESULT,current,MULTI_STREAM,ws,1024,server_rcv_pending_end,0.000
RESULT,current,MULTI_STREAM,ws,1024,server_rcv_pending_max,0.000
RESULT,current,MULTI_STREAM,ws,1024,server_snd_pending_max,0.000
RESULT,current,MULTI_STREAM,ws,1024,throughput,321134.400
RESULT,current,MULTI_STREAM,ws,65536,bandwidth,2054.160
RESULT,current,MULTI_STREAM,ws,65536,latency,600681.484
RESULT,current,MULTI_STREAM,ws,65536,latency_p95,781599.650
RESULT,current,MULTI_STREAM,ws,65536,latency_p99,988883.640
RESULT,current,MULTI_STREAM,ws,65536,server_cpu_pct,15.620
RESULT,current,MULTI_STREAM,ws,65536,server_mem_mb,3049.870
RESULT,current,MULTI_STREAM,ws,65536,server_rcv_pending_end,0.000
RESULT,current,MULTI_STREAM,ws,65536,server_rcv_pending_max,0.000
RESULT,current,MULTI_STREAM,ws,65536,server_snd_pending_max,0.000
RESULT,current,MULTI_STREAM,ws,65536,throughput,15672.000
RESULT,current,MULTI_STREAM,wss,64,bandwidth,28.246
RESULT,current,MULTI_STREAM,wss,64,latency,45139.668
RESULT,current,MULTI_STREAM,wss,64,latency_p95,49733.000
RESULT,current,MULTI_STREAM,wss,64,latency_p99,52961.000
RESULT,current,MULTI_STREAM,wss,64,server_cpu_pct,14.000
RESULT,current,MULTI_STREAM,wss,64,server_mem_mb,1552.310
RESULT,current,MULTI_STREAM,wss,64,server_rcv_pending_end,0.000
RESULT,current,MULTI_STREAM,wss,64,server_rcv_pending_max,0.000
RESULT,current,MULTI_STREAM,wss,64,server_snd_pending_max,0.000
RESULT,current,MULTI_STREAM,wss,64,throughput,220674.200
RESULT,current,MULTI_STREAM,wss,256,bandwidth,101.953
RESULT,current,MULTI_STREAM,wss,256,latency,49749.667
RESULT,current,MULTI_STREAM,wss,256,latency_p95,58531.000
RESULT,current,MULTI_STREAM,wss,256,latency_p99,68534.260
RESULT,current,MULTI_STREAM,wss,256,server_cpu_pct,13.970
RESULT,current,MULTI_STREAM,wss,256,server_mem_mb,1543.020
RESULT,current,MULTI_STREAM,wss,256,server_rcv_pending_end,0.000
RESULT,current,MULTI_STREAM,wss,256,server_rcv_pending_max,0.000
RESULT,current,MULTI_STREAM,wss,256,server_snd_pending_max,0.000
RESULT,current,MULTI_STREAM,wss,256,throughput,199127.400
RESULT,current,MULTI_STREAM,wss,1024,bandwidth,378.749
RESULT,current,MULTI_STREAM,wss,1024,latency,53676.849
RESULT,current,MULTI_STREAM,wss,1024,latency_p95,59397.000
RESULT,current,MULTI_STREAM,wss,1024,latency_p99,61509.000
RESULT,current,MULTI_STREAM,wss,1024,server_cpu_pct,13.890
RESULT,current,MULTI_STREAM,wss,1024,server_mem_mb,1544.560
RESULT,current,MULTI_STREAM,wss,1024,server_rcv_pending_end,0.000
RESULT,current,MULTI_STREAM,wss,1024,server_rcv_pending_max,0.000
RESULT,current,MULTI_STREAM,wss,1024,server_snd_pending_max,0.000
RESULT,current,MULTI_STREAM,wss,1024,throughput,184936.200
RESULT,current,MULTI_STREAM,wss,65536,bandwidth,1129.972
RESULT,current,MULTI_STREAM,wss,65536,latency,973813.569
RESULT,current,MULTI_STREAM,wss,65536,latency_p95,1452076.800
RESULT,current,MULTI_STREAM,wss,65536,latency_p99,1587963.920
RESULT,current,MULTI_STREAM,wss,65536,server_cpu_pct,12.570
RESULT,current,MULTI_STREAM,wss,65536,server_mem_mb,3693.830
RESULT,current,MULTI_STREAM,wss,65536,server_rcv_pending_end,0.000
RESULT,current,MULTI_STREAM,wss,65536,server_rcv_pending_max,0.000
RESULT,current,MULTI_STREAM,wss,65536,server_snd_pending_max,0.000
RESULT,current,MULTI_STREAM,wss,65536,throughput,8621.000

Saved result file: /home/hep7/project/kairos/zlink/core/perf/results/multi/report/perf_linux_recv_20260324_123623_final-multi.txt (status=complete)

## Status Summary
- success: 160
- unsupported: 0
- skip: 0
- fail: 0
- expected result lines: 800
- actual result lines: 800
- status: complete
Total benchmark time: 21m 21s (1281s, exit=0)
