=== Verifying stress test registration ===
=== Stress test registration verified ===
=== Repeating test_service_introspection_discovery_control_path (100 iterations) ===
--- test_service_introspection_discovery_control_path iteration 1/100 ---
Internal ctest changing into directory: /home/hep7/project/kairos/zlink/core/build
Test project /home/hep7/project/kairos/zlink/core/build
    Start 57: test_service_introspection_discovery_control_path
1/1 Test #57: test_service_introspection_discovery_control_path ...   Passed    0.03 sec

100% tests passed, 0 tests failed out of 1

Total Test time (real) =   0.04 sec
--- test_service_introspection_discovery_control_path iteration 2/100 ---
Internal ctest changing into directory: /home/hep7/project/kairos/zlink/core/build
Test project /home/hep7/project/kairos/zlink/core/build
    Start 57: test_service_introspection_discovery_control_path
1/1 Test #57: test_service_introspection_discovery_control_path ...   Passed    0.01 sec

100% tests passed, 0 tests failed out of 1

Total Test time (real) =   0.01 sec
--- test_service_introspection_discovery_control_path iteration 3/100 ---
Internal ctest changing into directory: /home/hep7/project/kairos/zlink/core/build
Test project /home/hep7/project/kairos/zlink/core/build
    Start 57: test_service_introspection_discovery_control_path
1/1 Test #57: test_service_introspection_discovery_control_path ...   Passed    0.01 sec

100% tests passed, 0 tests failed out of 1

Total Test time (real) =   0.01 sec
--- test_service_introspection_discovery_control_path iteration 4/100 ---
Internal ctest changing into directory: /home/hep7/project/kairos/zlink/core/build
Test project /home/hep7/project/kairos/zlink/core/build
    Start 57: test_service_introspection_discovery_control_path
1/1 Test #57: test_service_introspection_discovery_control_path ...   Passed    0.01 sec

100% tests passed, 0 tests failed out of 1

Total Test time (real) =   0.01 sec
--- test_service_introspection_discovery_control_path iteration 5/100 ---
Internal ctest changing into directory: /home/hep7/project/kairos/zlink/core/build
Test project /home/hep7/project/kairos/zlink/core/build
    Start 57: test_service_introspection_discovery_control_path
1/1 Test #57: test_service_introspection_discovery_control_path ...   Passed    0.01 sec

100% tests passed, 0 tests failed out of 1

Total Test time (real) =   0.01 sec
--- test_service_introspection_discovery_control_path iteration 6/100 ---
Internal ctest changing into directory: /home/hep7/project/kairos/zlink/core/build
Test project /home/hep7/project/kairos/zlink/core/build
    Start 57: test_service_introspection_discovery_control_path
1/1 Test #57: test_service_introspection_discovery_control_path ...   Passed    0.01 sec

100% tests passed, 0 tests failed out of 1

Total Test time (real) =   0.01 sec
--- test_service_introspection_discovery_control_path iteration 7/100 ---
Internal ctest changing into directory: /home/hep7/project/kairos/zlink/core/build
Test project /home/hep7/project/kairos/zlink/core/build
    Start 57: test_service_introspection_discovery_control_path
1/1 Test #57: test_service_introspection_discovery_control_path ...   Passed    0.01 sec

100% tests passed, 0 tests failed out of 1

Total Test time (real) =   0.01 sec
--- test_service_introspection_discovery_control_path iteration 8/100 ---
Internal ctest changing into directory: /home/hep7/project/kairos/zlink/core/build
Test project /home/hep7/project/kairos/zlink/core/build
    Start 57: test_service_introspection_discovery_control_path
1/1 Test #57: test_service_introspection_discovery_control_path ...   Passed    0.01 sec

100% tests passed, 0 tests failed out of 1

Total Test time (real) =   0.01 sec
--- test_service_introspection_discovery_control_path iteration 9/100 ---
Internal ctest changing into directory: /home/hep7/project/kairos/zlink/core/build
Test project /home/hep7/project/kairos/zlink/core/build
    Start 57: test_service_introspection_discovery_control_path
1/1 Test #57: test_service_introspection_discovery_control_path ...   Passed    0.01 sec

100% tests passed, 0 tests failed out of 1

Total Test time (real) =   0.01 sec
--- test_service_introspection_discovery_control_path iteration 10/100 ---
Internal ctest changing into directory: /home/hep7/project/kairos/zlink/core/build
Test project /home/hep7/project/kairos/zlink/core/build
    Start 57: test_service_introspection_discovery_control_path
1/1 Test #57: test_service_introspection_discovery_control_path ...   Passed    0.01 sec

100% tests passed, 0 tests failed out of 1

Total Test time (real) =   0.01 sec
--- test_service_introspection_discovery_control_path iteration 11/100 ---
Internal ctest changing into directory: /home/hep7/project/kairos/zlink/core/build
Test project /home/hep7/project/kairos/zlink/core/build
    Start 57: test_service_introspection_discovery_control_path
1/1 Test #57: test_service_introspection_discovery_control_path ...   Passed    0.01 sec

100% tests passed, 0 tests failed out of 1

Total Test time (real) =   0.01 sec
--- test_service_introspection_discovery_control_path iteration 12/100 ---
Internal ctest changing into directory: /home/hep7/project/kairos/zlink/core/build
Test project /home/hep7/project/kairos/zlink/core/build
    Start 57: test_service_introspection_discovery_control_path
1/1 Test #57: test_service_introspection_discovery_control_path ...   Passed    0.01 sec

100% tests passed, 0 tests failed out of 1

Total Test time (real) =   0.01 sec
--- test_service_introspection_discovery_control_path iteration 13/100 ---
Internal ctest changing into directory: /home/hep7/project/kairos/zlink/core/build
Test project /home/hep7/project/kairos/zlink/core/build
    Start 57: test_service_introspection_discovery_control_path
1/1 Test #57: test_service_introspection_discovery_control_path ...   Passed    0.01 sec

100% tests passed, 0 tests failed out of 1

Total Test time (real) =   0.01 sec
--- test_service_introspection_discovery_control_path iteration 14/100 ---
Internal ctest changing into directory: /home/hep7/project/kairos/zlink/core/build
Test project /home/hep7/project/kairos/zlink/core/build
    Start 57: test_service_introspection_discovery_control_path
1/1 Test #57: test_service_introspection_discovery_control_path ...   Passed    0.01 sec

100% tests passed, 0 tests failed out of 1

Total Test time (real) =   0.01 sec
--- test_service_introspection_discovery_control_path iteration 15/100 ---
Internal ctest changing into directory: /home/hep7/project/kairos/zlink/core/build
Test project /home/hep7/project/kairos/zlink/core/build
    Start 57: test_service_introspection_discovery_control_path
1/1 Test #57: test_service_introspection_discovery_control_path ...   Passed    0.01 sec

100% tests passed, 0 tests failed out of 1

Total Test time (real) =   0.01 sec
--- test_service_introspection_discovery_control_path iteration 16/100 ---
Internal ctest changing into directory: /home/hep7/project/kairos/zlink/core/build
Test project /home/hep7/project/kairos/zlink/core/build
    Start 57: test_service_introspection_discovery_control_path
1/1 Test #57: test_service_introspection_discovery_control_path ...   Passed    0.01 sec

100% tests passed, 0 tests failed out of 1

Total Test time (real) =   0.01 sec
--- test_service_introspection_discovery_control_path iteration 17/100 ---
Internal ctest changing into directory: /home/hep7/project/kairos/zlink/core/build
Test project /home/hep7/project/kairos/zlink/core/build
    Start 57: test_service_introspection_discovery_control_path
1/1 Test #57: test_service_introspection_discovery_control_path ...   Passed    0.01 sec

100% tests passed, 0 tests failed out of 1

Total Test time (real) =   0.01 sec
--- test_service_introspection_discovery_control_path iteration 18/100 ---
Internal ctest changing into directory: /home/hep7/project/kairos/zlink/core/build
Test project /home/hep7/project/kairos/zlink/core/build
    Start 57: test_service_introspection_discovery_control_path
1/1 Test #57: test_service_introspection_discovery_control_path ...   Passed    0.01 sec

100% tests passed, 0 tests failed out of 1

Total Test time (real) =   0.01 sec
--- test_service_introspection_discovery_control_path iteration 19/100 ---
Internal ctest changing into directory: /home/hep7/project/kairos/zlink/core/build
Test project /home/hep7/project/kairos/zlink/core/build
    Start 57: test_service_introspection_discovery_control_path
1/1 Test #57: test_service_introspection_discovery_control_path ...   Passed    0.01 sec

100% tests passed, 0 tests failed out of 1

Total Test time (real) =   0.01 sec
--- test_service_introspection_discovery_control_path iteration 20/100 ---
Internal ctest changing into directory: /home/hep7/project/kairos/zlink/core/build
Test project /home/hep7/project/kairos/zlink/core/build
    Start 57: test_service_introspection_discovery_control_path
1/1 Test #57: test_service_introspection_discovery_control_path ...   Passed    0.01 sec

100% tests passed, 0 tests failed out of 1

Total Test time (real) =   0.01 sec
--- test_service_introspection_discovery_control_path iteration 21/100 ---
Internal ctest changing into directory: /home/hep7/project/kairos/zlink/core/build
Test project /home/hep7/project/kairos/zlink/core/build
    Start 57: test_service_introspection_discovery_control_path
1/1 Test #57: test_service_introspection_discovery_control_path ...   Passed    0.01 sec

100% tests passed, 0 tests failed out of 1

Total Test time (real) =   0.01 sec
--- test_service_introspection_discovery_control_path iteration 22/100 ---
Internal ctest changing into directory: /home/hep7/project/kairos/zlink/core/build
Test project /home/hep7/project/kairos/zlink/core/build
    Start 57: test_service_introspection_discovery_control_path
1/1 Test #57: test_service_introspection_discovery_control_path ...   Passed    0.01 sec

100% tests passed, 0 tests failed out of 1

Total Test time (real) =   0.01 sec
--- test_service_introspection_discovery_control_path iteration 23/100 ---
Internal ctest changing into directory: /home/hep7/project/kairos/zlink/core/build
Test project /home/hep7/project/kairos/zlink/core/build
    Start 57: test_service_introspection_discovery_control_path
1/1 Test #57: test_service_introspection_discovery_control_path ...   Passed    0.01 sec

100% tests passed, 0 tests failed out of 1

Total Test time (real) =   0.01 sec
--- test_service_introspection_discovery_control_path iteration 24/100 ---
Internal ctest changing into directory: /home/hep7/project/kairos/zlink/core/build
Test project /home/hep7/project/kairos/zlink/core/build
    Start 57: test_service_introspection_discovery_control_path
1/1 Test #57: test_service_introspection_discovery_control_path ...   Passed    0.01 sec

100% tests passed, 0 tests failed out of 1

Total Test time (real) =   0.01 sec
--- test_service_introspection_discovery_control_path iteration 25/100 ---
Internal ctest changing into directory: /home/hep7/project/kairos/zlink/core/build
Test project /home/hep7/project/kairos/zlink/core/build
    Start 57: test_service_introspection_discovery_control_path
1/1 Test #57: test_service_introspection_discovery_control_path ...   Passed    0.01 sec

100% tests passed, 0 tests failed out of 1

Total Test time (real) =   0.01 sec
--- test_service_introspection_discovery_control_path iteration 26/100 ---
Internal ctest changing into directory: /home/hep7/project/kairos/zlink/core/build
Test project /home/hep7/project/kairos/zlink/core/build
    Start 57: test_service_introspection_discovery_control_path
1/1 Test #57: test_service_introspection_discovery_control_path ...   Passed    0.01 sec

100% tests passed, 0 tests failed out of 1

Total Test time (real) =   0.01 sec
--- test_service_introspection_discovery_control_path iteration 27/100 ---
Internal ctest changing into directory: /home/hep7/project/kairos/zlink/core/build
Test project /home/hep7/project/kairos/zlink/core/build
    Start 57: test_service_introspection_discovery_control_path
1/1 Test #57: test_service_introspection_discovery_control_path ...   Passed    0.01 sec

100% tests passed, 0 tests failed out of 1

Total Test time (real) =   0.01 sec
--- test_service_introspection_discovery_control_path iteration 28/100 ---
Internal ctest changing into directory: /home/hep7/project/kairos/zlink/core/build
Test project /home/hep7/project/kairos/zlink/core/build
    Start 57: test_service_introspection_discovery_control_path
1/1 Test #57: test_service_introspection_discovery_control_path ...   Passed    0.01 sec

100% tests passed, 0 tests failed out of 1

Total Test time (real) =   0.01 sec
--- test_service_introspection_discovery_control_path iteration 29/100 ---
Internal ctest changing into directory: /home/hep7/project/kairos/zlink/core/build
Test project /home/hep7/project/kairos/zlink/core/build
    Start 57: test_service_introspection_discovery_control_path
1/1 Test #57: test_service_introspection_discovery_control_path ...   Passed    0.01 sec

100% tests passed, 0 tests failed out of 1

Total Test time (real) =   0.01 sec
--- test_service_introspection_discovery_control_path iteration 30/100 ---
Internal ctest changing into directory: /home/hep7/project/kairos/zlink/core/build
Test project /home/hep7/project/kairos/zlink/core/build
    Start 57: test_service_introspection_discovery_control_path
1/1 Test #57: test_service_introspection_discovery_control_path ...   Passed    0.01 sec

100% tests passed, 0 tests failed out of 1

Total Test time (real) =   0.01 sec
--- test_service_introspection_discovery_control_path iteration 31/100 ---
Internal ctest changing into directory: /home/hep7/project/kairos/zlink/core/build
Test project /home/hep7/project/kairos/zlink/core/build
    Start 57: test_service_introspection_discovery_control_path
1/1 Test #57: test_service_introspection_discovery_control_path ...   Passed    0.01 sec

100% tests passed, 0 tests failed out of 1

Total Test time (real) =   0.01 sec
--- test_service_introspection_discovery_control_path iteration 32/100 ---
Internal ctest changing into directory: /home/hep7/project/kairos/zlink/core/build
Test project /home/hep7/project/kairos/zlink/core/build
    Start 57: test_service_introspection_discovery_control_path
1/1 Test #57: test_service_introspection_discovery_control_path ...   Passed    0.01 sec

100% tests passed, 0 tests failed out of 1

Total Test time (real) =   0.01 sec
--- test_service_introspection_discovery_control_path iteration 33/100 ---
Internal ctest changing into directory: /home/hep7/project/kairos/zlink/core/build
Test project /home/hep7/project/kairos/zlink/core/build
    Start 57: test_service_introspection_discovery_control_path
1/1 Test #57: test_service_introspection_discovery_control_path ...   Passed    0.01 sec

100% tests passed, 0 tests failed out of 1

Total Test time (real) =   0.01 sec
--- test_service_introspection_discovery_control_path iteration 34/100 ---
Internal ctest changing into directory: /home/hep7/project/kairos/zlink/core/build
Test project /home/hep7/project/kairos/zlink/core/build
    Start 57: test_service_introspection_discovery_control_path
1/1 Test #57: test_service_introspection_discovery_control_path ...   Passed    0.01 sec

100% tests passed, 0 tests failed out of 1

Total Test time (real) =   0.01 sec
--- test_service_introspection_discovery_control_path iteration 35/100 ---
Internal ctest changing into directory: /home/hep7/project/kairos/zlink/core/build
Test project /home/hep7/project/kairos/zlink/core/build
    Start 57: test_service_introspection_discovery_control_path
1/1 Test #57: test_service_introspection_discovery_control_path ...   Passed    0.01 sec

100% tests passed, 0 tests failed out of 1

Total Test time (real) =   0.01 sec
--- test_service_introspection_discovery_control_path iteration 36/100 ---
Internal ctest changing into directory: /home/hep7/project/kairos/zlink/core/build
Test project /home/hep7/project/kairos/zlink/core/build
    Start 57: test_service_introspection_discovery_control_path
1/1 Test #57: test_service_introspection_discovery_control_path ...   Passed    0.01 sec

100% tests passed, 0 tests failed out of 1

Total Test time (real) =   0.01 sec
--- test_service_introspection_discovery_control_path iteration 37/100 ---
Internal ctest changing into directory: /home/hep7/project/kairos/zlink/core/build
Test project /home/hep7/project/kairos/zlink/core/build
    Start 57: test_service_introspection_discovery_control_path
1/1 Test #57: test_service_introspection_discovery_control_path ...   Passed    0.01 sec

100% tests passed, 0 tests failed out of 1

Total Test time (real) =   0.01 sec
--- test_service_introspection_discovery_control_path iteration 38/100 ---
Internal ctest changing into directory: /home/hep7/project/kairos/zlink/core/build
Test project /home/hep7/project/kairos/zlink/core/build
    Start 57: test_service_introspection_discovery_control_path
1/1 Test #57: test_service_introspection_discovery_control_path ...   Passed    0.01 sec

100% tests passed, 0 tests failed out of 1

Total Test time (real) =   0.01 sec
--- test_service_introspection_discovery_control_path iteration 39/100 ---
Internal ctest changing into directory: /home/hep7/project/kairos/zlink/core/build
Test project /home/hep7/project/kairos/zlink/core/build
    Start 57: test_service_introspection_discovery_control_path
1/1 Test #57: test_service_introspection_discovery_control_path ...   Passed    0.01 sec

100% tests passed, 0 tests failed out of 1

Total Test time (real) =   0.01 sec
--- test_service_introspection_discovery_control_path iteration 40/100 ---
Internal ctest changing into directory: /home/hep7/project/kairos/zlink/core/build
Test project /home/hep7/project/kairos/zlink/core/build
    Start 57: test_service_introspection_discovery_control_path
1/1 Test #57: test_service_introspection_discovery_control_path ...   Passed    0.01 sec

100% tests passed, 0 tests failed out of 1

Total Test time (real) =   0.01 sec
--- test_service_introspection_discovery_control_path iteration 41/100 ---
Internal ctest changing into directory: /home/hep7/project/kairos/zlink/core/build
Test project /home/hep7/project/kairos/zlink/core/build
    Start 57: test_service_introspection_discovery_control_path
1/1 Test #57: test_service_introspection_discovery_control_path ...   Passed    0.01 sec

100% tests passed, 0 tests failed out of 1

Total Test time (real) =   0.01 sec
--- test_service_introspection_discovery_control_path iteration 42/100 ---
Internal ctest changing into directory: /home/hep7/project/kairos/zlink/core/build
Test project /home/hep7/project/kairos/zlink/core/build
    Start 57: test_service_introspection_discovery_control_path
1/1 Test #57: test_service_introspection_discovery_control_path ...   Passed    0.01 sec

100% tests passed, 0 tests failed out of 1

Total Test time (real) =   0.01 sec
--- test_service_introspection_discovery_control_path iteration 43/100 ---
Internal ctest changing into directory: /home/hep7/project/kairos/zlink/core/build
Test project /home/hep7/project/kairos/zlink/core/build
    Start 57: test_service_introspection_discovery_control_path
1/1 Test #57: test_service_introspection_discovery_control_path ...   Passed    0.01 sec

100% tests passed, 0 tests failed out of 1

Total Test time (real) =   0.01 sec
--- test_service_introspection_discovery_control_path iteration 44/100 ---
Internal ctest changing into directory: /home/hep7/project/kairos/zlink/core/build
Test project /home/hep7/project/kairos/zlink/core/build
    Start 57: test_service_introspection_discovery_control_path
1/1 Test #57: test_service_introspection_discovery_control_path ...   Passed    0.01 sec

100% tests passed, 0 tests failed out of 1

Total Test time (real) =   0.01 sec
--- test_service_introspection_discovery_control_path iteration 45/100 ---
Internal ctest changing into directory: /home/hep7/project/kairos/zlink/core/build
Test project /home/hep7/project/kairos/zlink/core/build
    Start 57: test_service_introspection_discovery_control_path
1/1 Test #57: test_service_introspection_discovery_control_path ...   Passed    0.01 sec

100% tests passed, 0 tests failed out of 1

Total Test time (real) =   0.01 sec
--- test_service_introspection_discovery_control_path iteration 46/100 ---
Internal ctest changing into directory: /home/hep7/project/kairos/zlink/core/build
Test project /home/hep7/project/kairos/zlink/core/build
    Start 57: test_service_introspection_discovery_control_path
1/1 Test #57: test_service_introspection_discovery_control_path ...   Passed    0.01 sec

100% tests passed, 0 tests failed out of 1

Total Test time (real) =   0.01 sec
--- test_service_introspection_discovery_control_path iteration 47/100 ---
Internal ctest changing into directory: /home/hep7/project/kairos/zlink/core/build
Test project /home/hep7/project/kairos/zlink/core/build
    Start 57: test_service_introspection_discovery_control_path
1/1 Test #57: test_service_introspection_discovery_control_path ...   Passed    0.01 sec

100% tests passed, 0 tests failed out of 1

Total Test time (real) =   0.01 sec
--- test_service_introspection_discovery_control_path iteration 48/100 ---
Internal ctest changing into directory: /home/hep7/project/kairos/zlink/core/build
Test project /home/hep7/project/kairos/zlink/core/build
    Start 57: test_service_introspection_discovery_control_path
1/1 Test #57: test_service_introspection_discovery_control_path ...   Passed    0.01 sec

100% tests passed, 0 tests failed out of 1

Total Test time (real) =   0.01 sec
--- test_service_introspection_discovery_control_path iteration 49/100 ---
Internal ctest changing into directory: /home/hep7/project/kairos/zlink/core/build
Test project /home/hep7/project/kairos/zlink/core/build
    Start 57: test_service_introspection_discovery_control_path
1/1 Test #57: test_service_introspection_discovery_control_path ...   Passed    0.01 sec

100% tests passed, 0 tests failed out of 1

Total Test time (real) =   0.01 sec
--- test_service_introspection_discovery_control_path iteration 50/100 ---
Internal ctest changing into directory: /home/hep7/project/kairos/zlink/core/build
Test project /home/hep7/project/kairos/zlink/core/build
    Start 57: test_service_introspection_discovery_control_path
1/1 Test #57: test_service_introspection_discovery_control_path ...   Passed    0.01 sec

100% tests passed, 0 tests failed out of 1

Total Test time (real) =   0.01 sec
--- test_service_introspection_discovery_control_path iteration 51/100 ---
Internal ctest changing into directory: /home/hep7/project/kairos/zlink/core/build
Test project /home/hep7/project/kairos/zlink/core/build
    Start 57: test_service_introspection_discovery_control_path
1/1 Test #57: test_service_introspection_discovery_control_path ...   Passed    0.01 sec

100% tests passed, 0 tests failed out of 1

Total Test time (real) =   0.01 sec
--- test_service_introspection_discovery_control_path iteration 52/100 ---
Internal ctest changing into directory: /home/hep7/project/kairos/zlink/core/build
Test project /home/hep7/project/kairos/zlink/core/build
    Start 57: test_service_introspection_discovery_control_path
1/1 Test #57: test_service_introspection_discovery_control_path ...   Passed    0.01 sec

100% tests passed, 0 tests failed out of 1

Total Test time (real) =   0.01 sec
--- test_service_introspection_discovery_control_path iteration 53/100 ---
Internal ctest changing into directory: /home/hep7/project/kairos/zlink/core/build
Test project /home/hep7/project/kairos/zlink/core/build
    Start 57: test_service_introspection_discovery_control_path
1/1 Test #57: test_service_introspection_discovery_control_path ...   Passed    0.01 sec

100% tests passed, 0 tests failed out of 1

Total Test time (real) =   0.01 sec
--- test_service_introspection_discovery_control_path iteration 54/100 ---
Internal ctest changing into directory: /home/hep7/project/kairos/zlink/core/build
Test project /home/hep7/project/kairos/zlink/core/build
    Start 57: test_service_introspection_discovery_control_path
1/1 Test #57: test_service_introspection_discovery_control_path ...   Passed    0.01 sec

100% tests passed, 0 tests failed out of 1

Total Test time (real) =   0.01 sec
--- test_service_introspection_discovery_control_path iteration 55/100 ---
Internal ctest changing into directory: /home/hep7/project/kairos/zlink/core/build
Test project /home/hep7/project/kairos/zlink/core/build
    Start 57: test_service_introspection_discovery_control_path
1/1 Test #57: test_service_introspection_discovery_control_path ...   Passed    0.01 sec

100% tests passed, 0 tests failed out of 1

Total Test time (real) =   0.01 sec
--- test_service_introspection_discovery_control_path iteration 56/100 ---
Internal ctest changing into directory: /home/hep7/project/kairos/zlink/core/build
Test project /home/hep7/project/kairos/zlink/core/build
    Start 57: test_service_introspection_discovery_control_path
1/1 Test #57: test_service_introspection_discovery_control_path ...   Passed    0.01 sec

100% tests passed, 0 tests failed out of 1

Total Test time (real) =   0.01 sec
--- test_service_introspection_discovery_control_path iteration 57/100 ---
Internal ctest changing into directory: /home/hep7/project/kairos/zlink/core/build
Test project /home/hep7/project/kairos/zlink/core/build
    Start 57: test_service_introspection_discovery_control_path
1/1 Test #57: test_service_introspection_discovery_control_path ...   Passed    0.01 sec

100% tests passed, 0 tests failed out of 1

Total Test time (real) =   0.01 sec
--- test_service_introspection_discovery_control_path iteration 58/100 ---
Internal ctest changing into directory: /home/hep7/project/kairos/zlink/core/build
Test project /home/hep7/project/kairos/zlink/core/build
    Start 57: test_service_introspection_discovery_control_path
1/1 Test #57: test_service_introspection_discovery_control_path ...   Passed    0.01 sec

100% tests passed, 0 tests failed out of 1

Total Test time (real) =   0.01 sec
--- test_service_introspection_discovery_control_path iteration 59/100 ---
Internal ctest changing into directory: /home/hep7/project/kairos/zlink/core/build
Test project /home/hep7/project/kairos/zlink/core/build
    Start 57: test_service_introspection_discovery_control_path
1/1 Test #57: test_service_introspection_discovery_control_path ...   Passed    0.01 sec

100% tests passed, 0 tests failed out of 1

Total Test time (real) =   0.01 sec
--- test_service_introspection_discovery_control_path iteration 60/100 ---
Internal ctest changing into directory: /home/hep7/project/kairos/zlink/core/build
Test project /home/hep7/project/kairos/zlink/core/build
    Start 57: test_service_introspection_discovery_control_path
1/1 Test #57: test_service_introspection_discovery_control_path ...   Passed    0.01 sec

100% tests passed, 0 tests failed out of 1

Total Test time (real) =   0.01 sec
--- test_service_introspection_discovery_control_path iteration 61/100 ---
Internal ctest changing into directory: /home/hep7/project/kairos/zlink/core/build
Test project /home/hep7/project/kairos/zlink/core/build
    Start 57: test_service_introspection_discovery_control_path
1/1 Test #57: test_service_introspection_discovery_control_path ...   Passed    0.01 sec

100% tests passed, 0 tests failed out of 1

Total Test time (real) =   0.01 sec
--- test_service_introspection_discovery_control_path iteration 62/100 ---
Internal ctest changing into directory: /home/hep7/project/kairos/zlink/core/build
Test project /home/hep7/project/kairos/zlink/core/build
    Start 57: test_service_introspection_discovery_control_path
1/1 Test #57: test_service_introspection_discovery_control_path ...   Passed    0.01 sec

100% tests passed, 0 tests failed out of 1

Total Test time (real) =   0.01 sec
--- test_service_introspection_discovery_control_path iteration 63/100 ---
Internal ctest changing into directory: /home/hep7/project/kairos/zlink/core/build
Test project /home/hep7/project/kairos/zlink/core/build
    Start 57: test_service_introspection_discovery_control_path
1/1 Test #57: test_service_introspection_discovery_control_path ...   Passed    0.01 sec

100% tests passed, 0 tests failed out of 1

Total Test time (real) =   0.01 sec
--- test_service_introspection_discovery_control_path iteration 64/100 ---
Internal ctest changing into directory: /home/hep7/project/kairos/zlink/core/build
Test project /home/hep7/project/kairos/zlink/core/build
    Start 57: test_service_introspection_discovery_control_path
1/1 Test #57: test_service_introspection_discovery_control_path ...   Passed    0.01 sec

100% tests passed, 0 tests failed out of 1

Total Test time (real) =   0.01 sec
--- test_service_introspection_discovery_control_path iteration 65/100 ---
Internal ctest changing into directory: /home/hep7/project/kairos/zlink/core/build
Test project /home/hep7/project/kairos/zlink/core/build
    Start 57: test_service_introspection_discovery_control_path
1/1 Test #57: test_service_introspection_discovery_control_path ...   Passed    0.01 sec

100% tests passed, 0 tests failed out of 1

Total Test time (real) =   0.01 sec
--- test_service_introspection_discovery_control_path iteration 66/100 ---
Internal ctest changing into directory: /home/hep7/project/kairos/zlink/core/build
Test project /home/hep7/project/kairos/zlink/core/build
    Start 57: test_service_introspection_discovery_control_path
1/1 Test #57: test_service_introspection_discovery_control_path ...   Passed    0.01 sec

100% tests passed, 0 tests failed out of 1

Total Test time (real) =   0.01 sec
--- test_service_introspection_discovery_control_path iteration 67/100 ---
Internal ctest changing into directory: /home/hep7/project/kairos/zlink/core/build
Test project /home/hep7/project/kairos/zlink/core/build
    Start 57: test_service_introspection_discovery_control_path
1/1 Test #57: test_service_introspection_discovery_control_path ...   Passed    0.01 sec

100% tests passed, 0 tests failed out of 1

Total Test time (real) =   0.01 sec
--- test_service_introspection_discovery_control_path iteration 68/100 ---
Internal ctest changing into directory: /home/hep7/project/kairos/zlink/core/build
Test project /home/hep7/project/kairos/zlink/core/build
    Start 57: test_service_introspection_discovery_control_path
1/1 Test #57: test_service_introspection_discovery_control_path ...   Passed    0.01 sec

100% tests passed, 0 tests failed out of 1

Total Test time (real) =   0.01 sec
--- test_service_introspection_discovery_control_path iteration 69/100 ---
Internal ctest changing into directory: /home/hep7/project/kairos/zlink/core/build
Test project /home/hep7/project/kairos/zlink/core/build
    Start 57: test_service_introspection_discovery_control_path
1/1 Test #57: test_service_introspection_discovery_control_path ...   Passed    0.01 sec

100% tests passed, 0 tests failed out of 1

Total Test time (real) =   0.01 sec
--- test_service_introspection_discovery_control_path iteration 70/100 ---
Internal ctest changing into directory: /home/hep7/project/kairos/zlink/core/build
Test project /home/hep7/project/kairos/zlink/core/build
    Start 57: test_service_introspection_discovery_control_path
1/1 Test #57: test_service_introspection_discovery_control_path ...   Passed    0.01 sec

100% tests passed, 0 tests failed out of 1

Total Test time (real) =   0.01 sec
--- test_service_introspection_discovery_control_path iteration 71/100 ---
Internal ctest changing into directory: /home/hep7/project/kairos/zlink/core/build
Test project /home/hep7/project/kairos/zlink/core/build
    Start 57: test_service_introspection_discovery_control_path
1/1 Test #57: test_service_introspection_discovery_control_path ...   Passed    0.01 sec

100% tests passed, 0 tests failed out of 1

Total Test time (real) =   0.01 sec
--- test_service_introspection_discovery_control_path iteration 72/100 ---
Internal ctest changing into directory: /home/hep7/project/kairos/zlink/core/build
Test project /home/hep7/project/kairos/zlink/core/build
    Start 57: test_service_introspection_discovery_control_path
1/1 Test #57: test_service_introspection_discovery_control_path ...   Passed    0.01 sec

100% tests passed, 0 tests failed out of 1

Total Test time (real) =   0.01 sec
--- test_service_introspection_discovery_control_path iteration 73/100 ---
Internal ctest changing into directory: /home/hep7/project/kairos/zlink/core/build
Test project /home/hep7/project/kairos/zlink/core/build
    Start 57: test_service_introspection_discovery_control_path
1/1 Test #57: test_service_introspection_discovery_control_path ...   Passed    0.01 sec

100% tests passed, 0 tests failed out of 1

Total Test time (real) =   0.01 sec
--- test_service_introspection_discovery_control_path iteration 74/100 ---
Internal ctest changing into directory: /home/hep7/project/kairos/zlink/core/build
Test project /home/hep7/project/kairos/zlink/core/build
    Start 57: test_service_introspection_discovery_control_path
1/1 Test #57: test_service_introspection_discovery_control_path ...   Passed    0.01 sec

100% tests passed, 0 tests failed out of 1

Total Test time (real) =   0.01 sec
--- test_service_introspection_discovery_control_path iteration 75/100 ---
Internal ctest changing into directory: /home/hep7/project/kairos/zlink/core/build
Test project /home/hep7/project/kairos/zlink/core/build
    Start 57: test_service_introspection_discovery_control_path
1/1 Test #57: test_service_introspection_discovery_control_path ...   Passed    0.01 sec

100% tests passed, 0 tests failed out of 1

Total Test time (real) =   0.01 sec
--- test_service_introspection_discovery_control_path iteration 76/100 ---
Internal ctest changing into directory: /home/hep7/project/kairos/zlink/core/build
Test project /home/hep7/project/kairos/zlink/core/build
    Start 57: test_service_introspection_discovery_control_path
1/1 Test #57: test_service_introspection_discovery_control_path ...   Passed    0.01 sec

100% tests passed, 0 tests failed out of 1

Total Test time (real) =   0.01 sec
--- test_service_introspection_discovery_control_path iteration 77/100 ---
Internal ctest changing into directory: /home/hep7/project/kairos/zlink/core/build
Test project /home/hep7/project/kairos/zlink/core/build
    Start 57: test_service_introspection_discovery_control_path
1/1 Test #57: test_service_introspection_discovery_control_path ...   Passed    0.01 sec

100% tests passed, 0 tests failed out of 1

Total Test time (real) =   0.01 sec
--- test_service_introspection_discovery_control_path iteration 78/100 ---
Internal ctest changing into directory: /home/hep7/project/kairos/zlink/core/build
Test project /home/hep7/project/kairos/zlink/core/build
    Start 57: test_service_introspection_discovery_control_path
1/1 Test #57: test_service_introspection_discovery_control_path ...   Passed    0.01 sec

100% tests passed, 0 tests failed out of 1

Total Test time (real) =   0.01 sec
--- test_service_introspection_discovery_control_path iteration 79/100 ---
Internal ctest changing into directory: /home/hep7/project/kairos/zlink/core/build
Test project /home/hep7/project/kairos/zlink/core/build
    Start 57: test_service_introspection_discovery_control_path
1/1 Test #57: test_service_introspection_discovery_control_path ...   Passed    0.01 sec

100% tests passed, 0 tests failed out of 1

Total Test time (real) =   0.01 sec
--- test_service_introspection_discovery_control_path iteration 80/100 ---
Internal ctest changing into directory: /home/hep7/project/kairos/zlink/core/build
Test project /home/hep7/project/kairos/zlink/core/build
    Start 57: test_service_introspection_discovery_control_path
1/1 Test #57: test_service_introspection_discovery_control_path ...   Passed    0.01 sec

100% tests passed, 0 tests failed out of 1

Total Test time (real) =   0.01 sec
--- test_service_introspection_discovery_control_path iteration 81/100 ---
Internal ctest changing into directory: /home/hep7/project/kairos/zlink/core/build
Test project /home/hep7/project/kairos/zlink/core/build
    Start 57: test_service_introspection_discovery_control_path
1/1 Test #57: test_service_introspection_discovery_control_path ...   Passed    0.01 sec

100% tests passed, 0 tests failed out of 1

Total Test time (real) =   0.01 sec
--- test_service_introspection_discovery_control_path iteration 82/100 ---
Internal ctest changing into directory: /home/hep7/project/kairos/zlink/core/build
Test project /home/hep7/project/kairos/zlink/core/build
    Start 57: test_service_introspection_discovery_control_path
1/1 Test #57: test_service_introspection_discovery_control_path ...   Passed    0.01 sec

100% tests passed, 0 tests failed out of 1

Total Test time (real) =   0.01 sec
--- test_service_introspection_discovery_control_path iteration 83/100 ---
Internal ctest changing into directory: /home/hep7/project/kairos/zlink/core/build
Test project /home/hep7/project/kairos/zlink/core/build
    Start 57: test_service_introspection_discovery_control_path
1/1 Test #57: test_service_introspection_discovery_control_path ...   Passed    0.01 sec

100% tests passed, 0 tests failed out of 1

Total Test time (real) =   0.01 sec
--- test_service_introspection_discovery_control_path iteration 84/100 ---
Internal ctest changing into directory: /home/hep7/project/kairos/zlink/core/build
Test project /home/hep7/project/kairos/zlink/core/build
    Start 57: test_service_introspection_discovery_control_path
1/1 Test #57: test_service_introspection_discovery_control_path ...   Passed    0.01 sec

100% tests passed, 0 tests failed out of 1

Total Test time (real) =   0.01 sec
--- test_service_introspection_discovery_control_path iteration 85/100 ---
Internal ctest changing into directory: /home/hep7/project/kairos/zlink/core/build
Test project /home/hep7/project/kairos/zlink/core/build
    Start 57: test_service_introspection_discovery_control_path
1/1 Test #57: test_service_introspection_discovery_control_path ...   Passed    0.01 sec

100% tests passed, 0 tests failed out of 1

Total Test time (real) =   0.01 sec
--- test_service_introspection_discovery_control_path iteration 86/100 ---
Internal ctest changing into directory: /home/hep7/project/kairos/zlink/core/build
Test project /home/hep7/project/kairos/zlink/core/build
    Start 57: test_service_introspection_discovery_control_path
1/1 Test #57: test_service_introspection_discovery_control_path ...   Passed    0.01 sec

100% tests passed, 0 tests failed out of 1

Total Test time (real) =   0.01 sec
--- test_service_introspection_discovery_control_path iteration 87/100 ---
Internal ctest changing into directory: /home/hep7/project/kairos/zlink/core/build
Test project /home/hep7/project/kairos/zlink/core/build
    Start 57: test_service_introspection_discovery_control_path
1/1 Test #57: test_service_introspection_discovery_control_path ...   Passed    0.01 sec

100% tests passed, 0 tests failed out of 1

Total Test time (real) =   0.01 sec
--- test_service_introspection_discovery_control_path iteration 88/100 ---
Internal ctest changing into directory: /home/hep7/project/kairos/zlink/core/build
Test project /home/hep7/project/kairos/zlink/core/build
    Start 57: test_service_introspection_discovery_control_path
1/1 Test #57: test_service_introspection_discovery_control_path ...   Passed    0.01 sec

100% tests passed, 0 tests failed out of 1

Total Test time (real) =   0.01 sec
--- test_service_introspection_discovery_control_path iteration 89/100 ---
Internal ctest changing into directory: /home/hep7/project/kairos/zlink/core/build
Test project /home/hep7/project/kairos/zlink/core/build
    Start 57: test_service_introspection_discovery_control_path
1/1 Test #57: test_service_introspection_discovery_control_path ...   Passed    0.01 sec

100% tests passed, 0 tests failed out of 1

Total Test time (real) =   0.01 sec
--- test_service_introspection_discovery_control_path iteration 90/100 ---
Internal ctest changing into directory: /home/hep7/project/kairos/zlink/core/build
Test project /home/hep7/project/kairos/zlink/core/build
    Start 57: test_service_introspection_discovery_control_path
1/1 Test #57: test_service_introspection_discovery_control_path ...   Passed    0.01 sec

100% tests passed, 0 tests failed out of 1

Total Test time (real) =   0.01 sec
--- test_service_introspection_discovery_control_path iteration 91/100 ---
Internal ctest changing into directory: /home/hep7/project/kairos/zlink/core/build
Test project /home/hep7/project/kairos/zlink/core/build
    Start 57: test_service_introspection_discovery_control_path
1/1 Test #57: test_service_introspection_discovery_control_path ...   Passed    0.01 sec

100% tests passed, 0 tests failed out of 1

Total Test time (real) =   0.01 sec
--- test_service_introspection_discovery_control_path iteration 92/100 ---
Internal ctest changing into directory: /home/hep7/project/kairos/zlink/core/build
Test project /home/hep7/project/kairos/zlink/core/build
    Start 57: test_service_introspection_discovery_control_path
1/1 Test #57: test_service_introspection_discovery_control_path ...   Passed    0.01 sec

100% tests passed, 0 tests failed out of 1

Total Test time (real) =   0.01 sec
--- test_service_introspection_discovery_control_path iteration 93/100 ---
Internal ctest changing into directory: /home/hep7/project/kairos/zlink/core/build
Test project /home/hep7/project/kairos/zlink/core/build
    Start 57: test_service_introspection_discovery_control_path
1/1 Test #57: test_service_introspection_discovery_control_path ...   Passed    0.01 sec

100% tests passed, 0 tests failed out of 1

Total Test time (real) =   0.01 sec
--- test_service_introspection_discovery_control_path iteration 94/100 ---
Internal ctest changing into directory: /home/hep7/project/kairos/zlink/core/build
Test project /home/hep7/project/kairos/zlink/core/build
    Start 57: test_service_introspection_discovery_control_path
1/1 Test #57: test_service_introspection_discovery_control_path ...   Passed    0.01 sec

100% tests passed, 0 tests failed out of 1

Total Test time (real) =   0.01 sec
--- test_service_introspection_discovery_control_path iteration 95/100 ---
Internal ctest changing into directory: /home/hep7/project/kairos/zlink/core/build
Test project /home/hep7/project/kairos/zlink/core/build
    Start 57: test_service_introspection_discovery_control_path
1/1 Test #57: test_service_introspection_discovery_control_path ...   Passed    0.01 sec

100% tests passed, 0 tests failed out of 1

Total Test time (real) =   0.01 sec
--- test_service_introspection_discovery_control_path iteration 96/100 ---
Internal ctest changing into directory: /home/hep7/project/kairos/zlink/core/build
Test project /home/hep7/project/kairos/zlink/core/build
    Start 57: test_service_introspection_discovery_control_path
1/1 Test #57: test_service_introspection_discovery_control_path ...   Passed    0.01 sec

100% tests passed, 0 tests failed out of 1

Total Test time (real) =   0.01 sec
--- test_service_introspection_discovery_control_path iteration 97/100 ---
Internal ctest changing into directory: /home/hep7/project/kairos/zlink/core/build
Test project /home/hep7/project/kairos/zlink/core/build
    Start 57: test_service_introspection_discovery_control_path
1/1 Test #57: test_service_introspection_discovery_control_path ...   Passed    0.01 sec

100% tests passed, 0 tests failed out of 1

Total Test time (real) =   0.01 sec
--- test_service_introspection_discovery_control_path iteration 98/100 ---
Internal ctest changing into directory: /home/hep7/project/kairos/zlink/core/build
Test project /home/hep7/project/kairos/zlink/core/build
    Start 57: test_service_introspection_discovery_control_path
1/1 Test #57: test_service_introspection_discovery_control_path ...   Passed    0.01 sec

100% tests passed, 0 tests failed out of 1

Total Test time (real) =   0.01 sec
--- test_service_introspection_discovery_control_path iteration 99/100 ---
Internal ctest changing into directory: /home/hep7/project/kairos/zlink/core/build
Test project /home/hep7/project/kairos/zlink/core/build
    Start 57: test_service_introspection_discovery_control_path
1/1 Test #57: test_service_introspection_discovery_control_path ...   Passed    0.01 sec

100% tests passed, 0 tests failed out of 1

Total Test time (real) =   0.01 sec
--- test_service_introspection_discovery_control_path iteration 100/100 ---
Internal ctest changing into directory: /home/hep7/project/kairos/zlink/core/build
Test project /home/hep7/project/kairos/zlink/core/build
    Start 57: test_service_introspection_discovery_control_path
1/1 Test #57: test_service_introspection_discovery_control_path ...   Passed    0.01 sec

100% tests passed, 0 tests failed out of 1

Total Test time (real) =   0.01 sec
=== Repeating test_service_introspection_discovery_ordering (100 iterations) ===
--- test_service_introspection_discovery_ordering iteration 1/100 ---
Internal ctest changing into directory: /home/hep7/project/kairos/zlink/core/build
Test project /home/hep7/project/kairos/zlink/core/build
    Start 50: test_service_introspection_discovery_ordering
1/1 Test #50: test_service_introspection_discovery_ordering ...   Passed    0.04 sec

100% tests passed, 0 tests failed out of 1

Total Test time (real) =   0.04 sec
--- test_service_introspection_discovery_ordering iteration 2/100 ---
Internal ctest changing into directory: /home/hep7/project/kairos/zlink/core/build
Test project /home/hep7/project/kairos/zlink/core/build
    Start 50: test_service_introspection_discovery_ordering
1/1 Test #50: test_service_introspection_discovery_ordering ...   Passed    0.04 sec

100% tests passed, 0 tests failed out of 1

Total Test time (real) =   0.04 sec
--- test_service_introspection_discovery_ordering iteration 3/100 ---
Internal ctest changing into directory: /home/hep7/project/kairos/zlink/core/build
Test project /home/hep7/project/kairos/zlink/core/build
    Start 50: test_service_introspection_discovery_ordering
1/1 Test #50: test_service_introspection_discovery_ordering ...   Passed    0.04 sec

100% tests passed, 0 tests failed out of 1

Total Test time (real) =   0.04 sec
--- test_service_introspection_discovery_ordering iteration 4/100 ---
Internal ctest changing into directory: /home/hep7/project/kairos/zlink/core/build
Test project /home/hep7/project/kairos/zlink/core/build
    Start 50: test_service_introspection_discovery_ordering
1/1 Test #50: test_service_introspection_discovery_ordering ...   Passed    0.04 sec

100% tests passed, 0 tests failed out of 1

Total Test time (real) =   0.04 sec
--- test_service_introspection_discovery_ordering iteration 5/100 ---
Internal ctest changing into directory: /home/hep7/project/kairos/zlink/core/build
Test project /home/hep7/project/kairos/zlink/core/build
    Start 50: test_service_introspection_discovery_ordering
1/1 Test #50: test_service_introspection_discovery_ordering ...   Passed    0.04 sec

100% tests passed, 0 tests failed out of 1

Total Test time (real) =   0.04 sec
--- test_service_introspection_discovery_ordering iteration 6/100 ---
Internal ctest changing into directory: /home/hep7/project/kairos/zlink/core/build
Test project /home/hep7/project/kairos/zlink/core/build
    Start 50: test_service_introspection_discovery_ordering
1/1 Test #50: test_service_introspection_discovery_ordering ...   Passed    0.04 sec

100% tests passed, 0 tests failed out of 1

Total Test time (real) =   0.04 sec
--- test_service_introspection_discovery_ordering iteration 7/100 ---
Internal ctest changing into directory: /home/hep7/project/kairos/zlink/core/build
Test project /home/hep7/project/kairos/zlink/core/build
    Start 50: test_service_introspection_discovery_ordering
1/1 Test #50: test_service_introspection_discovery_ordering ...   Passed    0.04 sec

100% tests passed, 0 tests failed out of 1

Total Test time (real) =   0.04 sec
--- test_service_introspection_discovery_ordering iteration 8/100 ---
Internal ctest changing into directory: /home/hep7/project/kairos/zlink/core/build
Test project /home/hep7/project/kairos/zlink/core/build
    Start 50: test_service_introspection_discovery_ordering
1/1 Test #50: test_service_introspection_discovery_ordering ...   Passed    0.04 sec

100% tests passed, 0 tests failed out of 1

Total Test time (real) =   0.04 sec
--- test_service_introspection_discovery_ordering iteration 9/100 ---
Internal ctest changing into directory: /home/hep7/project/kairos/zlink/core/build
Test project /home/hep7/project/kairos/zlink/core/build
    Start 50: test_service_introspection_discovery_ordering
1/1 Test #50: test_service_introspection_discovery_ordering ...   Passed    0.04 sec

100% tests passed, 0 tests failed out of 1

Total Test time (real) =   0.04 sec
--- test_service_introspection_discovery_ordering iteration 10/100 ---
Internal ctest changing into directory: /home/hep7/project/kairos/zlink/core/build
Test project /home/hep7/project/kairos/zlink/core/build
    Start 50: test_service_introspection_discovery_ordering
1/1 Test #50: test_service_introspection_discovery_ordering ...   Passed    0.04 sec

100% tests passed, 0 tests failed out of 1

Total Test time (real) =   0.04 sec
--- test_service_introspection_discovery_ordering iteration 11/100 ---
Internal ctest changing into directory: /home/hep7/project/kairos/zlink/core/build
Test project /home/hep7/project/kairos/zlink/core/build
    Start 50: test_service_introspection_discovery_ordering
1/1 Test #50: test_service_introspection_discovery_ordering ...   Passed    0.04 sec

100% tests passed, 0 tests failed out of 1

Total Test time (real) =   0.04 sec
--- test_service_introspection_discovery_ordering iteration 12/100 ---
Internal ctest changing into directory: /home/hep7/project/kairos/zlink/core/build
Test project /home/hep7/project/kairos/zlink/core/build
    Start 50: test_service_introspection_discovery_ordering
1/1 Test #50: test_service_introspection_discovery_ordering ...   Passed    0.04 sec

100% tests passed, 0 tests failed out of 1

Total Test time (real) =   0.04 sec
--- test_service_introspection_discovery_ordering iteration 13/100 ---
Internal ctest changing into directory: /home/hep7/project/kairos/zlink/core/build
Test project /home/hep7/project/kairos/zlink/core/build
    Start 50: test_service_introspection_discovery_ordering
1/1 Test #50: test_service_introspection_discovery_ordering ...   Passed    0.04 sec

100% tests passed, 0 tests failed out of 1

Total Test time (real) =   0.04 sec
--- test_service_introspection_discovery_ordering iteration 14/100 ---
Internal ctest changing into directory: /home/hep7/project/kairos/zlink/core/build
Test project /home/hep7/project/kairos/zlink/core/build
    Start 50: test_service_introspection_discovery_ordering
1/1 Test #50: test_service_introspection_discovery_ordering ...   Passed    0.04 sec

100% tests passed, 0 tests failed out of 1

Total Test time (real) =   0.04 sec
--- test_service_introspection_discovery_ordering iteration 15/100 ---
Internal ctest changing into directory: /home/hep7/project/kairos/zlink/core/build
Test project /home/hep7/project/kairos/zlink/core/build
    Start 50: test_service_introspection_discovery_ordering
1/1 Test #50: test_service_introspection_discovery_ordering ...   Passed    0.04 sec

100% tests passed, 0 tests failed out of 1

Total Test time (real) =   0.04 sec
--- test_service_introspection_discovery_ordering iteration 16/100 ---
Internal ctest changing into directory: /home/hep7/project/kairos/zlink/core/build
Test project /home/hep7/project/kairos/zlink/core/build
    Start 50: test_service_introspection_discovery_ordering
1/1 Test #50: test_service_introspection_discovery_ordering ...   Passed    0.04 sec

100% tests passed, 0 tests failed out of 1

Total Test time (real) =   0.04 sec
--- test_service_introspection_discovery_ordering iteration 17/100 ---
Internal ctest changing into directory: /home/hep7/project/kairos/zlink/core/build
Test project /home/hep7/project/kairos/zlink/core/build
    Start 50: test_service_introspection_discovery_ordering
1/1 Test #50: test_service_introspection_discovery_ordering ...   Passed    0.04 sec

100% tests passed, 0 tests failed out of 1

Total Test time (real) =   0.04 sec
--- test_service_introspection_discovery_ordering iteration 18/100 ---
Internal ctest changing into directory: /home/hep7/project/kairos/zlink/core/build
Test project /home/hep7/project/kairos/zlink/core/build
    Start 50: test_service_introspection_discovery_ordering
1/1 Test #50: test_service_introspection_discovery_ordering ...   Passed    0.04 sec

100% tests passed, 0 tests failed out of 1

Total Test time (real) =   0.04 sec
--- test_service_introspection_discovery_ordering iteration 19/100 ---
Internal ctest changing into directory: /home/hep7/project/kairos/zlink/core/build
Test project /home/hep7/project/kairos/zlink/core/build
    Start 50: test_service_introspection_discovery_ordering
1/1 Test #50: test_service_introspection_discovery_ordering ...   Passed    0.04 sec

100% tests passed, 0 tests failed out of 1

Total Test time (real) =   0.04 sec
--- test_service_introspection_discovery_ordering iteration 20/100 ---
Internal ctest changing into directory: /home/hep7/project/kairos/zlink/core/build
Test project /home/hep7/project/kairos/zlink/core/build
    Start 50: test_service_introspection_discovery_ordering
1/1 Test #50: test_service_introspection_discovery_ordering ...   Passed    0.04 sec

100% tests passed, 0 tests failed out of 1

Total Test time (real) =   0.04 sec
--- test_service_introspection_discovery_ordering iteration 21/100 ---
Internal ctest changing into directory: /home/hep7/project/kairos/zlink/core/build
Test project /home/hep7/project/kairos/zlink/core/build
    Start 50: test_service_introspection_discovery_ordering
1/1 Test #50: test_service_introspection_discovery_ordering ...   Passed    0.04 sec

100% tests passed, 0 tests failed out of 1

Total Test time (real) =   0.04 sec
--- test_service_introspection_discovery_ordering iteration 22/100 ---
Internal ctest changing into directory: /home/hep7/project/kairos/zlink/core/build
Test project /home/hep7/project/kairos/zlink/core/build
    Start 50: test_service_introspection_discovery_ordering
1/1 Test #50: test_service_introspection_discovery_ordering ...   Passed    0.04 sec

100% tests passed, 0 tests failed out of 1

Total Test time (real) =   0.04 sec
--- test_service_introspection_discovery_ordering iteration 23/100 ---
Internal ctest changing into directory: /home/hep7/project/kairos/zlink/core/build
Test project /home/hep7/project/kairos/zlink/core/build
    Start 50: test_service_introspection_discovery_ordering
1/1 Test #50: test_service_introspection_discovery_ordering ...   Passed    0.04 sec

100% tests passed, 0 tests failed out of 1

Total Test time (real) =   0.04 sec
--- test_service_introspection_discovery_ordering iteration 24/100 ---
Internal ctest changing into directory: /home/hep7/project/kairos/zlink/core/build
Test project /home/hep7/project/kairos/zlink/core/build
    Start 50: test_service_introspection_discovery_ordering
1/1 Test #50: test_service_introspection_discovery_ordering ...   Passed    0.04 sec

100% tests passed, 0 tests failed out of 1

Total Test time (real) =   0.04 sec
--- test_service_introspection_discovery_ordering iteration 25/100 ---
Internal ctest changing into directory: /home/hep7/project/kairos/zlink/core/build
Test project /home/hep7/project/kairos/zlink/core/build
    Start 50: test_service_introspection_discovery_ordering
1/1 Test #50: test_service_introspection_discovery_ordering ...   Passed    0.04 sec

100% tests passed, 0 tests failed out of 1

Total Test time (real) =   0.04 sec
--- test_service_introspection_discovery_ordering iteration 26/100 ---
Internal ctest changing into directory: /home/hep7/project/kairos/zlink/core/build
Test project /home/hep7/project/kairos/zlink/core/build
    Start 50: test_service_introspection_discovery_ordering
1/1 Test #50: test_service_introspection_discovery_ordering ...   Passed    0.04 sec

100% tests passed, 0 tests failed out of 1

Total Test time (real) =   0.04 sec
--- test_service_introspection_discovery_ordering iteration 27/100 ---
Internal ctest changing into directory: /home/hep7/project/kairos/zlink/core/build
Test project /home/hep7/project/kairos/zlink/core/build
    Start 50: test_service_introspection_discovery_ordering
1/1 Test #50: test_service_introspection_discovery_ordering ...   Passed    0.04 sec

100% tests passed, 0 tests failed out of 1

Total Test time (real) =   0.04 sec
--- test_service_introspection_discovery_ordering iteration 28/100 ---
Internal ctest changing into directory: /home/hep7/project/kairos/zlink/core/build
Test project /home/hep7/project/kairos/zlink/core/build
    Start 50: test_service_introspection_discovery_ordering
1/1 Test #50: test_service_introspection_discovery_ordering ...   Passed    0.04 sec

100% tests passed, 0 tests failed out of 1

Total Test time (real) =   0.04 sec
--- test_service_introspection_discovery_ordering iteration 29/100 ---
Internal ctest changing into directory: /home/hep7/project/kairos/zlink/core/build
Test project /home/hep7/project/kairos/zlink/core/build
    Start 50: test_service_introspection_discovery_ordering
1/1 Test #50: test_service_introspection_discovery_ordering ...   Passed    0.04 sec

100% tests passed, 0 tests failed out of 1

Total Test time (real) =   0.04 sec
--- test_service_introspection_discovery_ordering iteration 30/100 ---
Internal ctest changing into directory: /home/hep7/project/kairos/zlink/core/build
Test project /home/hep7/project/kairos/zlink/core/build
    Start 50: test_service_introspection_discovery_ordering
1/1 Test #50: test_service_introspection_discovery_ordering ...   Passed    0.04 sec

100% tests passed, 0 tests failed out of 1

Total Test time (real) =   0.04 sec
--- test_service_introspection_discovery_ordering iteration 31/100 ---
Internal ctest changing into directory: /home/hep7/project/kairos/zlink/core/build
Test project /home/hep7/project/kairos/zlink/core/build
    Start 50: test_service_introspection_discovery_ordering
1/1 Test #50: test_service_introspection_discovery_ordering ...   Passed    0.04 sec

100% tests passed, 0 tests failed out of 1

Total Test time (real) =   0.04 sec
--- test_service_introspection_discovery_ordering iteration 32/100 ---
Internal ctest changing into directory: /home/hep7/project/kairos/zlink/core/build
Test project /home/hep7/project/kairos/zlink/core/build
    Start 50: test_service_introspection_discovery_ordering
1/1 Test #50: test_service_introspection_discovery_ordering ...   Passed    0.04 sec

100% tests passed, 0 tests failed out of 1

Total Test time (real) =   0.04 sec
--- test_service_introspection_discovery_ordering iteration 33/100 ---
Internal ctest changing into directory: /home/hep7/project/kairos/zlink/core/build
Test project /home/hep7/project/kairos/zlink/core/build
    Start 50: test_service_introspection_discovery_ordering
1/1 Test #50: test_service_introspection_discovery_ordering ...   Passed    0.04 sec

100% tests passed, 0 tests failed out of 1

Total Test time (real) =   0.04 sec
--- test_service_introspection_discovery_ordering iteration 34/100 ---
Internal ctest changing into directory: /home/hep7/project/kairos/zlink/core/build
Test project /home/hep7/project/kairos/zlink/core/build
    Start 50: test_service_introspection_discovery_ordering
1/1 Test #50: test_service_introspection_discovery_ordering ...   Passed    0.04 sec

100% tests passed, 0 tests failed out of 1

Total Test time (real) =   0.04 sec
--- test_service_introspection_discovery_ordering iteration 35/100 ---
Internal ctest changing into directory: /home/hep7/project/kairos/zlink/core/build
Test project /home/hep7/project/kairos/zlink/core/build
    Start 50: test_service_introspection_discovery_ordering
1/1 Test #50: test_service_introspection_discovery_ordering ...   Passed    0.04 sec

100% tests passed, 0 tests failed out of 1

Total Test time (real) =   0.04 sec
--- test_service_introspection_discovery_ordering iteration 36/100 ---
Internal ctest changing into directory: /home/hep7/project/kairos/zlink/core/build
Test project /home/hep7/project/kairos/zlink/core/build
    Start 50: test_service_introspection_discovery_ordering
1/1 Test #50: test_service_introspection_discovery_ordering ...   Passed    0.04 sec

100% tests passed, 0 tests failed out of 1

Total Test time (real) =   0.04 sec
--- test_service_introspection_discovery_ordering iteration 37/100 ---
Internal ctest changing into directory: /home/hep7/project/kairos/zlink/core/build
Test project /home/hep7/project/kairos/zlink/core/build
    Start 50: test_service_introspection_discovery_ordering
1/1 Test #50: test_service_introspection_discovery_ordering ...   Passed    0.04 sec

100% tests passed, 0 tests failed out of 1

Total Test time (real) =   0.04 sec
--- test_service_introspection_discovery_ordering iteration 38/100 ---
Internal ctest changing into directory: /home/hep7/project/kairos/zlink/core/build
Test project /home/hep7/project/kairos/zlink/core/build
    Start 50: test_service_introspection_discovery_ordering
1/1 Test #50: test_service_introspection_discovery_ordering ...   Passed    0.04 sec

100% tests passed, 0 tests failed out of 1

Total Test time (real) =   0.04 sec
--- test_service_introspection_discovery_ordering iteration 39/100 ---
Internal ctest changing into directory: /home/hep7/project/kairos/zlink/core/build
Test project /home/hep7/project/kairos/zlink/core/build
    Start 50: test_service_introspection_discovery_ordering
1/1 Test #50: test_service_introspection_discovery_ordering ...   Passed    0.04 sec

100% tests passed, 0 tests failed out of 1

Total Test time (real) =   0.04 sec
--- test_service_introspection_discovery_ordering iteration 40/100 ---
Internal ctest changing into directory: /home/hep7/project/kairos/zlink/core/build
Test project /home/hep7/project/kairos/zlink/core/build
    Start 50: test_service_introspection_discovery_ordering
1/1 Test #50: test_service_introspection_discovery_ordering ...   Passed    0.04 sec

100% tests passed, 0 tests failed out of 1

Total Test time (real) =   0.04 sec
--- test_service_introspection_discovery_ordering iteration 41/100 ---
Internal ctest changing into directory: /home/hep7/project/kairos/zlink/core/build
Test project /home/hep7/project/kairos/zlink/core/build
    Start 50: test_service_introspection_discovery_ordering
1/1 Test #50: test_service_introspection_discovery_ordering ...   Passed    0.04 sec

100% tests passed, 0 tests failed out of 1

Total Test time (real) =   0.04 sec
--- test_service_introspection_discovery_ordering iteration 42/100 ---
Internal ctest changing into directory: /home/hep7/project/kairos/zlink/core/build
Test project /home/hep7/project/kairos/zlink/core/build
    Start 50: test_service_introspection_discovery_ordering
1/1 Test #50: test_service_introspection_discovery_ordering ...   Passed    0.04 sec

100% tests passed, 0 tests failed out of 1

Total Test time (real) =   0.04 sec
--- test_service_introspection_discovery_ordering iteration 43/100 ---
Internal ctest changing into directory: /home/hep7/project/kairos/zlink/core/build
Test project /home/hep7/project/kairos/zlink/core/build
    Start 50: test_service_introspection_discovery_ordering
1/1 Test #50: test_service_introspection_discovery_ordering ...   Passed    0.04 sec

100% tests passed, 0 tests failed out of 1

Total Test time (real) =   0.04 sec
--- test_service_introspection_discovery_ordering iteration 44/100 ---
Internal ctest changing into directory: /home/hep7/project/kairos/zlink/core/build
Test project /home/hep7/project/kairos/zlink/core/build
    Start 50: test_service_introspection_discovery_ordering
1/1 Test #50: test_service_introspection_discovery_ordering ...   Passed    0.04 sec

100% tests passed, 0 tests failed out of 1

Total Test time (real) =   0.04 sec
--- test_service_introspection_discovery_ordering iteration 45/100 ---
Internal ctest changing into directory: /home/hep7/project/kairos/zlink/core/build
Test project /home/hep7/project/kairos/zlink/core/build
    Start 50: test_service_introspection_discovery_ordering
1/1 Test #50: test_service_introspection_discovery_ordering ...   Passed    0.04 sec

100% tests passed, 0 tests failed out of 1

Total Test time (real) =   0.04 sec
--- test_service_introspection_discovery_ordering iteration 46/100 ---
Internal ctest changing into directory: /home/hep7/project/kairos/zlink/core/build
Test project /home/hep7/project/kairos/zlink/core/build
    Start 50: test_service_introspection_discovery_ordering
1/1 Test #50: test_service_introspection_discovery_ordering ...   Passed    0.04 sec

100% tests passed, 0 tests failed out of 1

Total Test time (real) =   0.04 sec
--- test_service_introspection_discovery_ordering iteration 47/100 ---
Internal ctest changing into directory: /home/hep7/project/kairos/zlink/core/build
Test project /home/hep7/project/kairos/zlink/core/build
    Start 50: test_service_introspection_discovery_ordering
1/1 Test #50: test_service_introspection_discovery_ordering ...   Passed    0.04 sec

100% tests passed, 0 tests failed out of 1

Total Test time (real) =   0.04 sec
--- test_service_introspection_discovery_ordering iteration 48/100 ---
Internal ctest changing into directory: /home/hep7/project/kairos/zlink/core/build
Test project /home/hep7/project/kairos/zlink/core/build
    Start 50: test_service_introspection_discovery_ordering
1/1 Test #50: test_service_introspection_discovery_ordering ...   Passed    0.04 sec

100% tests passed, 0 tests failed out of 1

Total Test time (real) =   0.04 sec
--- test_service_introspection_discovery_ordering iteration 49/100 ---
Internal ctest changing into directory: /home/hep7/project/kairos/zlink/core/build
Test project /home/hep7/project/kairos/zlink/core/build
    Start 50: test_service_introspection_discovery_ordering
1/1 Test #50: test_service_introspection_discovery_ordering ...   Passed    0.04 sec

100% tests passed, 0 tests failed out of 1

Total Test time (real) =   0.04 sec
--- test_service_introspection_discovery_ordering iteration 50/100 ---
Internal ctest changing into directory: /home/hep7/project/kairos/zlink/core/build
Test project /home/hep7/project/kairos/zlink/core/build
    Start 50: test_service_introspection_discovery_ordering
1/1 Test #50: test_service_introspection_discovery_ordering ...   Passed    0.04 sec

100% tests passed, 0 tests failed out of 1

Total Test time (real) =   0.04 sec
--- test_service_introspection_discovery_ordering iteration 51/100 ---
Internal ctest changing into directory: /home/hep7/project/kairos/zlink/core/build
Test project /home/hep7/project/kairos/zlink/core/build
    Start 50: test_service_introspection_discovery_ordering
1/1 Test #50: test_service_introspection_discovery_ordering ...   Passed    0.04 sec

100% tests passed, 0 tests failed out of 1

Total Test time (real) =   0.04 sec
--- test_service_introspection_discovery_ordering iteration 52/100 ---
Internal ctest changing into directory: /home/hep7/project/kairos/zlink/core/build
Test project /home/hep7/project/kairos/zlink/core/build
    Start 50: test_service_introspection_discovery_ordering
1/1 Test #50: test_service_introspection_discovery_ordering ...   Passed    0.04 sec

100% tests passed, 0 tests failed out of 1

Total Test time (real) =   0.04 sec
--- test_service_introspection_discovery_ordering iteration 53/100 ---
Internal ctest changing into directory: /home/hep7/project/kairos/zlink/core/build
Test project /home/hep7/project/kairos/zlink/core/build
    Start 50: test_service_introspection_discovery_ordering
1/1 Test #50: test_service_introspection_discovery_ordering ...   Passed    0.04 sec

100% tests passed, 0 tests failed out of 1

Total Test time (real) =   0.04 sec
--- test_service_introspection_discovery_ordering iteration 54/100 ---
Internal ctest changing into directory: /home/hep7/project/kairos/zlink/core/build
Test project /home/hep7/project/kairos/zlink/core/build
    Start 50: test_service_introspection_discovery_ordering
1/1 Test #50: test_service_introspection_discovery_ordering ...   Passed    0.04 sec

100% tests passed, 0 tests failed out of 1

Total Test time (real) =   0.04 sec
--- test_service_introspection_discovery_ordering iteration 55/100 ---
Internal ctest changing into directory: /home/hep7/project/kairos/zlink/core/build
Test project /home/hep7/project/kairos/zlink/core/build
    Start 50: test_service_introspection_discovery_ordering
1/1 Test #50: test_service_introspection_discovery_ordering ...   Passed    0.04 sec

100% tests passed, 0 tests failed out of 1

Total Test time (real) =   0.04 sec
--- test_service_introspection_discovery_ordering iteration 56/100 ---
Internal ctest changing into directory: /home/hep7/project/kairos/zlink/core/build
Test project /home/hep7/project/kairos/zlink/core/build
    Start 50: test_service_introspection_discovery_ordering
1/1 Test #50: test_service_introspection_discovery_ordering ...   Passed    0.04 sec

100% tests passed, 0 tests failed out of 1

Total Test time (real) =   0.04 sec
--- test_service_introspection_discovery_ordering iteration 57/100 ---
Internal ctest changing into directory: /home/hep7/project/kairos/zlink/core/build
Test project /home/hep7/project/kairos/zlink/core/build
    Start 50: test_service_introspection_discovery_ordering
1/1 Test #50: test_service_introspection_discovery_ordering ...   Passed    0.04 sec

100% tests passed, 0 tests failed out of 1

Total Test time (real) =   0.04 sec
--- test_service_introspection_discovery_ordering iteration 58/100 ---
Internal ctest changing into directory: /home/hep7/project/kairos/zlink/core/build
Test project /home/hep7/project/kairos/zlink/core/build
    Start 50: test_service_introspection_discovery_ordering
1/1 Test #50: test_service_introspection_discovery_ordering ...   Passed    0.04 sec

100% tests passed, 0 tests failed out of 1

Total Test time (real) =   0.04 sec
--- test_service_introspection_discovery_ordering iteration 59/100 ---
Internal ctest changing into directory: /home/hep7/project/kairos/zlink/core/build
Test project /home/hep7/project/kairos/zlink/core/build
    Start 50: test_service_introspection_discovery_ordering
1/1 Test #50: test_service_introspection_discovery_ordering ...   Passed    0.04 sec

100% tests passed, 0 tests failed out of 1

Total Test time (real) =   0.04 sec
--- test_service_introspection_discovery_ordering iteration 60/100 ---
Internal ctest changing into directory: /home/hep7/project/kairos/zlink/core/build
Test project /home/hep7/project/kairos/zlink/core/build
    Start 50: test_service_introspection_discovery_ordering
1/1 Test #50: test_service_introspection_discovery_ordering ...   Passed    0.04 sec

100% tests passed, 0 tests failed out of 1

Total Test time (real) =   0.04 sec
--- test_service_introspection_discovery_ordering iteration 61/100 ---
Internal ctest changing into directory: /home/hep7/project/kairos/zlink/core/build
Test project /home/hep7/project/kairos/zlink/core/build
    Start 50: test_service_introspection_discovery_ordering
1/1 Test #50: test_service_introspection_discovery_ordering ...   Passed    0.04 sec

100% tests passed, 0 tests failed out of 1

Total Test time (real) =   0.04 sec
--- test_service_introspection_discovery_ordering iteration 62/100 ---
Internal ctest changing into directory: /home/hep7/project/kairos/zlink/core/build
Test project /home/hep7/project/kairos/zlink/core/build
    Start 50: test_service_introspection_discovery_ordering
1/1 Test #50: test_service_introspection_discovery_ordering ...   Passed    0.04 sec

100% tests passed, 0 tests failed out of 1

Total Test time (real) =   0.04 sec
--- test_service_introspection_discovery_ordering iteration 63/100 ---
Internal ctest changing into directory: /home/hep7/project/kairos/zlink/core/build
Test project /home/hep7/project/kairos/zlink/core/build
    Start 50: test_service_introspection_discovery_ordering
1/1 Test #50: test_service_introspection_discovery_ordering ...   Passed    0.04 sec

100% tests passed, 0 tests failed out of 1

Total Test time (real) =   0.04 sec
--- test_service_introspection_discovery_ordering iteration 64/100 ---
Internal ctest changing into directory: /home/hep7/project/kairos/zlink/core/build
Test project /home/hep7/project/kairos/zlink/core/build
    Start 50: test_service_introspection_discovery_ordering
1/1 Test #50: test_service_introspection_discovery_ordering ...   Passed    0.04 sec

100% tests passed, 0 tests failed out of 1

Total Test time (real) =   0.04 sec
--- test_service_introspection_discovery_ordering iteration 65/100 ---
Internal ctest changing into directory: /home/hep7/project/kairos/zlink/core/build
Test project /home/hep7/project/kairos/zlink/core/build
    Start 50: test_service_introspection_discovery_ordering
1/1 Test #50: test_service_introspection_discovery_ordering ...   Passed    0.04 sec

100% tests passed, 0 tests failed out of 1

Total Test time (real) =   0.04 sec
--- test_service_introspection_discovery_ordering iteration 66/100 ---
Internal ctest changing into directory: /home/hep7/project/kairos/zlink/core/build
Test project /home/hep7/project/kairos/zlink/core/build
    Start 50: test_service_introspection_discovery_ordering
1/1 Test #50: test_service_introspection_discovery_ordering ...   Passed    0.04 sec

100% tests passed, 0 tests failed out of 1

Total Test time (real) =   0.04 sec
--- test_service_introspection_discovery_ordering iteration 67/100 ---
Internal ctest changing into directory: /home/hep7/project/kairos/zlink/core/build
Test project /home/hep7/project/kairos/zlink/core/build
    Start 50: test_service_introspection_discovery_ordering
1/1 Test #50: test_service_introspection_discovery_ordering ...   Passed    0.04 sec

100% tests passed, 0 tests failed out of 1

Total Test time (real) =   0.04 sec
--- test_service_introspection_discovery_ordering iteration 68/100 ---
Internal ctest changing into directory: /home/hep7/project/kairos/zlink/core/build
Test project /home/hep7/project/kairos/zlink/core/build
    Start 50: test_service_introspection_discovery_ordering
1/1 Test #50: test_service_introspection_discovery_ordering ...   Passed    0.04 sec

100% tests passed, 0 tests failed out of 1

Total Test time (real) =   0.04 sec
--- test_service_introspection_discovery_ordering iteration 69/100 ---
Internal ctest changing into directory: /home/hep7/project/kairos/zlink/core/build
Test project /home/hep7/project/kairos/zlink/core/build
    Start 50: test_service_introspection_discovery_ordering
1/1 Test #50: test_service_introspection_discovery_ordering ...   Passed    0.04 sec

100% tests passed, 0 tests failed out of 1

Total Test time (real) =   0.04 sec
--- test_service_introspection_discovery_ordering iteration 70/100 ---
Internal ctest changing into directory: /home/hep7/project/kairos/zlink/core/build
Test project /home/hep7/project/kairos/zlink/core/build
    Start 50: test_service_introspection_discovery_ordering
1/1 Test #50: test_service_introspection_discovery_ordering ...   Passed    0.04 sec

100% tests passed, 0 tests failed out of 1

Total Test time (real) =   0.04 sec
--- test_service_introspection_discovery_ordering iteration 71/100 ---
Internal ctest changing into directory: /home/hep7/project/kairos/zlink/core/build
Test project /home/hep7/project/kairos/zlink/core/build
    Start 50: test_service_introspection_discovery_ordering
1/1 Test #50: test_service_introspection_discovery_ordering ...   Passed    0.04 sec

100% tests passed, 0 tests failed out of 1

Total Test time (real) =   0.04 sec
--- test_service_introspection_discovery_ordering iteration 72/100 ---
Internal ctest changing into directory: /home/hep7/project/kairos/zlink/core/build
Test project /home/hep7/project/kairos/zlink/core/build
    Start 50: test_service_introspection_discovery_ordering
1/1 Test #50: test_service_introspection_discovery_ordering ...   Passed    0.04 sec

100% tests passed, 0 tests failed out of 1

Total Test time (real) =   0.04 sec
--- test_service_introspection_discovery_ordering iteration 73/100 ---
Internal ctest changing into directory: /home/hep7/project/kairos/zlink/core/build
Test project /home/hep7/project/kairos/zlink/core/build
    Start 50: test_service_introspection_discovery_ordering
1/1 Test #50: test_service_introspection_discovery_ordering ...   Passed    0.04 sec

100% tests passed, 0 tests failed out of 1

Total Test time (real) =   0.04 sec
--- test_service_introspection_discovery_ordering iteration 74/100 ---
Internal ctest changing into directory: /home/hep7/project/kairos/zlink/core/build
Test project /home/hep7/project/kairos/zlink/core/build
    Start 50: test_service_introspection_discovery_ordering
1/1 Test #50: test_service_introspection_discovery_ordering ...   Passed    0.04 sec

100% tests passed, 0 tests failed out of 1

Total Test time (real) =   0.04 sec
--- test_service_introspection_discovery_ordering iteration 75/100 ---
Internal ctest changing into directory: /home/hep7/project/kairos/zlink/core/build
Test project /home/hep7/project/kairos/zlink/core/build
    Start 50: test_service_introspection_discovery_ordering
1/1 Test #50: test_service_introspection_discovery_ordering ...   Passed    0.04 sec

100% tests passed, 0 tests failed out of 1

Total Test time (real) =   0.04 sec
--- test_service_introspection_discovery_ordering iteration 76/100 ---
Internal ctest changing into directory: /home/hep7/project/kairos/zlink/core/build
Test project /home/hep7/project/kairos/zlink/core/build
    Start 50: test_service_introspection_discovery_ordering
1/1 Test #50: test_service_introspection_discovery_ordering ...   Passed    0.04 sec

100% tests passed, 0 tests failed out of 1

Total Test time (real) =   0.04 sec
--- test_service_introspection_discovery_ordering iteration 77/100 ---
Internal ctest changing into directory: /home/hep7/project/kairos/zlink/core/build
Test project /home/hep7/project/kairos/zlink/core/build
    Start 50: test_service_introspection_discovery_ordering
1/1 Test #50: test_service_introspection_discovery_ordering ...   Passed    0.04 sec

100% tests passed, 0 tests failed out of 1

Total Test time (real) =   0.04 sec
--- test_service_introspection_discovery_ordering iteration 78/100 ---
Internal ctest changing into directory: /home/hep7/project/kairos/zlink/core/build
Test project /home/hep7/project/kairos/zlink/core/build
    Start 50: test_service_introspection_discovery_ordering
1/1 Test #50: test_service_introspection_discovery_ordering ...   Passed    0.04 sec

100% tests passed, 0 tests failed out of 1

Total Test time (real) =   0.04 sec
--- test_service_introspection_discovery_ordering iteration 79/100 ---
Internal ctest changing into directory: /home/hep7/project/kairos/zlink/core/build
Test project /home/hep7/project/kairos/zlink/core/build
    Start 50: test_service_introspection_discovery_ordering
1/1 Test #50: test_service_introspection_discovery_ordering ...   Passed    0.04 sec

100% tests passed, 0 tests failed out of 1

Total Test time (real) =   0.04 sec
--- test_service_introspection_discovery_ordering iteration 80/100 ---
Internal ctest changing into directory: /home/hep7/project/kairos/zlink/core/build
Test project /home/hep7/project/kairos/zlink/core/build
    Start 50: test_service_introspection_discovery_ordering
1/1 Test #50: test_service_introspection_discovery_ordering ...   Passed    0.04 sec

100% tests passed, 0 tests failed out of 1

Total Test time (real) =   0.04 sec
--- test_service_introspection_discovery_ordering iteration 81/100 ---
Internal ctest changing into directory: /home/hep7/project/kairos/zlink/core/build
Test project /home/hep7/project/kairos/zlink/core/build
    Start 50: test_service_introspection_discovery_ordering
1/1 Test #50: test_service_introspection_discovery_ordering ...   Passed    0.04 sec

100% tests passed, 0 tests failed out of 1

Total Test time (real) =   0.04 sec
--- test_service_introspection_discovery_ordering iteration 82/100 ---
Internal ctest changing into directory: /home/hep7/project/kairos/zlink/core/build
Test project /home/hep7/project/kairos/zlink/core/build
    Start 50: test_service_introspection_discovery_ordering
1/1 Test #50: test_service_introspection_discovery_ordering ...   Passed    0.04 sec

100% tests passed, 0 tests failed out of 1

Total Test time (real) =   0.04 sec
--- test_service_introspection_discovery_ordering iteration 83/100 ---
Internal ctest changing into directory: /home/hep7/project/kairos/zlink/core/build
Test project /home/hep7/project/kairos/zlink/core/build
    Start 50: test_service_introspection_discovery_ordering
1/1 Test #50: test_service_introspection_discovery_ordering ...   Passed    0.04 sec

100% tests passed, 0 tests failed out of 1

Total Test time (real) =   0.04 sec
--- test_service_introspection_discovery_ordering iteration 84/100 ---
Internal ctest changing into directory: /home/hep7/project/kairos/zlink/core/build
Test project /home/hep7/project/kairos/zlink/core/build
    Start 50: test_service_introspection_discovery_ordering
1/1 Test #50: test_service_introspection_discovery_ordering ...   Passed    0.04 sec

100% tests passed, 0 tests failed out of 1

Total Test time (real) =   0.04 sec
--- test_service_introspection_discovery_ordering iteration 85/100 ---
Internal ctest changing into directory: /home/hep7/project/kairos/zlink/core/build
Test project /home/hep7/project/kairos/zlink/core/build
    Start 50: test_service_introspection_discovery_ordering
1/1 Test #50: test_service_introspection_discovery_ordering ...   Passed    0.04 sec

100% tests passed, 0 tests failed out of 1

Total Test time (real) =   0.04 sec
--- test_service_introspection_discovery_ordering iteration 86/100 ---
Internal ctest changing into directory: /home/hep7/project/kairos/zlink/core/build
Test project /home/hep7/project/kairos/zlink/core/build
    Start 50: test_service_introspection_discovery_ordering
1/1 Test #50: test_service_introspection_discovery_ordering ...   Passed    0.04 sec

100% tests passed, 0 tests failed out of 1

Total Test time (real) =   0.04 sec
--- test_service_introspection_discovery_ordering iteration 87/100 ---
Internal ctest changing into directory: /home/hep7/project/kairos/zlink/core/build
Test project /home/hep7/project/kairos/zlink/core/build
    Start 50: test_service_introspection_discovery_ordering
1/1 Test #50: test_service_introspection_discovery_ordering ...   Passed    0.04 sec

100% tests passed, 0 tests failed out of 1

Total Test time (real) =   0.04 sec
--- test_service_introspection_discovery_ordering iteration 88/100 ---
Internal ctest changing into directory: /home/hep7/project/kairos/zlink/core/build
Test project /home/hep7/project/kairos/zlink/core/build
    Start 50: test_service_introspection_discovery_ordering
1/1 Test #50: test_service_introspection_discovery_ordering ...   Passed    0.04 sec

100% tests passed, 0 tests failed out of 1

Total Test time (real) =   0.04 sec
--- test_service_introspection_discovery_ordering iteration 89/100 ---
Internal ctest changing into directory: /home/hep7/project/kairos/zlink/core/build
Test project /home/hep7/project/kairos/zlink/core/build
    Start 50: test_service_introspection_discovery_ordering
1/1 Test #50: test_service_introspection_discovery_ordering ...   Passed    0.04 sec

100% tests passed, 0 tests failed out of 1

Total Test time (real) =   0.04 sec
--- test_service_introspection_discovery_ordering iteration 90/100 ---
Internal ctest changing into directory: /home/hep7/project/kairos/zlink/core/build
Test project /home/hep7/project/kairos/zlink/core/build
    Start 50: test_service_introspection_discovery_ordering
1/1 Test #50: test_service_introspection_discovery_ordering ...   Passed    0.04 sec

100% tests passed, 0 tests failed out of 1

Total Test time (real) =   0.04 sec
--- test_service_introspection_discovery_ordering iteration 91/100 ---
Internal ctest changing into directory: /home/hep7/project/kairos/zlink/core/build
Test project /home/hep7/project/kairos/zlink/core/build
    Start 50: test_service_introspection_discovery_ordering
1/1 Test #50: test_service_introspection_discovery_ordering ...   Passed    0.04 sec

100% tests passed, 0 tests failed out of 1

Total Test time (real) =   0.04 sec
--- test_service_introspection_discovery_ordering iteration 92/100 ---
Internal ctest changing into directory: /home/hep7/project/kairos/zlink/core/build
Test project /home/hep7/project/kairos/zlink/core/build
    Start 50: test_service_introspection_discovery_ordering
1/1 Test #50: test_service_introspection_discovery_ordering ...   Passed    0.04 sec

100% tests passed, 0 tests failed out of 1

Total Test time (real) =   0.04 sec
--- test_service_introspection_discovery_ordering iteration 93/100 ---
Internal ctest changing into directory: /home/hep7/project/kairos/zlink/core/build
Test project /home/hep7/project/kairos/zlink/core/build
    Start 50: test_service_introspection_discovery_ordering
1/1 Test #50: test_service_introspection_discovery_ordering ...   Passed    0.04 sec

100% tests passed, 0 tests failed out of 1

Total Test time (real) =   0.04 sec
--- test_service_introspection_discovery_ordering iteration 94/100 ---
Internal ctest changing into directory: /home/hep7/project/kairos/zlink/core/build
Test project /home/hep7/project/kairos/zlink/core/build
    Start 50: test_service_introspection_discovery_ordering
1/1 Test #50: test_service_introspection_discovery_ordering ...   Passed    0.04 sec

100% tests passed, 0 tests failed out of 1

Total Test time (real) =   0.04 sec
--- test_service_introspection_discovery_ordering iteration 95/100 ---
Internal ctest changing into directory: /home/hep7/project/kairos/zlink/core/build
Test project /home/hep7/project/kairos/zlink/core/build
    Start 50: test_service_introspection_discovery_ordering
1/1 Test #50: test_service_introspection_discovery_ordering ...   Passed    0.04 sec

100% tests passed, 0 tests failed out of 1

Total Test time (real) =   0.04 sec
--- test_service_introspection_discovery_ordering iteration 96/100 ---
Internal ctest changing into directory: /home/hep7/project/kairos/zlink/core/build
Test project /home/hep7/project/kairos/zlink/core/build
    Start 50: test_service_introspection_discovery_ordering
1/1 Test #50: test_service_introspection_discovery_ordering ...   Passed    0.04 sec

100% tests passed, 0 tests failed out of 1

Total Test time (real) =   0.04 sec
--- test_service_introspection_discovery_ordering iteration 97/100 ---
Internal ctest changing into directory: /home/hep7/project/kairos/zlink/core/build
Test project /home/hep7/project/kairos/zlink/core/build
    Start 50: test_service_introspection_discovery_ordering
1/1 Test #50: test_service_introspection_discovery_ordering ...   Passed    0.04 sec

100% tests passed, 0 tests failed out of 1

Total Test time (real) =   0.04 sec
--- test_service_introspection_discovery_ordering iteration 98/100 ---
Internal ctest changing into directory: /home/hep7/project/kairos/zlink/core/build
Test project /home/hep7/project/kairos/zlink/core/build
    Start 50: test_service_introspection_discovery_ordering
1/1 Test #50: test_service_introspection_discovery_ordering ...   Passed    0.04 sec

100% tests passed, 0 tests failed out of 1

Total Test time (real) =   0.04 sec
--- test_service_introspection_discovery_ordering iteration 99/100 ---
Internal ctest changing into directory: /home/hep7/project/kairos/zlink/core/build
Test project /home/hep7/project/kairos/zlink/core/build
    Start 50: test_service_introspection_discovery_ordering
1/1 Test #50: test_service_introspection_discovery_ordering ...   Passed    0.04 sec

100% tests passed, 0 tests failed out of 1

Total Test time (real) =   0.04 sec
--- test_service_introspection_discovery_ordering iteration 100/100 ---
Internal ctest changing into directory: /home/hep7/project/kairos/zlink/core/build
Test project /home/hep7/project/kairos/zlink/core/build
    Start 50: test_service_introspection_discovery_ordering
1/1 Test #50: test_service_introspection_discovery_ordering ...   Passed    0.04 sec

100% tests passed, 0 tests failed out of 1

Total Test time (real) =   0.04 sec
=== Repeating test_service_introspection_discovery_self_close (100 iterations) ===
--- test_service_introspection_discovery_self_close iteration 1/100 ---
Internal ctest changing into directory: /home/hep7/project/kairos/zlink/core/build
Test project /home/hep7/project/kairos/zlink/core/build
    Start 51: test_service_introspection_discovery_self_close
1/1 Test #51: test_service_introspection_discovery_self_close ...   Passed    0.03 sec

100% tests passed, 0 tests failed out of 1

Total Test time (real) =   0.03 sec
--- test_service_introspection_discovery_self_close iteration 2/100 ---
Internal ctest changing into directory: /home/hep7/project/kairos/zlink/core/build
Test project /home/hep7/project/kairos/zlink/core/build
    Start 51: test_service_introspection_discovery_self_close
1/1 Test #51: test_service_introspection_discovery_self_close ...   Passed    0.03 sec

100% tests passed, 0 tests failed out of 1

Total Test time (real) =   0.03 sec
--- test_service_introspection_discovery_self_close iteration 3/100 ---
Internal ctest changing into directory: /home/hep7/project/kairos/zlink/core/build
Test project /home/hep7/project/kairos/zlink/core/build
    Start 51: test_service_introspection_discovery_self_close
1/1 Test #51: test_service_introspection_discovery_self_close ...   Passed    0.03 sec

100% tests passed, 0 tests failed out of 1

Total Test time (real) =   0.03 sec
--- test_service_introspection_discovery_self_close iteration 4/100 ---
Internal ctest changing into directory: /home/hep7/project/kairos/zlink/core/build
Test project /home/hep7/project/kairos/zlink/core/build
    Start 51: test_service_introspection_discovery_self_close
1/1 Test #51: test_service_introspection_discovery_self_close ...   Passed    0.03 sec

100% tests passed, 0 tests failed out of 1

Total Test time (real) =   0.03 sec
--- test_service_introspection_discovery_self_close iteration 5/100 ---
Internal ctest changing into directory: /home/hep7/project/kairos/zlink/core/build
Test project /home/hep7/project/kairos/zlink/core/build
    Start 51: test_service_introspection_discovery_self_close
1/1 Test #51: test_service_introspection_discovery_self_close ...   Passed    0.03 sec

100% tests passed, 0 tests failed out of 1

Total Test time (real) =   0.03 sec
--- test_service_introspection_discovery_self_close iteration 6/100 ---
Internal ctest changing into directory: /home/hep7/project/kairos/zlink/core/build
Test project /home/hep7/project/kairos/zlink/core/build
    Start 51: test_service_introspection_discovery_self_close
1/1 Test #51: test_service_introspection_discovery_self_close ...   Passed    0.03 sec

100% tests passed, 0 tests failed out of 1

Total Test time (real) =   0.03 sec
--- test_service_introspection_discovery_self_close iteration 7/100 ---
Internal ctest changing into directory: /home/hep7/project/kairos/zlink/core/build
Test project /home/hep7/project/kairos/zlink/core/build
    Start 51: test_service_introspection_discovery_self_close
1/1 Test #51: test_service_introspection_discovery_self_close ...   Passed    0.03 sec

100% tests passed, 0 tests failed out of 1

Total Test time (real) =   0.03 sec
--- test_service_introspection_discovery_self_close iteration 8/100 ---
Internal ctest changing into directory: /home/hep7/project/kairos/zlink/core/build
Test project /home/hep7/project/kairos/zlink/core/build
    Start 51: test_service_introspection_discovery_self_close
1/1 Test #51: test_service_introspection_discovery_self_close ...   Passed    0.03 sec

100% tests passed, 0 tests failed out of 1

Total Test time (real) =   0.03 sec
--- test_service_introspection_discovery_self_close iteration 9/100 ---
Internal ctest changing into directory: /home/hep7/project/kairos/zlink/core/build
Test project /home/hep7/project/kairos/zlink/core/build
    Start 51: test_service_introspection_discovery_self_close
1/1 Test #51: test_service_introspection_discovery_self_close ...   Passed    0.03 sec

100% tests passed, 0 tests failed out of 1

Total Test time (real) =   0.03 sec
--- test_service_introspection_discovery_self_close iteration 10/100 ---
Internal ctest changing into directory: /home/hep7/project/kairos/zlink/core/build
Test project /home/hep7/project/kairos/zlink/core/build
    Start 51: test_service_introspection_discovery_self_close
1/1 Test #51: test_service_introspection_discovery_self_close ...   Passed    0.03 sec

100% tests passed, 0 tests failed out of 1

Total Test time (real) =   0.03 sec
--- test_service_introspection_discovery_self_close iteration 11/100 ---
Internal ctest changing into directory: /home/hep7/project/kairos/zlink/core/build
Test project /home/hep7/project/kairos/zlink/core/build
    Start 51: test_service_introspection_discovery_self_close
1/1 Test #51: test_service_introspection_discovery_self_close ...   Passed    0.03 sec

100% tests passed, 0 tests failed out of 1

Total Test time (real) =   0.03 sec
--- test_service_introspection_discovery_self_close iteration 12/100 ---
Internal ctest changing into directory: /home/hep7/project/kairos/zlink/core/build
Test project /home/hep7/project/kairos/zlink/core/build
    Start 51: test_service_introspection_discovery_self_close
1/1 Test #51: test_service_introspection_discovery_self_close ...   Passed    0.03 sec

100% tests passed, 0 tests failed out of 1

Total Test time (real) =   0.03 sec
--- test_service_introspection_discovery_self_close iteration 13/100 ---
Internal ctest changing into directory: /home/hep7/project/kairos/zlink/core/build
Test project /home/hep7/project/kairos/zlink/core/build
    Start 51: test_service_introspection_discovery_self_close
1/1 Test #51: test_service_introspection_discovery_self_close ...   Passed    0.03 sec

100% tests passed, 0 tests failed out of 1

Total Test time (real) =   0.03 sec
--- test_service_introspection_discovery_self_close iteration 14/100 ---
Internal ctest changing into directory: /home/hep7/project/kairos/zlink/core/build
Test project /home/hep7/project/kairos/zlink/core/build
    Start 51: test_service_introspection_discovery_self_close
1/1 Test #51: test_service_introspection_discovery_self_close ...   Passed    0.03 sec

100% tests passed, 0 tests failed out of 1

Total Test time (real) =   0.03 sec
--- test_service_introspection_discovery_self_close iteration 15/100 ---
Internal ctest changing into directory: /home/hep7/project/kairos/zlink/core/build
Test project /home/hep7/project/kairos/zlink/core/build
    Start 51: test_service_introspection_discovery_self_close
1/1 Test #51: test_service_introspection_discovery_self_close ...   Passed    0.03 sec

100% tests passed, 0 tests failed out of 1

Total Test time (real) =   0.03 sec
--- test_service_introspection_discovery_self_close iteration 16/100 ---
Internal ctest changing into directory: /home/hep7/project/kairos/zlink/core/build
Test project /home/hep7/project/kairos/zlink/core/build
    Start 51: test_service_introspection_discovery_self_close
1/1 Test #51: test_service_introspection_discovery_self_close ...   Passed    0.03 sec

100% tests passed, 0 tests failed out of 1

Total Test time (real) =   0.03 sec
--- test_service_introspection_discovery_self_close iteration 17/100 ---
Internal ctest changing into directory: /home/hep7/project/kairos/zlink/core/build
Test project /home/hep7/project/kairos/zlink/core/build
    Start 51: test_service_introspection_discovery_self_close
1/1 Test #51: test_service_introspection_discovery_self_close ...   Passed    0.03 sec

100% tests passed, 0 tests failed out of 1

Total Test time (real) =   0.03 sec
--- test_service_introspection_discovery_self_close iteration 18/100 ---
Internal ctest changing into directory: /home/hep7/project/kairos/zlink/core/build
Test project /home/hep7/project/kairos/zlink/core/build
    Start 51: test_service_introspection_discovery_self_close
1/1 Test #51: test_service_introspection_discovery_self_close ...   Passed    0.03 sec

100% tests passed, 0 tests failed out of 1

Total Test time (real) =   0.03 sec
--- test_service_introspection_discovery_self_close iteration 19/100 ---
Internal ctest changing into directory: /home/hep7/project/kairos/zlink/core/build
Test project /home/hep7/project/kairos/zlink/core/build
    Start 51: test_service_introspection_discovery_self_close
1/1 Test #51: test_service_introspection_discovery_self_close ...   Passed    0.03 sec

100% tests passed, 0 tests failed out of 1

Total Test time (real) =   0.03 sec
--- test_service_introspection_discovery_self_close iteration 20/100 ---
Internal ctest changing into directory: /home/hep7/project/kairos/zlink/core/build
Test project /home/hep7/project/kairos/zlink/core/build
    Start 51: test_service_introspection_discovery_self_close
1/1 Test #51: test_service_introspection_discovery_self_close ...   Passed    0.03 sec

100% tests passed, 0 tests failed out of 1

Total Test time (real) =   0.03 sec
--- test_service_introspection_discovery_self_close iteration 21/100 ---
Internal ctest changing into directory: /home/hep7/project/kairos/zlink/core/build
Test project /home/hep7/project/kairos/zlink/core/build
    Start 51: test_service_introspection_discovery_self_close
1/1 Test #51: test_service_introspection_discovery_self_close ...   Passed    0.03 sec

100% tests passed, 0 tests failed out of 1

Total Test time (real) =   0.03 sec
--- test_service_introspection_discovery_self_close iteration 22/100 ---
Internal ctest changing into directory: /home/hep7/project/kairos/zlink/core/build
Test project /home/hep7/project/kairos/zlink/core/build
    Start 51: test_service_introspection_discovery_self_close
1/1 Test #51: test_service_introspection_discovery_self_close ...   Passed    0.03 sec

100% tests passed, 0 tests failed out of 1

Total Test time (real) =   0.03 sec
--- test_service_introspection_discovery_self_close iteration 23/100 ---
Internal ctest changing into directory: /home/hep7/project/kairos/zlink/core/build
Test project /home/hep7/project/kairos/zlink/core/build
    Start 51: test_service_introspection_discovery_self_close
1/1 Test #51: test_service_introspection_discovery_self_close ...   Passed    0.03 sec

100% tests passed, 0 tests failed out of 1

Total Test time (real) =   0.03 sec
--- test_service_introspection_discovery_self_close iteration 24/100 ---
Internal ctest changing into directory: /home/hep7/project/kairos/zlink/core/build
Test project /home/hep7/project/kairos/zlink/core/build
    Start 51: test_service_introspection_discovery_self_close
1/1 Test #51: test_service_introspection_discovery_self_close ...   Passed    0.03 sec

100% tests passed, 0 tests failed out of 1

Total Test time (real) =   0.03 sec
--- test_service_introspection_discovery_self_close iteration 25/100 ---
Internal ctest changing into directory: /home/hep7/project/kairos/zlink/core/build
Test project /home/hep7/project/kairos/zlink/core/build
    Start 51: test_service_introspection_discovery_self_close
1/1 Test #51: test_service_introspection_discovery_self_close ...   Passed    0.03 sec

100% tests passed, 0 tests failed out of 1

Total Test time (real) =   0.03 sec
--- test_service_introspection_discovery_self_close iteration 26/100 ---
Internal ctest changing into directory: /home/hep7/project/kairos/zlink/core/build
Test project /home/hep7/project/kairos/zlink/core/build
    Start 51: test_service_introspection_discovery_self_close
1/1 Test #51: test_service_introspection_discovery_self_close ...   Passed    0.03 sec

100% tests passed, 0 tests failed out of 1

Total Test time (real) =   0.03 sec
--- test_service_introspection_discovery_self_close iteration 27/100 ---
Internal ctest changing into directory: /home/hep7/project/kairos/zlink/core/build
Test project /home/hep7/project/kairos/zlink/core/build
    Start 51: test_service_introspection_discovery_self_close
1/1 Test #51: test_service_introspection_discovery_self_close ...   Passed    0.03 sec

100% tests passed, 0 tests failed out of 1

Total Test time (real) =   0.03 sec
--- test_service_introspection_discovery_self_close iteration 28/100 ---
Internal ctest changing into directory: /home/hep7/project/kairos/zlink/core/build
Test project /home/hep7/project/kairos/zlink/core/build
    Start 51: test_service_introspection_discovery_self_close
1/1 Test #51: test_service_introspection_discovery_self_close ...   Passed    0.03 sec

100% tests passed, 0 tests failed out of 1

Total Test time (real) =   0.03 sec
--- test_service_introspection_discovery_self_close iteration 29/100 ---
Internal ctest changing into directory: /home/hep7/project/kairos/zlink/core/build
Test project /home/hep7/project/kairos/zlink/core/build
    Start 51: test_service_introspection_discovery_self_close
1/1 Test #51: test_service_introspection_discovery_self_close ...   Passed    0.03 sec

100% tests passed, 0 tests failed out of 1

Total Test time (real) =   0.03 sec
--- test_service_introspection_discovery_self_close iteration 30/100 ---
Internal ctest changing into directory: /home/hep7/project/kairos/zlink/core/build
Test project /home/hep7/project/kairos/zlink/core/build
    Start 51: test_service_introspection_discovery_self_close
1/1 Test #51: test_service_introspection_discovery_self_close ...   Passed    0.03 sec

100% tests passed, 0 tests failed out of 1

Total Test time (real) =   0.03 sec
--- test_service_introspection_discovery_self_close iteration 31/100 ---
Internal ctest changing into directory: /home/hep7/project/kairos/zlink/core/build
Test project /home/hep7/project/kairos/zlink/core/build
    Start 51: test_service_introspection_discovery_self_close
1/1 Test #51: test_service_introspection_discovery_self_close ...   Passed    0.03 sec

100% tests passed, 0 tests failed out of 1

Total Test time (real) =   0.03 sec
--- test_service_introspection_discovery_self_close iteration 32/100 ---
Internal ctest changing into directory: /home/hep7/project/kairos/zlink/core/build
Test project /home/hep7/project/kairos/zlink/core/build
    Start 51: test_service_introspection_discovery_self_close
1/1 Test #51: test_service_introspection_discovery_self_close ...   Passed    0.03 sec

100% tests passed, 0 tests failed out of 1

Total Test time (real) =   0.03 sec
--- test_service_introspection_discovery_self_close iteration 33/100 ---
Internal ctest changing into directory: /home/hep7/project/kairos/zlink/core/build
Test project /home/hep7/project/kairos/zlink/core/build
    Start 51: test_service_introspection_discovery_self_close
1/1 Test #51: test_service_introspection_discovery_self_close ...   Passed    0.03 sec

100% tests passed, 0 tests failed out of 1

Total Test time (real) =   0.03 sec
--- test_service_introspection_discovery_self_close iteration 34/100 ---
Internal ctest changing into directory: /home/hep7/project/kairos/zlink/core/build
Test project /home/hep7/project/kairos/zlink/core/build
    Start 51: test_service_introspection_discovery_self_close
1/1 Test #51: test_service_introspection_discovery_self_close ...   Passed    0.03 sec

100% tests passed, 0 tests failed out of 1

Total Test time (real) =   0.04 sec
--- test_service_introspection_discovery_self_close iteration 35/100 ---
Internal ctest changing into directory: /home/hep7/project/kairos/zlink/core/build
Test project /home/hep7/project/kairos/zlink/core/build
    Start 51: test_service_introspection_discovery_self_close
1/1 Test #51: test_service_introspection_discovery_self_close ...   Passed    0.03 sec

100% tests passed, 0 tests failed out of 1

Total Test time (real) =   0.04 sec
--- test_service_introspection_discovery_self_close iteration 36/100 ---
Internal ctest changing into directory: /home/hep7/project/kairos/zlink/core/build
Test project /home/hep7/project/kairos/zlink/core/build
    Start 51: test_service_introspection_discovery_self_close
1/1 Test #51: test_service_introspection_discovery_self_close ...   Passed    0.03 sec

100% tests passed, 0 tests failed out of 1

Total Test time (real) =   0.03 sec
--- test_service_introspection_discovery_self_close iteration 37/100 ---
Internal ctest changing into directory: /home/hep7/project/kairos/zlink/core/build
Test project /home/hep7/project/kairos/zlink/core/build
    Start 51: test_service_introspection_discovery_self_close
1/1 Test #51: test_service_introspection_discovery_self_close ...   Passed    0.03 sec

100% tests passed, 0 tests failed out of 1

Total Test time (real) =   0.04 sec
--- test_service_introspection_discovery_self_close iteration 38/100 ---
Internal ctest changing into directory: /home/hep7/project/kairos/zlink/core/build
Test project /home/hep7/project/kairos/zlink/core/build
    Start 51: test_service_introspection_discovery_self_close
1/1 Test #51: test_service_introspection_discovery_self_close ...   Passed    0.03 sec

100% tests passed, 0 tests failed out of 1

Total Test time (real) =   0.03 sec
--- test_service_introspection_discovery_self_close iteration 39/100 ---
Internal ctest changing into directory: /home/hep7/project/kairos/zlink/core/build
Test project /home/hep7/project/kairos/zlink/core/build
    Start 51: test_service_introspection_discovery_self_close
1/1 Test #51: test_service_introspection_discovery_self_close ...   Passed    0.03 sec

100% tests passed, 0 tests failed out of 1

Total Test time (real) =   0.03 sec
--- test_service_introspection_discovery_self_close iteration 40/100 ---
Internal ctest changing into directory: /home/hep7/project/kairos/zlink/core/build
Test project /home/hep7/project/kairos/zlink/core/build
    Start 51: test_service_introspection_discovery_self_close
1/1 Test #51: test_service_introspection_discovery_self_close ...   Passed    0.03 sec

100% tests passed, 0 tests failed out of 1

Total Test time (real) =   0.04 sec
--- test_service_introspection_discovery_self_close iteration 41/100 ---
Internal ctest changing into directory: /home/hep7/project/kairos/zlink/core/build
Test project /home/hep7/project/kairos/zlink/core/build
    Start 51: test_service_introspection_discovery_self_close
1/1 Test #51: test_service_introspection_discovery_self_close ...   Passed    0.03 sec

100% tests passed, 0 tests failed out of 1

Total Test time (real) =   0.03 sec
--- test_service_introspection_discovery_self_close iteration 42/100 ---
Internal ctest changing into directory: /home/hep7/project/kairos/zlink/core/build
Test project /home/hep7/project/kairos/zlink/core/build
    Start 51: test_service_introspection_discovery_self_close
1/1 Test #51: test_service_introspection_discovery_self_close ...   Passed    0.03 sec

100% tests passed, 0 tests failed out of 1

Total Test time (real) =   0.03 sec
--- test_service_introspection_discovery_self_close iteration 43/100 ---
Internal ctest changing into directory: /home/hep7/project/kairos/zlink/core/build
Test project /home/hep7/project/kairos/zlink/core/build
    Start 51: test_service_introspection_discovery_self_close
1/1 Test #51: test_service_introspection_discovery_self_close ...   Passed    0.03 sec

100% tests passed, 0 tests failed out of 1

Total Test time (real) =   0.04 sec
--- test_service_introspection_discovery_self_close iteration 44/100 ---
Internal ctest changing into directory: /home/hep7/project/kairos/zlink/core/build
Test project /home/hep7/project/kairos/zlink/core/build
    Start 51: test_service_introspection_discovery_self_close
1/1 Test #51: test_service_introspection_discovery_self_close ...   Passed    0.03 sec

100% tests passed, 0 tests failed out of 1

Total Test time (real) =   0.03 sec
--- test_service_introspection_discovery_self_close iteration 45/100 ---
Internal ctest changing into directory: /home/hep7/project/kairos/zlink/core/build
Test project /home/hep7/project/kairos/zlink/core/build
    Start 51: test_service_introspection_discovery_self_close
1/1 Test #51: test_service_introspection_discovery_self_close ...   Passed    0.03 sec

100% tests passed, 0 tests failed out of 1

Total Test time (real) =   0.03 sec
--- test_service_introspection_discovery_self_close iteration 46/100 ---
Internal ctest changing into directory: /home/hep7/project/kairos/zlink/core/build
Test project /home/hep7/project/kairos/zlink/core/build
    Start 51: test_service_introspection_discovery_self_close
1/1 Test #51: test_service_introspection_discovery_self_close ...   Passed    0.03 sec

100% tests passed, 0 tests failed out of 1

Total Test time (real) =   0.03 sec
--- test_service_introspection_discovery_self_close iteration 47/100 ---
Internal ctest changing into directory: /home/hep7/project/kairos/zlink/core/build
Test project /home/hep7/project/kairos/zlink/core/build
    Start 51: test_service_introspection_discovery_self_close
1/1 Test #51: test_service_introspection_discovery_self_close ...   Passed    0.03 sec

100% tests passed, 0 tests failed out of 1

Total Test time (real) =   0.03 sec
--- test_service_introspection_discovery_self_close iteration 48/100 ---
Internal ctest changing into directory: /home/hep7/project/kairos/zlink/core/build
Test project /home/hep7/project/kairos/zlink/core/build
    Start 51: test_service_introspection_discovery_self_close
1/1 Test #51: test_service_introspection_discovery_self_close ...   Passed    0.03 sec

100% tests passed, 0 tests failed out of 1

Total Test time (real) =   0.03 sec
--- test_service_introspection_discovery_self_close iteration 49/100 ---
Internal ctest changing into directory: /home/hep7/project/kairos/zlink/core/build
Test project /home/hep7/project/kairos/zlink/core/build
    Start 51: test_service_introspection_discovery_self_close
1/1 Test #51: test_service_introspection_discovery_self_close ...   Passed    0.03 sec

100% tests passed, 0 tests failed out of 1

Total Test time (real) =   0.03 sec
--- test_service_introspection_discovery_self_close iteration 50/100 ---
Internal ctest changing into directory: /home/hep7/project/kairos/zlink/core/build
Test project /home/hep7/project/kairos/zlink/core/build
    Start 51: test_service_introspection_discovery_self_close
1/1 Test #51: test_service_introspection_discovery_self_close ...   Passed    0.03 sec

100% tests passed, 0 tests failed out of 1

Total Test time (real) =   0.03 sec
--- test_service_introspection_discovery_self_close iteration 51/100 ---
Internal ctest changing into directory: /home/hep7/project/kairos/zlink/core/build
Test project /home/hep7/project/kairos/zlink/core/build
    Start 51: test_service_introspection_discovery_self_close
1/1 Test #51: test_service_introspection_discovery_self_close ...   Passed    0.03 sec

100% tests passed, 0 tests failed out of 1

Total Test time (real) =   0.03 sec
--- test_service_introspection_discovery_self_close iteration 52/100 ---
Internal ctest changing into directory: /home/hep7/project/kairos/zlink/core/build
Test project /home/hep7/project/kairos/zlink/core/build
    Start 51: test_service_introspection_discovery_self_close
1/1 Test #51: test_service_introspection_discovery_self_close ...   Passed    0.03 sec

100% tests passed, 0 tests failed out of 1

Total Test time (real) =   0.03 sec
--- test_service_introspection_discovery_self_close iteration 53/100 ---
Internal ctest changing into directory: /home/hep7/project/kairos/zlink/core/build
Test project /home/hep7/project/kairos/zlink/core/build
    Start 51: test_service_introspection_discovery_self_close
1/1 Test #51: test_service_introspection_discovery_self_close ...   Passed    0.03 sec

100% tests passed, 0 tests failed out of 1

Total Test time (real) =   0.03 sec
--- test_service_introspection_discovery_self_close iteration 54/100 ---
Internal ctest changing into directory: /home/hep7/project/kairos/zlink/core/build
Test project /home/hep7/project/kairos/zlink/core/build
    Start 51: test_service_introspection_discovery_self_close
1/1 Test #51: test_service_introspection_discovery_self_close ...   Passed    0.03 sec

100% tests passed, 0 tests failed out of 1

Total Test time (real) =   0.03 sec
--- test_service_introspection_discovery_self_close iteration 55/100 ---
Internal ctest changing into directory: /home/hep7/project/kairos/zlink/core/build
Test project /home/hep7/project/kairos/zlink/core/build
    Start 51: test_service_introspection_discovery_self_close
1/1 Test #51: test_service_introspection_discovery_self_close ...   Passed    0.03 sec

100% tests passed, 0 tests failed out of 1

Total Test time (real) =   0.03 sec
--- test_service_introspection_discovery_self_close iteration 56/100 ---
Internal ctest changing into directory: /home/hep7/project/kairos/zlink/core/build
Test project /home/hep7/project/kairos/zlink/core/build
    Start 51: test_service_introspection_discovery_self_close
1/1 Test #51: test_service_introspection_discovery_self_close ...   Passed    0.03 sec

100% tests passed, 0 tests failed out of 1

Total Test time (real) =   0.03 sec
--- test_service_introspection_discovery_self_close iteration 57/100 ---
Internal ctest changing into directory: /home/hep7/project/kairos/zlink/core/build
Test project /home/hep7/project/kairos/zlink/core/build
    Start 51: test_service_introspection_discovery_self_close
1/1 Test #51: test_service_introspection_discovery_self_close ...   Passed    0.03 sec

100% tests passed, 0 tests failed out of 1

Total Test time (real) =   0.03 sec
--- test_service_introspection_discovery_self_close iteration 58/100 ---
Internal ctest changing into directory: /home/hep7/project/kairos/zlink/core/build
Test project /home/hep7/project/kairos/zlink/core/build
    Start 51: test_service_introspection_discovery_self_close
1/1 Test #51: test_service_introspection_discovery_self_close ...   Passed    0.03 sec

100% tests passed, 0 tests failed out of 1

Total Test time (real) =   0.03 sec
--- test_service_introspection_discovery_self_close iteration 59/100 ---
Internal ctest changing into directory: /home/hep7/project/kairos/zlink/core/build
Test project /home/hep7/project/kairos/zlink/core/build
    Start 51: test_service_introspection_discovery_self_close
1/1 Test #51: test_service_introspection_discovery_self_close ...   Passed    0.03 sec

100% tests passed, 0 tests failed out of 1

Total Test time (real) =   0.03 sec
--- test_service_introspection_discovery_self_close iteration 60/100 ---
Internal ctest changing into directory: /home/hep7/project/kairos/zlink/core/build
Test project /home/hep7/project/kairos/zlink/core/build
    Start 51: test_service_introspection_discovery_self_close
1/1 Test #51: test_service_introspection_discovery_self_close ...   Passed    0.03 sec

100% tests passed, 0 tests failed out of 1

Total Test time (real) =   0.03 sec
--- test_service_introspection_discovery_self_close iteration 61/100 ---
Internal ctest changing into directory: /home/hep7/project/kairos/zlink/core/build
Test project /home/hep7/project/kairos/zlink/core/build
    Start 51: test_service_introspection_discovery_self_close
1/1 Test #51: test_service_introspection_discovery_self_close ...   Passed    0.03 sec

100% tests passed, 0 tests failed out of 1

Total Test time (real) =   0.03 sec
--- test_service_introspection_discovery_self_close iteration 62/100 ---
Internal ctest changing into directory: /home/hep7/project/kairos/zlink/core/build
Test project /home/hep7/project/kairos/zlink/core/build
    Start 51: test_service_introspection_discovery_self_close
1/1 Test #51: test_service_introspection_discovery_self_close ...   Passed    0.03 sec

100% tests passed, 0 tests failed out of 1

Total Test time (real) =   0.04 sec
--- test_service_introspection_discovery_self_close iteration 63/100 ---
Internal ctest changing into directory: /home/hep7/project/kairos/zlink/core/build
Test project /home/hep7/project/kairos/zlink/core/build
    Start 51: test_service_introspection_discovery_self_close
1/1 Test #51: test_service_introspection_discovery_self_close ...   Passed    0.03 sec

100% tests passed, 0 tests failed out of 1

Total Test time (real) =   0.03 sec
--- test_service_introspection_discovery_self_close iteration 64/100 ---
Internal ctest changing into directory: /home/hep7/project/kairos/zlink/core/build
Test project /home/hep7/project/kairos/zlink/core/build
    Start 51: test_service_introspection_discovery_self_close
1/1 Test #51: test_service_introspection_discovery_self_close ...   Passed    0.03 sec

100% tests passed, 0 tests failed out of 1

Total Test time (real) =   0.03 sec
--- test_service_introspection_discovery_self_close iteration 65/100 ---
Internal ctest changing into directory: /home/hep7/project/kairos/zlink/core/build
Test project /home/hep7/project/kairos/zlink/core/build
    Start 51: test_service_introspection_discovery_self_close
1/1 Test #51: test_service_introspection_discovery_self_close ...   Passed    0.03 sec

100% tests passed, 0 tests failed out of 1

Total Test time (real) =   0.03 sec
--- test_service_introspection_discovery_self_close iteration 66/100 ---
Internal ctest changing into directory: /home/hep7/project/kairos/zlink/core/build
Test project /home/hep7/project/kairos/zlink/core/build
    Start 51: test_service_introspection_discovery_self_close
1/1 Test #51: test_service_introspection_discovery_self_close ...   Passed    0.03 sec

100% tests passed, 0 tests failed out of 1

Total Test time (real) =   0.03 sec
--- test_service_introspection_discovery_self_close iteration 67/100 ---
Internal ctest changing into directory: /home/hep7/project/kairos/zlink/core/build
Test project /home/hep7/project/kairos/zlink/core/build
    Start 51: test_service_introspection_discovery_self_close
1/1 Test #51: test_service_introspection_discovery_self_close ...   Passed    0.03 sec

100% tests passed, 0 tests failed out of 1

Total Test time (real) =   0.03 sec
--- test_service_introspection_discovery_self_close iteration 68/100 ---
Internal ctest changing into directory: /home/hep7/project/kairos/zlink/core/build
Test project /home/hep7/project/kairos/zlink/core/build
    Start 51: test_service_introspection_discovery_self_close
1/1 Test #51: test_service_introspection_discovery_self_close ...   Passed    0.03 sec

100% tests passed, 0 tests failed out of 1

Total Test time (real) =   0.03 sec
--- test_service_introspection_discovery_self_close iteration 69/100 ---
Internal ctest changing into directory: /home/hep7/project/kairos/zlink/core/build
Test project /home/hep7/project/kairos/zlink/core/build
    Start 51: test_service_introspection_discovery_self_close
1/1 Test #51: test_service_introspection_discovery_self_close ...   Passed    0.03 sec

100% tests passed, 0 tests failed out of 1

Total Test time (real) =   0.04 sec
--- test_service_introspection_discovery_self_close iteration 70/100 ---
Internal ctest changing into directory: /home/hep7/project/kairos/zlink/core/build
Test project /home/hep7/project/kairos/zlink/core/build
    Start 51: test_service_introspection_discovery_self_close
1/1 Test #51: test_service_introspection_discovery_self_close ...   Passed    0.03 sec

100% tests passed, 0 tests failed out of 1

Total Test time (real) =   0.04 sec
--- test_service_introspection_discovery_self_close iteration 71/100 ---
Internal ctest changing into directory: /home/hep7/project/kairos/zlink/core/build
Test project /home/hep7/project/kairos/zlink/core/build
    Start 51: test_service_introspection_discovery_self_close
1/1 Test #51: test_service_introspection_discovery_self_close ...   Passed    0.03 sec

100% tests passed, 0 tests failed out of 1

Total Test time (real) =   0.03 sec
--- test_service_introspection_discovery_self_close iteration 72/100 ---
Internal ctest changing into directory: /home/hep7/project/kairos/zlink/core/build
Test project /home/hep7/project/kairos/zlink/core/build
    Start 51: test_service_introspection_discovery_self_close
1/1 Test #51: test_service_introspection_discovery_self_close ...   Passed    0.03 sec

100% tests passed, 0 tests failed out of 1

Total Test time (real) =   0.04 sec
--- test_service_introspection_discovery_self_close iteration 73/100 ---
Internal ctest changing into directory: /home/hep7/project/kairos/zlink/core/build
Test project /home/hep7/project/kairos/zlink/core/build
    Start 51: test_service_introspection_discovery_self_close
1/1 Test #51: test_service_introspection_discovery_self_close ...   Passed    0.03 sec

100% tests passed, 0 tests failed out of 1

Total Test time (real) =   0.03 sec
--- test_service_introspection_discovery_self_close iteration 74/100 ---
Internal ctest changing into directory: /home/hep7/project/kairos/zlink/core/build
Test project /home/hep7/project/kairos/zlink/core/build
    Start 51: test_service_introspection_discovery_self_close
1/1 Test #51: test_service_introspection_discovery_self_close ...   Passed    0.03 sec

100% tests passed, 0 tests failed out of 1

Total Test time (real) =   0.03 sec
--- test_service_introspection_discovery_self_close iteration 75/100 ---
Internal ctest changing into directory: /home/hep7/project/kairos/zlink/core/build
Test project /home/hep7/project/kairos/zlink/core/build
    Start 51: test_service_introspection_discovery_self_close
1/1 Test #51: test_service_introspection_discovery_self_close ...   Passed    0.03 sec

100% tests passed, 0 tests failed out of 1

Total Test time (real) =   0.04 sec
--- test_service_introspection_discovery_self_close iteration 76/100 ---
Internal ctest changing into directory: /home/hep7/project/kairos/zlink/core/build
Test project /home/hep7/project/kairos/zlink/core/build
    Start 51: test_service_introspection_discovery_self_close
1/1 Test #51: test_service_introspection_discovery_self_close ...   Passed    0.03 sec

100% tests passed, 0 tests failed out of 1

Total Test time (real) =   0.03 sec
--- test_service_introspection_discovery_self_close iteration 77/100 ---
Internal ctest changing into directory: /home/hep7/project/kairos/zlink/core/build
Test project /home/hep7/project/kairos/zlink/core/build
    Start 51: test_service_introspection_discovery_self_close
1/1 Test #51: test_service_introspection_discovery_self_close ...   Passed    0.03 sec

100% tests passed, 0 tests failed out of 1

Total Test time (real) =   0.03 sec
--- test_service_introspection_discovery_self_close iteration 78/100 ---
Internal ctest changing into directory: /home/hep7/project/kairos/zlink/core/build
Test project /home/hep7/project/kairos/zlink/core/build
    Start 51: test_service_introspection_discovery_self_close
1/1 Test #51: test_service_introspection_discovery_self_close ...   Passed    0.03 sec

100% tests passed, 0 tests failed out of 1

Total Test time (real) =   0.03 sec
--- test_service_introspection_discovery_self_close iteration 79/100 ---
Internal ctest changing into directory: /home/hep7/project/kairos/zlink/core/build
Test project /home/hep7/project/kairos/zlink/core/build
    Start 51: test_service_introspection_discovery_self_close
1/1 Test #51: test_service_introspection_discovery_self_close ...   Passed    0.03 sec

100% tests passed, 0 tests failed out of 1

Total Test time (real) =   0.03 sec
--- test_service_introspection_discovery_self_close iteration 80/100 ---
Internal ctest changing into directory: /home/hep7/project/kairos/zlink/core/build
Test project /home/hep7/project/kairos/zlink/core/build
    Start 51: test_service_introspection_discovery_self_close
1/1 Test #51: test_service_introspection_discovery_self_close ...   Passed    0.03 sec

100% tests passed, 0 tests failed out of 1

Total Test time (real) =   0.03 sec
--- test_service_introspection_discovery_self_close iteration 81/100 ---
Internal ctest changing into directory: /home/hep7/project/kairos/zlink/core/build
Test project /home/hep7/project/kairos/zlink/core/build
    Start 51: test_service_introspection_discovery_self_close
1/1 Test #51: test_service_introspection_discovery_self_close ...   Passed    0.03 sec

100% tests passed, 0 tests failed out of 1

Total Test time (real) =   0.03 sec
--- test_service_introspection_discovery_self_close iteration 82/100 ---
Internal ctest changing into directory: /home/hep7/project/kairos/zlink/core/build
Test project /home/hep7/project/kairos/zlink/core/build
    Start 51: test_service_introspection_discovery_self_close
1/1 Test #51: test_service_introspection_discovery_self_close ...   Passed    0.03 sec

100% tests passed, 0 tests failed out of 1

Total Test time (real) =   0.03 sec
--- test_service_introspection_discovery_self_close iteration 83/100 ---
Internal ctest changing into directory: /home/hep7/project/kairos/zlink/core/build
Test project /home/hep7/project/kairos/zlink/core/build
    Start 51: test_service_introspection_discovery_self_close
1/1 Test #51: test_service_introspection_discovery_self_close ...   Passed    0.03 sec

100% tests passed, 0 tests failed out of 1

Total Test time (real) =   0.03 sec
--- test_service_introspection_discovery_self_close iteration 84/100 ---
Internal ctest changing into directory: /home/hep7/project/kairos/zlink/core/build
Test project /home/hep7/project/kairos/zlink/core/build
    Start 51: test_service_introspection_discovery_self_close
1/1 Test #51: test_service_introspection_discovery_self_close ...   Passed    0.03 sec

100% tests passed, 0 tests failed out of 1

Total Test time (real) =   0.03 sec
--- test_service_introspection_discovery_self_close iteration 85/100 ---
Internal ctest changing into directory: /home/hep7/project/kairos/zlink/core/build
Test project /home/hep7/project/kairos/zlink/core/build
    Start 51: test_service_introspection_discovery_self_close
1/1 Test #51: test_service_introspection_discovery_self_close ...   Passed    0.03 sec

100% tests passed, 0 tests failed out of 1

Total Test time (real) =   0.03 sec
--- test_service_introspection_discovery_self_close iteration 86/100 ---
Internal ctest changing into directory: /home/hep7/project/kairos/zlink/core/build
Test project /home/hep7/project/kairos/zlink/core/build
    Start 51: test_service_introspection_discovery_self_close
1/1 Test #51: test_service_introspection_discovery_self_close ...   Passed    0.03 sec

100% tests passed, 0 tests failed out of 1

Total Test time (real) =   0.04 sec
--- test_service_introspection_discovery_self_close iteration 87/100 ---
Internal ctest changing into directory: /home/hep7/project/kairos/zlink/core/build
Test project /home/hep7/project/kairos/zlink/core/build
    Start 51: test_service_introspection_discovery_self_close
1/1 Test #51: test_service_introspection_discovery_self_close ...   Passed    0.03 sec

100% tests passed, 0 tests failed out of 1

Total Test time (real) =   0.04 sec
--- test_service_introspection_discovery_self_close iteration 88/100 ---
Internal ctest changing into directory: /home/hep7/project/kairos/zlink/core/build
Test project /home/hep7/project/kairos/zlink/core/build
    Start 51: test_service_introspection_discovery_self_close
1/1 Test #51: test_service_introspection_discovery_self_close ...   Passed    0.03 sec

100% tests passed, 0 tests failed out of 1

Total Test time (real) =   0.04 sec
--- test_service_introspection_discovery_self_close iteration 89/100 ---
Internal ctest changing into directory: /home/hep7/project/kairos/zlink/core/build
Test project /home/hep7/project/kairos/zlink/core/build
    Start 51: test_service_introspection_discovery_self_close
1/1 Test #51: test_service_introspection_discovery_self_close ...   Passed    0.03 sec

100% tests passed, 0 tests failed out of 1

Total Test time (real) =   0.03 sec
--- test_service_introspection_discovery_self_close iteration 90/100 ---
Internal ctest changing into directory: /home/hep7/project/kairos/zlink/core/build
Test project /home/hep7/project/kairos/zlink/core/build
    Start 51: test_service_introspection_discovery_self_close
1/1 Test #51: test_service_introspection_discovery_self_close ...   Passed    0.03 sec

100% tests passed, 0 tests failed out of 1

Total Test time (real) =   0.04 sec
--- test_service_introspection_discovery_self_close iteration 91/100 ---
Internal ctest changing into directory: /home/hep7/project/kairos/zlink/core/build
Test project /home/hep7/project/kairos/zlink/core/build
    Start 51: test_service_introspection_discovery_self_close
1/1 Test #51: test_service_introspection_discovery_self_close ...   Passed    0.03 sec

100% tests passed, 0 tests failed out of 1

Total Test time (real) =   0.04 sec
--- test_service_introspection_discovery_self_close iteration 92/100 ---
Internal ctest changing into directory: /home/hep7/project/kairos/zlink/core/build
Test project /home/hep7/project/kairos/zlink/core/build
    Start 51: test_service_introspection_discovery_self_close
1/1 Test #51: test_service_introspection_discovery_self_close ...   Passed    0.03 sec

100% tests passed, 0 tests failed out of 1

Total Test time (real) =   0.03 sec
--- test_service_introspection_discovery_self_close iteration 93/100 ---
Internal ctest changing into directory: /home/hep7/project/kairos/zlink/core/build
Test project /home/hep7/project/kairos/zlink/core/build
    Start 51: test_service_introspection_discovery_self_close
1/1 Test #51: test_service_introspection_discovery_self_close ...   Passed    0.03 sec

100% tests passed, 0 tests failed out of 1

Total Test time (real) =   0.03 sec
--- test_service_introspection_discovery_self_close iteration 94/100 ---
Internal ctest changing into directory: /home/hep7/project/kairos/zlink/core/build
Test project /home/hep7/project/kairos/zlink/core/build
    Start 51: test_service_introspection_discovery_self_close
1/1 Test #51: test_service_introspection_discovery_self_close ...   Passed    0.03 sec

100% tests passed, 0 tests failed out of 1

Total Test time (real) =   0.03 sec
--- test_service_introspection_discovery_self_close iteration 95/100 ---
Internal ctest changing into directory: /home/hep7/project/kairos/zlink/core/build
Test project /home/hep7/project/kairos/zlink/core/build
    Start 51: test_service_introspection_discovery_self_close
1/1 Test #51: test_service_introspection_discovery_self_close ...   Passed    0.03 sec

100% tests passed, 0 tests failed out of 1

Total Test time (real) =   0.03 sec
--- test_service_introspection_discovery_self_close iteration 96/100 ---
Internal ctest changing into directory: /home/hep7/project/kairos/zlink/core/build
Test project /home/hep7/project/kairos/zlink/core/build
    Start 51: test_service_introspection_discovery_self_close
1/1 Test #51: test_service_introspection_discovery_self_close ...   Passed    0.03 sec

100% tests passed, 0 tests failed out of 1

Total Test time (real) =   0.04 sec
--- test_service_introspection_discovery_self_close iteration 97/100 ---
Internal ctest changing into directory: /home/hep7/project/kairos/zlink/core/build
Test project /home/hep7/project/kairos/zlink/core/build
    Start 51: test_service_introspection_discovery_self_close
1/1 Test #51: test_service_introspection_discovery_self_close ...   Passed    0.03 sec

100% tests passed, 0 tests failed out of 1

Total Test time (real) =   0.03 sec
--- test_service_introspection_discovery_self_close iteration 98/100 ---
Internal ctest changing into directory: /home/hep7/project/kairos/zlink/core/build
Test project /home/hep7/project/kairos/zlink/core/build
    Start 51: test_service_introspection_discovery_self_close
1/1 Test #51: test_service_introspection_discovery_self_close ...   Passed    0.03 sec

100% tests passed, 0 tests failed out of 1

Total Test time (real) =   0.03 sec
--- test_service_introspection_discovery_self_close iteration 99/100 ---
Internal ctest changing into directory: /home/hep7/project/kairos/zlink/core/build
Test project /home/hep7/project/kairos/zlink/core/build
    Start 51: test_service_introspection_discovery_self_close
1/1 Test #51: test_service_introspection_discovery_self_close ...   Passed    0.03 sec

100% tests passed, 0 tests failed out of 1

Total Test time (real) =   0.03 sec
--- test_service_introspection_discovery_self_close iteration 100/100 ---
Internal ctest changing into directory: /home/hep7/project/kairos/zlink/core/build
Test project /home/hep7/project/kairos/zlink/core/build
    Start 51: test_service_introspection_discovery_self_close
1/1 Test #51: test_service_introspection_discovery_self_close ...   Passed    0.03 sec

100% tests passed, 0 tests failed out of 1

Total Test time (real) =   0.03 sec
=== Repeating test_service_introspection_discovery_lifecycle (100 iterations) ===
--- test_service_introspection_discovery_lifecycle iteration 1/100 ---
Internal ctest changing into directory: /home/hep7/project/kairos/zlink/core/build
Test project /home/hep7/project/kairos/zlink/core/build
    Start 53: test_service_introspection_discovery_lifecycle
1/1 Test #53: test_service_introspection_discovery_lifecycle ...   Passed    0.01 sec

100% tests passed, 0 tests failed out of 1

Total Test time (real) =   0.01 sec
--- test_service_introspection_discovery_lifecycle iteration 2/100 ---
Internal ctest changing into directory: /home/hep7/project/kairos/zlink/core/build
Test project /home/hep7/project/kairos/zlink/core/build
    Start 53: test_service_introspection_discovery_lifecycle
1/1 Test #53: test_service_introspection_discovery_lifecycle ...   Passed    0.01 sec

100% tests passed, 0 tests failed out of 1

Total Test time (real) =   0.01 sec
--- test_service_introspection_discovery_lifecycle iteration 3/100 ---
Internal ctest changing into directory: /home/hep7/project/kairos/zlink/core/build
Test project /home/hep7/project/kairos/zlink/core/build
    Start 53: test_service_introspection_discovery_lifecycle
1/1 Test #53: test_service_introspection_discovery_lifecycle ...   Passed    0.01 sec

100% tests passed, 0 tests failed out of 1

Total Test time (real) =   0.01 sec
--- test_service_introspection_discovery_lifecycle iteration 4/100 ---
Internal ctest changing into directory: /home/hep7/project/kairos/zlink/core/build
Test project /home/hep7/project/kairos/zlink/core/build
    Start 53: test_service_introspection_discovery_lifecycle
1/1 Test #53: test_service_introspection_discovery_lifecycle ...   Passed    0.01 sec

100% tests passed, 0 tests failed out of 1

Total Test time (real) =   0.01 sec
--- test_service_introspection_discovery_lifecycle iteration 5/100 ---
Internal ctest changing into directory: /home/hep7/project/kairos/zlink/core/build
Test project /home/hep7/project/kairos/zlink/core/build
    Start 53: test_service_introspection_discovery_lifecycle
1/1 Test #53: test_service_introspection_discovery_lifecycle ...   Passed    0.01 sec

100% tests passed, 0 tests failed out of 1

Total Test time (real) =   0.01 sec
--- test_service_introspection_discovery_lifecycle iteration 6/100 ---
Internal ctest changing into directory: /home/hep7/project/kairos/zlink/core/build
Test project /home/hep7/project/kairos/zlink/core/build
    Start 53: test_service_introspection_discovery_lifecycle
1/1 Test #53: test_service_introspection_discovery_lifecycle ...   Passed    0.01 sec

100% tests passed, 0 tests failed out of 1

Total Test time (real) =   0.01 sec
--- test_service_introspection_discovery_lifecycle iteration 7/100 ---
Internal ctest changing into directory: /home/hep7/project/kairos/zlink/core/build
Test project /home/hep7/project/kairos/zlink/core/build
    Start 53: test_service_introspection_discovery_lifecycle
1/1 Test #53: test_service_introspection_discovery_lifecycle ...   Passed    0.01 sec

100% tests passed, 0 tests failed out of 1

Total Test time (real) =   0.01 sec
--- test_service_introspection_discovery_lifecycle iteration 8/100 ---
Internal ctest changing into directory: /home/hep7/project/kairos/zlink/core/build
Test project /home/hep7/project/kairos/zlink/core/build
    Start 53: test_service_introspection_discovery_lifecycle
1/1 Test #53: test_service_introspection_discovery_lifecycle ...   Passed    0.01 sec

100% tests passed, 0 tests failed out of 1

Total Test time (real) =   0.01 sec
--- test_service_introspection_discovery_lifecycle iteration 9/100 ---
Internal ctest changing into directory: /home/hep7/project/kairos/zlink/core/build
Test project /home/hep7/project/kairos/zlink/core/build
    Start 53: test_service_introspection_discovery_lifecycle
1/1 Test #53: test_service_introspection_discovery_lifecycle ...   Passed    0.01 sec

100% tests passed, 0 tests failed out of 1

Total Test time (real) =   0.01 sec
--- test_service_introspection_discovery_lifecycle iteration 10/100 ---
Internal ctest changing into directory: /home/hep7/project/kairos/zlink/core/build
Test project /home/hep7/project/kairos/zlink/core/build
    Start 53: test_service_introspection_discovery_lifecycle
1/1 Test #53: test_service_introspection_discovery_lifecycle ...   Passed    0.01 sec

100% tests passed, 0 tests failed out of 1

Total Test time (real) =   0.01 sec
--- test_service_introspection_discovery_lifecycle iteration 11/100 ---
Internal ctest changing into directory: /home/hep7/project/kairos/zlink/core/build
Test project /home/hep7/project/kairos/zlink/core/build
    Start 53: test_service_introspection_discovery_lifecycle
1/1 Test #53: test_service_introspection_discovery_lifecycle ...   Passed    0.01 sec

100% tests passed, 0 tests failed out of 1

Total Test time (real) =   0.01 sec
--- test_service_introspection_discovery_lifecycle iteration 12/100 ---
Internal ctest changing into directory: /home/hep7/project/kairos/zlink/core/build
Test project /home/hep7/project/kairos/zlink/core/build
    Start 53: test_service_introspection_discovery_lifecycle
1/1 Test #53: test_service_introspection_discovery_lifecycle ...   Passed    0.01 sec

100% tests passed, 0 tests failed out of 1

Total Test time (real) =   0.01 sec
--- test_service_introspection_discovery_lifecycle iteration 13/100 ---
Internal ctest changing into directory: /home/hep7/project/kairos/zlink/core/build
Test project /home/hep7/project/kairos/zlink/core/build
    Start 53: test_service_introspection_discovery_lifecycle
1/1 Test #53: test_service_introspection_discovery_lifecycle ...   Passed    0.01 sec

100% tests passed, 0 tests failed out of 1

Total Test time (real) =   0.01 sec
--- test_service_introspection_discovery_lifecycle iteration 14/100 ---
Internal ctest changing into directory: /home/hep7/project/kairos/zlink/core/build
Test project /home/hep7/project/kairos/zlink/core/build
    Start 53: test_service_introspection_discovery_lifecycle
1/1 Test #53: test_service_introspection_discovery_lifecycle ...   Passed    0.01 sec

100% tests passed, 0 tests failed out of 1

Total Test time (real) =   0.01 sec
--- test_service_introspection_discovery_lifecycle iteration 15/100 ---
Internal ctest changing into directory: /home/hep7/project/kairos/zlink/core/build
Test project /home/hep7/project/kairos/zlink/core/build
    Start 53: test_service_introspection_discovery_lifecycle
1/1 Test #53: test_service_introspection_discovery_lifecycle ...   Passed    0.01 sec

100% tests passed, 0 tests failed out of 1

Total Test time (real) =   0.01 sec
--- test_service_introspection_discovery_lifecycle iteration 16/100 ---
Internal ctest changing into directory: /home/hep7/project/kairos/zlink/core/build
Test project /home/hep7/project/kairos/zlink/core/build
    Start 53: test_service_introspection_discovery_lifecycle
1/1 Test #53: test_service_introspection_discovery_lifecycle ...   Passed    0.01 sec

100% tests passed, 0 tests failed out of 1

Total Test time (real) =   0.01 sec
--- test_service_introspection_discovery_lifecycle iteration 17/100 ---
Internal ctest changing into directory: /home/hep7/project/kairos/zlink/core/build
Test project /home/hep7/project/kairos/zlink/core/build
    Start 53: test_service_introspection_discovery_lifecycle
1/1 Test #53: test_service_introspection_discovery_lifecycle ...   Passed    0.01 sec

100% tests passed, 0 tests failed out of 1

Total Test time (real) =   0.01 sec
--- test_service_introspection_discovery_lifecycle iteration 18/100 ---
Internal ctest changing into directory: /home/hep7/project/kairos/zlink/core/build
Test project /home/hep7/project/kairos/zlink/core/build
    Start 53: test_service_introspection_discovery_lifecycle
1/1 Test #53: test_service_introspection_discovery_lifecycle ...   Passed    0.01 sec

100% tests passed, 0 tests failed out of 1

Total Test time (real) =   0.01 sec
--- test_service_introspection_discovery_lifecycle iteration 19/100 ---
Internal ctest changing into directory: /home/hep7/project/kairos/zlink/core/build
Test project /home/hep7/project/kairos/zlink/core/build
    Start 53: test_service_introspection_discovery_lifecycle
1/1 Test #53: test_service_introspection_discovery_lifecycle ...   Passed    0.01 sec

100% tests passed, 0 tests failed out of 1

Total Test time (real) =   0.01 sec
--- test_service_introspection_discovery_lifecycle iteration 20/100 ---
Internal ctest changing into directory: /home/hep7/project/kairos/zlink/core/build
Test project /home/hep7/project/kairos/zlink/core/build
    Start 53: test_service_introspection_discovery_lifecycle
1/1 Test #53: test_service_introspection_discovery_lifecycle ...   Passed    0.01 sec

100% tests passed, 0 tests failed out of 1

Total Test time (real) =   0.01 sec
--- test_service_introspection_discovery_lifecycle iteration 21/100 ---
Internal ctest changing into directory: /home/hep7/project/kairos/zlink/core/build
Test project /home/hep7/project/kairos/zlink/core/build
    Start 53: test_service_introspection_discovery_lifecycle
1/1 Test #53: test_service_introspection_discovery_lifecycle ...   Passed    0.01 sec

100% tests passed, 0 tests failed out of 1

Total Test time (real) =   0.01 sec
--- test_service_introspection_discovery_lifecycle iteration 22/100 ---
Internal ctest changing into directory: /home/hep7/project/kairos/zlink/core/build
Test project /home/hep7/project/kairos/zlink/core/build
    Start 53: test_service_introspection_discovery_lifecycle
1/1 Test #53: test_service_introspection_discovery_lifecycle ...   Passed    0.01 sec

100% tests passed, 0 tests failed out of 1

Total Test time (real) =   0.01 sec
--- test_service_introspection_discovery_lifecycle iteration 23/100 ---
Internal ctest changing into directory: /home/hep7/project/kairos/zlink/core/build
Test project /home/hep7/project/kairos/zlink/core/build
    Start 53: test_service_introspection_discovery_lifecycle
1/1 Test #53: test_service_introspection_discovery_lifecycle ...   Passed    0.01 sec

100% tests passed, 0 tests failed out of 1

Total Test time (real) =   0.01 sec
--- test_service_introspection_discovery_lifecycle iteration 24/100 ---
Internal ctest changing into directory: /home/hep7/project/kairos/zlink/core/build
Test project /home/hep7/project/kairos/zlink/core/build
    Start 53: test_service_introspection_discovery_lifecycle
1/1 Test #53: test_service_introspection_discovery_lifecycle ...   Passed    0.01 sec

100% tests passed, 0 tests failed out of 1

Total Test time (real) =   0.01 sec
--- test_service_introspection_discovery_lifecycle iteration 25/100 ---
Internal ctest changing into directory: /home/hep7/project/kairos/zlink/core/build
Test project /home/hep7/project/kairos/zlink/core/build
    Start 53: test_service_introspection_discovery_lifecycle
1/1 Test #53: test_service_introspection_discovery_lifecycle ...   Passed    0.01 sec

100% tests passed, 0 tests failed out of 1

Total Test time (real) =   0.01 sec
--- test_service_introspection_discovery_lifecycle iteration 26/100 ---
Internal ctest changing into directory: /home/hep7/project/kairos/zlink/core/build
Test project /home/hep7/project/kairos/zlink/core/build
    Start 53: test_service_introspection_discovery_lifecycle
1/1 Test #53: test_service_introspection_discovery_lifecycle ...   Passed    0.01 sec

100% tests passed, 0 tests failed out of 1

Total Test time (real) =   0.01 sec
--- test_service_introspection_discovery_lifecycle iteration 27/100 ---
Internal ctest changing into directory: /home/hep7/project/kairos/zlink/core/build
Test project /home/hep7/project/kairos/zlink/core/build
    Start 53: test_service_introspection_discovery_lifecycle
1/1 Test #53: test_service_introspection_discovery_lifecycle ...   Passed    0.01 sec

100% tests passed, 0 tests failed out of 1

Total Test time (real) =   0.01 sec
--- test_service_introspection_discovery_lifecycle iteration 28/100 ---
Internal ctest changing into directory: /home/hep7/project/kairos/zlink/core/build
Test project /home/hep7/project/kairos/zlink/core/build
    Start 53: test_service_introspection_discovery_lifecycle
1/1 Test #53: test_service_introspection_discovery_lifecycle ...   Passed    0.01 sec

100% tests passed, 0 tests failed out of 1

Total Test time (real) =   0.01 sec
--- test_service_introspection_discovery_lifecycle iteration 29/100 ---
Internal ctest changing into directory: /home/hep7/project/kairos/zlink/core/build
Test project /home/hep7/project/kairos/zlink/core/build
    Start 53: test_service_introspection_discovery_lifecycle
1/1 Test #53: test_service_introspection_discovery_lifecycle ...   Passed    0.01 sec

100% tests passed, 0 tests failed out of 1

Total Test time (real) =   0.01 sec
--- test_service_introspection_discovery_lifecycle iteration 30/100 ---
Internal ctest changing into directory: /home/hep7/project/kairos/zlink/core/build
Test project /home/hep7/project/kairos/zlink/core/build
    Start 53: test_service_introspection_discovery_lifecycle
1/1 Test #53: test_service_introspection_discovery_lifecycle ...   Passed    0.01 sec

100% tests passed, 0 tests failed out of 1

Total Test time (real) =   0.01 sec
--- test_service_introspection_discovery_lifecycle iteration 31/100 ---
Internal ctest changing into directory: /home/hep7/project/kairos/zlink/core/build
Test project /home/hep7/project/kairos/zlink/core/build
    Start 53: test_service_introspection_discovery_lifecycle
1/1 Test #53: test_service_introspection_discovery_lifecycle ...   Passed    0.01 sec

100% tests passed, 0 tests failed out of 1

Total Test time (real) =   0.01 sec
--- test_service_introspection_discovery_lifecycle iteration 32/100 ---
Internal ctest changing into directory: /home/hep7/project/kairos/zlink/core/build
Test project /home/hep7/project/kairos/zlink/core/build
    Start 53: test_service_introspection_discovery_lifecycle
1/1 Test #53: test_service_introspection_discovery_lifecycle ...   Passed    0.01 sec

100% tests passed, 0 tests failed out of 1

Total Test time (real) =   0.01 sec
--- test_service_introspection_discovery_lifecycle iteration 33/100 ---
Internal ctest changing into directory: /home/hep7/project/kairos/zlink/core/build
Test project /home/hep7/project/kairos/zlink/core/build
    Start 53: test_service_introspection_discovery_lifecycle
1/1 Test #53: test_service_introspection_discovery_lifecycle ...   Passed    0.01 sec

100% tests passed, 0 tests failed out of 1

Total Test time (real) =   0.01 sec
--- test_service_introspection_discovery_lifecycle iteration 34/100 ---
Internal ctest changing into directory: /home/hep7/project/kairos/zlink/core/build
Test project /home/hep7/project/kairos/zlink/core/build
    Start 53: test_service_introspection_discovery_lifecycle
1/1 Test #53: test_service_introspection_discovery_lifecycle ...   Passed    0.01 sec

100% tests passed, 0 tests failed out of 1

Total Test time (real) =   0.01 sec
--- test_service_introspection_discovery_lifecycle iteration 35/100 ---
Internal ctest changing into directory: /home/hep7/project/kairos/zlink/core/build
Test project /home/hep7/project/kairos/zlink/core/build
    Start 53: test_service_introspection_discovery_lifecycle
1/1 Test #53: test_service_introspection_discovery_lifecycle ...   Passed    0.01 sec

100% tests passed, 0 tests failed out of 1

Total Test time (real) =   0.01 sec
--- test_service_introspection_discovery_lifecycle iteration 36/100 ---
Internal ctest changing into directory: /home/hep7/project/kairos/zlink/core/build
Test project /home/hep7/project/kairos/zlink/core/build
    Start 53: test_service_introspection_discovery_lifecycle
1/1 Test #53: test_service_introspection_discovery_lifecycle ...   Passed    0.01 sec

100% tests passed, 0 tests failed out of 1

Total Test time (real) =   0.01 sec
--- test_service_introspection_discovery_lifecycle iteration 37/100 ---
Internal ctest changing into directory: /home/hep7/project/kairos/zlink/core/build
Test project /home/hep7/project/kairos/zlink/core/build
    Start 53: test_service_introspection_discovery_lifecycle
1/1 Test #53: test_service_introspection_discovery_lifecycle ...   Passed    0.01 sec

100% tests passed, 0 tests failed out of 1

Total Test time (real) =   0.01 sec
--- test_service_introspection_discovery_lifecycle iteration 38/100 ---
Internal ctest changing into directory: /home/hep7/project/kairos/zlink/core/build
Test project /home/hep7/project/kairos/zlink/core/build
    Start 53: test_service_introspection_discovery_lifecycle
1/1 Test #53: test_service_introspection_discovery_lifecycle ...   Passed    0.01 sec

100% tests passed, 0 tests failed out of 1

Total Test time (real) =   0.01 sec
--- test_service_introspection_discovery_lifecycle iteration 39/100 ---
Internal ctest changing into directory: /home/hep7/project/kairos/zlink/core/build
Test project /home/hep7/project/kairos/zlink/core/build
    Start 53: test_service_introspection_discovery_lifecycle
1/1 Test #53: test_service_introspection_discovery_lifecycle ...   Passed    0.01 sec

100% tests passed, 0 tests failed out of 1

Total Test time (real) =   0.01 sec
--- test_service_introspection_discovery_lifecycle iteration 40/100 ---
Internal ctest changing into directory: /home/hep7/project/kairos/zlink/core/build
Test project /home/hep7/project/kairos/zlink/core/build
    Start 53: test_service_introspection_discovery_lifecycle
1/1 Test #53: test_service_introspection_discovery_lifecycle ...   Passed    0.01 sec

100% tests passed, 0 tests failed out of 1

Total Test time (real) =   0.01 sec
--- test_service_introspection_discovery_lifecycle iteration 41/100 ---
Internal ctest changing into directory: /home/hep7/project/kairos/zlink/core/build
Test project /home/hep7/project/kairos/zlink/core/build
    Start 53: test_service_introspection_discovery_lifecycle
1/1 Test #53: test_service_introspection_discovery_lifecycle ...   Passed    0.01 sec

100% tests passed, 0 tests failed out of 1

Total Test time (real) =   0.01 sec
--- test_service_introspection_discovery_lifecycle iteration 42/100 ---
Internal ctest changing into directory: /home/hep7/project/kairos/zlink/core/build
Test project /home/hep7/project/kairos/zlink/core/build
    Start 53: test_service_introspection_discovery_lifecycle
1/1 Test #53: test_service_introspection_discovery_lifecycle ...   Passed    0.01 sec

100% tests passed, 0 tests failed out of 1

Total Test time (real) =   0.01 sec
--- test_service_introspection_discovery_lifecycle iteration 43/100 ---
Internal ctest changing into directory: /home/hep7/project/kairos/zlink/core/build
Test project /home/hep7/project/kairos/zlink/core/build
    Start 53: test_service_introspection_discovery_lifecycle
1/1 Test #53: test_service_introspection_discovery_lifecycle ...   Passed    0.01 sec

100% tests passed, 0 tests failed out of 1

Total Test time (real) =   0.01 sec
--- test_service_introspection_discovery_lifecycle iteration 44/100 ---
Internal ctest changing into directory: /home/hep7/project/kairos/zlink/core/build
Test project /home/hep7/project/kairos/zlink/core/build
    Start 53: test_service_introspection_discovery_lifecycle
1/1 Test #53: test_service_introspection_discovery_lifecycle ...   Passed    0.01 sec

100% tests passed, 0 tests failed out of 1

Total Test time (real) =   0.01 sec
--- test_service_introspection_discovery_lifecycle iteration 45/100 ---
Internal ctest changing into directory: /home/hep7/project/kairos/zlink/core/build
Test project /home/hep7/project/kairos/zlink/core/build
    Start 53: test_service_introspection_discovery_lifecycle
1/1 Test #53: test_service_introspection_discovery_lifecycle ...   Passed    0.01 sec

100% tests passed, 0 tests failed out of 1

Total Test time (real) =   0.01 sec
--- test_service_introspection_discovery_lifecycle iteration 46/100 ---
Internal ctest changing into directory: /home/hep7/project/kairos/zlink/core/build
Test project /home/hep7/project/kairos/zlink/core/build
    Start 53: test_service_introspection_discovery_lifecycle
1/1 Test #53: test_service_introspection_discovery_lifecycle ...   Passed    0.01 sec

100% tests passed, 0 tests failed out of 1

Total Test time (real) =   0.01 sec
--- test_service_introspection_discovery_lifecycle iteration 47/100 ---
Internal ctest changing into directory: /home/hep7/project/kairos/zlink/core/build
Test project /home/hep7/project/kairos/zlink/core/build
    Start 53: test_service_introspection_discovery_lifecycle
1/1 Test #53: test_service_introspection_discovery_lifecycle ...   Passed    0.01 sec

100% tests passed, 0 tests failed out of 1

Total Test time (real) =   0.01 sec
--- test_service_introspection_discovery_lifecycle iteration 48/100 ---
Internal ctest changing into directory: /home/hep7/project/kairos/zlink/core/build
Test project /home/hep7/project/kairos/zlink/core/build
    Start 53: test_service_introspection_discovery_lifecycle
1/1 Test #53: test_service_introspection_discovery_lifecycle ...   Passed    0.01 sec

100% tests passed, 0 tests failed out of 1

Total Test time (real) =   0.01 sec
--- test_service_introspection_discovery_lifecycle iteration 49/100 ---
Internal ctest changing into directory: /home/hep7/project/kairos/zlink/core/build
Test project /home/hep7/project/kairos/zlink/core/build
    Start 53: test_service_introspection_discovery_lifecycle
1/1 Test #53: test_service_introspection_discovery_lifecycle ...   Passed    0.01 sec

100% tests passed, 0 tests failed out of 1

Total Test time (real) =   0.01 sec
--- test_service_introspection_discovery_lifecycle iteration 50/100 ---
Internal ctest changing into directory: /home/hep7/project/kairos/zlink/core/build
Test project /home/hep7/project/kairos/zlink/core/build
    Start 53: test_service_introspection_discovery_lifecycle
1/1 Test #53: test_service_introspection_discovery_lifecycle ...   Passed    0.01 sec

100% tests passed, 0 tests failed out of 1

Total Test time (real) =   0.01 sec
--- test_service_introspection_discovery_lifecycle iteration 51/100 ---
Internal ctest changing into directory: /home/hep7/project/kairos/zlink/core/build
Test project /home/hep7/project/kairos/zlink/core/build
    Start 53: test_service_introspection_discovery_lifecycle
1/1 Test #53: test_service_introspection_discovery_lifecycle ...   Passed    0.01 sec

100% tests passed, 0 tests failed out of 1

Total Test time (real) =   0.01 sec
--- test_service_introspection_discovery_lifecycle iteration 52/100 ---
Internal ctest changing into directory: /home/hep7/project/kairos/zlink/core/build
Test project /home/hep7/project/kairos/zlink/core/build
    Start 53: test_service_introspection_discovery_lifecycle
1/1 Test #53: test_service_introspection_discovery_lifecycle ...   Passed    0.01 sec

100% tests passed, 0 tests failed out of 1

Total Test time (real) =   0.01 sec
--- test_service_introspection_discovery_lifecycle iteration 53/100 ---
Internal ctest changing into directory: /home/hep7/project/kairos/zlink/core/build
Test project /home/hep7/project/kairos/zlink/core/build
    Start 53: test_service_introspection_discovery_lifecycle
1/1 Test #53: test_service_introspection_discovery_lifecycle ...   Passed    0.01 sec

100% tests passed, 0 tests failed out of 1

Total Test time (real) =   0.01 sec
--- test_service_introspection_discovery_lifecycle iteration 54/100 ---
Internal ctest changing into directory: /home/hep7/project/kairos/zlink/core/build
Test project /home/hep7/project/kairos/zlink/core/build
    Start 53: test_service_introspection_discovery_lifecycle
1/1 Test #53: test_service_introspection_discovery_lifecycle ...   Passed    0.01 sec

100% tests passed, 0 tests failed out of 1

Total Test time (real) =   0.01 sec
--- test_service_introspection_discovery_lifecycle iteration 55/100 ---
Internal ctest changing into directory: /home/hep7/project/kairos/zlink/core/build
Test project /home/hep7/project/kairos/zlink/core/build
    Start 53: test_service_introspection_discovery_lifecycle
1/1 Test #53: test_service_introspection_discovery_lifecycle ...   Passed    0.01 sec

100% tests passed, 0 tests failed out of 1

Total Test time (real) =   0.01 sec
--- test_service_introspection_discovery_lifecycle iteration 56/100 ---
Internal ctest changing into directory: /home/hep7/project/kairos/zlink/core/build
Test project /home/hep7/project/kairos/zlink/core/build
    Start 53: test_service_introspection_discovery_lifecycle
1/1 Test #53: test_service_introspection_discovery_lifecycle ...   Passed    0.01 sec

100% tests passed, 0 tests failed out of 1

Total Test time (real) =   0.01 sec
--- test_service_introspection_discovery_lifecycle iteration 57/100 ---
Internal ctest changing into directory: /home/hep7/project/kairos/zlink/core/build
Test project /home/hep7/project/kairos/zlink/core/build
    Start 53: test_service_introspection_discovery_lifecycle
1/1 Test #53: test_service_introspection_discovery_lifecycle ...   Passed    0.01 sec

100% tests passed, 0 tests failed out of 1

Total Test time (real) =   0.01 sec
--- test_service_introspection_discovery_lifecycle iteration 58/100 ---
Internal ctest changing into directory: /home/hep7/project/kairos/zlink/core/build
Test project /home/hep7/project/kairos/zlink/core/build
    Start 53: test_service_introspection_discovery_lifecycle
1/1 Test #53: test_service_introspection_discovery_lifecycle ...   Passed    0.01 sec

100% tests passed, 0 tests failed out of 1

Total Test time (real) =   0.01 sec
--- test_service_introspection_discovery_lifecycle iteration 59/100 ---
Internal ctest changing into directory: /home/hep7/project/kairos/zlink/core/build
Test project /home/hep7/project/kairos/zlink/core/build
    Start 53: test_service_introspection_discovery_lifecycle
1/1 Test #53: test_service_introspection_discovery_lifecycle ...   Passed    0.01 sec

100% tests passed, 0 tests failed out of 1

Total Test time (real) =   0.01 sec
--- test_service_introspection_discovery_lifecycle iteration 60/100 ---
Internal ctest changing into directory: /home/hep7/project/kairos/zlink/core/build
Test project /home/hep7/project/kairos/zlink/core/build
    Start 53: test_service_introspection_discovery_lifecycle
1/1 Test #53: test_service_introspection_discovery_lifecycle ...   Passed    0.01 sec

100% tests passed, 0 tests failed out of 1

Total Test time (real) =   0.01 sec
--- test_service_introspection_discovery_lifecycle iteration 61/100 ---
Internal ctest changing into directory: /home/hep7/project/kairos/zlink/core/build
Test project /home/hep7/project/kairos/zlink/core/build
    Start 53: test_service_introspection_discovery_lifecycle
1/1 Test #53: test_service_introspection_discovery_lifecycle ...   Passed    0.01 sec

100% tests passed, 0 tests failed out of 1

Total Test time (real) =   0.01 sec
--- test_service_introspection_discovery_lifecycle iteration 62/100 ---
Internal ctest changing into directory: /home/hep7/project/kairos/zlink/core/build
Test project /home/hep7/project/kairos/zlink/core/build
    Start 53: test_service_introspection_discovery_lifecycle
1/1 Test #53: test_service_introspection_discovery_lifecycle ...   Passed    0.01 sec

100% tests passed, 0 tests failed out of 1

Total Test time (real) =   0.01 sec
--- test_service_introspection_discovery_lifecycle iteration 63/100 ---
Internal ctest changing into directory: /home/hep7/project/kairos/zlink/core/build
Test project /home/hep7/project/kairos/zlink/core/build
    Start 53: test_service_introspection_discovery_lifecycle
1/1 Test #53: test_service_introspection_discovery_lifecycle ...   Passed    0.01 sec

100% tests passed, 0 tests failed out of 1

Total Test time (real) =   0.01 sec
--- test_service_introspection_discovery_lifecycle iteration 64/100 ---
Internal ctest changing into directory: /home/hep7/project/kairos/zlink/core/build
Test project /home/hep7/project/kairos/zlink/core/build
    Start 53: test_service_introspection_discovery_lifecycle
1/1 Test #53: test_service_introspection_discovery_lifecycle ...   Passed    0.01 sec

100% tests passed, 0 tests failed out of 1

Total Test time (real) =   0.01 sec
--- test_service_introspection_discovery_lifecycle iteration 65/100 ---
Internal ctest changing into directory: /home/hep7/project/kairos/zlink/core/build
Test project /home/hep7/project/kairos/zlink/core/build
    Start 53: test_service_introspection_discovery_lifecycle
1/1 Test #53: test_service_introspection_discovery_lifecycle ...   Passed    0.01 sec

100% tests passed, 0 tests failed out of 1

Total Test time (real) =   0.01 sec
--- test_service_introspection_discovery_lifecycle iteration 66/100 ---
Internal ctest changing into directory: /home/hep7/project/kairos/zlink/core/build
Test project /home/hep7/project/kairos/zlink/core/build
    Start 53: test_service_introspection_discovery_lifecycle
1/1 Test #53: test_service_introspection_discovery_lifecycle ...   Passed    0.01 sec

100% tests passed, 0 tests failed out of 1

Total Test time (real) =   0.01 sec
--- test_service_introspection_discovery_lifecycle iteration 67/100 ---
Internal ctest changing into directory: /home/hep7/project/kairos/zlink/core/build
Test project /home/hep7/project/kairos/zlink/core/build
    Start 53: test_service_introspection_discovery_lifecycle
1/1 Test #53: test_service_introspection_discovery_lifecycle ...   Passed    0.01 sec

100% tests passed, 0 tests failed out of 1

Total Test time (real) =   0.01 sec
--- test_service_introspection_discovery_lifecycle iteration 68/100 ---
Internal ctest changing into directory: /home/hep7/project/kairos/zlink/core/build
Test project /home/hep7/project/kairos/zlink/core/build
    Start 53: test_service_introspection_discovery_lifecycle
1/1 Test #53: test_service_introspection_discovery_lifecycle ...   Passed    0.01 sec

100% tests passed, 0 tests failed out of 1

Total Test time (real) =   0.01 sec
--- test_service_introspection_discovery_lifecycle iteration 69/100 ---
Internal ctest changing into directory: /home/hep7/project/kairos/zlink/core/build
Test project /home/hep7/project/kairos/zlink/core/build
    Start 53: test_service_introspection_discovery_lifecycle
1/1 Test #53: test_service_introspection_discovery_lifecycle ...   Passed    0.01 sec

100% tests passed, 0 tests failed out of 1

Total Test time (real) =   0.01 sec
--- test_service_introspection_discovery_lifecycle iteration 70/100 ---
Internal ctest changing into directory: /home/hep7/project/kairos/zlink/core/build
Test project /home/hep7/project/kairos/zlink/core/build
    Start 53: test_service_introspection_discovery_lifecycle
1/1 Test #53: test_service_introspection_discovery_lifecycle ...   Passed    0.01 sec

100% tests passed, 0 tests failed out of 1

Total Test time (real) =   0.01 sec
--- test_service_introspection_discovery_lifecycle iteration 71/100 ---
Internal ctest changing into directory: /home/hep7/project/kairos/zlink/core/build
Test project /home/hep7/project/kairos/zlink/core/build
    Start 53: test_service_introspection_discovery_lifecycle
1/1 Test #53: test_service_introspection_discovery_lifecycle ...   Passed    0.01 sec

100% tests passed, 0 tests failed out of 1

Total Test time (real) =   0.01 sec
--- test_service_introspection_discovery_lifecycle iteration 72/100 ---
Internal ctest changing into directory: /home/hep7/project/kairos/zlink/core/build
Test project /home/hep7/project/kairos/zlink/core/build
    Start 53: test_service_introspection_discovery_lifecycle
1/1 Test #53: test_service_introspection_discovery_lifecycle ...   Passed    0.01 sec

100% tests passed, 0 tests failed out of 1

Total Test time (real) =   0.01 sec
--- test_service_introspection_discovery_lifecycle iteration 73/100 ---
Internal ctest changing into directory: /home/hep7/project/kairos/zlink/core/build
Test project /home/hep7/project/kairos/zlink/core/build
    Start 53: test_service_introspection_discovery_lifecycle
1/1 Test #53: test_service_introspection_discovery_lifecycle ...   Passed    0.01 sec

100% tests passed, 0 tests failed out of 1

Total Test time (real) =   0.01 sec
--- test_service_introspection_discovery_lifecycle iteration 74/100 ---
Internal ctest changing into directory: /home/hep7/project/kairos/zlink/core/build
Test project /home/hep7/project/kairos/zlink/core/build
    Start 53: test_service_introspection_discovery_lifecycle
1/1 Test #53: test_service_introspection_discovery_lifecycle ...   Passed    0.01 sec

100% tests passed, 0 tests failed out of 1

Total Test time (real) =   0.01 sec
--- test_service_introspection_discovery_lifecycle iteration 75/100 ---
Internal ctest changing into directory: /home/hep7/project/kairos/zlink/core/build
Test project /home/hep7/project/kairos/zlink/core/build
    Start 53: test_service_introspection_discovery_lifecycle
1/1 Test #53: test_service_introspection_discovery_lifecycle ...   Passed    0.01 sec

100% tests passed, 0 tests failed out of 1

Total Test time (real) =   0.01 sec
--- test_service_introspection_discovery_lifecycle iteration 76/100 ---
Internal ctest changing into directory: /home/hep7/project/kairos/zlink/core/build
Test project /home/hep7/project/kairos/zlink/core/build
    Start 53: test_service_introspection_discovery_lifecycle
1/1 Test #53: test_service_introspection_discovery_lifecycle ...   Passed    0.01 sec

100% tests passed, 0 tests failed out of 1

Total Test time (real) =   0.01 sec
--- test_service_introspection_discovery_lifecycle iteration 77/100 ---
Internal ctest changing into directory: /home/hep7/project/kairos/zlink/core/build
Test project /home/hep7/project/kairos/zlink/core/build
    Start 53: test_service_introspection_discovery_lifecycle
1/1 Test #53: test_service_introspection_discovery_lifecycle ...   Passed    0.01 sec

100% tests passed, 0 tests failed out of 1

Total Test time (real) =   0.01 sec
--- test_service_introspection_discovery_lifecycle iteration 78/100 ---
Internal ctest changing into directory: /home/hep7/project/kairos/zlink/core/build
Test project /home/hep7/project/kairos/zlink/core/build
    Start 53: test_service_introspection_discovery_lifecycle
1/1 Test #53: test_service_introspection_discovery_lifecycle ...   Passed    0.01 sec

100% tests passed, 0 tests failed out of 1

Total Test time (real) =   0.01 sec
--- test_service_introspection_discovery_lifecycle iteration 79/100 ---
Internal ctest changing into directory: /home/hep7/project/kairos/zlink/core/build
Test project /home/hep7/project/kairos/zlink/core/build
    Start 53: test_service_introspection_discovery_lifecycle
1/1 Test #53: test_service_introspection_discovery_lifecycle ...   Passed    0.01 sec

100% tests passed, 0 tests failed out of 1

Total Test time (real) =   0.01 sec
--- test_service_introspection_discovery_lifecycle iteration 80/100 ---
Internal ctest changing into directory: /home/hep7/project/kairos/zlink/core/build
Test project /home/hep7/project/kairos/zlink/core/build
    Start 53: test_service_introspection_discovery_lifecycle
1/1 Test #53: test_service_introspection_discovery_lifecycle ...   Passed    0.01 sec

100% tests passed, 0 tests failed out of 1

Total Test time (real) =   0.01 sec
--- test_service_introspection_discovery_lifecycle iteration 81/100 ---
Internal ctest changing into directory: /home/hep7/project/kairos/zlink/core/build
Test project /home/hep7/project/kairos/zlink/core/build
    Start 53: test_service_introspection_discovery_lifecycle
1/1 Test #53: test_service_introspection_discovery_lifecycle ...   Passed    0.01 sec

100% tests passed, 0 tests failed out of 1

Total Test time (real) =   0.01 sec
--- test_service_introspection_discovery_lifecycle iteration 82/100 ---
Internal ctest changing into directory: /home/hep7/project/kairos/zlink/core/build
Test project /home/hep7/project/kairos/zlink/core/build
    Start 53: test_service_introspection_discovery_lifecycle
1/1 Test #53: test_service_introspection_discovery_lifecycle ...   Passed    0.01 sec

100% tests passed, 0 tests failed out of 1

Total Test time (real) =   0.01 sec
--- test_service_introspection_discovery_lifecycle iteration 83/100 ---
Internal ctest changing into directory: /home/hep7/project/kairos/zlink/core/build
Test project /home/hep7/project/kairos/zlink/core/build
    Start 53: test_service_introspection_discovery_lifecycle
1/1 Test #53: test_service_introspection_discovery_lifecycle ...   Passed    0.01 sec

100% tests passed, 0 tests failed out of 1

Total Test time (real) =   0.01 sec
--- test_service_introspection_discovery_lifecycle iteration 84/100 ---
Internal ctest changing into directory: /home/hep7/project/kairos/zlink/core/build
Test project /home/hep7/project/kairos/zlink/core/build
    Start 53: test_service_introspection_discovery_lifecycle
1/1 Test #53: test_service_introspection_discovery_lifecycle ...   Passed    0.01 sec

100% tests passed, 0 tests failed out of 1

Total Test time (real) =   0.01 sec
--- test_service_introspection_discovery_lifecycle iteration 85/100 ---
Internal ctest changing into directory: /home/hep7/project/kairos/zlink/core/build
Test project /home/hep7/project/kairos/zlink/core/build
    Start 53: test_service_introspection_discovery_lifecycle
1/1 Test #53: test_service_introspection_discovery_lifecycle ...   Passed    0.01 sec

100% tests passed, 0 tests failed out of 1

Total Test time (real) =   0.01 sec
--- test_service_introspection_discovery_lifecycle iteration 86/100 ---
Internal ctest changing into directory: /home/hep7/project/kairos/zlink/core/build
Test project /home/hep7/project/kairos/zlink/core/build
    Start 53: test_service_introspection_discovery_lifecycle
1/1 Test #53: test_service_introspection_discovery_lifecycle ...   Passed    0.01 sec

100% tests passed, 0 tests failed out of 1

Total Test time (real) =   0.01 sec
--- test_service_introspection_discovery_lifecycle iteration 87/100 ---
Internal ctest changing into directory: /home/hep7/project/kairos/zlink/core/build
Test project /home/hep7/project/kairos/zlink/core/build
    Start 53: test_service_introspection_discovery_lifecycle
1/1 Test #53: test_service_introspection_discovery_lifecycle ...   Passed    0.01 sec

100% tests passed, 0 tests failed out of 1

Total Test time (real) =   0.01 sec
--- test_service_introspection_discovery_lifecycle iteration 88/100 ---
Internal ctest changing into directory: /home/hep7/project/kairos/zlink/core/build
Test project /home/hep7/project/kairos/zlink/core/build
    Start 53: test_service_introspection_discovery_lifecycle
1/1 Test #53: test_service_introspection_discovery_lifecycle ...   Passed    0.01 sec

100% tests passed, 0 tests failed out of 1

Total Test time (real) =   0.01 sec
--- test_service_introspection_discovery_lifecycle iteration 89/100 ---
Internal ctest changing into directory: /home/hep7/project/kairos/zlink/core/build
Test project /home/hep7/project/kairos/zlink/core/build
    Start 53: test_service_introspection_discovery_lifecycle
1/1 Test #53: test_service_introspection_discovery_lifecycle ...   Passed    0.01 sec

100% tests passed, 0 tests failed out of 1

Total Test time (real) =   0.01 sec
--- test_service_introspection_discovery_lifecycle iteration 90/100 ---
Internal ctest changing into directory: /home/hep7/project/kairos/zlink/core/build
Test project /home/hep7/project/kairos/zlink/core/build
    Start 53: test_service_introspection_discovery_lifecycle
1/1 Test #53: test_service_introspection_discovery_lifecycle ...   Passed    0.01 sec

100% tests passed, 0 tests failed out of 1

Total Test time (real) =   0.01 sec
--- test_service_introspection_discovery_lifecycle iteration 91/100 ---
Internal ctest changing into directory: /home/hep7/project/kairos/zlink/core/build
Test project /home/hep7/project/kairos/zlink/core/build
    Start 53: test_service_introspection_discovery_lifecycle
1/1 Test #53: test_service_introspection_discovery_lifecycle ...   Passed    0.01 sec

100% tests passed, 0 tests failed out of 1

Total Test time (real) =   0.01 sec
--- test_service_introspection_discovery_lifecycle iteration 92/100 ---
Internal ctest changing into directory: /home/hep7/project/kairos/zlink/core/build
Test project /home/hep7/project/kairos/zlink/core/build
    Start 53: test_service_introspection_discovery_lifecycle
1/1 Test #53: test_service_introspection_discovery_lifecycle ...   Passed    0.01 sec

100% tests passed, 0 tests failed out of 1

Total Test time (real) =   0.01 sec
--- test_service_introspection_discovery_lifecycle iteration 93/100 ---
Internal ctest changing into directory: /home/hep7/project/kairos/zlink/core/build
Test project /home/hep7/project/kairos/zlink/core/build
    Start 53: test_service_introspection_discovery_lifecycle
1/1 Test #53: test_service_introspection_discovery_lifecycle ...   Passed    0.01 sec

100% tests passed, 0 tests failed out of 1

Total Test time (real) =   0.01 sec
--- test_service_introspection_discovery_lifecycle iteration 94/100 ---
Internal ctest changing into directory: /home/hep7/project/kairos/zlink/core/build
Test project /home/hep7/project/kairos/zlink/core/build
    Start 53: test_service_introspection_discovery_lifecycle
1/1 Test #53: test_service_introspection_discovery_lifecycle ...   Passed    0.01 sec

100% tests passed, 0 tests failed out of 1

Total Test time (real) =   0.01 sec
--- test_service_introspection_discovery_lifecycle iteration 95/100 ---
Internal ctest changing into directory: /home/hep7/project/kairos/zlink/core/build
Test project /home/hep7/project/kairos/zlink/core/build
    Start 53: test_service_introspection_discovery_lifecycle
1/1 Test #53: test_service_introspection_discovery_lifecycle ...   Passed    0.01 sec

100% tests passed, 0 tests failed out of 1

Total Test time (real) =   0.01 sec
--- test_service_introspection_discovery_lifecycle iteration 96/100 ---
Internal ctest changing into directory: /home/hep7/project/kairos/zlink/core/build
Test project /home/hep7/project/kairos/zlink/core/build
    Start 53: test_service_introspection_discovery_lifecycle
1/1 Test #53: test_service_introspection_discovery_lifecycle ...   Passed    0.01 sec

100% tests passed, 0 tests failed out of 1

Total Test time (real) =   0.01 sec
--- test_service_introspection_discovery_lifecycle iteration 97/100 ---
Internal ctest changing into directory: /home/hep7/project/kairos/zlink/core/build
Test project /home/hep7/project/kairos/zlink/core/build
    Start 53: test_service_introspection_discovery_lifecycle
1/1 Test #53: test_service_introspection_discovery_lifecycle ...   Passed    0.01 sec

100% tests passed, 0 tests failed out of 1

Total Test time (real) =   0.01 sec
--- test_service_introspection_discovery_lifecycle iteration 98/100 ---
Internal ctest changing into directory: /home/hep7/project/kairos/zlink/core/build
Test project /home/hep7/project/kairos/zlink/core/build
    Start 53: test_service_introspection_discovery_lifecycle
1/1 Test #53: test_service_introspection_discovery_lifecycle ...   Passed    0.01 sec

100% tests passed, 0 tests failed out of 1

Total Test time (real) =   0.01 sec
--- test_service_introspection_discovery_lifecycle iteration 99/100 ---
Internal ctest changing into directory: /home/hep7/project/kairos/zlink/core/build
Test project /home/hep7/project/kairos/zlink/core/build
    Start 53: test_service_introspection_discovery_lifecycle
1/1 Test #53: test_service_introspection_discovery_lifecycle ...   Passed    0.01 sec

100% tests passed, 0 tests failed out of 1

Total Test time (real) =   0.01 sec
--- test_service_introspection_discovery_lifecycle iteration 100/100 ---
Internal ctest changing into directory: /home/hep7/project/kairos/zlink/core/build
Test project /home/hep7/project/kairos/zlink/core/build
    Start 53: test_service_introspection_discovery_lifecycle
1/1 Test #53: test_service_introspection_discovery_lifecycle ...   Passed    0.01 sec

100% tests passed, 0 tests failed out of 1

Total Test time (real) =   0.01 sec
=== Repeating test_service_introspection_registry_lifecycle (100 iterations) ===
--- test_service_introspection_registry_lifecycle iteration 1/100 ---
Internal ctest changing into directory: /home/hep7/project/kairos/zlink/core/build
Test project /home/hep7/project/kairos/zlink/core/build
    Start 54: test_service_introspection_registry_lifecycle
1/1 Test #54: test_service_introspection_registry_lifecycle ...   Passed    0.01 sec

100% tests passed, 0 tests failed out of 1

Total Test time (real) =   0.01 sec
--- test_service_introspection_registry_lifecycle iteration 2/100 ---
Internal ctest changing into directory: /home/hep7/project/kairos/zlink/core/build
Test project /home/hep7/project/kairos/zlink/core/build
    Start 54: test_service_introspection_registry_lifecycle
1/1 Test #54: test_service_introspection_registry_lifecycle ...   Passed    0.01 sec

100% tests passed, 0 tests failed out of 1

Total Test time (real) =   0.01 sec
--- test_service_introspection_registry_lifecycle iteration 3/100 ---
Internal ctest changing into directory: /home/hep7/project/kairos/zlink/core/build
Test project /home/hep7/project/kairos/zlink/core/build
    Start 54: test_service_introspection_registry_lifecycle
1/1 Test #54: test_service_introspection_registry_lifecycle ...   Passed    0.01 sec

100% tests passed, 0 tests failed out of 1

Total Test time (real) =   0.01 sec
--- test_service_introspection_registry_lifecycle iteration 4/100 ---
Internal ctest changing into directory: /home/hep7/project/kairos/zlink/core/build
Test project /home/hep7/project/kairos/zlink/core/build
    Start 54: test_service_introspection_registry_lifecycle
1/1 Test #54: test_service_introspection_registry_lifecycle ...   Passed    0.01 sec

100% tests passed, 0 tests failed out of 1

Total Test time (real) =   0.01 sec
--- test_service_introspection_registry_lifecycle iteration 5/100 ---
Internal ctest changing into directory: /home/hep7/project/kairos/zlink/core/build
Test project /home/hep7/project/kairos/zlink/core/build
    Start 54: test_service_introspection_registry_lifecycle
1/1 Test #54: test_service_introspection_registry_lifecycle ...   Passed    0.01 sec

100% tests passed, 0 tests failed out of 1

Total Test time (real) =   0.01 sec
--- test_service_introspection_registry_lifecycle iteration 6/100 ---
Internal ctest changing into directory: /home/hep7/project/kairos/zlink/core/build
Test project /home/hep7/project/kairos/zlink/core/build
    Start 54: test_service_introspection_registry_lifecycle
1/1 Test #54: test_service_introspection_registry_lifecycle ...   Passed    0.01 sec

100% tests passed, 0 tests failed out of 1

Total Test time (real) =   0.01 sec
--- test_service_introspection_registry_lifecycle iteration 7/100 ---
Internal ctest changing into directory: /home/hep7/project/kairos/zlink/core/build
Test project /home/hep7/project/kairos/zlink/core/build
    Start 54: test_service_introspection_registry_lifecycle
1/1 Test #54: test_service_introspection_registry_lifecycle ...   Passed    0.01 sec

100% tests passed, 0 tests failed out of 1

Total Test time (real) =   0.01 sec
--- test_service_introspection_registry_lifecycle iteration 8/100 ---
Internal ctest changing into directory: /home/hep7/project/kairos/zlink/core/build
Test project /home/hep7/project/kairos/zlink/core/build
    Start 54: test_service_introspection_registry_lifecycle
1/1 Test #54: test_service_introspection_registry_lifecycle ...   Passed    0.01 sec

100% tests passed, 0 tests failed out of 1

Total Test time (real) =   0.01 sec
--- test_service_introspection_registry_lifecycle iteration 9/100 ---
Internal ctest changing into directory: /home/hep7/project/kairos/zlink/core/build
Test project /home/hep7/project/kairos/zlink/core/build
    Start 54: test_service_introspection_registry_lifecycle
1/1 Test #54: test_service_introspection_registry_lifecycle ...   Passed    0.01 sec

100% tests passed, 0 tests failed out of 1

Total Test time (real) =   0.01 sec
--- test_service_introspection_registry_lifecycle iteration 10/100 ---
Internal ctest changing into directory: /home/hep7/project/kairos/zlink/core/build
Test project /home/hep7/project/kairos/zlink/core/build
    Start 54: test_service_introspection_registry_lifecycle
1/1 Test #54: test_service_introspection_registry_lifecycle ...   Passed    0.01 sec

100% tests passed, 0 tests failed out of 1

Total Test time (real) =   0.01 sec
--- test_service_introspection_registry_lifecycle iteration 11/100 ---
Internal ctest changing into directory: /home/hep7/project/kairos/zlink/core/build
Test project /home/hep7/project/kairos/zlink/core/build
    Start 54: test_service_introspection_registry_lifecycle
1/1 Test #54: test_service_introspection_registry_lifecycle ...   Passed    0.01 sec

100% tests passed, 0 tests failed out of 1

Total Test time (real) =   0.01 sec
--- test_service_introspection_registry_lifecycle iteration 12/100 ---
Internal ctest changing into directory: /home/hep7/project/kairos/zlink/core/build
Test project /home/hep7/project/kairos/zlink/core/build
    Start 54: test_service_introspection_registry_lifecycle
1/1 Test #54: test_service_introspection_registry_lifecycle ...   Passed    0.01 sec

100% tests passed, 0 tests failed out of 1

Total Test time (real) =   0.01 sec
--- test_service_introspection_registry_lifecycle iteration 13/100 ---
Internal ctest changing into directory: /home/hep7/project/kairos/zlink/core/build
Test project /home/hep7/project/kairos/zlink/core/build
    Start 54: test_service_introspection_registry_lifecycle
1/1 Test #54: test_service_introspection_registry_lifecycle ...   Passed    0.01 sec

100% tests passed, 0 tests failed out of 1

Total Test time (real) =   0.01 sec
--- test_service_introspection_registry_lifecycle iteration 14/100 ---
Internal ctest changing into directory: /home/hep7/project/kairos/zlink/core/build
Test project /home/hep7/project/kairos/zlink/core/build
    Start 54: test_service_introspection_registry_lifecycle
1/1 Test #54: test_service_introspection_registry_lifecycle ...   Passed    0.01 sec

100% tests passed, 0 tests failed out of 1

Total Test time (real) =   0.01 sec
--- test_service_introspection_registry_lifecycle iteration 15/100 ---
Internal ctest changing into directory: /home/hep7/project/kairos/zlink/core/build
Test project /home/hep7/project/kairos/zlink/core/build
    Start 54: test_service_introspection_registry_lifecycle
1/1 Test #54: test_service_introspection_registry_lifecycle ...   Passed    0.01 sec

100% tests passed, 0 tests failed out of 1

Total Test time (real) =   0.01 sec
--- test_service_introspection_registry_lifecycle iteration 16/100 ---
Internal ctest changing into directory: /home/hep7/project/kairos/zlink/core/build
Test project /home/hep7/project/kairos/zlink/core/build
    Start 54: test_service_introspection_registry_lifecycle
1/1 Test #54: test_service_introspection_registry_lifecycle ...   Passed    0.01 sec

100% tests passed, 0 tests failed out of 1

Total Test time (real) =   0.01 sec
--- test_service_introspection_registry_lifecycle iteration 17/100 ---
Internal ctest changing into directory: /home/hep7/project/kairos/zlink/core/build
Test project /home/hep7/project/kairos/zlink/core/build
    Start 54: test_service_introspection_registry_lifecycle
1/1 Test #54: test_service_introspection_registry_lifecycle ...   Passed    0.01 sec

100% tests passed, 0 tests failed out of 1

Total Test time (real) =   0.01 sec
--- test_service_introspection_registry_lifecycle iteration 18/100 ---
Internal ctest changing into directory: /home/hep7/project/kairos/zlink/core/build
Test project /home/hep7/project/kairos/zlink/core/build
    Start 54: test_service_introspection_registry_lifecycle
1/1 Test #54: test_service_introspection_registry_lifecycle ...   Passed    0.01 sec

100% tests passed, 0 tests failed out of 1

Total Test time (real) =   0.01 sec
--- test_service_introspection_registry_lifecycle iteration 19/100 ---
Internal ctest changing into directory: /home/hep7/project/kairos/zlink/core/build
Test project /home/hep7/project/kairos/zlink/core/build
    Start 54: test_service_introspection_registry_lifecycle
1/1 Test #54: test_service_introspection_registry_lifecycle ...   Passed    0.01 sec

100% tests passed, 0 tests failed out of 1

Total Test time (real) =   0.01 sec
--- test_service_introspection_registry_lifecycle iteration 20/100 ---
Internal ctest changing into directory: /home/hep7/project/kairos/zlink/core/build
Test project /home/hep7/project/kairos/zlink/core/build
    Start 54: test_service_introspection_registry_lifecycle
1/1 Test #54: test_service_introspection_registry_lifecycle ...   Passed    0.01 sec

100% tests passed, 0 tests failed out of 1

Total Test time (real) =   0.01 sec
--- test_service_introspection_registry_lifecycle iteration 21/100 ---
Internal ctest changing into directory: /home/hep7/project/kairos/zlink/core/build
Test project /home/hep7/project/kairos/zlink/core/build
    Start 54: test_service_introspection_registry_lifecycle
1/1 Test #54: test_service_introspection_registry_lifecycle ...   Passed    0.01 sec

100% tests passed, 0 tests failed out of 1

Total Test time (real) =   0.01 sec
--- test_service_introspection_registry_lifecycle iteration 22/100 ---
Internal ctest changing into directory: /home/hep7/project/kairos/zlink/core/build
Test project /home/hep7/project/kairos/zlink/core/build
    Start 54: test_service_introspection_registry_lifecycle
1/1 Test #54: test_service_introspection_registry_lifecycle ...   Passed    0.01 sec

100% tests passed, 0 tests failed out of 1

Total Test time (real) =   0.01 sec
--- test_service_introspection_registry_lifecycle iteration 23/100 ---
Internal ctest changing into directory: /home/hep7/project/kairos/zlink/core/build
Test project /home/hep7/project/kairos/zlink/core/build
    Start 54: test_service_introspection_registry_lifecycle
1/1 Test #54: test_service_introspection_registry_lifecycle ...   Passed    0.01 sec

100% tests passed, 0 tests failed out of 1

Total Test time (real) =   0.01 sec
--- test_service_introspection_registry_lifecycle iteration 24/100 ---
Internal ctest changing into directory: /home/hep7/project/kairos/zlink/core/build
Test project /home/hep7/project/kairos/zlink/core/build
    Start 54: test_service_introspection_registry_lifecycle
1/1 Test #54: test_service_introspection_registry_lifecycle ...   Passed    0.01 sec

100% tests passed, 0 tests failed out of 1

Total Test time (real) =   0.01 sec
--- test_service_introspection_registry_lifecycle iteration 25/100 ---
Internal ctest changing into directory: /home/hep7/project/kairos/zlink/core/build
Test project /home/hep7/project/kairos/zlink/core/build
    Start 54: test_service_introspection_registry_lifecycle
1/1 Test #54: test_service_introspection_registry_lifecycle ...   Passed    0.01 sec

100% tests passed, 0 tests failed out of 1

Total Test time (real) =   0.01 sec
--- test_service_introspection_registry_lifecycle iteration 26/100 ---
Internal ctest changing into directory: /home/hep7/project/kairos/zlink/core/build
Test project /home/hep7/project/kairos/zlink/core/build
    Start 54: test_service_introspection_registry_lifecycle
1/1 Test #54: test_service_introspection_registry_lifecycle ...   Passed    0.01 sec

100% tests passed, 0 tests failed out of 1

Total Test time (real) =   0.01 sec
--- test_service_introspection_registry_lifecycle iteration 27/100 ---
Internal ctest changing into directory: /home/hep7/project/kairos/zlink/core/build
Test project /home/hep7/project/kairos/zlink/core/build
    Start 54: test_service_introspection_registry_lifecycle
1/1 Test #54: test_service_introspection_registry_lifecycle ...   Passed    0.01 sec

100% tests passed, 0 tests failed out of 1

Total Test time (real) =   0.01 sec
--- test_service_introspection_registry_lifecycle iteration 28/100 ---
Internal ctest changing into directory: /home/hep7/project/kairos/zlink/core/build
Test project /home/hep7/project/kairos/zlink/core/build
    Start 54: test_service_introspection_registry_lifecycle
1/1 Test #54: test_service_introspection_registry_lifecycle ...   Passed    0.01 sec

100% tests passed, 0 tests failed out of 1

Total Test time (real) =   0.01 sec
--- test_service_introspection_registry_lifecycle iteration 29/100 ---
Internal ctest changing into directory: /home/hep7/project/kairos/zlink/core/build
Test project /home/hep7/project/kairos/zlink/core/build
    Start 54: test_service_introspection_registry_lifecycle
1/1 Test #54: test_service_introspection_registry_lifecycle ...   Passed    0.01 sec

100% tests passed, 0 tests failed out of 1

Total Test time (real) =   0.01 sec
--- test_service_introspection_registry_lifecycle iteration 30/100 ---
Internal ctest changing into directory: /home/hep7/project/kairos/zlink/core/build
Test project /home/hep7/project/kairos/zlink/core/build
    Start 54: test_service_introspection_registry_lifecycle
1/1 Test #54: test_service_introspection_registry_lifecycle ...   Passed    0.01 sec

100% tests passed, 0 tests failed out of 1

Total Test time (real) =   0.01 sec
--- test_service_introspection_registry_lifecycle iteration 31/100 ---
Internal ctest changing into directory: /home/hep7/project/kairos/zlink/core/build
Test project /home/hep7/project/kairos/zlink/core/build
    Start 54: test_service_introspection_registry_lifecycle
1/1 Test #54: test_service_introspection_registry_lifecycle ...   Passed    0.01 sec

100% tests passed, 0 tests failed out of 1

Total Test time (real) =   0.01 sec
--- test_service_introspection_registry_lifecycle iteration 32/100 ---
Internal ctest changing into directory: /home/hep7/project/kairos/zlink/core/build
Test project /home/hep7/project/kairos/zlink/core/build
    Start 54: test_service_introspection_registry_lifecycle
1/1 Test #54: test_service_introspection_registry_lifecycle ...   Passed    0.01 sec

100% tests passed, 0 tests failed out of 1

Total Test time (real) =   0.01 sec
--- test_service_introspection_registry_lifecycle iteration 33/100 ---
Internal ctest changing into directory: /home/hep7/project/kairos/zlink/core/build
Test project /home/hep7/project/kairos/zlink/core/build
    Start 54: test_service_introspection_registry_lifecycle
1/1 Test #54: test_service_introspection_registry_lifecycle ...   Passed    0.01 sec

100% tests passed, 0 tests failed out of 1

Total Test time (real) =   0.01 sec
--- test_service_introspection_registry_lifecycle iteration 34/100 ---
Internal ctest changing into directory: /home/hep7/project/kairos/zlink/core/build
Test project /home/hep7/project/kairos/zlink/core/build
    Start 54: test_service_introspection_registry_lifecycle
1/1 Test #54: test_service_introspection_registry_lifecycle ...   Passed    0.01 sec

100% tests passed, 0 tests failed out of 1

Total Test time (real) =   0.01 sec
--- test_service_introspection_registry_lifecycle iteration 35/100 ---
Internal ctest changing into directory: /home/hep7/project/kairos/zlink/core/build
Test project /home/hep7/project/kairos/zlink/core/build
    Start 54: test_service_introspection_registry_lifecycle
1/1 Test #54: test_service_introspection_registry_lifecycle ...   Passed    0.01 sec

100% tests passed, 0 tests failed out of 1

Total Test time (real) =   0.01 sec
--- test_service_introspection_registry_lifecycle iteration 36/100 ---
Internal ctest changing into directory: /home/hep7/project/kairos/zlink/core/build
Test project /home/hep7/project/kairos/zlink/core/build
    Start 54: test_service_introspection_registry_lifecycle
1/1 Test #54: test_service_introspection_registry_lifecycle ...   Passed    0.01 sec

100% tests passed, 0 tests failed out of 1

Total Test time (real) =   0.01 sec
--- test_service_introspection_registry_lifecycle iteration 37/100 ---
Internal ctest changing into directory: /home/hep7/project/kairos/zlink/core/build
Test project /home/hep7/project/kairos/zlink/core/build
    Start 54: test_service_introspection_registry_lifecycle
1/1 Test #54: test_service_introspection_registry_lifecycle ...   Passed    0.01 sec

100% tests passed, 0 tests failed out of 1

Total Test time (real) =   0.01 sec
--- test_service_introspection_registry_lifecycle iteration 38/100 ---
Internal ctest changing into directory: /home/hep7/project/kairos/zlink/core/build
Test project /home/hep7/project/kairos/zlink/core/build
    Start 54: test_service_introspection_registry_lifecycle
1/1 Test #54: test_service_introspection_registry_lifecycle ...   Passed    0.01 sec

100% tests passed, 0 tests failed out of 1

Total Test time (real) =   0.01 sec
--- test_service_introspection_registry_lifecycle iteration 39/100 ---
Internal ctest changing into directory: /home/hep7/project/kairos/zlink/core/build
Test project /home/hep7/project/kairos/zlink/core/build
    Start 54: test_service_introspection_registry_lifecycle
1/1 Test #54: test_service_introspection_registry_lifecycle ...   Passed    0.01 sec

100% tests passed, 0 tests failed out of 1

Total Test time (real) =   0.01 sec
--- test_service_introspection_registry_lifecycle iteration 40/100 ---
Internal ctest changing into directory: /home/hep7/project/kairos/zlink/core/build
Test project /home/hep7/project/kairos/zlink/core/build
    Start 54: test_service_introspection_registry_lifecycle
1/1 Test #54: test_service_introspection_registry_lifecycle ...   Passed    0.01 sec

100% tests passed, 0 tests failed out of 1

Total Test time (real) =   0.01 sec
--- test_service_introspection_registry_lifecycle iteration 41/100 ---
Internal ctest changing into directory: /home/hep7/project/kairos/zlink/core/build
Test project /home/hep7/project/kairos/zlink/core/build
    Start 54: test_service_introspection_registry_lifecycle
1/1 Test #54: test_service_introspection_registry_lifecycle ...   Passed    0.01 sec

100% tests passed, 0 tests failed out of 1

Total Test time (real) =   0.01 sec
--- test_service_introspection_registry_lifecycle iteration 42/100 ---
Internal ctest changing into directory: /home/hep7/project/kairos/zlink/core/build
Test project /home/hep7/project/kairos/zlink/core/build
    Start 54: test_service_introspection_registry_lifecycle
1/1 Test #54: test_service_introspection_registry_lifecycle ...   Passed    0.01 sec

100% tests passed, 0 tests failed out of 1

Total Test time (real) =   0.01 sec
--- test_service_introspection_registry_lifecycle iteration 43/100 ---
Internal ctest changing into directory: /home/hep7/project/kairos/zlink/core/build
Test project /home/hep7/project/kairos/zlink/core/build
    Start 54: test_service_introspection_registry_lifecycle
1/1 Test #54: test_service_introspection_registry_lifecycle ...   Passed    0.01 sec

100% tests passed, 0 tests failed out of 1

Total Test time (real) =   0.01 sec
--- test_service_introspection_registry_lifecycle iteration 44/100 ---
Internal ctest changing into directory: /home/hep7/project/kairos/zlink/core/build
Test project /home/hep7/project/kairos/zlink/core/build
    Start 54: test_service_introspection_registry_lifecycle
1/1 Test #54: test_service_introspection_registry_lifecycle ...   Passed    0.01 sec

100% tests passed, 0 tests failed out of 1

Total Test time (real) =   0.01 sec
--- test_service_introspection_registry_lifecycle iteration 45/100 ---
Internal ctest changing into directory: /home/hep7/project/kairos/zlink/core/build
Test project /home/hep7/project/kairos/zlink/core/build
    Start 54: test_service_introspection_registry_lifecycle
1/1 Test #54: test_service_introspection_registry_lifecycle ...   Passed    0.01 sec

100% tests passed, 0 tests failed out of 1

Total Test time (real) =   0.01 sec
--- test_service_introspection_registry_lifecycle iteration 46/100 ---
Internal ctest changing into directory: /home/hep7/project/kairos/zlink/core/build
Test project /home/hep7/project/kairos/zlink/core/build
    Start 54: test_service_introspection_registry_lifecycle
1/1 Test #54: test_service_introspection_registry_lifecycle ...   Passed    0.01 sec

100% tests passed, 0 tests failed out of 1

Total Test time (real) =   0.01 sec
--- test_service_introspection_registry_lifecycle iteration 47/100 ---
Internal ctest changing into directory: /home/hep7/project/kairos/zlink/core/build
Test project /home/hep7/project/kairos/zlink/core/build
    Start 54: test_service_introspection_registry_lifecycle
1/1 Test #54: test_service_introspection_registry_lifecycle ...   Passed    0.01 sec

100% tests passed, 0 tests failed out of 1

Total Test time (real) =   0.01 sec
--- test_service_introspection_registry_lifecycle iteration 48/100 ---
Internal ctest changing into directory: /home/hep7/project/kairos/zlink/core/build
Test project /home/hep7/project/kairos/zlink/core/build
    Start 54: test_service_introspection_registry_lifecycle
1/1 Test #54: test_service_introspection_registry_lifecycle ...   Passed    0.01 sec

100% tests passed, 0 tests failed out of 1

Total Test time (real) =   0.01 sec
--- test_service_introspection_registry_lifecycle iteration 49/100 ---
Internal ctest changing into directory: /home/hep7/project/kairos/zlink/core/build
Test project /home/hep7/project/kairos/zlink/core/build
    Start 54: test_service_introspection_registry_lifecycle
1/1 Test #54: test_service_introspection_registry_lifecycle ...   Passed    0.01 sec

100% tests passed, 0 tests failed out of 1

Total Test time (real) =   0.01 sec
--- test_service_introspection_registry_lifecycle iteration 50/100 ---
Internal ctest changing into directory: /home/hep7/project/kairos/zlink/core/build
Test project /home/hep7/project/kairos/zlink/core/build
    Start 54: test_service_introspection_registry_lifecycle
1/1 Test #54: test_service_introspection_registry_lifecycle ...   Passed    0.01 sec

100% tests passed, 0 tests failed out of 1

Total Test time (real) =   0.01 sec
--- test_service_introspection_registry_lifecycle iteration 51/100 ---
Internal ctest changing into directory: /home/hep7/project/kairos/zlink/core/build
Test project /home/hep7/project/kairos/zlink/core/build
    Start 54: test_service_introspection_registry_lifecycle
1/1 Test #54: test_service_introspection_registry_lifecycle ...   Passed    0.01 sec

100% tests passed, 0 tests failed out of 1

Total Test time (real) =   0.01 sec
--- test_service_introspection_registry_lifecycle iteration 52/100 ---
Internal ctest changing into directory: /home/hep7/project/kairos/zlink/core/build
Test project /home/hep7/project/kairos/zlink/core/build
    Start 54: test_service_introspection_registry_lifecycle
1/1 Test #54: test_service_introspection_registry_lifecycle ...   Passed    0.01 sec

100% tests passed, 0 tests failed out of 1

Total Test time (real) =   0.01 sec
--- test_service_introspection_registry_lifecycle iteration 53/100 ---
Internal ctest changing into directory: /home/hep7/project/kairos/zlink/core/build
Test project /home/hep7/project/kairos/zlink/core/build
    Start 54: test_service_introspection_registry_lifecycle
1/1 Test #54: test_service_introspection_registry_lifecycle ...   Passed    0.01 sec

100% tests passed, 0 tests failed out of 1

Total Test time (real) =   0.01 sec
--- test_service_introspection_registry_lifecycle iteration 54/100 ---
Internal ctest changing into directory: /home/hep7/project/kairos/zlink/core/build
Test project /home/hep7/project/kairos/zlink/core/build
    Start 54: test_service_introspection_registry_lifecycle
1/1 Test #54: test_service_introspection_registry_lifecycle ...   Passed    0.01 sec

100% tests passed, 0 tests failed out of 1

Total Test time (real) =   0.01 sec
--- test_service_introspection_registry_lifecycle iteration 55/100 ---
Internal ctest changing into directory: /home/hep7/project/kairos/zlink/core/build
Test project /home/hep7/project/kairos/zlink/core/build
    Start 54: test_service_introspection_registry_lifecycle
1/1 Test #54: test_service_introspection_registry_lifecycle ...   Passed    0.01 sec

100% tests passed, 0 tests failed out of 1

Total Test time (real) =   0.01 sec
--- test_service_introspection_registry_lifecycle iteration 56/100 ---
Internal ctest changing into directory: /home/hep7/project/kairos/zlink/core/build
Test project /home/hep7/project/kairos/zlink/core/build
    Start 54: test_service_introspection_registry_lifecycle
1/1 Test #54: test_service_introspection_registry_lifecycle ...   Passed    0.01 sec

100% tests passed, 0 tests failed out of 1

Total Test time (real) =   0.01 sec
--- test_service_introspection_registry_lifecycle iteration 57/100 ---
Internal ctest changing into directory: /home/hep7/project/kairos/zlink/core/build
Test project /home/hep7/project/kairos/zlink/core/build
    Start 54: test_service_introspection_registry_lifecycle
1/1 Test #54: test_service_introspection_registry_lifecycle ...   Passed    0.01 sec

100% tests passed, 0 tests failed out of 1

Total Test time (real) =   0.01 sec
--- test_service_introspection_registry_lifecycle iteration 58/100 ---
Internal ctest changing into directory: /home/hep7/project/kairos/zlink/core/build
Test project /home/hep7/project/kairos/zlink/core/build
    Start 54: test_service_introspection_registry_lifecycle
1/1 Test #54: test_service_introspection_registry_lifecycle ...   Passed    0.01 sec

100% tests passed, 0 tests failed out of 1

Total Test time (real) =   0.01 sec
--- test_service_introspection_registry_lifecycle iteration 59/100 ---
Internal ctest changing into directory: /home/hep7/project/kairos/zlink/core/build
Test project /home/hep7/project/kairos/zlink/core/build
    Start 54: test_service_introspection_registry_lifecycle
1/1 Test #54: test_service_introspection_registry_lifecycle ...   Passed    0.01 sec

100% tests passed, 0 tests failed out of 1

Total Test time (real) =   0.01 sec
--- test_service_introspection_registry_lifecycle iteration 60/100 ---
Internal ctest changing into directory: /home/hep7/project/kairos/zlink/core/build
Test project /home/hep7/project/kairos/zlink/core/build
    Start 54: test_service_introspection_registry_lifecycle
1/1 Test #54: test_service_introspection_registry_lifecycle ...   Passed    0.01 sec

100% tests passed, 0 tests failed out of 1

Total Test time (real) =   0.01 sec
--- test_service_introspection_registry_lifecycle iteration 61/100 ---
Internal ctest changing into directory: /home/hep7/project/kairos/zlink/core/build
Test project /home/hep7/project/kairos/zlink/core/build
    Start 54: test_service_introspection_registry_lifecycle
1/1 Test #54: test_service_introspection_registry_lifecycle ...   Passed    0.01 sec

100% tests passed, 0 tests failed out of 1

Total Test time (real) =   0.01 sec
--- test_service_introspection_registry_lifecycle iteration 62/100 ---
Internal ctest changing into directory: /home/hep7/project/kairos/zlink/core/build
Test project /home/hep7/project/kairos/zlink/core/build
    Start 54: test_service_introspection_registry_lifecycle
1/1 Test #54: test_service_introspection_registry_lifecycle ...   Passed    0.01 sec

100% tests passed, 0 tests failed out of 1

Total Test time (real) =   0.01 sec
--- test_service_introspection_registry_lifecycle iteration 63/100 ---
Internal ctest changing into directory: /home/hep7/project/kairos/zlink/core/build
Test project /home/hep7/project/kairos/zlink/core/build
    Start 54: test_service_introspection_registry_lifecycle
1/1 Test #54: test_service_introspection_registry_lifecycle ...   Passed    0.01 sec

100% tests passed, 0 tests failed out of 1

Total Test time (real) =   0.01 sec
--- test_service_introspection_registry_lifecycle iteration 64/100 ---
Internal ctest changing into directory: /home/hep7/project/kairos/zlink/core/build
Test project /home/hep7/project/kairos/zlink/core/build
    Start 54: test_service_introspection_registry_lifecycle
1/1 Test #54: test_service_introspection_registry_lifecycle ...   Passed    0.01 sec

100% tests passed, 0 tests failed out of 1

Total Test time (real) =   0.01 sec
--- test_service_introspection_registry_lifecycle iteration 65/100 ---
Internal ctest changing into directory: /home/hep7/project/kairos/zlink/core/build
Test project /home/hep7/project/kairos/zlink/core/build
    Start 54: test_service_introspection_registry_lifecycle
1/1 Test #54: test_service_introspection_registry_lifecycle ...   Passed    0.01 sec

100% tests passed, 0 tests failed out of 1

Total Test time (real) =   0.01 sec
--- test_service_introspection_registry_lifecycle iteration 66/100 ---
Internal ctest changing into directory: /home/hep7/project/kairos/zlink/core/build
Test project /home/hep7/project/kairos/zlink/core/build
    Start 54: test_service_introspection_registry_lifecycle
1/1 Test #54: test_service_introspection_registry_lifecycle ...   Passed    0.01 sec

100% tests passed, 0 tests failed out of 1

Total Test time (real) =   0.01 sec
--- test_service_introspection_registry_lifecycle iteration 67/100 ---
Internal ctest changing into directory: /home/hep7/project/kairos/zlink/core/build
Test project /home/hep7/project/kairos/zlink/core/build
    Start 54: test_service_introspection_registry_lifecycle
1/1 Test #54: test_service_introspection_registry_lifecycle ...   Passed    0.01 sec

100% tests passed, 0 tests failed out of 1

Total Test time (real) =   0.01 sec
--- test_service_introspection_registry_lifecycle iteration 68/100 ---
Internal ctest changing into directory: /home/hep7/project/kairos/zlink/core/build
Test project /home/hep7/project/kairos/zlink/core/build
    Start 54: test_service_introspection_registry_lifecycle
1/1 Test #54: test_service_introspection_registry_lifecycle ...   Passed    0.01 sec

100% tests passed, 0 tests failed out of 1

Total Test time (real) =   0.01 sec
--- test_service_introspection_registry_lifecycle iteration 69/100 ---
Internal ctest changing into directory: /home/hep7/project/kairos/zlink/core/build
Test project /home/hep7/project/kairos/zlink/core/build
    Start 54: test_service_introspection_registry_lifecycle
1/1 Test #54: test_service_introspection_registry_lifecycle ...   Passed    0.01 sec

100% tests passed, 0 tests failed out of 1

Total Test time (real) =   0.01 sec
--- test_service_introspection_registry_lifecycle iteration 70/100 ---
Internal ctest changing into directory: /home/hep7/project/kairos/zlink/core/build
Test project /home/hep7/project/kairos/zlink/core/build
    Start 54: test_service_introspection_registry_lifecycle
1/1 Test #54: test_service_introspection_registry_lifecycle ...   Passed    0.01 sec

100% tests passed, 0 tests failed out of 1

Total Test time (real) =   0.01 sec
--- test_service_introspection_registry_lifecycle iteration 71/100 ---
Internal ctest changing into directory: /home/hep7/project/kairos/zlink/core/build
Test project /home/hep7/project/kairos/zlink/core/build
    Start 54: test_service_introspection_registry_lifecycle
1/1 Test #54: test_service_introspection_registry_lifecycle ...   Passed    0.01 sec

100% tests passed, 0 tests failed out of 1

Total Test time (real) =   0.01 sec
--- test_service_introspection_registry_lifecycle iteration 72/100 ---
Internal ctest changing into directory: /home/hep7/project/kairos/zlink/core/build
Test project /home/hep7/project/kairos/zlink/core/build
    Start 54: test_service_introspection_registry_lifecycle
1/1 Test #54: test_service_introspection_registry_lifecycle ...   Passed    0.01 sec

100% tests passed, 0 tests failed out of 1

Total Test time (real) =   0.01 sec
--- test_service_introspection_registry_lifecycle iteration 73/100 ---
Internal ctest changing into directory: /home/hep7/project/kairos/zlink/core/build
Test project /home/hep7/project/kairos/zlink/core/build
    Start 54: test_service_introspection_registry_lifecycle
1/1 Test #54: test_service_introspection_registry_lifecycle ...   Passed    0.01 sec

100% tests passed, 0 tests failed out of 1

Total Test time (real) =   0.01 sec
--- test_service_introspection_registry_lifecycle iteration 74/100 ---
Internal ctest changing into directory: /home/hep7/project/kairos/zlink/core/build
Test project /home/hep7/project/kairos/zlink/core/build
    Start 54: test_service_introspection_registry_lifecycle
1/1 Test #54: test_service_introspection_registry_lifecycle ...   Passed    0.01 sec

100% tests passed, 0 tests failed out of 1

Total Test time (real) =   0.01 sec
--- test_service_introspection_registry_lifecycle iteration 75/100 ---
Internal ctest changing into directory: /home/hep7/project/kairos/zlink/core/build
Test project /home/hep7/project/kairos/zlink/core/build
    Start 54: test_service_introspection_registry_lifecycle
1/1 Test #54: test_service_introspection_registry_lifecycle ...   Passed    0.01 sec

100% tests passed, 0 tests failed out of 1

Total Test time (real) =   0.01 sec
--- test_service_introspection_registry_lifecycle iteration 76/100 ---
Internal ctest changing into directory: /home/hep7/project/kairos/zlink/core/build
Test project /home/hep7/project/kairos/zlink/core/build
    Start 54: test_service_introspection_registry_lifecycle
1/1 Test #54: test_service_introspection_registry_lifecycle ...   Passed    0.01 sec

100% tests passed, 0 tests failed out of 1

Total Test time (real) =   0.01 sec
--- test_service_introspection_registry_lifecycle iteration 77/100 ---
Internal ctest changing into directory: /home/hep7/project/kairos/zlink/core/build
Test project /home/hep7/project/kairos/zlink/core/build
    Start 54: test_service_introspection_registry_lifecycle
1/1 Test #54: test_service_introspection_registry_lifecycle ...   Passed    0.01 sec

100% tests passed, 0 tests failed out of 1

Total Test time (real) =   0.01 sec
--- test_service_introspection_registry_lifecycle iteration 78/100 ---
Internal ctest changing into directory: /home/hep7/project/kairos/zlink/core/build
Test project /home/hep7/project/kairos/zlink/core/build
    Start 54: test_service_introspection_registry_lifecycle
1/1 Test #54: test_service_introspection_registry_lifecycle ...   Passed    0.01 sec

100% tests passed, 0 tests failed out of 1

Total Test time (real) =   0.01 sec
--- test_service_introspection_registry_lifecycle iteration 79/100 ---
Internal ctest changing into directory: /home/hep7/project/kairos/zlink/core/build
Test project /home/hep7/project/kairos/zlink/core/build
    Start 54: test_service_introspection_registry_lifecycle
1/1 Test #54: test_service_introspection_registry_lifecycle ...   Passed    0.01 sec

100% tests passed, 0 tests failed out of 1

Total Test time (real) =   0.01 sec
--- test_service_introspection_registry_lifecycle iteration 80/100 ---
Internal ctest changing into directory: /home/hep7/project/kairos/zlink/core/build
Test project /home/hep7/project/kairos/zlink/core/build
    Start 54: test_service_introspection_registry_lifecycle
1/1 Test #54: test_service_introspection_registry_lifecycle ...   Passed    0.01 sec

100% tests passed, 0 tests failed out of 1

Total Test time (real) =   0.01 sec
--- test_service_introspection_registry_lifecycle iteration 81/100 ---
Internal ctest changing into directory: /home/hep7/project/kairos/zlink/core/build
Test project /home/hep7/project/kairos/zlink/core/build
    Start 54: test_service_introspection_registry_lifecycle
1/1 Test #54: test_service_introspection_registry_lifecycle ...   Passed    0.01 sec

100% tests passed, 0 tests failed out of 1

Total Test time (real) =   0.01 sec
--- test_service_introspection_registry_lifecycle iteration 82/100 ---
Internal ctest changing into directory: /home/hep7/project/kairos/zlink/core/build
Test project /home/hep7/project/kairos/zlink/core/build
    Start 54: test_service_introspection_registry_lifecycle
1/1 Test #54: test_service_introspection_registry_lifecycle ...   Passed    0.01 sec

100% tests passed, 0 tests failed out of 1

Total Test time (real) =   0.01 sec
--- test_service_introspection_registry_lifecycle iteration 83/100 ---
Internal ctest changing into directory: /home/hep7/project/kairos/zlink/core/build
Test project /home/hep7/project/kairos/zlink/core/build
    Start 54: test_service_introspection_registry_lifecycle
1/1 Test #54: test_service_introspection_registry_lifecycle ...   Passed    0.01 sec

100% tests passed, 0 tests failed out of 1

Total Test time (real) =   0.01 sec
--- test_service_introspection_registry_lifecycle iteration 84/100 ---
Internal ctest changing into directory: /home/hep7/project/kairos/zlink/core/build
Test project /home/hep7/project/kairos/zlink/core/build
    Start 54: test_service_introspection_registry_lifecycle
1/1 Test #54: test_service_introspection_registry_lifecycle ...   Passed    0.01 sec

100% tests passed, 0 tests failed out of 1

Total Test time (real) =   0.01 sec
--- test_service_introspection_registry_lifecycle iteration 85/100 ---
Internal ctest changing into directory: /home/hep7/project/kairos/zlink/core/build
Test project /home/hep7/project/kairos/zlink/core/build
    Start 54: test_service_introspection_registry_lifecycle
1/1 Test #54: test_service_introspection_registry_lifecycle ...   Passed    0.01 sec

100% tests passed, 0 tests failed out of 1

Total Test time (real) =   0.01 sec
--- test_service_introspection_registry_lifecycle iteration 86/100 ---
Internal ctest changing into directory: /home/hep7/project/kairos/zlink/core/build
Test project /home/hep7/project/kairos/zlink/core/build
    Start 54: test_service_introspection_registry_lifecycle
1/1 Test #54: test_service_introspection_registry_lifecycle ...   Passed    0.01 sec

100% tests passed, 0 tests failed out of 1

Total Test time (real) =   0.01 sec
--- test_service_introspection_registry_lifecycle iteration 87/100 ---
Internal ctest changing into directory: /home/hep7/project/kairos/zlink/core/build
Test project /home/hep7/project/kairos/zlink/core/build
    Start 54: test_service_introspection_registry_lifecycle
1/1 Test #54: test_service_introspection_registry_lifecycle ...   Passed    0.01 sec

100% tests passed, 0 tests failed out of 1

Total Test time (real) =   0.01 sec
--- test_service_introspection_registry_lifecycle iteration 88/100 ---
Internal ctest changing into directory: /home/hep7/project/kairos/zlink/core/build
Test project /home/hep7/project/kairos/zlink/core/build
    Start 54: test_service_introspection_registry_lifecycle
1/1 Test #54: test_service_introspection_registry_lifecycle ...   Passed    0.01 sec

100% tests passed, 0 tests failed out of 1

Total Test time (real) =   0.01 sec
--- test_service_introspection_registry_lifecycle iteration 89/100 ---
Internal ctest changing into directory: /home/hep7/project/kairos/zlink/core/build
Test project /home/hep7/project/kairos/zlink/core/build
    Start 54: test_service_introspection_registry_lifecycle
1/1 Test #54: test_service_introspection_registry_lifecycle ...   Passed    0.01 sec

100% tests passed, 0 tests failed out of 1

Total Test time (real) =   0.01 sec
--- test_service_introspection_registry_lifecycle iteration 90/100 ---
Internal ctest changing into directory: /home/hep7/project/kairos/zlink/core/build
Test project /home/hep7/project/kairos/zlink/core/build
    Start 54: test_service_introspection_registry_lifecycle
1/1 Test #54: test_service_introspection_registry_lifecycle ...   Passed    0.01 sec

100% tests passed, 0 tests failed out of 1

Total Test time (real) =   0.01 sec
--- test_service_introspection_registry_lifecycle iteration 91/100 ---
Internal ctest changing into directory: /home/hep7/project/kairos/zlink/core/build
Test project /home/hep7/project/kairos/zlink/core/build
    Start 54: test_service_introspection_registry_lifecycle
1/1 Test #54: test_service_introspection_registry_lifecycle ...   Passed    0.01 sec

100% tests passed, 0 tests failed out of 1

Total Test time (real) =   0.01 sec
--- test_service_introspection_registry_lifecycle iteration 92/100 ---
Internal ctest changing into directory: /home/hep7/project/kairos/zlink/core/build
Test project /home/hep7/project/kairos/zlink/core/build
    Start 54: test_service_introspection_registry_lifecycle
1/1 Test #54: test_service_introspection_registry_lifecycle ...   Passed    0.01 sec

100% tests passed, 0 tests failed out of 1

Total Test time (real) =   0.01 sec
--- test_service_introspection_registry_lifecycle iteration 93/100 ---
Internal ctest changing into directory: /home/hep7/project/kairos/zlink/core/build
Test project /home/hep7/project/kairos/zlink/core/build
    Start 54: test_service_introspection_registry_lifecycle
1/1 Test #54: test_service_introspection_registry_lifecycle ...   Passed    0.01 sec

100% tests passed, 0 tests failed out of 1

Total Test time (real) =   0.01 sec
--- test_service_introspection_registry_lifecycle iteration 94/100 ---
Internal ctest changing into directory: /home/hep7/project/kairos/zlink/core/build
Test project /home/hep7/project/kairos/zlink/core/build
    Start 54: test_service_introspection_registry_lifecycle
1/1 Test #54: test_service_introspection_registry_lifecycle ...   Passed    0.01 sec

100% tests passed, 0 tests failed out of 1

Total Test time (real) =   0.01 sec
--- test_service_introspection_registry_lifecycle iteration 95/100 ---
Internal ctest changing into directory: /home/hep7/project/kairos/zlink/core/build
Test project /home/hep7/project/kairos/zlink/core/build
    Start 54: test_service_introspection_registry_lifecycle
1/1 Test #54: test_service_introspection_registry_lifecycle ...   Passed    0.01 sec

100% tests passed, 0 tests failed out of 1

Total Test time (real) =   0.01 sec
--- test_service_introspection_registry_lifecycle iteration 96/100 ---
Internal ctest changing into directory: /home/hep7/project/kairos/zlink/core/build
Test project /home/hep7/project/kairos/zlink/core/build
    Start 54: test_service_introspection_registry_lifecycle
1/1 Test #54: test_service_introspection_registry_lifecycle ...   Passed    0.01 sec

100% tests passed, 0 tests failed out of 1

Total Test time (real) =   0.01 sec
--- test_service_introspection_registry_lifecycle iteration 97/100 ---
Internal ctest changing into directory: /home/hep7/project/kairos/zlink/core/build
Test project /home/hep7/project/kairos/zlink/core/build
    Start 54: test_service_introspection_registry_lifecycle
1/1 Test #54: test_service_introspection_registry_lifecycle ...   Passed    0.01 sec

100% tests passed, 0 tests failed out of 1

Total Test time (real) =   0.01 sec
--- test_service_introspection_registry_lifecycle iteration 98/100 ---
Internal ctest changing into directory: /home/hep7/project/kairos/zlink/core/build
Test project /home/hep7/project/kairos/zlink/core/build
    Start 54: test_service_introspection_registry_lifecycle
1/1 Test #54: test_service_introspection_registry_lifecycle ...   Passed    0.01 sec

100% tests passed, 0 tests failed out of 1

Total Test time (real) =   0.01 sec
--- test_service_introspection_registry_lifecycle iteration 99/100 ---
Internal ctest changing into directory: /home/hep7/project/kairos/zlink/core/build
Test project /home/hep7/project/kairos/zlink/core/build
    Start 54: test_service_introspection_registry_lifecycle
1/1 Test #54: test_service_introspection_registry_lifecycle ...   Passed    0.01 sec

100% tests passed, 0 tests failed out of 1

Total Test time (real) =   0.01 sec
--- test_service_introspection_registry_lifecycle iteration 100/100 ---
Internal ctest changing into directory: /home/hep7/project/kairos/zlink/core/build
Test project /home/hep7/project/kairos/zlink/core/build
    Start 54: test_service_introspection_registry_lifecycle
1/1 Test #54: test_service_introspection_registry_lifecycle ...   Passed    0.01 sec

100% tests passed, 0 tests failed out of 1

Total Test time (real) =   0.01 sec
=== Repeating test_service_introspection_registry_query_lifecycle (100 iterations) ===
--- test_service_introspection_registry_query_lifecycle iteration 1/100 ---
Internal ctest changing into directory: /home/hep7/project/kairos/zlink/core/build
Test project /home/hep7/project/kairos/zlink/core/build
    Start 55: test_service_introspection_registry_query_lifecycle
1/1 Test #55: test_service_introspection_registry_query_lifecycle ...   Passed    0.01 sec

100% tests passed, 0 tests failed out of 1

Total Test time (real) =   0.01 sec
--- test_service_introspection_registry_query_lifecycle iteration 2/100 ---
Internal ctest changing into directory: /home/hep7/project/kairos/zlink/core/build
Test project /home/hep7/project/kairos/zlink/core/build
    Start 55: test_service_introspection_registry_query_lifecycle
1/1 Test #55: test_service_introspection_registry_query_lifecycle ...   Passed    0.01 sec

100% tests passed, 0 tests failed out of 1

Total Test time (real) =   0.01 sec
--- test_service_introspection_registry_query_lifecycle iteration 3/100 ---
Internal ctest changing into directory: /home/hep7/project/kairos/zlink/core/build
Test project /home/hep7/project/kairos/zlink/core/build
    Start 55: test_service_introspection_registry_query_lifecycle
1/1 Test #55: test_service_introspection_registry_query_lifecycle ...   Passed    0.01 sec

100% tests passed, 0 tests failed out of 1

Total Test time (real) =   0.01 sec
--- test_service_introspection_registry_query_lifecycle iteration 4/100 ---
Internal ctest changing into directory: /home/hep7/project/kairos/zlink/core/build
Test project /home/hep7/project/kairos/zlink/core/build
    Start 55: test_service_introspection_registry_query_lifecycle
1/1 Test #55: test_service_introspection_registry_query_lifecycle ...   Passed    0.01 sec

100% tests passed, 0 tests failed out of 1

Total Test time (real) =   0.01 sec
--- test_service_introspection_registry_query_lifecycle iteration 5/100 ---
Internal ctest changing into directory: /home/hep7/project/kairos/zlink/core/build
Test project /home/hep7/project/kairos/zlink/core/build
    Start 55: test_service_introspection_registry_query_lifecycle
1/1 Test #55: test_service_introspection_registry_query_lifecycle ...   Passed    0.01 sec

100% tests passed, 0 tests failed out of 1

Total Test time (real) =   0.01 sec
--- test_service_introspection_registry_query_lifecycle iteration 6/100 ---
Internal ctest changing into directory: /home/hep7/project/kairos/zlink/core/build
Test project /home/hep7/project/kairos/zlink/core/build
    Start 55: test_service_introspection_registry_query_lifecycle
1/1 Test #55: test_service_introspection_registry_query_lifecycle ...   Passed    0.01 sec

100% tests passed, 0 tests failed out of 1

Total Test time (real) =   0.01 sec
--- test_service_introspection_registry_query_lifecycle iteration 7/100 ---
Internal ctest changing into directory: /home/hep7/project/kairos/zlink/core/build
Test project /home/hep7/project/kairos/zlink/core/build
    Start 55: test_service_introspection_registry_query_lifecycle
1/1 Test #55: test_service_introspection_registry_query_lifecycle ...   Passed    0.01 sec

100% tests passed, 0 tests failed out of 1

Total Test time (real) =   0.01 sec
--- test_service_introspection_registry_query_lifecycle iteration 8/100 ---
Internal ctest changing into directory: /home/hep7/project/kairos/zlink/core/build
Test project /home/hep7/project/kairos/zlink/core/build
    Start 55: test_service_introspection_registry_query_lifecycle
1/1 Test #55: test_service_introspection_registry_query_lifecycle ...   Passed    0.01 sec

100% tests passed, 0 tests failed out of 1

Total Test time (real) =   0.01 sec
--- test_service_introspection_registry_query_lifecycle iteration 9/100 ---
Internal ctest changing into directory: /home/hep7/project/kairos/zlink/core/build
Test project /home/hep7/project/kairos/zlink/core/build
    Start 55: test_service_introspection_registry_query_lifecycle
1/1 Test #55: test_service_introspection_registry_query_lifecycle ...   Passed    0.01 sec

100% tests passed, 0 tests failed out of 1

Total Test time (real) =   0.01 sec
--- test_service_introspection_registry_query_lifecycle iteration 10/100 ---
Internal ctest changing into directory: /home/hep7/project/kairos/zlink/core/build
Test project /home/hep7/project/kairos/zlink/core/build
    Start 55: test_service_introspection_registry_query_lifecycle
1/1 Test #55: test_service_introspection_registry_query_lifecycle ...   Passed    0.01 sec

100% tests passed, 0 tests failed out of 1

Total Test time (real) =   0.01 sec
--- test_service_introspection_registry_query_lifecycle iteration 11/100 ---
Internal ctest changing into directory: /home/hep7/project/kairos/zlink/core/build
Test project /home/hep7/project/kairos/zlink/core/build
    Start 55: test_service_introspection_registry_query_lifecycle
1/1 Test #55: test_service_introspection_registry_query_lifecycle ...   Passed    0.01 sec

100% tests passed, 0 tests failed out of 1

Total Test time (real) =   0.01 sec
--- test_service_introspection_registry_query_lifecycle iteration 12/100 ---
Internal ctest changing into directory: /home/hep7/project/kairos/zlink/core/build
Test project /home/hep7/project/kairos/zlink/core/build
    Start 55: test_service_introspection_registry_query_lifecycle
1/1 Test #55: test_service_introspection_registry_query_lifecycle ...   Passed    0.01 sec

100% tests passed, 0 tests failed out of 1

Total Test time (real) =   0.01 sec
--- test_service_introspection_registry_query_lifecycle iteration 13/100 ---
Internal ctest changing into directory: /home/hep7/project/kairos/zlink/core/build
Test project /home/hep7/project/kairos/zlink/core/build
    Start 55: test_service_introspection_registry_query_lifecycle
1/1 Test #55: test_service_introspection_registry_query_lifecycle ...   Passed    0.01 sec

100% tests passed, 0 tests failed out of 1

Total Test time (real) =   0.01 sec
--- test_service_introspection_registry_query_lifecycle iteration 14/100 ---
Internal ctest changing into directory: /home/hep7/project/kairos/zlink/core/build
Test project /home/hep7/project/kairos/zlink/core/build
    Start 55: test_service_introspection_registry_query_lifecycle
1/1 Test #55: test_service_introspection_registry_query_lifecycle ...   Passed    0.01 sec

100% tests passed, 0 tests failed out of 1

Total Test time (real) =   0.01 sec
--- test_service_introspection_registry_query_lifecycle iteration 15/100 ---
Internal ctest changing into directory: /home/hep7/project/kairos/zlink/core/build
Test project /home/hep7/project/kairos/zlink/core/build
    Start 55: test_service_introspection_registry_query_lifecycle
1/1 Test #55: test_service_introspection_registry_query_lifecycle ...   Passed    0.01 sec

100% tests passed, 0 tests failed out of 1

Total Test time (real) =   0.01 sec
--- test_service_introspection_registry_query_lifecycle iteration 16/100 ---
Internal ctest changing into directory: /home/hep7/project/kairos/zlink/core/build
Test project /home/hep7/project/kairos/zlink/core/build
    Start 55: test_service_introspection_registry_query_lifecycle
1/1 Test #55: test_service_introspection_registry_query_lifecycle ...   Passed    0.01 sec

100% tests passed, 0 tests failed out of 1

Total Test time (real) =   0.01 sec
--- test_service_introspection_registry_query_lifecycle iteration 17/100 ---
Internal ctest changing into directory: /home/hep7/project/kairos/zlink/core/build
Test project /home/hep7/project/kairos/zlink/core/build
    Start 55: test_service_introspection_registry_query_lifecycle
1/1 Test #55: test_service_introspection_registry_query_lifecycle ...   Passed    0.01 sec

100% tests passed, 0 tests failed out of 1

Total Test time (real) =   0.01 sec
--- test_service_introspection_registry_query_lifecycle iteration 18/100 ---
Internal ctest changing into directory: /home/hep7/project/kairos/zlink/core/build
Test project /home/hep7/project/kairos/zlink/core/build
    Start 55: test_service_introspection_registry_query_lifecycle
1/1 Test #55: test_service_introspection_registry_query_lifecycle ...   Passed    0.01 sec

100% tests passed, 0 tests failed out of 1

Total Test time (real) =   0.01 sec
--- test_service_introspection_registry_query_lifecycle iteration 19/100 ---
Internal ctest changing into directory: /home/hep7/project/kairos/zlink/core/build
Test project /home/hep7/project/kairos/zlink/core/build
    Start 55: test_service_introspection_registry_query_lifecycle
1/1 Test #55: test_service_introspection_registry_query_lifecycle ...   Passed    0.01 sec

100% tests passed, 0 tests failed out of 1

Total Test time (real) =   0.01 sec
--- test_service_introspection_registry_query_lifecycle iteration 20/100 ---
Internal ctest changing into directory: /home/hep7/project/kairos/zlink/core/build
Test project /home/hep7/project/kairos/zlink/core/build
    Start 55: test_service_introspection_registry_query_lifecycle
1/1 Test #55: test_service_introspection_registry_query_lifecycle ...   Passed    0.01 sec

100% tests passed, 0 tests failed out of 1

Total Test time (real) =   0.01 sec
--- test_service_introspection_registry_query_lifecycle iteration 21/100 ---
Internal ctest changing into directory: /home/hep7/project/kairos/zlink/core/build
Test project /home/hep7/project/kairos/zlink/core/build
    Start 55: test_service_introspection_registry_query_lifecycle
1/1 Test #55: test_service_introspection_registry_query_lifecycle ...   Passed    0.01 sec

100% tests passed, 0 tests failed out of 1

Total Test time (real) =   0.01 sec
--- test_service_introspection_registry_query_lifecycle iteration 22/100 ---
Internal ctest changing into directory: /home/hep7/project/kairos/zlink/core/build
Test project /home/hep7/project/kairos/zlink/core/build
    Start 55: test_service_introspection_registry_query_lifecycle
1/1 Test #55: test_service_introspection_registry_query_lifecycle ...   Passed    0.01 sec

100% tests passed, 0 tests failed out of 1

Total Test time (real) =   0.01 sec
--- test_service_introspection_registry_query_lifecycle iteration 23/100 ---
Internal ctest changing into directory: /home/hep7/project/kairos/zlink/core/build
Test project /home/hep7/project/kairos/zlink/core/build
    Start 55: test_service_introspection_registry_query_lifecycle
1/1 Test #55: test_service_introspection_registry_query_lifecycle ...   Passed    0.01 sec

100% tests passed, 0 tests failed out of 1

Total Test time (real) =   0.01 sec
--- test_service_introspection_registry_query_lifecycle iteration 24/100 ---
Internal ctest changing into directory: /home/hep7/project/kairos/zlink/core/build
Test project /home/hep7/project/kairos/zlink/core/build
    Start 55: test_service_introspection_registry_query_lifecycle
1/1 Test #55: test_service_introspection_registry_query_lifecycle ...   Passed    0.01 sec

100% tests passed, 0 tests failed out of 1

Total Test time (real) =   0.01 sec
--- test_service_introspection_registry_query_lifecycle iteration 25/100 ---
Internal ctest changing into directory: /home/hep7/project/kairos/zlink/core/build
Test project /home/hep7/project/kairos/zlink/core/build
    Start 55: test_service_introspection_registry_query_lifecycle
1/1 Test #55: test_service_introspection_registry_query_lifecycle ...   Passed    0.01 sec

100% tests passed, 0 tests failed out of 1

Total Test time (real) =   0.01 sec
--- test_service_introspection_registry_query_lifecycle iteration 26/100 ---
Internal ctest changing into directory: /home/hep7/project/kairos/zlink/core/build
Test project /home/hep7/project/kairos/zlink/core/build
    Start 55: test_service_introspection_registry_query_lifecycle
1/1 Test #55: test_service_introspection_registry_query_lifecycle ...   Passed    0.01 sec

100% tests passed, 0 tests failed out of 1

Total Test time (real) =   0.01 sec
--- test_service_introspection_registry_query_lifecycle iteration 27/100 ---
Internal ctest changing into directory: /home/hep7/project/kairos/zlink/core/build
Test project /home/hep7/project/kairos/zlink/core/build
    Start 55: test_service_introspection_registry_query_lifecycle
1/1 Test #55: test_service_introspection_registry_query_lifecycle ...   Passed    0.01 sec

100% tests passed, 0 tests failed out of 1

Total Test time (real) =   0.01 sec
--- test_service_introspection_registry_query_lifecycle iteration 28/100 ---
Internal ctest changing into directory: /home/hep7/project/kairos/zlink/core/build
Test project /home/hep7/project/kairos/zlink/core/build
    Start 55: test_service_introspection_registry_query_lifecycle
1/1 Test #55: test_service_introspection_registry_query_lifecycle ...   Passed    0.01 sec

100% tests passed, 0 tests failed out of 1

Total Test time (real) =   0.01 sec
--- test_service_introspection_registry_query_lifecycle iteration 29/100 ---
Internal ctest changing into directory: /home/hep7/project/kairos/zlink/core/build
Test project /home/hep7/project/kairos/zlink/core/build
    Start 55: test_service_introspection_registry_query_lifecycle
1/1 Test #55: test_service_introspection_registry_query_lifecycle ...   Passed    0.01 sec

100% tests passed, 0 tests failed out of 1

Total Test time (real) =   0.01 sec
--- test_service_introspection_registry_query_lifecycle iteration 30/100 ---
Internal ctest changing into directory: /home/hep7/project/kairos/zlink/core/build
Test project /home/hep7/project/kairos/zlink/core/build
    Start 55: test_service_introspection_registry_query_lifecycle
1/1 Test #55: test_service_introspection_registry_query_lifecycle ...   Passed    0.01 sec

100% tests passed, 0 tests failed out of 1

Total Test time (real) =   0.01 sec
--- test_service_introspection_registry_query_lifecycle iteration 31/100 ---
Internal ctest changing into directory: /home/hep7/project/kairos/zlink/core/build
Test project /home/hep7/project/kairos/zlink/core/build
    Start 55: test_service_introspection_registry_query_lifecycle
1/1 Test #55: test_service_introspection_registry_query_lifecycle ...   Passed    0.01 sec

100% tests passed, 0 tests failed out of 1

Total Test time (real) =   0.01 sec
--- test_service_introspection_registry_query_lifecycle iteration 32/100 ---
Internal ctest changing into directory: /home/hep7/project/kairos/zlink/core/build
Test project /home/hep7/project/kairos/zlink/core/build
    Start 55: test_service_introspection_registry_query_lifecycle
1/1 Test #55: test_service_introspection_registry_query_lifecycle ...   Passed    0.01 sec

100% tests passed, 0 tests failed out of 1

Total Test time (real) =   0.01 sec
--- test_service_introspection_registry_query_lifecycle iteration 33/100 ---
Internal ctest changing into directory: /home/hep7/project/kairos/zlink/core/build
Test project /home/hep7/project/kairos/zlink/core/build
    Start 55: test_service_introspection_registry_query_lifecycle
1/1 Test #55: test_service_introspection_registry_query_lifecycle ...   Passed    0.01 sec

100% tests passed, 0 tests failed out of 1

Total Test time (real) =   0.01 sec
--- test_service_introspection_registry_query_lifecycle iteration 34/100 ---
Internal ctest changing into directory: /home/hep7/project/kairos/zlink/core/build
Test project /home/hep7/project/kairos/zlink/core/build
    Start 55: test_service_introspection_registry_query_lifecycle
1/1 Test #55: test_service_introspection_registry_query_lifecycle ...   Passed    0.01 sec

100% tests passed, 0 tests failed out of 1

Total Test time (real) =   0.01 sec
--- test_service_introspection_registry_query_lifecycle iteration 35/100 ---
Internal ctest changing into directory: /home/hep7/project/kairos/zlink/core/build
Test project /home/hep7/project/kairos/zlink/core/build
    Start 55: test_service_introspection_registry_query_lifecycle
1/1 Test #55: test_service_introspection_registry_query_lifecycle ...   Passed    0.01 sec

100% tests passed, 0 tests failed out of 1

Total Test time (real) =   0.01 sec
--- test_service_introspection_registry_query_lifecycle iteration 36/100 ---
Internal ctest changing into directory: /home/hep7/project/kairos/zlink/core/build
Test project /home/hep7/project/kairos/zlink/core/build
    Start 55: test_service_introspection_registry_query_lifecycle
1/1 Test #55: test_service_introspection_registry_query_lifecycle ...   Passed    0.01 sec

100% tests passed, 0 tests failed out of 1

Total Test time (real) =   0.01 sec
--- test_service_introspection_registry_query_lifecycle iteration 37/100 ---
Internal ctest changing into directory: /home/hep7/project/kairos/zlink/core/build
Test project /home/hep7/project/kairos/zlink/core/build
    Start 55: test_service_introspection_registry_query_lifecycle
1/1 Test #55: test_service_introspection_registry_query_lifecycle ...   Passed    0.01 sec

100% tests passed, 0 tests failed out of 1

Total Test time (real) =   0.01 sec
--- test_service_introspection_registry_query_lifecycle iteration 38/100 ---
Internal ctest changing into directory: /home/hep7/project/kairos/zlink/core/build
Test project /home/hep7/project/kairos/zlink/core/build
    Start 55: test_service_introspection_registry_query_lifecycle
1/1 Test #55: test_service_introspection_registry_query_lifecycle ...   Passed    0.01 sec

100% tests passed, 0 tests failed out of 1

Total Test time (real) =   0.01 sec
--- test_service_introspection_registry_query_lifecycle iteration 39/100 ---
Internal ctest changing into directory: /home/hep7/project/kairos/zlink/core/build
Test project /home/hep7/project/kairos/zlink/core/build
    Start 55: test_service_introspection_registry_query_lifecycle
1/1 Test #55: test_service_introspection_registry_query_lifecycle ...   Passed    0.01 sec

100% tests passed, 0 tests failed out of 1

Total Test time (real) =   0.01 sec
--- test_service_introspection_registry_query_lifecycle iteration 40/100 ---
Internal ctest changing into directory: /home/hep7/project/kairos/zlink/core/build
Test project /home/hep7/project/kairos/zlink/core/build
    Start 55: test_service_introspection_registry_query_lifecycle
1/1 Test #55: test_service_introspection_registry_query_lifecycle ...   Passed    0.01 sec

100% tests passed, 0 tests failed out of 1

Total Test time (real) =   0.01 sec
--- test_service_introspection_registry_query_lifecycle iteration 41/100 ---
Internal ctest changing into directory: /home/hep7/project/kairos/zlink/core/build
Test project /home/hep7/project/kairos/zlink/core/build
    Start 55: test_service_introspection_registry_query_lifecycle
1/1 Test #55: test_service_introspection_registry_query_lifecycle ...   Passed    0.01 sec

100% tests passed, 0 tests failed out of 1

Total Test time (real) =   0.01 sec
--- test_service_introspection_registry_query_lifecycle iteration 42/100 ---
Internal ctest changing into directory: /home/hep7/project/kairos/zlink/core/build
Test project /home/hep7/project/kairos/zlink/core/build
    Start 55: test_service_introspection_registry_query_lifecycle
1/1 Test #55: test_service_introspection_registry_query_lifecycle ...   Passed    0.01 sec

100% tests passed, 0 tests failed out of 1

Total Test time (real) =   0.01 sec
--- test_service_introspection_registry_query_lifecycle iteration 43/100 ---
Internal ctest changing into directory: /home/hep7/project/kairos/zlink/core/build
Test project /home/hep7/project/kairos/zlink/core/build
    Start 55: test_service_introspection_registry_query_lifecycle
1/1 Test #55: test_service_introspection_registry_query_lifecycle ...   Passed    0.01 sec

100% tests passed, 0 tests failed out of 1

Total Test time (real) =   0.01 sec
--- test_service_introspection_registry_query_lifecycle iteration 44/100 ---
Internal ctest changing into directory: /home/hep7/project/kairos/zlink/core/build
Test project /home/hep7/project/kairos/zlink/core/build
    Start 55: test_service_introspection_registry_query_lifecycle
1/1 Test #55: test_service_introspection_registry_query_lifecycle ...   Passed    0.01 sec

100% tests passed, 0 tests failed out of 1

Total Test time (real) =   0.01 sec
--- test_service_introspection_registry_query_lifecycle iteration 45/100 ---
Internal ctest changing into directory: /home/hep7/project/kairos/zlink/core/build
Test project /home/hep7/project/kairos/zlink/core/build
    Start 55: test_service_introspection_registry_query_lifecycle
1/1 Test #55: test_service_introspection_registry_query_lifecycle ...   Passed    0.01 sec

100% tests passed, 0 tests failed out of 1

Total Test time (real) =   0.01 sec
--- test_service_introspection_registry_query_lifecycle iteration 46/100 ---
Internal ctest changing into directory: /home/hep7/project/kairos/zlink/core/build
Test project /home/hep7/project/kairos/zlink/core/build
    Start 55: test_service_introspection_registry_query_lifecycle
1/1 Test #55: test_service_introspection_registry_query_lifecycle ...   Passed    0.01 sec

100% tests passed, 0 tests failed out of 1

Total Test time (real) =   0.01 sec
--- test_service_introspection_registry_query_lifecycle iteration 47/100 ---
Internal ctest changing into directory: /home/hep7/project/kairos/zlink/core/build
Test project /home/hep7/project/kairos/zlink/core/build
    Start 55: test_service_introspection_registry_query_lifecycle
1/1 Test #55: test_service_introspection_registry_query_lifecycle ...   Passed    0.01 sec

100% tests passed, 0 tests failed out of 1

Total Test time (real) =   0.01 sec
--- test_service_introspection_registry_query_lifecycle iteration 48/100 ---
Internal ctest changing into directory: /home/hep7/project/kairos/zlink/core/build
Test project /home/hep7/project/kairos/zlink/core/build
    Start 55: test_service_introspection_registry_query_lifecycle
1/1 Test #55: test_service_introspection_registry_query_lifecycle ...   Passed    0.01 sec

100% tests passed, 0 tests failed out of 1

Total Test time (real) =   0.01 sec
--- test_service_introspection_registry_query_lifecycle iteration 49/100 ---
Internal ctest changing into directory: /home/hep7/project/kairos/zlink/core/build
Test project /home/hep7/project/kairos/zlink/core/build
    Start 55: test_service_introspection_registry_query_lifecycle
1/1 Test #55: test_service_introspection_registry_query_lifecycle ...   Passed    0.01 sec

100% tests passed, 0 tests failed out of 1

Total Test time (real) =   0.01 sec
--- test_service_introspection_registry_query_lifecycle iteration 50/100 ---
Internal ctest changing into directory: /home/hep7/project/kairos/zlink/core/build
Test project /home/hep7/project/kairos/zlink/core/build
    Start 55: test_service_introspection_registry_query_lifecycle
1/1 Test #55: test_service_introspection_registry_query_lifecycle ...   Passed    0.01 sec

100% tests passed, 0 tests failed out of 1

Total Test time (real) =   0.01 sec
--- test_service_introspection_registry_query_lifecycle iteration 51/100 ---
Internal ctest changing into directory: /home/hep7/project/kairos/zlink/core/build
Test project /home/hep7/project/kairos/zlink/core/build
    Start 55: test_service_introspection_registry_query_lifecycle
1/1 Test #55: test_service_introspection_registry_query_lifecycle ...   Passed    0.01 sec

100% tests passed, 0 tests failed out of 1

Total Test time (real) =   0.01 sec
--- test_service_introspection_registry_query_lifecycle iteration 52/100 ---
Internal ctest changing into directory: /home/hep7/project/kairos/zlink/core/build
Test project /home/hep7/project/kairos/zlink/core/build
    Start 55: test_service_introspection_registry_query_lifecycle
1/1 Test #55: test_service_introspection_registry_query_lifecycle ...   Passed    0.01 sec

100% tests passed, 0 tests failed out of 1

Total Test time (real) =   0.01 sec
--- test_service_introspection_registry_query_lifecycle iteration 53/100 ---
Internal ctest changing into directory: /home/hep7/project/kairos/zlink/core/build
Test project /home/hep7/project/kairos/zlink/core/build
    Start 55: test_service_introspection_registry_query_lifecycle
1/1 Test #55: test_service_introspection_registry_query_lifecycle ...   Passed    0.01 sec

100% tests passed, 0 tests failed out of 1

Total Test time (real) =   0.01 sec
--- test_service_introspection_registry_query_lifecycle iteration 54/100 ---
Internal ctest changing into directory: /home/hep7/project/kairos/zlink/core/build
Test project /home/hep7/project/kairos/zlink/core/build
    Start 55: test_service_introspection_registry_query_lifecycle
1/1 Test #55: test_service_introspection_registry_query_lifecycle ...   Passed    0.01 sec

100% tests passed, 0 tests failed out of 1

Total Test time (real) =   0.01 sec
--- test_service_introspection_registry_query_lifecycle iteration 55/100 ---
Internal ctest changing into directory: /home/hep7/project/kairos/zlink/core/build
Test project /home/hep7/project/kairos/zlink/core/build
    Start 55: test_service_introspection_registry_query_lifecycle
1/1 Test #55: test_service_introspection_registry_query_lifecycle ...   Passed    0.01 sec

100% tests passed, 0 tests failed out of 1

Total Test time (real) =   0.01 sec
--- test_service_introspection_registry_query_lifecycle iteration 56/100 ---
Internal ctest changing into directory: /home/hep7/project/kairos/zlink/core/build
Test project /home/hep7/project/kairos/zlink/core/build
    Start 55: test_service_introspection_registry_query_lifecycle
1/1 Test #55: test_service_introspection_registry_query_lifecycle ...   Passed    0.01 sec

100% tests passed, 0 tests failed out of 1

Total Test time (real) =   0.01 sec
--- test_service_introspection_registry_query_lifecycle iteration 57/100 ---
Internal ctest changing into directory: /home/hep7/project/kairos/zlink/core/build
Test project /home/hep7/project/kairos/zlink/core/build
    Start 55: test_service_introspection_registry_query_lifecycle
1/1 Test #55: test_service_introspection_registry_query_lifecycle ...   Passed    0.01 sec

100% tests passed, 0 tests failed out of 1

Total Test time (real) =   0.01 sec
--- test_service_introspection_registry_query_lifecycle iteration 58/100 ---
Internal ctest changing into directory: /home/hep7/project/kairos/zlink/core/build
Test project /home/hep7/project/kairos/zlink/core/build
    Start 55: test_service_introspection_registry_query_lifecycle
1/1 Test #55: test_service_introspection_registry_query_lifecycle ...   Passed    0.01 sec

100% tests passed, 0 tests failed out of 1

Total Test time (real) =   0.01 sec
--- test_service_introspection_registry_query_lifecycle iteration 59/100 ---
Internal ctest changing into directory: /home/hep7/project/kairos/zlink/core/build
Test project /home/hep7/project/kairos/zlink/core/build
    Start 55: test_service_introspection_registry_query_lifecycle
1/1 Test #55: test_service_introspection_registry_query_lifecycle ...   Passed    0.01 sec

100% tests passed, 0 tests failed out of 1

Total Test time (real) =   0.01 sec
--- test_service_introspection_registry_query_lifecycle iteration 60/100 ---
Internal ctest changing into directory: /home/hep7/project/kairos/zlink/core/build
Test project /home/hep7/project/kairos/zlink/core/build
    Start 55: test_service_introspection_registry_query_lifecycle
1/1 Test #55: test_service_introspection_registry_query_lifecycle ...   Passed    0.01 sec

100% tests passed, 0 tests failed out of 1

Total Test time (real) =   0.01 sec
--- test_service_introspection_registry_query_lifecycle iteration 61/100 ---
Internal ctest changing into directory: /home/hep7/project/kairos/zlink/core/build
Test project /home/hep7/project/kairos/zlink/core/build
    Start 55: test_service_introspection_registry_query_lifecycle
1/1 Test #55: test_service_introspection_registry_query_lifecycle ...   Passed    0.01 sec

100% tests passed, 0 tests failed out of 1

Total Test time (real) =   0.01 sec
--- test_service_introspection_registry_query_lifecycle iteration 62/100 ---
Internal ctest changing into directory: /home/hep7/project/kairos/zlink/core/build
Test project /home/hep7/project/kairos/zlink/core/build
    Start 55: test_service_introspection_registry_query_lifecycle
1/1 Test #55: test_service_introspection_registry_query_lifecycle ...   Passed    0.01 sec

100% tests passed, 0 tests failed out of 1

Total Test time (real) =   0.01 sec
--- test_service_introspection_registry_query_lifecycle iteration 63/100 ---
Internal ctest changing into directory: /home/hep7/project/kairos/zlink/core/build
Test project /home/hep7/project/kairos/zlink/core/build
    Start 55: test_service_introspection_registry_query_lifecycle
1/1 Test #55: test_service_introspection_registry_query_lifecycle ...   Passed    0.01 sec

100% tests passed, 0 tests failed out of 1

Total Test time (real) =   0.01 sec
--- test_service_introspection_registry_query_lifecycle iteration 64/100 ---
Internal ctest changing into directory: /home/hep7/project/kairos/zlink/core/build
Test project /home/hep7/project/kairos/zlink/core/build
    Start 55: test_service_introspection_registry_query_lifecycle
1/1 Test #55: test_service_introspection_registry_query_lifecycle ...   Passed    0.01 sec

100% tests passed, 0 tests failed out of 1

Total Test time (real) =   0.01 sec
--- test_service_introspection_registry_query_lifecycle iteration 65/100 ---
Internal ctest changing into directory: /home/hep7/project/kairos/zlink/core/build
Test project /home/hep7/project/kairos/zlink/core/build
    Start 55: test_service_introspection_registry_query_lifecycle
1/1 Test #55: test_service_introspection_registry_query_lifecycle ...   Passed    0.01 sec

100% tests passed, 0 tests failed out of 1

Total Test time (real) =   0.01 sec
--- test_service_introspection_registry_query_lifecycle iteration 66/100 ---
Internal ctest changing into directory: /home/hep7/project/kairos/zlink/core/build
Test project /home/hep7/project/kairos/zlink/core/build
    Start 55: test_service_introspection_registry_query_lifecycle
1/1 Test #55: test_service_introspection_registry_query_lifecycle ...   Passed    0.01 sec

100% tests passed, 0 tests failed out of 1

Total Test time (real) =   0.01 sec
--- test_service_introspection_registry_query_lifecycle iteration 67/100 ---
Internal ctest changing into directory: /home/hep7/project/kairos/zlink/core/build
Test project /home/hep7/project/kairos/zlink/core/build
    Start 55: test_service_introspection_registry_query_lifecycle
1/1 Test #55: test_service_introspection_registry_query_lifecycle ...   Passed    0.01 sec

100% tests passed, 0 tests failed out of 1

Total Test time (real) =   0.01 sec
--- test_service_introspection_registry_query_lifecycle iteration 68/100 ---
Internal ctest changing into directory: /home/hep7/project/kairos/zlink/core/build
Test project /home/hep7/project/kairos/zlink/core/build
    Start 55: test_service_introspection_registry_query_lifecycle
1/1 Test #55: test_service_introspection_registry_query_lifecycle ...   Passed    0.01 sec

100% tests passed, 0 tests failed out of 1

Total Test time (real) =   0.01 sec
--- test_service_introspection_registry_query_lifecycle iteration 69/100 ---
Internal ctest changing into directory: /home/hep7/project/kairos/zlink/core/build
Test project /home/hep7/project/kairos/zlink/core/build
    Start 55: test_service_introspection_registry_query_lifecycle
1/1 Test #55: test_service_introspection_registry_query_lifecycle ...   Passed    0.01 sec

100% tests passed, 0 tests failed out of 1

Total Test time (real) =   0.01 sec
--- test_service_introspection_registry_query_lifecycle iteration 70/100 ---
Internal ctest changing into directory: /home/hep7/project/kairos/zlink/core/build
Test project /home/hep7/project/kairos/zlink/core/build
    Start 55: test_service_introspection_registry_query_lifecycle
1/1 Test #55: test_service_introspection_registry_query_lifecycle ...   Passed    0.01 sec

100% tests passed, 0 tests failed out of 1

Total Test time (real) =   0.01 sec
--- test_service_introspection_registry_query_lifecycle iteration 71/100 ---
Internal ctest changing into directory: /home/hep7/project/kairos/zlink/core/build
Test project /home/hep7/project/kairos/zlink/core/build
    Start 55: test_service_introspection_registry_query_lifecycle
1/1 Test #55: test_service_introspection_registry_query_lifecycle ...   Passed    0.01 sec

100% tests passed, 0 tests failed out of 1

Total Test time (real) =   0.01 sec
--- test_service_introspection_registry_query_lifecycle iteration 72/100 ---
Internal ctest changing into directory: /home/hep7/project/kairos/zlink/core/build
Test project /home/hep7/project/kairos/zlink/core/build
    Start 55: test_service_introspection_registry_query_lifecycle
1/1 Test #55: test_service_introspection_registry_query_lifecycle ...   Passed    0.01 sec

100% tests passed, 0 tests failed out of 1

Total Test time (real) =   0.01 sec
--- test_service_introspection_registry_query_lifecycle iteration 73/100 ---
Internal ctest changing into directory: /home/hep7/project/kairos/zlink/core/build
Test project /home/hep7/project/kairos/zlink/core/build
    Start 55: test_service_introspection_registry_query_lifecycle
1/1 Test #55: test_service_introspection_registry_query_lifecycle ...   Passed    0.01 sec

100% tests passed, 0 tests failed out of 1

Total Test time (real) =   0.01 sec
--- test_service_introspection_registry_query_lifecycle iteration 74/100 ---
Internal ctest changing into directory: /home/hep7/project/kairos/zlink/core/build
Test project /home/hep7/project/kairos/zlink/core/build
    Start 55: test_service_introspection_registry_query_lifecycle
1/1 Test #55: test_service_introspection_registry_query_lifecycle ...   Passed    0.01 sec

100% tests passed, 0 tests failed out of 1

Total Test time (real) =   0.01 sec
--- test_service_introspection_registry_query_lifecycle iteration 75/100 ---
Internal ctest changing into directory: /home/hep7/project/kairos/zlink/core/build
Test project /home/hep7/project/kairos/zlink/core/build
    Start 55: test_service_introspection_registry_query_lifecycle
1/1 Test #55: test_service_introspection_registry_query_lifecycle ...   Passed    0.01 sec

100% tests passed, 0 tests failed out of 1

Total Test time (real) =   0.01 sec
--- test_service_introspection_registry_query_lifecycle iteration 76/100 ---
Internal ctest changing into directory: /home/hep7/project/kairos/zlink/core/build
Test project /home/hep7/project/kairos/zlink/core/build
    Start 55: test_service_introspection_registry_query_lifecycle
1/1 Test #55: test_service_introspection_registry_query_lifecycle ...   Passed    0.01 sec

100% tests passed, 0 tests failed out of 1

Total Test time (real) =   0.01 sec
--- test_service_introspection_registry_query_lifecycle iteration 77/100 ---
Internal ctest changing into directory: /home/hep7/project/kairos/zlink/core/build
Test project /home/hep7/project/kairos/zlink/core/build
    Start 55: test_service_introspection_registry_query_lifecycle
1/1 Test #55: test_service_introspection_registry_query_lifecycle ...   Passed    0.01 sec

100% tests passed, 0 tests failed out of 1

Total Test time (real) =   0.01 sec
--- test_service_introspection_registry_query_lifecycle iteration 78/100 ---
Internal ctest changing into directory: /home/hep7/project/kairos/zlink/core/build
Test project /home/hep7/project/kairos/zlink/core/build
    Start 55: test_service_introspection_registry_query_lifecycle
1/1 Test #55: test_service_introspection_registry_query_lifecycle ...   Passed    0.01 sec

100% tests passed, 0 tests failed out of 1

Total Test time (real) =   0.01 sec
--- test_service_introspection_registry_query_lifecycle iteration 79/100 ---
Internal ctest changing into directory: /home/hep7/project/kairos/zlink/core/build
Test project /home/hep7/project/kairos/zlink/core/build
    Start 55: test_service_introspection_registry_query_lifecycle
1/1 Test #55: test_service_introspection_registry_query_lifecycle ...   Passed    0.01 sec

100% tests passed, 0 tests failed out of 1

Total Test time (real) =   0.01 sec
--- test_service_introspection_registry_query_lifecycle iteration 80/100 ---
Internal ctest changing into directory: /home/hep7/project/kairos/zlink/core/build
Test project /home/hep7/project/kairos/zlink/core/build
    Start 55: test_service_introspection_registry_query_lifecycle
1/1 Test #55: test_service_introspection_registry_query_lifecycle ...   Passed    0.01 sec

100% tests passed, 0 tests failed out of 1

Total Test time (real) =   0.01 sec
--- test_service_introspection_registry_query_lifecycle iteration 81/100 ---
Internal ctest changing into directory: /home/hep7/project/kairos/zlink/core/build
Test project /home/hep7/project/kairos/zlink/core/build
    Start 55: test_service_introspection_registry_query_lifecycle
1/1 Test #55: test_service_introspection_registry_query_lifecycle ...   Passed    0.01 sec

100% tests passed, 0 tests failed out of 1

Total Test time (real) =   0.01 sec
--- test_service_introspection_registry_query_lifecycle iteration 82/100 ---
Internal ctest changing into directory: /home/hep7/project/kairos/zlink/core/build
Test project /home/hep7/project/kairos/zlink/core/build
    Start 55: test_service_introspection_registry_query_lifecycle
1/1 Test #55: test_service_introspection_registry_query_lifecycle ...   Passed    0.01 sec

100% tests passed, 0 tests failed out of 1

Total Test time (real) =   0.01 sec
--- test_service_introspection_registry_query_lifecycle iteration 83/100 ---
Internal ctest changing into directory: /home/hep7/project/kairos/zlink/core/build
Test project /home/hep7/project/kairos/zlink/core/build
    Start 55: test_service_introspection_registry_query_lifecycle
1/1 Test #55: test_service_introspection_registry_query_lifecycle ...   Passed    0.01 sec

100% tests passed, 0 tests failed out of 1

Total Test time (real) =   0.01 sec
--- test_service_introspection_registry_query_lifecycle iteration 84/100 ---
Internal ctest changing into directory: /home/hep7/project/kairos/zlink/core/build
Test project /home/hep7/project/kairos/zlink/core/build
    Start 55: test_service_introspection_registry_query_lifecycle
1/1 Test #55: test_service_introspection_registry_query_lifecycle ...   Passed    0.01 sec

100% tests passed, 0 tests failed out of 1

Total Test time (real) =   0.01 sec
--- test_service_introspection_registry_query_lifecycle iteration 85/100 ---
Internal ctest changing into directory: /home/hep7/project/kairos/zlink/core/build
Test project /home/hep7/project/kairos/zlink/core/build
    Start 55: test_service_introspection_registry_query_lifecycle
1/1 Test #55: test_service_introspection_registry_query_lifecycle ...   Passed    0.01 sec

100% tests passed, 0 tests failed out of 1

Total Test time (real) =   0.01 sec
--- test_service_introspection_registry_query_lifecycle iteration 86/100 ---
Internal ctest changing into directory: /home/hep7/project/kairos/zlink/core/build
Test project /home/hep7/project/kairos/zlink/core/build
    Start 55: test_service_introspection_registry_query_lifecycle
1/1 Test #55: test_service_introspection_registry_query_lifecycle ...   Passed    0.01 sec

100% tests passed, 0 tests failed out of 1

Total Test time (real) =   0.01 sec
--- test_service_introspection_registry_query_lifecycle iteration 87/100 ---
Internal ctest changing into directory: /home/hep7/project/kairos/zlink/core/build
Test project /home/hep7/project/kairos/zlink/core/build
    Start 55: test_service_introspection_registry_query_lifecycle
1/1 Test #55: test_service_introspection_registry_query_lifecycle ...   Passed    0.01 sec

100% tests passed, 0 tests failed out of 1

Total Test time (real) =   0.01 sec
--- test_service_introspection_registry_query_lifecycle iteration 88/100 ---
Internal ctest changing into directory: /home/hep7/project/kairos/zlink/core/build
Test project /home/hep7/project/kairos/zlink/core/build
    Start 55: test_service_introspection_registry_query_lifecycle
1/1 Test #55: test_service_introspection_registry_query_lifecycle ...   Passed    0.01 sec

100% tests passed, 0 tests failed out of 1

Total Test time (real) =   0.01 sec
--- test_service_introspection_registry_query_lifecycle iteration 89/100 ---
Internal ctest changing into directory: /home/hep7/project/kairos/zlink/core/build
Test project /home/hep7/project/kairos/zlink/core/build
    Start 55: test_service_introspection_registry_query_lifecycle
1/1 Test #55: test_service_introspection_registry_query_lifecycle ...   Passed    0.01 sec

100% tests passed, 0 tests failed out of 1

Total Test time (real) =   0.01 sec
--- test_service_introspection_registry_query_lifecycle iteration 90/100 ---
Internal ctest changing into directory: /home/hep7/project/kairos/zlink/core/build
Test project /home/hep7/project/kairos/zlink/core/build
    Start 55: test_service_introspection_registry_query_lifecycle
1/1 Test #55: test_service_introspection_registry_query_lifecycle ...   Passed    0.01 sec

100% tests passed, 0 tests failed out of 1

Total Test time (real) =   0.01 sec
--- test_service_introspection_registry_query_lifecycle iteration 91/100 ---
Internal ctest changing into directory: /home/hep7/project/kairos/zlink/core/build
Test project /home/hep7/project/kairos/zlink/core/build
    Start 55: test_service_introspection_registry_query_lifecycle
1/1 Test #55: test_service_introspection_registry_query_lifecycle ...   Passed    0.01 sec

100% tests passed, 0 tests failed out of 1

Total Test time (real) =   0.01 sec
--- test_service_introspection_registry_query_lifecycle iteration 92/100 ---
Internal ctest changing into directory: /home/hep7/project/kairos/zlink/core/build
Test project /home/hep7/project/kairos/zlink/core/build
    Start 55: test_service_introspection_registry_query_lifecycle
1/1 Test #55: test_service_introspection_registry_query_lifecycle ...   Passed    0.01 sec

100% tests passed, 0 tests failed out of 1

Total Test time (real) =   0.01 sec
--- test_service_introspection_registry_query_lifecycle iteration 93/100 ---
Internal ctest changing into directory: /home/hep7/project/kairos/zlink/core/build
Test project /home/hep7/project/kairos/zlink/core/build
    Start 55: test_service_introspection_registry_query_lifecycle
1/1 Test #55: test_service_introspection_registry_query_lifecycle ...   Passed    0.01 sec

100% tests passed, 0 tests failed out of 1

Total Test time (real) =   0.01 sec
--- test_service_introspection_registry_query_lifecycle iteration 94/100 ---
Internal ctest changing into directory: /home/hep7/project/kairos/zlink/core/build
Test project /home/hep7/project/kairos/zlink/core/build
    Start 55: test_service_introspection_registry_query_lifecycle
1/1 Test #55: test_service_introspection_registry_query_lifecycle ...   Passed    0.01 sec

100% tests passed, 0 tests failed out of 1

Total Test time (real) =   0.01 sec
--- test_service_introspection_registry_query_lifecycle iteration 95/100 ---
Internal ctest changing into directory: /home/hep7/project/kairos/zlink/core/build
Test project /home/hep7/project/kairos/zlink/core/build
    Start 55: test_service_introspection_registry_query_lifecycle
1/1 Test #55: test_service_introspection_registry_query_lifecycle ...   Passed    0.01 sec

100% tests passed, 0 tests failed out of 1

Total Test time (real) =   0.01 sec
--- test_service_introspection_registry_query_lifecycle iteration 96/100 ---
Internal ctest changing into directory: /home/hep7/project/kairos/zlink/core/build
Test project /home/hep7/project/kairos/zlink/core/build
    Start 55: test_service_introspection_registry_query_lifecycle
1/1 Test #55: test_service_introspection_registry_query_lifecycle ...   Passed    0.01 sec

100% tests passed, 0 tests failed out of 1

Total Test time (real) =   0.01 sec
--- test_service_introspection_registry_query_lifecycle iteration 97/100 ---
Internal ctest changing into directory: /home/hep7/project/kairos/zlink/core/build
Test project /home/hep7/project/kairos/zlink/core/build
    Start 55: test_service_introspection_registry_query_lifecycle
1/1 Test #55: test_service_introspection_registry_query_lifecycle ...   Passed    0.01 sec

100% tests passed, 0 tests failed out of 1

Total Test time (real) =   0.01 sec
--- test_service_introspection_registry_query_lifecycle iteration 98/100 ---
Internal ctest changing into directory: /home/hep7/project/kairos/zlink/core/build
Test project /home/hep7/project/kairos/zlink/core/build
    Start 55: test_service_introspection_registry_query_lifecycle
1/1 Test #55: test_service_introspection_registry_query_lifecycle ...   Passed    0.01 sec

100% tests passed, 0 tests failed out of 1

Total Test time (real) =   0.01 sec
--- test_service_introspection_registry_query_lifecycle iteration 99/100 ---
Internal ctest changing into directory: /home/hep7/project/kairos/zlink/core/build
Test project /home/hep7/project/kairos/zlink/core/build
    Start 55: test_service_introspection_registry_query_lifecycle
1/1 Test #55: test_service_introspection_registry_query_lifecycle ...   Passed    0.01 sec

100% tests passed, 0 tests failed out of 1

Total Test time (real) =   0.01 sec
--- test_service_introspection_registry_query_lifecycle iteration 100/100 ---
Internal ctest changing into directory: /home/hep7/project/kairos/zlink/core/build
Test project /home/hep7/project/kairos/zlink/core/build
    Start 55: test_service_introspection_registry_query_lifecycle
1/1 Test #55: test_service_introspection_registry_query_lifecycle ...   Passed    0.01 sec

100% tests passed, 0 tests failed out of 1

Total Test time (real) =   0.01 sec
=== Repeating test_gateway_runtime_reads (100 iterations) ===
--- test_gateway_runtime_reads iteration 1/100 ---
Internal ctest changing into directory: /home/hep7/project/kairos/zlink/core/build
Test project /home/hep7/project/kairos/zlink/core/build
    Start 98: test_gateway_runtime_reads
1/1 Test #98: test_gateway_runtime_reads .......   Passed    0.03 sec

100% tests passed, 0 tests failed out of 1

Label Time Summary:
integration    =   0.03 sec*proc (1 test)
serial         =   0.03 sec*proc (1 test)

Total Test time (real) =   0.03 sec
--- test_gateway_runtime_reads iteration 2/100 ---
Internal ctest changing into directory: /home/hep7/project/kairos/zlink/core/build
Test project /home/hep7/project/kairos/zlink/core/build
    Start 98: test_gateway_runtime_reads
1/1 Test #98: test_gateway_runtime_reads .......   Passed    0.03 sec

100% tests passed, 0 tests failed out of 1

Label Time Summary:
integration    =   0.03 sec*proc (1 test)
serial         =   0.03 sec*proc (1 test)

Total Test time (real) =   0.03 sec
--- test_gateway_runtime_reads iteration 3/100 ---
Internal ctest changing into directory: /home/hep7/project/kairos/zlink/core/build
Test project /home/hep7/project/kairos/zlink/core/build
    Start 98: test_gateway_runtime_reads
1/1 Test #98: test_gateway_runtime_reads .......   Passed    0.03 sec

100% tests passed, 0 tests failed out of 1

Label Time Summary:
integration    =   0.03 sec*proc (1 test)
serial         =   0.03 sec*proc (1 test)

Total Test time (real) =   0.03 sec
--- test_gateway_runtime_reads iteration 4/100 ---
Internal ctest changing into directory: /home/hep7/project/kairos/zlink/core/build
Test project /home/hep7/project/kairos/zlink/core/build
    Start 98: test_gateway_runtime_reads
1/1 Test #98: test_gateway_runtime_reads .......   Passed    0.03 sec

100% tests passed, 0 tests failed out of 1

Label Time Summary:
integration    =   0.03 sec*proc (1 test)
serial         =   0.03 sec*proc (1 test)

Total Test time (real) =   0.03 sec
--- test_gateway_runtime_reads iteration 5/100 ---
Internal ctest changing into directory: /home/hep7/project/kairos/zlink/core/build
Test project /home/hep7/project/kairos/zlink/core/build
    Start 98: test_gateway_runtime_reads
1/1 Test #98: test_gateway_runtime_reads .......   Passed    0.03 sec

100% tests passed, 0 tests failed out of 1

Label Time Summary:
integration    =   0.03 sec*proc (1 test)
serial         =   0.03 sec*proc (1 test)

Total Test time (real) =   0.03 sec
--- test_gateway_runtime_reads iteration 6/100 ---
Internal ctest changing into directory: /home/hep7/project/kairos/zlink/core/build
Test project /home/hep7/project/kairos/zlink/core/build
    Start 98: test_gateway_runtime_reads
1/1 Test #98: test_gateway_runtime_reads .......   Passed    0.03 sec

100% tests passed, 0 tests failed out of 1

Label Time Summary:
integration    =   0.03 sec*proc (1 test)
serial         =   0.03 sec*proc (1 test)

Total Test time (real) =   0.03 sec
--- test_gateway_runtime_reads iteration 7/100 ---
Internal ctest changing into directory: /home/hep7/project/kairos/zlink/core/build
Test project /home/hep7/project/kairos/zlink/core/build
    Start 98: test_gateway_runtime_reads
1/1 Test #98: test_gateway_runtime_reads .......   Passed    0.03 sec

100% tests passed, 0 tests failed out of 1

Label Time Summary:
integration    =   0.03 sec*proc (1 test)
serial         =   0.03 sec*proc (1 test)

Total Test time (real) =   0.03 sec
--- test_gateway_runtime_reads iteration 8/100 ---
Internal ctest changing into directory: /home/hep7/project/kairos/zlink/core/build
Test project /home/hep7/project/kairos/zlink/core/build
    Start 98: test_gateway_runtime_reads
1/1 Test #98: test_gateway_runtime_reads .......   Passed    0.03 sec

100% tests passed, 0 tests failed out of 1

Label Time Summary:
integration    =   0.03 sec*proc (1 test)
serial         =   0.03 sec*proc (1 test)

Total Test time (real) =   0.03 sec
--- test_gateway_runtime_reads iteration 9/100 ---
Internal ctest changing into directory: /home/hep7/project/kairos/zlink/core/build
Test project /home/hep7/project/kairos/zlink/core/build
    Start 98: test_gateway_runtime_reads
1/1 Test #98: test_gateway_runtime_reads .......   Passed    0.03 sec

100% tests passed, 0 tests failed out of 1

Label Time Summary:
integration    =   0.03 sec*proc (1 test)
serial         =   0.03 sec*proc (1 test)

Total Test time (real) =   0.03 sec
--- test_gateway_runtime_reads iteration 10/100 ---
Internal ctest changing into directory: /home/hep7/project/kairos/zlink/core/build
Test project /home/hep7/project/kairos/zlink/core/build
    Start 98: test_gateway_runtime_reads
1/1 Test #98: test_gateway_runtime_reads .......   Passed    0.03 sec

100% tests passed, 0 tests failed out of 1

Label Time Summary:
integration    =   0.03 sec*proc (1 test)
serial         =   0.03 sec*proc (1 test)

Total Test time (real) =   0.03 sec
--- test_gateway_runtime_reads iteration 11/100 ---
Internal ctest changing into directory: /home/hep7/project/kairos/zlink/core/build
Test project /home/hep7/project/kairos/zlink/core/build
    Start 98: test_gateway_runtime_reads
1/1 Test #98: test_gateway_runtime_reads .......   Passed    0.03 sec

100% tests passed, 0 tests failed out of 1

Label Time Summary:
integration    =   0.03 sec*proc (1 test)
serial         =   0.03 sec*proc (1 test)

Total Test time (real) =   0.03 sec
--- test_gateway_runtime_reads iteration 12/100 ---
Internal ctest changing into directory: /home/hep7/project/kairos/zlink/core/build
Test project /home/hep7/project/kairos/zlink/core/build
    Start 98: test_gateway_runtime_reads
1/1 Test #98: test_gateway_runtime_reads .......   Passed    0.03 sec

100% tests passed, 0 tests failed out of 1

Label Time Summary:
integration    =   0.03 sec*proc (1 test)
serial         =   0.03 sec*proc (1 test)

Total Test time (real) =   0.03 sec
--- test_gateway_runtime_reads iteration 13/100 ---
Internal ctest changing into directory: /home/hep7/project/kairos/zlink/core/build
Test project /home/hep7/project/kairos/zlink/core/build
    Start 98: test_gateway_runtime_reads
1/1 Test #98: test_gateway_runtime_reads .......   Passed    0.03 sec

100% tests passed, 0 tests failed out of 1

Label Time Summary:
integration    =   0.03 sec*proc (1 test)
serial         =   0.03 sec*proc (1 test)

Total Test time (real) =   0.03 sec
--- test_gateway_runtime_reads iteration 14/100 ---
Internal ctest changing into directory: /home/hep7/project/kairos/zlink/core/build
Test project /home/hep7/project/kairos/zlink/core/build
    Start 98: test_gateway_runtime_reads
1/1 Test #98: test_gateway_runtime_reads .......   Passed    0.03 sec

100% tests passed, 0 tests failed out of 1

Label Time Summary:
integration    =   0.03 sec*proc (1 test)
serial         =   0.03 sec*proc (1 test)

Total Test time (real) =   0.03 sec
--- test_gateway_runtime_reads iteration 15/100 ---
Internal ctest changing into directory: /home/hep7/project/kairos/zlink/core/build
Test project /home/hep7/project/kairos/zlink/core/build
    Start 98: test_gateway_runtime_reads
1/1 Test #98: test_gateway_runtime_reads .......   Passed    0.03 sec

100% tests passed, 0 tests failed out of 1

Label Time Summary:
integration    =   0.03 sec*proc (1 test)
serial         =   0.03 sec*proc (1 test)

Total Test time (real) =   0.03 sec
--- test_gateway_runtime_reads iteration 16/100 ---
Internal ctest changing into directory: /home/hep7/project/kairos/zlink/core/build
Test project /home/hep7/project/kairos/zlink/core/build
    Start 98: test_gateway_runtime_reads
1/1 Test #98: test_gateway_runtime_reads .......   Passed    0.03 sec

100% tests passed, 0 tests failed out of 1

Label Time Summary:
integration    =   0.03 sec*proc (1 test)
serial         =   0.03 sec*proc (1 test)

Total Test time (real) =   0.03 sec
--- test_gateway_runtime_reads iteration 17/100 ---
Internal ctest changing into directory: /home/hep7/project/kairos/zlink/core/build
Test project /home/hep7/project/kairos/zlink/core/build
    Start 98: test_gateway_runtime_reads
1/1 Test #98: test_gateway_runtime_reads .......   Passed    0.03 sec

100% tests passed, 0 tests failed out of 1

Label Time Summary:
integration    =   0.03 sec*proc (1 test)
serial         =   0.03 sec*proc (1 test)

Total Test time (real) =   0.03 sec
--- test_gateway_runtime_reads iteration 18/100 ---
Internal ctest changing into directory: /home/hep7/project/kairos/zlink/core/build
Test project /home/hep7/project/kairos/zlink/core/build
    Start 98: test_gateway_runtime_reads
1/1 Test #98: test_gateway_runtime_reads .......   Passed    0.03 sec

100% tests passed, 0 tests failed out of 1

Label Time Summary:
integration    =   0.03 sec*proc (1 test)
serial         =   0.03 sec*proc (1 test)

Total Test time (real) =   0.03 sec
--- test_gateway_runtime_reads iteration 19/100 ---
Internal ctest changing into directory: /home/hep7/project/kairos/zlink/core/build
Test project /home/hep7/project/kairos/zlink/core/build
    Start 98: test_gateway_runtime_reads
1/1 Test #98: test_gateway_runtime_reads .......   Passed    0.03 sec

100% tests passed, 0 tests failed out of 1

Label Time Summary:
integration    =   0.03 sec*proc (1 test)
serial         =   0.03 sec*proc (1 test)

Total Test time (real) =   0.03 sec
--- test_gateway_runtime_reads iteration 20/100 ---
Internal ctest changing into directory: /home/hep7/project/kairos/zlink/core/build
Test project /home/hep7/project/kairos/zlink/core/build
    Start 98: test_gateway_runtime_reads
1/1 Test #98: test_gateway_runtime_reads .......   Passed    0.03 sec

100% tests passed, 0 tests failed out of 1

Label Time Summary:
integration    =   0.03 sec*proc (1 test)
serial         =   0.03 sec*proc (1 test)

Total Test time (real) =   0.03 sec
--- test_gateway_runtime_reads iteration 21/100 ---
Internal ctest changing into directory: /home/hep7/project/kairos/zlink/core/build
Test project /home/hep7/project/kairos/zlink/core/build
    Start 98: test_gateway_runtime_reads
1/1 Test #98: test_gateway_runtime_reads .......   Passed    0.03 sec

100% tests passed, 0 tests failed out of 1

Label Time Summary:
integration    =   0.03 sec*proc (1 test)
serial         =   0.03 sec*proc (1 test)

Total Test time (real) =   0.03 sec
--- test_gateway_runtime_reads iteration 22/100 ---
Internal ctest changing into directory: /home/hep7/project/kairos/zlink/core/build
Test project /home/hep7/project/kairos/zlink/core/build
    Start 98: test_gateway_runtime_reads
1/1 Test #98: test_gateway_runtime_reads .......   Passed    0.03 sec

100% tests passed, 0 tests failed out of 1

Label Time Summary:
integration    =   0.03 sec*proc (1 test)
serial         =   0.03 sec*proc (1 test)

Total Test time (real) =   0.03 sec
--- test_gateway_runtime_reads iteration 23/100 ---
