=== Verifying stress test registration ===
=== Stress test registration verified ===
=== Repeating test_service_introspection_discovery_control_path (100 iterations) ===
Internal ctest changing into directory: /home/hep7/project/kairos/zlink/core/build
Test project /home/hep7/project/kairos/zlink/core/build
    Start 57: test_service_introspection_discovery_control_path
    Test #57: test_service_introspection_discovery_control_path ...   Passed    0.01 sec
    Start 57: test_service_introspection_discovery_control_path
    Test #57: test_service_introspection_discovery_control_path ...   Passed    0.01 sec
    Start 57: test_service_introspection_discovery_control_path
    Test #57: test_service_introspection_discovery_control_path ...   Passed    0.01 sec
    Start 57: test_service_introspection_discovery_control_path
    Test #57: test_service_introspection_discovery_control_path ...   Passed    0.01 sec
    Start 57: test_service_introspection_discovery_control_path
    Test #57: test_service_introspection_discovery_control_path ...   Passed    0.01 sec
    Start 57: test_service_introspection_discovery_control_path
    Test #57: test_service_introspection_discovery_control_path ...   Passed    0.01 sec
    Start 57: test_service_introspection_discovery_control_path
    Test #57: test_service_introspection_discovery_control_path ...   Passed    0.01 sec
    Start 57: test_service_introspection_discovery_control_path
    Test #57: test_service_introspection_discovery_control_path ...   Passed    0.01 sec
    Start 57: test_service_introspection_discovery_control_path
    Test #57: test_service_introspection_discovery_control_path ...   Passed    0.01 sec
    Start 57: test_service_introspection_discovery_control_path
    Test #57: test_service_introspection_discovery_control_path ...   Passed    0.01 sec
    Start 57: test_service_introspection_discovery_control_path
    Test #57: test_service_introspection_discovery_control_path ...   Passed    0.01 sec
    Start 57: test_service_introspection_discovery_control_path
    Test #57: test_service_introspection_discovery_control_path ...   Passed    0.01 sec
    Start 57: test_service_introspection_discovery_control_path
    Test #57: test_service_introspection_discovery_control_path ...   Passed    0.01 sec
    Start 57: test_service_introspection_discovery_control_path
    Test #57: test_service_introspection_discovery_control_path ...   Passed    0.01 sec
    Start 57: test_service_introspection_discovery_control_path
    Test #57: test_service_introspection_discovery_control_path ...   Passed    0.01 sec
    Start 57: test_service_introspection_discovery_control_path
    Test #57: test_service_introspection_discovery_control_path ...   Passed    0.01 sec
    Start 57: test_service_introspection_discovery_control_path
    Test #57: test_service_introspection_discovery_control_path ...   Passed    0.01 sec
    Start 57: test_service_introspection_discovery_control_path
    Test #57: test_service_introspection_discovery_control_path ...   Passed    0.01 sec
    Start 57: test_service_introspection_discovery_control_path
    Test #57: test_service_introspection_discovery_control_path ...   Passed    0.01 sec
    Start 57: test_service_introspection_discovery_control_path
    Test #57: test_service_introspection_discovery_control_path ...   Passed    0.01 sec
    Start 57: test_service_introspection_discovery_control_path
    Test #57: test_service_introspection_discovery_control_path ...   Passed    0.01 sec
    Start 57: test_service_introspection_discovery_control_path
    Test #57: test_service_introspection_discovery_control_path ...   Passed    0.01 sec
    Start 57: test_service_introspection_discovery_control_path
    Test #57: test_service_introspection_discovery_control_path ...   Passed    0.01 sec
    Start 57: test_service_introspection_discovery_control_path
    Test #57: test_service_introspection_discovery_control_path ...   Passed    0.01 sec
    Start 57: test_service_introspection_discovery_control_path
    Test #57: test_service_introspection_discovery_control_path ...   Passed    0.01 sec
    Start 57: test_service_introspection_discovery_control_path
    Test #57: test_service_introspection_discovery_control_path ...   Passed    0.01 sec
    Start 57: test_service_introspection_discovery_control_path
    Test #57: test_service_introspection_discovery_control_path ...   Passed    0.01 sec
    Start 57: test_service_introspection_discovery_control_path
    Test #57: test_service_introspection_discovery_control_path ...   Passed    0.01 sec
    Start 57: test_service_introspection_discovery_control_path
    Test #57: test_service_introspection_discovery_control_path ...   Passed    0.01 sec
    Start 57: test_service_introspection_discovery_control_path
    Test #57: test_service_introspection_discovery_control_path ...   Passed    0.01 sec
    Start 57: test_service_introspection_discovery_control_path
    Test #57: test_service_introspection_discovery_control_path ...   Passed    0.01 sec
    Start 57: test_service_introspection_discovery_control_path
    Test #57: test_service_introspection_discovery_control_path ...   Passed    0.01 sec
    Start 57: test_service_introspection_discovery_control_path
    Test #57: test_service_introspection_discovery_control_path ...   Passed    0.01 sec
    Start 57: test_service_introspection_discovery_control_path
    Test #57: test_service_introspection_discovery_control_path ...   Passed    0.01 sec
    Start 57: test_service_introspection_discovery_control_path
    Test #57: test_service_introspection_discovery_control_path ...   Passed    0.01 sec
    Start 57: test_service_introspection_discovery_control_path
    Test #57: test_service_introspection_discovery_control_path ...   Passed    0.01 sec
    Start 57: test_service_introspection_discovery_control_path
    Test #57: test_service_introspection_discovery_control_path ...   Passed    0.01 sec
    Start 57: test_service_introspection_discovery_control_path
    Test #57: test_service_introspection_discovery_control_path ...   Passed    0.01 sec
    Start 57: test_service_introspection_discovery_control_path
    Test #57: test_service_introspection_discovery_control_path ...   Passed    0.01 sec
    Start 57: test_service_introspection_discovery_control_path
    Test #57: test_service_introspection_discovery_control_path ...   Passed    0.01 sec
    Start 57: test_service_introspection_discovery_control_path
    Test #57: test_service_introspection_discovery_control_path ...   Passed    0.01 sec
    Start 57: test_service_introspection_discovery_control_path
    Test #57: test_service_introspection_discovery_control_path ...   Passed    0.01 sec
    Start 57: test_service_introspection_discovery_control_path
    Test #57: test_service_introspection_discovery_control_path ...   Passed    0.01 sec
    Start 57: test_service_introspection_discovery_control_path
    Test #57: test_service_introspection_discovery_control_path ...   Passed    0.01 sec
    Start 57: test_service_introspection_discovery_control_path
    Test #57: test_service_introspection_discovery_control_path ...   Passed    0.01 sec
    Start 57: test_service_introspection_discovery_control_path
    Test #57: test_service_introspection_discovery_control_path ...   Passed    0.01 sec
    Start 57: test_service_introspection_discovery_control_path
    Test #57: test_service_introspection_discovery_control_path ...   Passed    0.01 sec
    Start 57: test_service_introspection_discovery_control_path
    Test #57: test_service_introspection_discovery_control_path ...   Passed    0.01 sec
    Start 57: test_service_introspection_discovery_control_path
    Test #57: test_service_introspection_discovery_control_path ...   Passed    0.01 sec
    Start 57: test_service_introspection_discovery_control_path
    Test #57: test_service_introspection_discovery_control_path ...   Passed    0.01 sec
    Start 57: test_service_introspection_discovery_control_path
    Test #57: test_service_introspection_discovery_control_path ...   Passed    0.01 sec
    Start 57: test_service_introspection_discovery_control_path
    Test #57: test_service_introspection_discovery_control_path ...   Passed    0.01 sec
    Start 57: test_service_introspection_discovery_control_path
    Test #57: test_service_introspection_discovery_control_path ...   Passed    0.01 sec
    Start 57: test_service_introspection_discovery_control_path
    Test #57: test_service_introspection_discovery_control_path ...   Passed    0.01 sec
    Start 57: test_service_introspection_discovery_control_path
    Test #57: test_service_introspection_discovery_control_path ...   Passed    0.01 sec
    Start 57: test_service_introspection_discovery_control_path
    Test #57: test_service_introspection_discovery_control_path ...   Passed    0.01 sec
    Start 57: test_service_introspection_discovery_control_path
    Test #57: test_service_introspection_discovery_control_path ...   Passed    0.01 sec
    Start 57: test_service_introspection_discovery_control_path
    Test #57: test_service_introspection_discovery_control_path ...   Passed    0.01 sec
    Start 57: test_service_introspection_discovery_control_path
    Test #57: test_service_introspection_discovery_control_path ...   Passed    0.01 sec
    Start 57: test_service_introspection_discovery_control_path
    Test #57: test_service_introspection_discovery_control_path ...   Passed    0.01 sec
    Start 57: test_service_introspection_discovery_control_path
    Test #57: test_service_introspection_discovery_control_path ...   Passed    0.01 sec
    Start 57: test_service_introspection_discovery_control_path
    Test #57: test_service_introspection_discovery_control_path ...   Passed    0.01 sec
    Start 57: test_service_introspection_discovery_control_path
    Test #57: test_service_introspection_discovery_control_path ...   Passed    0.01 sec
    Start 57: test_service_introspection_discovery_control_path
    Test #57: test_service_introspection_discovery_control_path ...   Passed    0.01 sec
    Start 57: test_service_introspection_discovery_control_path
    Test #57: test_service_introspection_discovery_control_path ...   Passed    0.01 sec
    Start 57: test_service_introspection_discovery_control_path
    Test #57: test_service_introspection_discovery_control_path ...   Passed    0.01 sec
    Start 57: test_service_introspection_discovery_control_path
    Test #57: test_service_introspection_discovery_control_path ...   Passed    0.01 sec
    Start 57: test_service_introspection_discovery_control_path
    Test #57: test_service_introspection_discovery_control_path ...   Passed    0.01 sec
    Start 57: test_service_introspection_discovery_control_path
    Test #57: test_service_introspection_discovery_control_path ...   Passed    0.01 sec
    Start 57: test_service_introspection_discovery_control_path
    Test #57: test_service_introspection_discovery_control_path ...   Passed    0.01 sec
    Start 57: test_service_introspection_discovery_control_path
    Test #57: test_service_introspection_discovery_control_path ...   Passed    0.01 sec
    Start 57: test_service_introspection_discovery_control_path
    Test #57: test_service_introspection_discovery_control_path ...   Passed    0.01 sec
    Start 57: test_service_introspection_discovery_control_path
    Test #57: test_service_introspection_discovery_control_path ...   Passed    0.01 sec
    Start 57: test_service_introspection_discovery_control_path
    Test #57: test_service_introspection_discovery_control_path ...   Passed    0.01 sec
    Start 57: test_service_introspection_discovery_control_path
    Test #57: test_service_introspection_discovery_control_path ...   Passed    0.01 sec
    Start 57: test_service_introspection_discovery_control_path
    Test #57: test_service_introspection_discovery_control_path ...   Passed    0.01 sec
    Start 57: test_service_introspection_discovery_control_path
    Test #57: test_service_introspection_discovery_control_path ...   Passed    0.01 sec
    Start 57: test_service_introspection_discovery_control_path
    Test #57: test_service_introspection_discovery_control_path ...   Passed    0.01 sec
    Start 57: test_service_introspection_discovery_control_path
    Test #57: test_service_introspection_discovery_control_path ...   Passed    0.01 sec
    Start 57: test_service_introspection_discovery_control_path
    Test #57: test_service_introspection_discovery_control_path ...   Passed    0.01 sec
    Start 57: test_service_introspection_discovery_control_path
    Test #57: test_service_introspection_discovery_control_path ...   Passed    0.01 sec
    Start 57: test_service_introspection_discovery_control_path
    Test #57: test_service_introspection_discovery_control_path ...   Passed    0.01 sec
    Start 57: test_service_introspection_discovery_control_path
    Test #57: test_service_introspection_discovery_control_path ...   Passed    0.01 sec
    Start 57: test_service_introspection_discovery_control_path
    Test #57: test_service_introspection_discovery_control_path ...   Passed    0.01 sec
    Start 57: test_service_introspection_discovery_control_path
    Test #57: test_service_introspection_discovery_control_path ...   Passed    0.01 sec
    Start 57: test_service_introspection_discovery_control_path
    Test #57: test_service_introspection_discovery_control_path ...   Passed    0.01 sec
    Start 57: test_service_introspection_discovery_control_path
    Test #57: test_service_introspection_discovery_control_path ...   Passed    0.01 sec
    Start 57: test_service_introspection_discovery_control_path
    Test #57: test_service_introspection_discovery_control_path ...   Passed    0.01 sec
    Start 57: test_service_introspection_discovery_control_path
    Test #57: test_service_introspection_discovery_control_path ...   Passed    0.01 sec
    Start 57: test_service_introspection_discovery_control_path
    Test #57: test_service_introspection_discovery_control_path ...   Passed    0.01 sec
    Start 57: test_service_introspection_discovery_control_path
    Test #57: test_service_introspection_discovery_control_path ...   Passed    0.01 sec
    Start 57: test_service_introspection_discovery_control_path
    Test #57: test_service_introspection_discovery_control_path ...   Passed    0.01 sec
    Start 57: test_service_introspection_discovery_control_path
    Test #57: test_service_introspection_discovery_control_path ...   Passed    0.01 sec
    Start 57: test_service_introspection_discovery_control_path
    Test #57: test_service_introspection_discovery_control_path ...   Passed    0.01 sec
    Start 57: test_service_introspection_discovery_control_path
    Test #57: test_service_introspection_discovery_control_path ...   Passed    0.01 sec
    Start 57: test_service_introspection_discovery_control_path
    Test #57: test_service_introspection_discovery_control_path ...   Passed    0.01 sec
    Start 57: test_service_introspection_discovery_control_path
    Test #57: test_service_introspection_discovery_control_path ...   Passed    0.01 sec
    Start 57: test_service_introspection_discovery_control_path
    Test #57: test_service_introspection_discovery_control_path ...   Passed    0.01 sec
    Start 57: test_service_introspection_discovery_control_path
    Test #57: test_service_introspection_discovery_control_path ...   Passed    0.01 sec
    Start 57: test_service_introspection_discovery_control_path
1/1 Test #57: test_service_introspection_discovery_control_path ...   Passed    0.01 sec

100% tests passed, 0 tests failed out of 1

Total Test time (real) =   0.84 sec
=== Repeating test_service_introspection_discovery_ordering (100 iterations) ===
Internal ctest changing into directory: /home/hep7/project/kairos/zlink/core/build
Test project /home/hep7/project/kairos/zlink/core/build
    Start 50: test_service_introspection_discovery_ordering
    Test #50: test_service_introspection_discovery_ordering ...   Passed    0.04 sec
    Start 50: test_service_introspection_discovery_ordering
    Test #50: test_service_introspection_discovery_ordering ...   Passed    0.04 sec
    Start 50: test_service_introspection_discovery_ordering
    Test #50: test_service_introspection_discovery_ordering ...   Passed    0.04 sec
    Start 50: test_service_introspection_discovery_ordering
    Test #50: test_service_introspection_discovery_ordering ...   Passed    0.04 sec
    Start 50: test_service_introspection_discovery_ordering
    Test #50: test_service_introspection_discovery_ordering ...   Passed    0.04 sec
    Start 50: test_service_introspection_discovery_ordering
    Test #50: test_service_introspection_discovery_ordering ...   Passed    0.04 sec
    Start 50: test_service_introspection_discovery_ordering
    Test #50: test_service_introspection_discovery_ordering ...   Passed    0.04 sec
    Start 50: test_service_introspection_discovery_ordering
    Test #50: test_service_introspection_discovery_ordering ...   Passed    0.04 sec
    Start 50: test_service_introspection_discovery_ordering
    Test #50: test_service_introspection_discovery_ordering ...   Passed    0.04 sec
    Start 50: test_service_introspection_discovery_ordering
    Test #50: test_service_introspection_discovery_ordering ...   Passed    0.04 sec
    Start 50: test_service_introspection_discovery_ordering
    Test #50: test_service_introspection_discovery_ordering ...   Passed    0.04 sec
    Start 50: test_service_introspection_discovery_ordering
    Test #50: test_service_introspection_discovery_ordering ...   Passed    0.04 sec
    Start 50: test_service_introspection_discovery_ordering
    Test #50: test_service_introspection_discovery_ordering ...   Passed    0.04 sec
    Start 50: test_service_introspection_discovery_ordering
    Test #50: test_service_introspection_discovery_ordering ...   Passed    0.04 sec
    Start 50: test_service_introspection_discovery_ordering
    Test #50: test_service_introspection_discovery_ordering ...   Passed    0.04 sec
    Start 50: test_service_introspection_discovery_ordering
    Test #50: test_service_introspection_discovery_ordering ...   Passed    0.04 sec
    Start 50: test_service_introspection_discovery_ordering
    Test #50: test_service_introspection_discovery_ordering ...   Passed    0.04 sec
    Start 50: test_service_introspection_discovery_ordering
    Test #50: test_service_introspection_discovery_ordering ...   Passed    0.04 sec
    Start 50: test_service_introspection_discovery_ordering
    Test #50: test_service_introspection_discovery_ordering ...   Passed    0.04 sec
    Start 50: test_service_introspection_discovery_ordering
    Test #50: test_service_introspection_discovery_ordering ...   Passed    0.04 sec
    Start 50: test_service_introspection_discovery_ordering
    Test #50: test_service_introspection_discovery_ordering ...   Passed    0.04 sec
    Start 50: test_service_introspection_discovery_ordering
    Test #50: test_service_introspection_discovery_ordering ...   Passed    0.04 sec
    Start 50: test_service_introspection_discovery_ordering
    Test #50: test_service_introspection_discovery_ordering ...   Passed    0.04 sec
    Start 50: test_service_introspection_discovery_ordering
    Test #50: test_service_introspection_discovery_ordering ...   Passed    0.04 sec
    Start 50: test_service_introspection_discovery_ordering
    Test #50: test_service_introspection_discovery_ordering ...   Passed    0.04 sec
    Start 50: test_service_introspection_discovery_ordering
    Test #50: test_service_introspection_discovery_ordering ...   Passed    0.04 sec
    Start 50: test_service_introspection_discovery_ordering
    Test #50: test_service_introspection_discovery_ordering ...   Passed    0.04 sec
    Start 50: test_service_introspection_discovery_ordering
    Test #50: test_service_introspection_discovery_ordering ...   Passed    0.04 sec
    Start 50: test_service_introspection_discovery_ordering
    Test #50: test_service_introspection_discovery_ordering ...   Passed    0.04 sec
    Start 50: test_service_introspection_discovery_ordering
    Test #50: test_service_introspection_discovery_ordering ...   Passed    0.04 sec
    Start 50: test_service_introspection_discovery_ordering
    Test #50: test_service_introspection_discovery_ordering ...   Passed    0.04 sec
    Start 50: test_service_introspection_discovery_ordering
    Test #50: test_service_introspection_discovery_ordering ...   Passed    0.04 sec
    Start 50: test_service_introspection_discovery_ordering
    Test #50: test_service_introspection_discovery_ordering ...   Passed    0.04 sec
    Start 50: test_service_introspection_discovery_ordering
    Test #50: test_service_introspection_discovery_ordering ...   Passed    0.04 sec
    Start 50: test_service_introspection_discovery_ordering
    Test #50: test_service_introspection_discovery_ordering ...   Passed    0.04 sec
    Start 50: test_service_introspection_discovery_ordering
    Test #50: test_service_introspection_discovery_ordering ...   Passed    0.04 sec
    Start 50: test_service_introspection_discovery_ordering
    Test #50: test_service_introspection_discovery_ordering ...   Passed    0.04 sec
    Start 50: test_service_introspection_discovery_ordering
    Test #50: test_service_introspection_discovery_ordering ...   Passed    0.04 sec
    Start 50: test_service_introspection_discovery_ordering
    Test #50: test_service_introspection_discovery_ordering ...   Passed    0.04 sec
    Start 50: test_service_introspection_discovery_ordering
    Test #50: test_service_introspection_discovery_ordering ...   Passed    0.04 sec
    Start 50: test_service_introspection_discovery_ordering
    Test #50: test_service_introspection_discovery_ordering ...   Passed    0.04 sec
    Start 50: test_service_introspection_discovery_ordering
    Test #50: test_service_introspection_discovery_ordering ...   Passed    0.04 sec
    Start 50: test_service_introspection_discovery_ordering
    Test #50: test_service_introspection_discovery_ordering ...   Passed    0.04 sec
    Start 50: test_service_introspection_discovery_ordering
    Test #50: test_service_introspection_discovery_ordering ...   Passed    0.04 sec
    Start 50: test_service_introspection_discovery_ordering
    Test #50: test_service_introspection_discovery_ordering ...   Passed    0.04 sec
    Start 50: test_service_introspection_discovery_ordering
    Test #50: test_service_introspection_discovery_ordering ...   Passed    0.04 sec
    Start 50: test_service_introspection_discovery_ordering
    Test #50: test_service_introspection_discovery_ordering ...   Passed    0.04 sec
    Start 50: test_service_introspection_discovery_ordering
    Test #50: test_service_introspection_discovery_ordering ...   Passed    0.04 sec
    Start 50: test_service_introspection_discovery_ordering
    Test #50: test_service_introspection_discovery_ordering ...   Passed    0.04 sec
    Start 50: test_service_introspection_discovery_ordering
    Test #50: test_service_introspection_discovery_ordering ...   Passed    0.04 sec
    Start 50: test_service_introspection_discovery_ordering
    Test #50: test_service_introspection_discovery_ordering ...   Passed    0.04 sec
    Start 50: test_service_introspection_discovery_ordering
    Test #50: test_service_introspection_discovery_ordering ...   Passed    0.04 sec
    Start 50: test_service_introspection_discovery_ordering
    Test #50: test_service_introspection_discovery_ordering ...   Passed    0.04 sec
    Start 50: test_service_introspection_discovery_ordering
    Test #50: test_service_introspection_discovery_ordering ...   Passed    0.04 sec
    Start 50: test_service_introspection_discovery_ordering
    Test #50: test_service_introspection_discovery_ordering ...   Passed    0.04 sec
    Start 50: test_service_introspection_discovery_ordering
    Test #50: test_service_introspection_discovery_ordering ...   Passed    0.04 sec
    Start 50: test_service_introspection_discovery_ordering
    Test #50: test_service_introspection_discovery_ordering ...   Passed    0.04 sec
    Start 50: test_service_introspection_discovery_ordering
    Test #50: test_service_introspection_discovery_ordering ...   Passed    0.04 sec
    Start 50: test_service_introspection_discovery_ordering
    Test #50: test_service_introspection_discovery_ordering ...   Passed    0.04 sec
    Start 50: test_service_introspection_discovery_ordering
    Test #50: test_service_introspection_discovery_ordering ...   Passed    0.04 sec
    Start 50: test_service_introspection_discovery_ordering
    Test #50: test_service_introspection_discovery_ordering ...   Passed    0.04 sec
    Start 50: test_service_introspection_discovery_ordering
    Test #50: test_service_introspection_discovery_ordering ...   Passed    0.04 sec
    Start 50: test_service_introspection_discovery_ordering
    Test #50: test_service_introspection_discovery_ordering ...   Passed    0.04 sec
    Start 50: test_service_introspection_discovery_ordering
    Test #50: test_service_introspection_discovery_ordering ...   Passed    0.04 sec
    Start 50: test_service_introspection_discovery_ordering
    Test #50: test_service_introspection_discovery_ordering ...   Passed    0.04 sec
    Start 50: test_service_introspection_discovery_ordering
    Test #50: test_service_introspection_discovery_ordering ...   Passed    0.04 sec
    Start 50: test_service_introspection_discovery_ordering
    Test #50: test_service_introspection_discovery_ordering ...   Passed    0.04 sec
    Start 50: test_service_introspection_discovery_ordering
    Test #50: test_service_introspection_discovery_ordering ...   Passed    0.04 sec
    Start 50: test_service_introspection_discovery_ordering
    Test #50: test_service_introspection_discovery_ordering ...   Passed    0.04 sec
    Start 50: test_service_introspection_discovery_ordering
    Test #50: test_service_introspection_discovery_ordering ...   Passed    0.04 sec
    Start 50: test_service_introspection_discovery_ordering
    Test #50: test_service_introspection_discovery_ordering ...   Passed    0.04 sec
    Start 50: test_service_introspection_discovery_ordering
    Test #50: test_service_introspection_discovery_ordering ...   Passed    0.04 sec
    Start 50: test_service_introspection_discovery_ordering
    Test #50: test_service_introspection_discovery_ordering ...   Passed    0.04 sec
    Start 50: test_service_introspection_discovery_ordering
    Test #50: test_service_introspection_discovery_ordering ...   Passed    0.04 sec
    Start 50: test_service_introspection_discovery_ordering
    Test #50: test_service_introspection_discovery_ordering ...   Passed    0.04 sec
    Start 50: test_service_introspection_discovery_ordering
    Test #50: test_service_introspection_discovery_ordering ...   Passed    0.04 sec
    Start 50: test_service_introspection_discovery_ordering
    Test #50: test_service_introspection_discovery_ordering ...   Passed    0.04 sec
    Start 50: test_service_introspection_discovery_ordering
    Test #50: test_service_introspection_discovery_ordering ...   Passed    0.04 sec
    Start 50: test_service_introspection_discovery_ordering
    Test #50: test_service_introspection_discovery_ordering ...   Passed    0.04 sec
    Start 50: test_service_introspection_discovery_ordering
    Test #50: test_service_introspection_discovery_ordering ...   Passed    0.04 sec
    Start 50: test_service_introspection_discovery_ordering
    Test #50: test_service_introspection_discovery_ordering ...   Passed    0.04 sec
    Start 50: test_service_introspection_discovery_ordering
    Test #50: test_service_introspection_discovery_ordering ...   Passed    0.04 sec
    Start 50: test_service_introspection_discovery_ordering
    Test #50: test_service_introspection_discovery_ordering ...   Passed    0.04 sec
    Start 50: test_service_introspection_discovery_ordering
    Test #50: test_service_introspection_discovery_ordering ...   Passed    0.04 sec
    Start 50: test_service_introspection_discovery_ordering
    Test #50: test_service_introspection_discovery_ordering ...   Passed    0.04 sec
    Start 50: test_service_introspection_discovery_ordering
    Test #50: test_service_introspection_discovery_ordering ...   Passed    0.04 sec
    Start 50: test_service_introspection_discovery_ordering
    Test #50: test_service_introspection_discovery_ordering ...   Passed    0.04 sec
    Start 50: test_service_introspection_discovery_ordering
    Test #50: test_service_introspection_discovery_ordering ...   Passed    0.04 sec
    Start 50: test_service_introspection_discovery_ordering
    Test #50: test_service_introspection_discovery_ordering ...   Passed    0.04 sec
    Start 50: test_service_introspection_discovery_ordering
    Test #50: test_service_introspection_discovery_ordering ...   Passed    0.04 sec
    Start 50: test_service_introspection_discovery_ordering
    Test #50: test_service_introspection_discovery_ordering ...   Passed    0.04 sec
    Start 50: test_service_introspection_discovery_ordering
    Test #50: test_service_introspection_discovery_ordering ...   Passed    0.04 sec
    Start 50: test_service_introspection_discovery_ordering
    Test #50: test_service_introspection_discovery_ordering ...   Passed    0.04 sec
    Start 50: test_service_introspection_discovery_ordering
    Test #50: test_service_introspection_discovery_ordering ...   Passed    0.04 sec
    Start 50: test_service_introspection_discovery_ordering
    Test #50: test_service_introspection_discovery_ordering ...   Passed    0.04 sec
    Start 50: test_service_introspection_discovery_ordering
    Test #50: test_service_introspection_discovery_ordering ...   Passed    0.04 sec
    Start 50: test_service_introspection_discovery_ordering
    Test #50: test_service_introspection_discovery_ordering ...   Passed    0.04 sec
    Start 50: test_service_introspection_discovery_ordering
    Test #50: test_service_introspection_discovery_ordering ...   Passed    0.04 sec
    Start 50: test_service_introspection_discovery_ordering
    Test #50: test_service_introspection_discovery_ordering ...   Passed    0.04 sec
    Start 50: test_service_introspection_discovery_ordering
1/1 Test #50: test_service_introspection_discovery_ordering ...   Passed    0.04 sec

100% tests passed, 0 tests failed out of 1

Total Test time (real) =   4.04 sec
=== Repeating test_service_introspection_discovery_self_close (100 iterations) ===
Internal ctest changing into directory: /home/hep7/project/kairos/zlink/core/build
Test project /home/hep7/project/kairos/zlink/core/build
    Start 51: test_service_introspection_discovery_self_close
    Test #51: test_service_introspection_discovery_self_close ...   Passed    0.03 sec
    Start 51: test_service_introspection_discovery_self_close
    Test #51: test_service_introspection_discovery_self_close ...   Passed    0.03 sec
    Start 51: test_service_introspection_discovery_self_close
    Test #51: test_service_introspection_discovery_self_close ...   Passed    0.03 sec
    Start 51: test_service_introspection_discovery_self_close
    Test #51: test_service_introspection_discovery_self_close ...   Passed    0.03 sec
    Start 51: test_service_introspection_discovery_self_close
    Test #51: test_service_introspection_discovery_self_close ...   Passed    0.03 sec
    Start 51: test_service_introspection_discovery_self_close
    Test #51: test_service_introspection_discovery_self_close ...   Passed    0.03 sec
    Start 51: test_service_introspection_discovery_self_close
    Test #51: test_service_introspection_discovery_self_close ...   Passed    0.03 sec
    Start 51: test_service_introspection_discovery_self_close
    Test #51: test_service_introspection_discovery_self_close ...   Passed    0.03 sec
    Start 51: test_service_introspection_discovery_self_close
    Test #51: test_service_introspection_discovery_self_close ...   Passed    0.03 sec
    Start 51: test_service_introspection_discovery_self_close
    Test #51: test_service_introspection_discovery_self_close ...   Passed    0.04 sec
    Start 51: test_service_introspection_discovery_self_close
    Test #51: test_service_introspection_discovery_self_close ...   Passed    0.03 sec
    Start 51: test_service_introspection_discovery_self_close
    Test #51: test_service_introspection_discovery_self_close ...   Passed    0.03 sec
    Start 51: test_service_introspection_discovery_self_close
    Test #51: test_service_introspection_discovery_self_close ...   Passed    0.03 sec
    Start 51: test_service_introspection_discovery_self_close
    Test #51: test_service_introspection_discovery_self_close ...   Passed    0.03 sec
    Start 51: test_service_introspection_discovery_self_close
    Test #51: test_service_introspection_discovery_self_close ...   Passed    0.03 sec
    Start 51: test_service_introspection_discovery_self_close
    Test #51: test_service_introspection_discovery_self_close ...   Passed    0.03 sec
    Start 51: test_service_introspection_discovery_self_close
    Test #51: test_service_introspection_discovery_self_close ...   Passed    0.03 sec
    Start 51: test_service_introspection_discovery_self_close
    Test #51: test_service_introspection_discovery_self_close ...   Passed    0.03 sec
    Start 51: test_service_introspection_discovery_self_close
    Test #51: test_service_introspection_discovery_self_close ...   Passed    0.03 sec
    Start 51: test_service_introspection_discovery_self_close
    Test #51: test_service_introspection_discovery_self_close ...   Passed    0.03 sec
    Start 51: test_service_introspection_discovery_self_close
    Test #51: test_service_introspection_discovery_self_close ...   Passed    0.03 sec
    Start 51: test_service_introspection_discovery_self_close
    Test #51: test_service_introspection_discovery_self_close ...   Passed    0.03 sec
    Start 51: test_service_introspection_discovery_self_close
    Test #51: test_service_introspection_discovery_self_close ...   Passed    0.03 sec
    Start 51: test_service_introspection_discovery_self_close
    Test #51: test_service_introspection_discovery_self_close ...   Passed    0.03 sec
    Start 51: test_service_introspection_discovery_self_close
    Test #51: test_service_introspection_discovery_self_close ...   Passed    0.03 sec
    Start 51: test_service_introspection_discovery_self_close
    Test #51: test_service_introspection_discovery_self_close ...   Passed    0.03 sec
    Start 51: test_service_introspection_discovery_self_close
    Test #51: test_service_introspection_discovery_self_close ...   Passed    0.03 sec
    Start 51: test_service_introspection_discovery_self_close
    Test #51: test_service_introspection_discovery_self_close ...   Passed    0.03 sec
    Start 51: test_service_introspection_discovery_self_close
    Test #51: test_service_introspection_discovery_self_close ...   Passed    0.03 sec
    Start 51: test_service_introspection_discovery_self_close
    Test #51: test_service_introspection_discovery_self_close ...   Passed    0.03 sec
    Start 51: test_service_introspection_discovery_self_close
    Test #51: test_service_introspection_discovery_self_close ...   Passed    0.03 sec
    Start 51: test_service_introspection_discovery_self_close
    Test #51: test_service_introspection_discovery_self_close ...   Passed    0.03 sec
    Start 51: test_service_introspection_discovery_self_close
    Test #51: test_service_introspection_discovery_self_close ...   Passed    0.03 sec
    Start 51: test_service_introspection_discovery_self_close
    Test #51: test_service_introspection_discovery_self_close ...   Passed    0.03 sec
    Start 51: test_service_introspection_discovery_self_close
    Test #51: test_service_introspection_discovery_self_close ...   Passed    0.03 sec
    Start 51: test_service_introspection_discovery_self_close
    Test #51: test_service_introspection_discovery_self_close ...   Passed    0.03 sec
    Start 51: test_service_introspection_discovery_self_close
    Test #51: test_service_introspection_discovery_self_close ...   Passed    0.03 sec
    Start 51: test_service_introspection_discovery_self_close
    Test #51: test_service_introspection_discovery_self_close ...   Passed    0.03 sec
    Start 51: test_service_introspection_discovery_self_close
    Test #51: test_service_introspection_discovery_self_close ...   Passed    0.03 sec
    Start 51: test_service_introspection_discovery_self_close
    Test #51: test_service_introspection_discovery_self_close ...   Passed    0.03 sec
    Start 51: test_service_introspection_discovery_self_close
    Test #51: test_service_introspection_discovery_self_close ...   Passed    0.03 sec
    Start 51: test_service_introspection_discovery_self_close
    Test #51: test_service_introspection_discovery_self_close ...   Passed    0.03 sec
    Start 51: test_service_introspection_discovery_self_close
    Test #51: test_service_introspection_discovery_self_close ...   Passed    0.03 sec
    Start 51: test_service_introspection_discovery_self_close
    Test #51: test_service_introspection_discovery_self_close ...   Passed    0.03 sec
    Start 51: test_service_introspection_discovery_self_close
    Test #51: test_service_introspection_discovery_self_close ...   Passed    0.03 sec
    Start 51: test_service_introspection_discovery_self_close
    Test #51: test_service_introspection_discovery_self_close ...   Passed    0.03 sec
    Start 51: test_service_introspection_discovery_self_close
    Test #51: test_service_introspection_discovery_self_close ...   Passed    0.03 sec
    Start 51: test_service_introspection_discovery_self_close
    Test #51: test_service_introspection_discovery_self_close ...   Passed    0.03 sec
    Start 51: test_service_introspection_discovery_self_close
    Test #51: test_service_introspection_discovery_self_close ...   Passed    0.03 sec
    Start 51: test_service_introspection_discovery_self_close
    Test #51: test_service_introspection_discovery_self_close ...   Passed    0.03 sec
    Start 51: test_service_introspection_discovery_self_close
    Test #51: test_service_introspection_discovery_self_close ...   Passed    0.03 sec
    Start 51: test_service_introspection_discovery_self_close
    Test #51: test_service_introspection_discovery_self_close ...   Passed    0.03 sec
    Start 51: test_service_introspection_discovery_self_close
    Test #51: test_service_introspection_discovery_self_close ...   Passed    0.03 sec
    Start 51: test_service_introspection_discovery_self_close
    Test #51: test_service_introspection_discovery_self_close ...   Passed    0.03 sec
    Start 51: test_service_introspection_discovery_self_close
    Test #51: test_service_introspection_discovery_self_close ...   Passed    0.03 sec
    Start 51: test_service_introspection_discovery_self_close
    Test #51: test_service_introspection_discovery_self_close ...   Passed    0.03 sec
    Start 51: test_service_introspection_discovery_self_close
    Test #51: test_service_introspection_discovery_self_close ...   Passed    0.03 sec
    Start 51: test_service_introspection_discovery_self_close
    Test #51: test_service_introspection_discovery_self_close ...   Passed    0.03 sec
    Start 51: test_service_introspection_discovery_self_close
    Test #51: test_service_introspection_discovery_self_close ...   Passed    0.03 sec
    Start 51: test_service_introspection_discovery_self_close
    Test #51: test_service_introspection_discovery_self_close ...   Passed    0.03 sec
    Start 51: test_service_introspection_discovery_self_close
    Test #51: test_service_introspection_discovery_self_close ...   Passed    0.03 sec
    Start 51: test_service_introspection_discovery_self_close
    Test #51: test_service_introspection_discovery_self_close ...   Passed    0.03 sec
    Start 51: test_service_introspection_discovery_self_close
    Test #51: test_service_introspection_discovery_self_close ...   Passed    0.03 sec
    Start 51: test_service_introspection_discovery_self_close
    Test #51: test_service_introspection_discovery_self_close ...   Passed    0.03 sec
    Start 51: test_service_introspection_discovery_self_close
    Test #51: test_service_introspection_discovery_self_close ...   Passed    0.03 sec
    Start 51: test_service_introspection_discovery_self_close
    Test #51: test_service_introspection_discovery_self_close ...   Passed    0.03 sec
    Start 51: test_service_introspection_discovery_self_close
    Test #51: test_service_introspection_discovery_self_close ...   Passed    0.03 sec
    Start 51: test_service_introspection_discovery_self_close
    Test #51: test_service_introspection_discovery_self_close ...   Passed    0.03 sec
    Start 51: test_service_introspection_discovery_self_close
    Test #51: test_service_introspection_discovery_self_close ...   Passed    0.03 sec
    Start 51: test_service_introspection_discovery_self_close
    Test #51: test_service_introspection_discovery_self_close ...   Passed    0.03 sec
    Start 51: test_service_introspection_discovery_self_close
    Test #51: test_service_introspection_discovery_self_close ...   Passed    0.03 sec
    Start 51: test_service_introspection_discovery_self_close
    Test #51: test_service_introspection_discovery_self_close ...   Passed    0.03 sec
    Start 51: test_service_introspection_discovery_self_close
    Test #51: test_service_introspection_discovery_self_close ...   Passed    0.03 sec
    Start 51: test_service_introspection_discovery_self_close
    Test #51: test_service_introspection_discovery_self_close ...   Passed    0.03 sec
    Start 51: test_service_introspection_discovery_self_close
    Test #51: test_service_introspection_discovery_self_close ...   Passed    0.03 sec
    Start 51: test_service_introspection_discovery_self_close
    Test #51: test_service_introspection_discovery_self_close ...   Passed    0.03 sec
    Start 51: test_service_introspection_discovery_self_close
    Test #51: test_service_introspection_discovery_self_close ...   Passed    0.03 sec
    Start 51: test_service_introspection_discovery_self_close
    Test #51: test_service_introspection_discovery_self_close ...   Passed    0.03 sec
    Start 51: test_service_introspection_discovery_self_close
    Test #51: test_service_introspection_discovery_self_close ...   Passed    0.03 sec
    Start 51: test_service_introspection_discovery_self_close
    Test #51: test_service_introspection_discovery_self_close ...   Passed    0.03 sec
    Start 51: test_service_introspection_discovery_self_close
    Test #51: test_service_introspection_discovery_self_close ...   Passed    0.03 sec
    Start 51: test_service_introspection_discovery_self_close
    Test #51: test_service_introspection_discovery_self_close ...   Passed    0.03 sec
    Start 51: test_service_introspection_discovery_self_close
    Test #51: test_service_introspection_discovery_self_close ...   Passed    0.03 sec
    Start 51: test_service_introspection_discovery_self_close
    Test #51: test_service_introspection_discovery_self_close ...   Passed    0.03 sec
    Start 51: test_service_introspection_discovery_self_close
    Test #51: test_service_introspection_discovery_self_close ...   Passed    0.03 sec
    Start 51: test_service_introspection_discovery_self_close
    Test #51: test_service_introspection_discovery_self_close ...   Passed    0.03 sec
    Start 51: test_service_introspection_discovery_self_close
    Test #51: test_service_introspection_discovery_self_close ...   Passed    0.03 sec
    Start 51: test_service_introspection_discovery_self_close
    Test #51: test_service_introspection_discovery_self_close ...   Passed    0.03 sec
    Start 51: test_service_introspection_discovery_self_close
    Test #51: test_service_introspection_discovery_self_close ...   Passed    0.03 sec
    Start 51: test_service_introspection_discovery_self_close
    Test #51: test_service_introspection_discovery_self_close ...   Passed    0.03 sec
    Start 51: test_service_introspection_discovery_self_close
    Test #51: test_service_introspection_discovery_self_close ...   Passed    0.03 sec
    Start 51: test_service_introspection_discovery_self_close
    Test #51: test_service_introspection_discovery_self_close ...   Passed    0.03 sec
    Start 51: test_service_introspection_discovery_self_close
    Test #51: test_service_introspection_discovery_self_close ...   Passed    0.03 sec
    Start 51: test_service_introspection_discovery_self_close
    Test #51: test_service_introspection_discovery_self_close ...   Passed    0.03 sec
    Start 51: test_service_introspection_discovery_self_close
    Test #51: test_service_introspection_discovery_self_close ...   Passed    0.03 sec
    Start 51: test_service_introspection_discovery_self_close
    Test #51: test_service_introspection_discovery_self_close ...   Passed    0.03 sec
    Start 51: test_service_introspection_discovery_self_close
    Test #51: test_service_introspection_discovery_self_close ...   Passed    0.03 sec
    Start 51: test_service_introspection_discovery_self_close
    Test #51: test_service_introspection_discovery_self_close ...   Passed    0.03 sec
    Start 51: test_service_introspection_discovery_self_close
    Test #51: test_service_introspection_discovery_self_close ...   Passed    0.03 sec
    Start 51: test_service_introspection_discovery_self_close
1/1 Test #51: test_service_introspection_discovery_self_close ...   Passed    0.03 sec

100% tests passed, 0 tests failed out of 1

Total Test time (real) =   3.17 sec
=== Repeating test_service_introspection_discovery_lifecycle (100 iterations) ===
Internal ctest changing into directory: /home/hep7/project/kairos/zlink/core/build
Test project /home/hep7/project/kairos/zlink/core/build
    Start 53: test_service_introspection_discovery_lifecycle
    Test #53: test_service_introspection_discovery_lifecycle ...   Passed    0.01 sec
    Start 53: test_service_introspection_discovery_lifecycle
    Test #53: test_service_introspection_discovery_lifecycle ...   Passed    0.01 sec
    Start 53: test_service_introspection_discovery_lifecycle
    Test #53: test_service_introspection_discovery_lifecycle ...   Passed    0.01 sec
    Start 53: test_service_introspection_discovery_lifecycle
    Test #53: test_service_introspection_discovery_lifecycle ...   Passed    0.01 sec
    Start 53: test_service_introspection_discovery_lifecycle
    Test #53: test_service_introspection_discovery_lifecycle ...   Passed    0.01 sec
    Start 53: test_service_introspection_discovery_lifecycle
    Test #53: test_service_introspection_discovery_lifecycle ...   Passed    0.01 sec
    Start 53: test_service_introspection_discovery_lifecycle
    Test #53: test_service_introspection_discovery_lifecycle ...   Passed    0.01 sec
    Start 53: test_service_introspection_discovery_lifecycle
    Test #53: test_service_introspection_discovery_lifecycle ...   Passed    0.01 sec
    Start 53: test_service_introspection_discovery_lifecycle
    Test #53: test_service_introspection_discovery_lifecycle ...   Passed    0.01 sec
    Start 53: test_service_introspection_discovery_lifecycle
    Test #53: test_service_introspection_discovery_lifecycle ...   Passed    0.01 sec
    Start 53: test_service_introspection_discovery_lifecycle
    Test #53: test_service_introspection_discovery_lifecycle ...   Passed    0.01 sec
    Start 53: test_service_introspection_discovery_lifecycle
    Test #53: test_service_introspection_discovery_lifecycle ...   Passed    0.01 sec
    Start 53: test_service_introspection_discovery_lifecycle
    Test #53: test_service_introspection_discovery_lifecycle ...   Passed    0.01 sec
    Start 53: test_service_introspection_discovery_lifecycle
    Test #53: test_service_introspection_discovery_lifecycle ...   Passed    0.01 sec
    Start 53: test_service_introspection_discovery_lifecycle
    Test #53: test_service_introspection_discovery_lifecycle ...   Passed    0.01 sec
    Start 53: test_service_introspection_discovery_lifecycle
    Test #53: test_service_introspection_discovery_lifecycle ...   Passed    0.01 sec
    Start 53: test_service_introspection_discovery_lifecycle
    Test #53: test_service_introspection_discovery_lifecycle ...   Passed    0.01 sec
    Start 53: test_service_introspection_discovery_lifecycle
    Test #53: test_service_introspection_discovery_lifecycle ...   Passed    0.01 sec
    Start 53: test_service_introspection_discovery_lifecycle
    Test #53: test_service_introspection_discovery_lifecycle ...   Passed    0.01 sec
    Start 53: test_service_introspection_discovery_lifecycle
    Test #53: test_service_introspection_discovery_lifecycle ...   Passed    0.01 sec
    Start 53: test_service_introspection_discovery_lifecycle
    Test #53: test_service_introspection_discovery_lifecycle ...   Passed    0.01 sec
    Start 53: test_service_introspection_discovery_lifecycle
    Test #53: test_service_introspection_discovery_lifecycle ...   Passed    0.01 sec
    Start 53: test_service_introspection_discovery_lifecycle
    Test #53: test_service_introspection_discovery_lifecycle ...   Passed    0.01 sec
    Start 53: test_service_introspection_discovery_lifecycle
    Test #53: test_service_introspection_discovery_lifecycle ...   Passed    0.01 sec
    Start 53: test_service_introspection_discovery_lifecycle
    Test #53: test_service_introspection_discovery_lifecycle ...   Passed    0.01 sec
    Start 53: test_service_introspection_discovery_lifecycle
    Test #53: test_service_introspection_discovery_lifecycle ...   Passed    0.01 sec
    Start 53: test_service_introspection_discovery_lifecycle
    Test #53: test_service_introspection_discovery_lifecycle ...   Passed    0.01 sec
    Start 53: test_service_introspection_discovery_lifecycle
    Test #53: test_service_introspection_discovery_lifecycle ...   Passed    0.01 sec
    Start 53: test_service_introspection_discovery_lifecycle
    Test #53: test_service_introspection_discovery_lifecycle ...   Passed    0.01 sec
    Start 53: test_service_introspection_discovery_lifecycle
    Test #53: test_service_introspection_discovery_lifecycle ...   Passed    0.01 sec
    Start 53: test_service_introspection_discovery_lifecycle
    Test #53: test_service_introspection_discovery_lifecycle ...   Passed    0.01 sec
    Start 53: test_service_introspection_discovery_lifecycle
    Test #53: test_service_introspection_discovery_lifecycle ...   Passed    0.01 sec
    Start 53: test_service_introspection_discovery_lifecycle
    Test #53: test_service_introspection_discovery_lifecycle ...   Passed    0.01 sec
    Start 53: test_service_introspection_discovery_lifecycle
    Test #53: test_service_introspection_discovery_lifecycle ...   Passed    0.01 sec
    Start 53: test_service_introspection_discovery_lifecycle
    Test #53: test_service_introspection_discovery_lifecycle ...   Passed    0.01 sec
    Start 53: test_service_introspection_discovery_lifecycle
    Test #53: test_service_introspection_discovery_lifecycle ...   Passed    0.01 sec
    Start 53: test_service_introspection_discovery_lifecycle
    Test #53: test_service_introspection_discovery_lifecycle ...   Passed    0.01 sec
    Start 53: test_service_introspection_discovery_lifecycle
    Test #53: test_service_introspection_discovery_lifecycle ...   Passed    0.01 sec
    Start 53: test_service_introspection_discovery_lifecycle
    Test #53: test_service_introspection_discovery_lifecycle ...   Passed    0.01 sec
    Start 53: test_service_introspection_discovery_lifecycle
    Test #53: test_service_introspection_discovery_lifecycle ...   Passed    0.01 sec
    Start 53: test_service_introspection_discovery_lifecycle
    Test #53: test_service_introspection_discovery_lifecycle ...   Passed    0.01 sec
    Start 53: test_service_introspection_discovery_lifecycle
    Test #53: test_service_introspection_discovery_lifecycle ...   Passed    0.01 sec
    Start 53: test_service_introspection_discovery_lifecycle
    Test #53: test_service_introspection_discovery_lifecycle ...   Passed    0.01 sec
    Start 53: test_service_introspection_discovery_lifecycle
    Test #53: test_service_introspection_discovery_lifecycle ...   Passed    0.01 sec
    Start 53: test_service_introspection_discovery_lifecycle
    Test #53: test_service_introspection_discovery_lifecycle ...   Passed    0.01 sec
    Start 53: test_service_introspection_discovery_lifecycle
    Test #53: test_service_introspection_discovery_lifecycle ...   Passed    0.01 sec
    Start 53: test_service_introspection_discovery_lifecycle
    Test #53: test_service_introspection_discovery_lifecycle ...   Passed    0.01 sec
    Start 53: test_service_introspection_discovery_lifecycle
    Test #53: test_service_introspection_discovery_lifecycle ...   Passed    0.01 sec
    Start 53: test_service_introspection_discovery_lifecycle
    Test #53: test_service_introspection_discovery_lifecycle ...   Passed    0.01 sec
    Start 53: test_service_introspection_discovery_lifecycle
    Test #53: test_service_introspection_discovery_lifecycle ...   Passed    0.01 sec
    Start 53: test_service_introspection_discovery_lifecycle
    Test #53: test_service_introspection_discovery_lifecycle ...   Passed    0.01 sec
    Start 53: test_service_introspection_discovery_lifecycle
    Test #53: test_service_introspection_discovery_lifecycle ...   Passed    0.01 sec
    Start 53: test_service_introspection_discovery_lifecycle
    Test #53: test_service_introspection_discovery_lifecycle ...   Passed    0.01 sec
    Start 53: test_service_introspection_discovery_lifecycle
    Test #53: test_service_introspection_discovery_lifecycle ...   Passed    0.01 sec
    Start 53: test_service_introspection_discovery_lifecycle
    Test #53: test_service_introspection_discovery_lifecycle ...   Passed    0.01 sec
    Start 53: test_service_introspection_discovery_lifecycle
    Test #53: test_service_introspection_discovery_lifecycle ...   Passed    0.01 sec
    Start 53: test_service_introspection_discovery_lifecycle
    Test #53: test_service_introspection_discovery_lifecycle ...   Passed    0.01 sec
    Start 53: test_service_introspection_discovery_lifecycle
    Test #53: test_service_introspection_discovery_lifecycle ...   Passed    0.01 sec
    Start 53: test_service_introspection_discovery_lifecycle
    Test #53: test_service_introspection_discovery_lifecycle ...   Passed    0.01 sec
    Start 53: test_service_introspection_discovery_lifecycle
    Test #53: test_service_introspection_discovery_lifecycle ...   Passed    0.01 sec
    Start 53: test_service_introspection_discovery_lifecycle
    Test #53: test_service_introspection_discovery_lifecycle ...   Passed    0.01 sec
    Start 53: test_service_introspection_discovery_lifecycle
    Test #53: test_service_introspection_discovery_lifecycle ...   Passed    0.01 sec
    Start 53: test_service_introspection_discovery_lifecycle
    Test #53: test_service_introspection_discovery_lifecycle ...   Passed    0.01 sec
    Start 53: test_service_introspection_discovery_lifecycle
    Test #53: test_service_introspection_discovery_lifecycle ...   Passed    0.01 sec
    Start 53: test_service_introspection_discovery_lifecycle
    Test #53: test_service_introspection_discovery_lifecycle ...   Passed    0.01 sec
    Start 53: test_service_introspection_discovery_lifecycle
    Test #53: test_service_introspection_discovery_lifecycle ...   Passed    0.01 sec
    Start 53: test_service_introspection_discovery_lifecycle
    Test #53: test_service_introspection_discovery_lifecycle ...   Passed    0.01 sec
    Start 53: test_service_introspection_discovery_lifecycle
    Test #53: test_service_introspection_discovery_lifecycle ...   Passed    0.01 sec
    Start 53: test_service_introspection_discovery_lifecycle
    Test #53: test_service_introspection_discovery_lifecycle ...   Passed    0.01 sec
    Start 53: test_service_introspection_discovery_lifecycle
    Test #53: test_service_introspection_discovery_lifecycle ...   Passed    0.01 sec
    Start 53: test_service_introspection_discovery_lifecycle
    Test #53: test_service_introspection_discovery_lifecycle ...   Passed    0.01 sec
    Start 53: test_service_introspection_discovery_lifecycle
    Test #53: test_service_introspection_discovery_lifecycle ...   Passed    0.01 sec
    Start 53: test_service_introspection_discovery_lifecycle
    Test #53: test_service_introspection_discovery_lifecycle ...   Passed    0.01 sec
    Start 53: test_service_introspection_discovery_lifecycle
    Test #53: test_service_introspection_discovery_lifecycle ...   Passed    0.01 sec
    Start 53: test_service_introspection_discovery_lifecycle
    Test #53: test_service_introspection_discovery_lifecycle ...   Passed    0.01 sec
    Start 53: test_service_introspection_discovery_lifecycle
    Test #53: test_service_introspection_discovery_lifecycle ...   Passed    0.01 sec
    Start 53: test_service_introspection_discovery_lifecycle
    Test #53: test_service_introspection_discovery_lifecycle ...   Passed    0.01 sec
    Start 53: test_service_introspection_discovery_lifecycle
    Test #53: test_service_introspection_discovery_lifecycle ...   Passed    0.01 sec
    Start 53: test_service_introspection_discovery_lifecycle
    Test #53: test_service_introspection_discovery_lifecycle ...   Passed    0.01 sec
    Start 53: test_service_introspection_discovery_lifecycle
    Test #53: test_service_introspection_discovery_lifecycle ...   Passed    0.01 sec
    Start 53: test_service_introspection_discovery_lifecycle
    Test #53: test_service_introspection_discovery_lifecycle ...   Passed    0.01 sec
    Start 53: test_service_introspection_discovery_lifecycle
    Test #53: test_service_introspection_discovery_lifecycle ...   Passed    0.01 sec
    Start 53: test_service_introspection_discovery_lifecycle
    Test #53: test_service_introspection_discovery_lifecycle ...   Passed    0.01 sec
    Start 53: test_service_introspection_discovery_lifecycle
    Test #53: test_service_introspection_discovery_lifecycle ...   Passed    0.01 sec
    Start 53: test_service_introspection_discovery_lifecycle
    Test #53: test_service_introspection_discovery_lifecycle ...   Passed    0.01 sec
    Start 53: test_service_introspection_discovery_lifecycle
    Test #53: test_service_introspection_discovery_lifecycle ...   Passed    0.01 sec
    Start 53: test_service_introspection_discovery_lifecycle
    Test #53: test_service_introspection_discovery_lifecycle ...   Passed    0.01 sec
    Start 53: test_service_introspection_discovery_lifecycle
    Test #53: test_service_introspection_discovery_lifecycle ...   Passed    0.01 sec
    Start 53: test_service_introspection_discovery_lifecycle
    Test #53: test_service_introspection_discovery_lifecycle ...   Passed    0.01 sec
    Start 53: test_service_introspection_discovery_lifecycle
    Test #53: test_service_introspection_discovery_lifecycle ...   Passed    0.01 sec
    Start 53: test_service_introspection_discovery_lifecycle
    Test #53: test_service_introspection_discovery_lifecycle ...   Passed    0.01 sec
    Start 53: test_service_introspection_discovery_lifecycle
    Test #53: test_service_introspection_discovery_lifecycle ...   Passed    0.01 sec
    Start 53: test_service_introspection_discovery_lifecycle
    Test #53: test_service_introspection_discovery_lifecycle ...   Passed    0.01 sec
    Start 53: test_service_introspection_discovery_lifecycle
    Test #53: test_service_introspection_discovery_lifecycle ...   Passed    0.01 sec
    Start 53: test_service_introspection_discovery_lifecycle
    Test #53: test_service_introspection_discovery_lifecycle ...   Passed    0.01 sec
    Start 53: test_service_introspection_discovery_lifecycle
    Test #53: test_service_introspection_discovery_lifecycle ...   Passed    0.01 sec
    Start 53: test_service_introspection_discovery_lifecycle
    Test #53: test_service_introspection_discovery_lifecycle ...   Passed    0.01 sec
    Start 53: test_service_introspection_discovery_lifecycle
    Test #53: test_service_introspection_discovery_lifecycle ...   Passed    0.01 sec
    Start 53: test_service_introspection_discovery_lifecycle
    Test #53: test_service_introspection_discovery_lifecycle ...   Passed    0.01 sec
    Start 53: test_service_introspection_discovery_lifecycle
1/1 Test #53: test_service_introspection_discovery_lifecycle ...   Passed    0.01 sec

100% tests passed, 0 tests failed out of 1

Total Test time (real) =   0.70 sec
=== Repeating test_service_introspection_registry_lifecycle (100 iterations) ===
Internal ctest changing into directory: /home/hep7/project/kairos/zlink/core/build
Test project /home/hep7/project/kairos/zlink/core/build
    Start 54: test_service_introspection_registry_lifecycle
    Test #54: test_service_introspection_registry_lifecycle ...   Passed    0.01 sec
    Start 54: test_service_introspection_registry_lifecycle
    Test #54: test_service_introspection_registry_lifecycle ...   Passed    0.01 sec
    Start 54: test_service_introspection_registry_lifecycle
    Test #54: test_service_introspection_registry_lifecycle ...   Passed    0.01 sec
    Start 54: test_service_introspection_registry_lifecycle
    Test #54: test_service_introspection_registry_lifecycle ...   Passed    0.01 sec
    Start 54: test_service_introspection_registry_lifecycle
    Test #54: test_service_introspection_registry_lifecycle ...   Passed    0.01 sec
    Start 54: test_service_introspection_registry_lifecycle
    Test #54: test_service_introspection_registry_lifecycle ...   Passed    0.01 sec
    Start 54: test_service_introspection_registry_lifecycle
    Test #54: test_service_introspection_registry_lifecycle ...   Passed    0.01 sec
    Start 54: test_service_introspection_registry_lifecycle
    Test #54: test_service_introspection_registry_lifecycle ...   Passed    0.01 sec
    Start 54: test_service_introspection_registry_lifecycle
    Test #54: test_service_introspection_registry_lifecycle ...   Passed    0.01 sec
    Start 54: test_service_introspection_registry_lifecycle
    Test #54: test_service_introspection_registry_lifecycle ...   Passed    0.01 sec
    Start 54: test_service_introspection_registry_lifecycle
    Test #54: test_service_introspection_registry_lifecycle ...   Passed    0.01 sec
    Start 54: test_service_introspection_registry_lifecycle
    Test #54: test_service_introspection_registry_lifecycle ...   Passed    0.01 sec
    Start 54: test_service_introspection_registry_lifecycle
    Test #54: test_service_introspection_registry_lifecycle ...   Passed    0.01 sec
    Start 54: test_service_introspection_registry_lifecycle
    Test #54: test_service_introspection_registry_lifecycle ...   Passed    0.01 sec
    Start 54: test_service_introspection_registry_lifecycle
    Test #54: test_service_introspection_registry_lifecycle ...   Passed    0.01 sec
    Start 54: test_service_introspection_registry_lifecycle
    Test #54: test_service_introspection_registry_lifecycle ...   Passed    0.01 sec
    Start 54: test_service_introspection_registry_lifecycle
    Test #54: test_service_introspection_registry_lifecycle ...   Passed    0.01 sec
    Start 54: test_service_introspection_registry_lifecycle
    Test #54: test_service_introspection_registry_lifecycle ...   Passed    0.01 sec
    Start 54: test_service_introspection_registry_lifecycle
    Test #54: test_service_introspection_registry_lifecycle ...   Passed    0.01 sec
    Start 54: test_service_introspection_registry_lifecycle
    Test #54: test_service_introspection_registry_lifecycle ...   Passed    0.01 sec
    Start 54: test_service_introspection_registry_lifecycle
    Test #54: test_service_introspection_registry_lifecycle ...   Passed    0.01 sec
    Start 54: test_service_introspection_registry_lifecycle
    Test #54: test_service_introspection_registry_lifecycle ...   Passed    0.01 sec
    Start 54: test_service_introspection_registry_lifecycle
    Test #54: test_service_introspection_registry_lifecycle ...   Passed    0.01 sec
    Start 54: test_service_introspection_registry_lifecycle
    Test #54: test_service_introspection_registry_lifecycle ...   Passed    0.01 sec
    Start 54: test_service_introspection_registry_lifecycle
    Test #54: test_service_introspection_registry_lifecycle ...   Passed    0.01 sec
    Start 54: test_service_introspection_registry_lifecycle
    Test #54: test_service_introspection_registry_lifecycle ...   Passed    0.01 sec
    Start 54: test_service_introspection_registry_lifecycle
    Test #54: test_service_introspection_registry_lifecycle ...   Passed    0.01 sec
    Start 54: test_service_introspection_registry_lifecycle
    Test #54: test_service_introspection_registry_lifecycle ...   Passed    0.01 sec
    Start 54: test_service_introspection_registry_lifecycle
    Test #54: test_service_introspection_registry_lifecycle ...   Passed    0.01 sec
    Start 54: test_service_introspection_registry_lifecycle
    Test #54: test_service_introspection_registry_lifecycle ...   Passed    0.01 sec
    Start 54: test_service_introspection_registry_lifecycle
    Test #54: test_service_introspection_registry_lifecycle ...   Passed    0.01 sec
    Start 54: test_service_introspection_registry_lifecycle
    Test #54: test_service_introspection_registry_lifecycle ...   Passed    0.01 sec
    Start 54: test_service_introspection_registry_lifecycle
    Test #54: test_service_introspection_registry_lifecycle ...   Passed    0.01 sec
    Start 54: test_service_introspection_registry_lifecycle
    Test #54: test_service_introspection_registry_lifecycle ...   Passed    0.01 sec
    Start 54: test_service_introspection_registry_lifecycle
    Test #54: test_service_introspection_registry_lifecycle ...   Passed    0.01 sec
    Start 54: test_service_introspection_registry_lifecycle
    Test #54: test_service_introspection_registry_lifecycle ...   Passed    0.01 sec
    Start 54: test_service_introspection_registry_lifecycle
    Test #54: test_service_introspection_registry_lifecycle ...   Passed    0.01 sec
    Start 54: test_service_introspection_registry_lifecycle
    Test #54: test_service_introspection_registry_lifecycle ...   Passed    0.01 sec
    Start 54: test_service_introspection_registry_lifecycle
    Test #54: test_service_introspection_registry_lifecycle ...   Passed    0.01 sec
    Start 54: test_service_introspection_registry_lifecycle
    Test #54: test_service_introspection_registry_lifecycle ...   Passed    0.01 sec
    Start 54: test_service_introspection_registry_lifecycle
    Test #54: test_service_introspection_registry_lifecycle ...   Passed    0.01 sec
    Start 54: test_service_introspection_registry_lifecycle
    Test #54: test_service_introspection_registry_lifecycle ...   Passed    0.01 sec
    Start 54: test_service_introspection_registry_lifecycle
    Test #54: test_service_introspection_registry_lifecycle ...   Passed    0.01 sec
    Start 54: test_service_introspection_registry_lifecycle
    Test #54: test_service_introspection_registry_lifecycle ...   Passed    0.01 sec
    Start 54: test_service_introspection_registry_lifecycle
    Test #54: test_service_introspection_registry_lifecycle ...   Passed    0.01 sec
    Start 54: test_service_introspection_registry_lifecycle
    Test #54: test_service_introspection_registry_lifecycle ...   Passed    0.01 sec
    Start 54: test_service_introspection_registry_lifecycle
    Test #54: test_service_introspection_registry_lifecycle ...   Passed    0.01 sec
    Start 54: test_service_introspection_registry_lifecycle
    Test #54: test_service_introspection_registry_lifecycle ...   Passed    0.01 sec
    Start 54: test_service_introspection_registry_lifecycle
    Test #54: test_service_introspection_registry_lifecycle ...   Passed    0.01 sec
    Start 54: test_service_introspection_registry_lifecycle
    Test #54: test_service_introspection_registry_lifecycle ...   Passed    0.01 sec
    Start 54: test_service_introspection_registry_lifecycle
    Test #54: test_service_introspection_registry_lifecycle ...   Passed    0.01 sec
    Start 54: test_service_introspection_registry_lifecycle
    Test #54: test_service_introspection_registry_lifecycle ...   Passed    0.01 sec
    Start 54: test_service_introspection_registry_lifecycle
    Test #54: test_service_introspection_registry_lifecycle ...   Passed    0.01 sec
    Start 54: test_service_introspection_registry_lifecycle
    Test #54: test_service_introspection_registry_lifecycle ...   Passed    0.01 sec
    Start 54: test_service_introspection_registry_lifecycle
    Test #54: test_service_introspection_registry_lifecycle ...   Passed    0.01 sec
    Start 54: test_service_introspection_registry_lifecycle
    Test #54: test_service_introspection_registry_lifecycle ...   Passed    0.01 sec
    Start 54: test_service_introspection_registry_lifecycle
    Test #54: test_service_introspection_registry_lifecycle ...   Passed    0.01 sec
    Start 54: test_service_introspection_registry_lifecycle
    Test #54: test_service_introspection_registry_lifecycle ...   Passed    0.01 sec
    Start 54: test_service_introspection_registry_lifecycle
    Test #54: test_service_introspection_registry_lifecycle ...   Passed    0.01 sec
    Start 54: test_service_introspection_registry_lifecycle
    Test #54: test_service_introspection_registry_lifecycle ...   Passed    0.01 sec
    Start 54: test_service_introspection_registry_lifecycle
    Test #54: test_service_introspection_registry_lifecycle ...   Passed    0.01 sec
    Start 54: test_service_introspection_registry_lifecycle
    Test #54: test_service_introspection_registry_lifecycle ...   Passed    0.01 sec
    Start 54: test_service_introspection_registry_lifecycle
    Test #54: test_service_introspection_registry_lifecycle ...   Passed    0.01 sec
    Start 54: test_service_introspection_registry_lifecycle
    Test #54: test_service_introspection_registry_lifecycle ...   Passed    0.01 sec
    Start 54: test_service_introspection_registry_lifecycle
    Test #54: test_service_introspection_registry_lifecycle ...   Passed    0.01 sec
    Start 54: test_service_introspection_registry_lifecycle
    Test #54: test_service_introspection_registry_lifecycle ...   Passed    0.01 sec
    Start 54: test_service_introspection_registry_lifecycle
    Test #54: test_service_introspection_registry_lifecycle ...   Passed    0.01 sec
    Start 54: test_service_introspection_registry_lifecycle
    Test #54: test_service_introspection_registry_lifecycle ...   Passed    0.01 sec
    Start 54: test_service_introspection_registry_lifecycle
    Test #54: test_service_introspection_registry_lifecycle ...   Passed    0.01 sec
    Start 54: test_service_introspection_registry_lifecycle
    Test #54: test_service_introspection_registry_lifecycle ...   Passed    0.01 sec
    Start 54: test_service_introspection_registry_lifecycle
    Test #54: test_service_introspection_registry_lifecycle ...   Passed    0.01 sec
    Start 54: test_service_introspection_registry_lifecycle
    Test #54: test_service_introspection_registry_lifecycle ...   Passed    0.01 sec
    Start 54: test_service_introspection_registry_lifecycle
    Test #54: test_service_introspection_registry_lifecycle ...   Passed    0.01 sec
    Start 54: test_service_introspection_registry_lifecycle
    Test #54: test_service_introspection_registry_lifecycle ...   Passed    0.01 sec
    Start 54: test_service_introspection_registry_lifecycle
    Test #54: test_service_introspection_registry_lifecycle ...   Passed    0.01 sec
    Start 54: test_service_introspection_registry_lifecycle
    Test #54: test_service_introspection_registry_lifecycle ...   Passed    0.01 sec
    Start 54: test_service_introspection_registry_lifecycle
    Test #54: test_service_introspection_registry_lifecycle ...   Passed    0.01 sec
    Start 54: test_service_introspection_registry_lifecycle
    Test #54: test_service_introspection_registry_lifecycle ...   Passed    0.01 sec
    Start 54: test_service_introspection_registry_lifecycle
    Test #54: test_service_introspection_registry_lifecycle ...   Passed    0.01 sec
    Start 54: test_service_introspection_registry_lifecycle
    Test #54: test_service_introspection_registry_lifecycle ...   Passed    0.01 sec
    Start 54: test_service_introspection_registry_lifecycle
    Test #54: test_service_introspection_registry_lifecycle ...   Passed    0.01 sec
    Start 54: test_service_introspection_registry_lifecycle
    Test #54: test_service_introspection_registry_lifecycle ...   Passed    0.01 sec
    Start 54: test_service_introspection_registry_lifecycle
    Test #54: test_service_introspection_registry_lifecycle ...   Passed    0.01 sec
    Start 54: test_service_introspection_registry_lifecycle
    Test #54: test_service_introspection_registry_lifecycle ...   Passed    0.01 sec
    Start 54: test_service_introspection_registry_lifecycle
    Test #54: test_service_introspection_registry_lifecycle ...   Passed    0.01 sec
    Start 54: test_service_introspection_registry_lifecycle
    Test #54: test_service_introspection_registry_lifecycle ...   Passed    0.01 sec
    Start 54: test_service_introspection_registry_lifecycle
    Test #54: test_service_introspection_registry_lifecycle ...   Passed    0.01 sec
    Start 54: test_service_introspection_registry_lifecycle
    Test #54: test_service_introspection_registry_lifecycle ...   Passed    0.01 sec
    Start 54: test_service_introspection_registry_lifecycle
    Test #54: test_service_introspection_registry_lifecycle ...   Passed    0.01 sec
    Start 54: test_service_introspection_registry_lifecycle
    Test #54: test_service_introspection_registry_lifecycle ...   Passed    0.01 sec
    Start 54: test_service_introspection_registry_lifecycle
    Test #54: test_service_introspection_registry_lifecycle ...   Passed    0.01 sec
    Start 54: test_service_introspection_registry_lifecycle
    Test #54: test_service_introspection_registry_lifecycle ...   Passed    0.01 sec
    Start 54: test_service_introspection_registry_lifecycle
    Test #54: test_service_introspection_registry_lifecycle ...   Passed    0.01 sec
    Start 54: test_service_introspection_registry_lifecycle
    Test #54: test_service_introspection_registry_lifecycle ...   Passed    0.01 sec
    Start 54: test_service_introspection_registry_lifecycle
    Test #54: test_service_introspection_registry_lifecycle ...   Passed    0.01 sec
    Start 54: test_service_introspection_registry_lifecycle
    Test #54: test_service_introspection_registry_lifecycle ...   Passed    0.01 sec
    Start 54: test_service_introspection_registry_lifecycle
    Test #54: test_service_introspection_registry_lifecycle ...   Passed    0.01 sec
    Start 54: test_service_introspection_registry_lifecycle
    Test #54: test_service_introspection_registry_lifecycle ...   Passed    0.01 sec
    Start 54: test_service_introspection_registry_lifecycle
    Test #54: test_service_introspection_registry_lifecycle ...   Passed    0.01 sec
    Start 54: test_service_introspection_registry_lifecycle
1/1 Test #54: test_service_introspection_registry_lifecycle ...   Passed    0.01 sec

100% tests passed, 0 tests failed out of 1

Total Test time (real) =   0.70 sec
=== Repeating test_service_introspection_registry_query_lifecycle (100 iterations) ===
Internal ctest changing into directory: /home/hep7/project/kairos/zlink/core/build
Test project /home/hep7/project/kairos/zlink/core/build
    Start 55: test_service_introspection_registry_query_lifecycle
    Test #55: test_service_introspection_registry_query_lifecycle ...   Passed    0.01 sec
    Start 55: test_service_introspection_registry_query_lifecycle
    Test #55: test_service_introspection_registry_query_lifecycle ...   Passed    0.01 sec
    Start 55: test_service_introspection_registry_query_lifecycle
    Test #55: test_service_introspection_registry_query_lifecycle ...   Passed    0.01 sec
    Start 55: test_service_introspection_registry_query_lifecycle
    Test #55: test_service_introspection_registry_query_lifecycle ...   Passed    0.01 sec
    Start 55: test_service_introspection_registry_query_lifecycle
    Test #55: test_service_introspection_registry_query_lifecycle ...   Passed    0.01 sec
    Start 55: test_service_introspection_registry_query_lifecycle
    Test #55: test_service_introspection_registry_query_lifecycle ...   Passed    0.01 sec
    Start 55: test_service_introspection_registry_query_lifecycle
    Test #55: test_service_introspection_registry_query_lifecycle ...   Passed    0.01 sec
    Start 55: test_service_introspection_registry_query_lifecycle
    Test #55: test_service_introspection_registry_query_lifecycle ...   Passed    0.01 sec
    Start 55: test_service_introspection_registry_query_lifecycle
    Test #55: test_service_introspection_registry_query_lifecycle ...   Passed    0.01 sec
    Start 55: test_service_introspection_registry_query_lifecycle
    Test #55: test_service_introspection_registry_query_lifecycle ...   Passed    0.01 sec
    Start 55: test_service_introspection_registry_query_lifecycle
    Test #55: test_service_introspection_registry_query_lifecycle ...   Passed    0.01 sec
    Start 55: test_service_introspection_registry_query_lifecycle
    Test #55: test_service_introspection_registry_query_lifecycle ...   Passed    0.01 sec
    Start 55: test_service_introspection_registry_query_lifecycle
    Test #55: test_service_introspection_registry_query_lifecycle ...   Passed    0.01 sec
    Start 55: test_service_introspection_registry_query_lifecycle
    Test #55: test_service_introspection_registry_query_lifecycle ...   Passed    0.01 sec
    Start 55: test_service_introspection_registry_query_lifecycle
    Test #55: test_service_introspection_registry_query_lifecycle ...   Passed    0.01 sec
    Start 55: test_service_introspection_registry_query_lifecycle
    Test #55: test_service_introspection_registry_query_lifecycle ...   Passed    0.01 sec
    Start 55: test_service_introspection_registry_query_lifecycle
    Test #55: test_service_introspection_registry_query_lifecycle ...   Passed    0.01 sec
    Start 55: test_service_introspection_registry_query_lifecycle
    Test #55: test_service_introspection_registry_query_lifecycle ...   Passed    0.01 sec
    Start 55: test_service_introspection_registry_query_lifecycle
    Test #55: test_service_introspection_registry_query_lifecycle ...   Passed    0.01 sec
    Start 55: test_service_introspection_registry_query_lifecycle
    Test #55: test_service_introspection_registry_query_lifecycle ...   Passed    0.01 sec
    Start 55: test_service_introspection_registry_query_lifecycle
    Test #55: test_service_introspection_registry_query_lifecycle ...   Passed    0.01 sec
    Start 55: test_service_introspection_registry_query_lifecycle
    Test #55: test_service_introspection_registry_query_lifecycle ...   Passed    0.01 sec
    Start 55: test_service_introspection_registry_query_lifecycle
    Test #55: test_service_introspection_registry_query_lifecycle ...   Passed    0.01 sec
    Start 55: test_service_introspection_registry_query_lifecycle
    Test #55: test_service_introspection_registry_query_lifecycle ...   Passed    0.01 sec
    Start 55: test_service_introspection_registry_query_lifecycle
    Test #55: test_service_introspection_registry_query_lifecycle ...   Passed    0.01 sec
    Start 55: test_service_introspection_registry_query_lifecycle
    Test #55: test_service_introspection_registry_query_lifecycle ...   Passed    0.01 sec
    Start 55: test_service_introspection_registry_query_lifecycle
    Test #55: test_service_introspection_registry_query_lifecycle ...   Passed    0.01 sec
    Start 55: test_service_introspection_registry_query_lifecycle
    Test #55: test_service_introspection_registry_query_lifecycle ...   Passed    0.01 sec
    Start 55: test_service_introspection_registry_query_lifecycle
    Test #55: test_service_introspection_registry_query_lifecycle ...   Passed    0.01 sec
    Start 55: test_service_introspection_registry_query_lifecycle
    Test #55: test_service_introspection_registry_query_lifecycle ...   Passed    0.01 sec
    Start 55: test_service_introspection_registry_query_lifecycle
    Test #55: test_service_introspection_registry_query_lifecycle ...   Passed    0.01 sec
    Start 55: test_service_introspection_registry_query_lifecycle
    Test #55: test_service_introspection_registry_query_lifecycle ...   Passed    0.01 sec
    Start 55: test_service_introspection_registry_query_lifecycle
    Test #55: test_service_introspection_registry_query_lifecycle ...   Passed    0.01 sec
    Start 55: test_service_introspection_registry_query_lifecycle
    Test #55: test_service_introspection_registry_query_lifecycle ...   Passed    0.01 sec
    Start 55: test_service_introspection_registry_query_lifecycle
    Test #55: test_service_introspection_registry_query_lifecycle ...   Passed    0.01 sec
    Start 55: test_service_introspection_registry_query_lifecycle
    Test #55: test_service_introspection_registry_query_lifecycle ...   Passed    0.01 sec
    Start 55: test_service_introspection_registry_query_lifecycle
    Test #55: test_service_introspection_registry_query_lifecycle ...   Passed    0.01 sec
    Start 55: test_service_introspection_registry_query_lifecycle
    Test #55: test_service_introspection_registry_query_lifecycle ...   Passed    0.01 sec
    Start 55: test_service_introspection_registry_query_lifecycle
    Test #55: test_service_introspection_registry_query_lifecycle ...   Passed    0.01 sec
    Start 55: test_service_introspection_registry_query_lifecycle
    Test #55: test_service_introspection_registry_query_lifecycle ...   Passed    0.01 sec
    Start 55: test_service_introspection_registry_query_lifecycle
    Test #55: test_service_introspection_registry_query_lifecycle ...   Passed    0.01 sec
    Start 55: test_service_introspection_registry_query_lifecycle
    Test #55: test_service_introspection_registry_query_lifecycle ...   Passed    0.01 sec
    Start 55: test_service_introspection_registry_query_lifecycle
    Test #55: test_service_introspection_registry_query_lifecycle ...   Passed    0.01 sec
    Start 55: test_service_introspection_registry_query_lifecycle
    Test #55: test_service_introspection_registry_query_lifecycle ...   Passed    0.01 sec
    Start 55: test_service_introspection_registry_query_lifecycle
    Test #55: test_service_introspection_registry_query_lifecycle ...   Passed    0.01 sec
    Start 55: test_service_introspection_registry_query_lifecycle
    Test #55: test_service_introspection_registry_query_lifecycle ...   Passed    0.01 sec
    Start 55: test_service_introspection_registry_query_lifecycle
    Test #55: test_service_introspection_registry_query_lifecycle ...   Passed    0.01 sec
    Start 55: test_service_introspection_registry_query_lifecycle
    Test #55: test_service_introspection_registry_query_lifecycle ...   Passed    0.01 sec
    Start 55: test_service_introspection_registry_query_lifecycle
    Test #55: test_service_introspection_registry_query_lifecycle ...   Passed    0.01 sec
    Start 55: test_service_introspection_registry_query_lifecycle
    Test #55: test_service_introspection_registry_query_lifecycle ...   Passed    0.01 sec
    Start 55: test_service_introspection_registry_query_lifecycle
    Test #55: test_service_introspection_registry_query_lifecycle ...   Passed    0.01 sec
    Start 55: test_service_introspection_registry_query_lifecycle
    Test #55: test_service_introspection_registry_query_lifecycle ...   Passed    0.01 sec
    Start 55: test_service_introspection_registry_query_lifecycle
    Test #55: test_service_introspection_registry_query_lifecycle ...   Passed    0.01 sec
    Start 55: test_service_introspection_registry_query_lifecycle
    Test #55: test_service_introspection_registry_query_lifecycle ...   Passed    0.01 sec
    Start 55: test_service_introspection_registry_query_lifecycle
    Test #55: test_service_introspection_registry_query_lifecycle ...   Passed    0.01 sec
    Start 55: test_service_introspection_registry_query_lifecycle
    Test #55: test_service_introspection_registry_query_lifecycle ...   Passed    0.01 sec
    Start 55: test_service_introspection_registry_query_lifecycle
    Test #55: test_service_introspection_registry_query_lifecycle ...   Passed    0.01 sec
    Start 55: test_service_introspection_registry_query_lifecycle
    Test #55: test_service_introspection_registry_query_lifecycle ...   Passed    0.01 sec
    Start 55: test_service_introspection_registry_query_lifecycle
    Test #55: test_service_introspection_registry_query_lifecycle ...   Passed    0.01 sec
    Start 55: test_service_introspection_registry_query_lifecycle
    Test #55: test_service_introspection_registry_query_lifecycle ...   Passed    0.01 sec
    Start 55: test_service_introspection_registry_query_lifecycle
    Test #55: test_service_introspection_registry_query_lifecycle ...   Passed    0.01 sec
    Start 55: test_service_introspection_registry_query_lifecycle
    Test #55: test_service_introspection_registry_query_lifecycle ...   Passed    0.01 sec
    Start 55: test_service_introspection_registry_query_lifecycle
    Test #55: test_service_introspection_registry_query_lifecycle ...   Passed    0.01 sec
    Start 55: test_service_introspection_registry_query_lifecycle
    Test #55: test_service_introspection_registry_query_lifecycle ...   Passed    0.01 sec
    Start 55: test_service_introspection_registry_query_lifecycle
    Test #55: test_service_introspection_registry_query_lifecycle ...   Passed    0.01 sec
    Start 55: test_service_introspection_registry_query_lifecycle
    Test #55: test_service_introspection_registry_query_lifecycle ...   Passed    0.01 sec
    Start 55: test_service_introspection_registry_query_lifecycle
    Test #55: test_service_introspection_registry_query_lifecycle ...   Passed    0.01 sec
    Start 55: test_service_introspection_registry_query_lifecycle
    Test #55: test_service_introspection_registry_query_lifecycle ...   Passed    0.01 sec
    Start 55: test_service_introspection_registry_query_lifecycle
    Test #55: test_service_introspection_registry_query_lifecycle ...   Passed    0.01 sec
    Start 55: test_service_introspection_registry_query_lifecycle
    Test #55: test_service_introspection_registry_query_lifecycle ...   Passed    0.01 sec
    Start 55: test_service_introspection_registry_query_lifecycle
    Test #55: test_service_introspection_registry_query_lifecycle ...   Passed    0.01 sec
    Start 55: test_service_introspection_registry_query_lifecycle
    Test #55: test_service_introspection_registry_query_lifecycle ...   Passed    0.01 sec
    Start 55: test_service_introspection_registry_query_lifecycle
    Test #55: test_service_introspection_registry_query_lifecycle ...   Passed    0.01 sec
    Start 55: test_service_introspection_registry_query_lifecycle
    Test #55: test_service_introspection_registry_query_lifecycle ...   Passed    0.01 sec
    Start 55: test_service_introspection_registry_query_lifecycle
    Test #55: test_service_introspection_registry_query_lifecycle ...   Passed    0.01 sec
    Start 55: test_service_introspection_registry_query_lifecycle
    Test #55: test_service_introspection_registry_query_lifecycle ...   Passed    0.01 sec
    Start 55: test_service_introspection_registry_query_lifecycle
    Test #55: test_service_introspection_registry_query_lifecycle ...   Passed    0.01 sec
    Start 55: test_service_introspection_registry_query_lifecycle
    Test #55: test_service_introspection_registry_query_lifecycle ...   Passed    0.01 sec
    Start 55: test_service_introspection_registry_query_lifecycle
    Test #55: test_service_introspection_registry_query_lifecycle ...   Passed    0.01 sec
    Start 55: test_service_introspection_registry_query_lifecycle
    Test #55: test_service_introspection_registry_query_lifecycle ...   Passed    0.01 sec
    Start 55: test_service_introspection_registry_query_lifecycle
    Test #55: test_service_introspection_registry_query_lifecycle ...   Passed    0.01 sec
    Start 55: test_service_introspection_registry_query_lifecycle
    Test #55: test_service_introspection_registry_query_lifecycle ...   Passed    0.01 sec
    Start 55: test_service_introspection_registry_query_lifecycle
    Test #55: test_service_introspection_registry_query_lifecycle ...   Passed    0.01 sec
    Start 55: test_service_introspection_registry_query_lifecycle
    Test #55: test_service_introspection_registry_query_lifecycle ...   Passed    0.01 sec
    Start 55: test_service_introspection_registry_query_lifecycle
    Test #55: test_service_introspection_registry_query_lifecycle ...   Passed    0.01 sec
    Start 55: test_service_introspection_registry_query_lifecycle
    Test #55: test_service_introspection_registry_query_lifecycle ...   Passed    0.01 sec
    Start 55: test_service_introspection_registry_query_lifecycle
    Test #55: test_service_introspection_registry_query_lifecycle ...   Passed    0.01 sec
    Start 55: test_service_introspection_registry_query_lifecycle
    Test #55: test_service_introspection_registry_query_lifecycle ...   Passed    0.01 sec
    Start 55: test_service_introspection_registry_query_lifecycle
    Test #55: test_service_introspection_registry_query_lifecycle ...   Passed    0.01 sec
    Start 55: test_service_introspection_registry_query_lifecycle
    Test #55: test_service_introspection_registry_query_lifecycle ...   Passed    0.01 sec
    Start 55: test_service_introspection_registry_query_lifecycle
    Test #55: test_service_introspection_registry_query_lifecycle ...   Passed    0.01 sec
    Start 55: test_service_introspection_registry_query_lifecycle
    Test #55: test_service_introspection_registry_query_lifecycle ...   Passed    0.01 sec
    Start 55: test_service_introspection_registry_query_lifecycle
    Test #55: test_service_introspection_registry_query_lifecycle ...   Passed    0.01 sec
    Start 55: test_service_introspection_registry_query_lifecycle
    Test #55: test_service_introspection_registry_query_lifecycle ...   Passed    0.01 sec
    Start 55: test_service_introspection_registry_query_lifecycle
    Test #55: test_service_introspection_registry_query_lifecycle ...   Passed    0.01 sec
    Start 55: test_service_introspection_registry_query_lifecycle
    Test #55: test_service_introspection_registry_query_lifecycle ...   Passed    0.01 sec
    Start 55: test_service_introspection_registry_query_lifecycle
    Test #55: test_service_introspection_registry_query_lifecycle ...   Passed    0.01 sec
    Start 55: test_service_introspection_registry_query_lifecycle
    Test #55: test_service_introspection_registry_query_lifecycle ...   Passed    0.01 sec
    Start 55: test_service_introspection_registry_query_lifecycle
    Test #55: test_service_introspection_registry_query_lifecycle ...   Passed    0.01 sec
    Start 55: test_service_introspection_registry_query_lifecycle
1/1 Test #55: test_service_introspection_registry_query_lifecycle ...   Passed    0.01 sec

100% tests passed, 0 tests failed out of 1

Total Test time (real) =   0.70 sec
=== Repeating test_gateway_runtime_reads (100 iterations) ===
Internal ctest changing into directory: /home/hep7/project/kairos/zlink/core/build
Test project /home/hep7/project/kairos/zlink/core/build
    Start 98: test_gateway_runtime_reads
    Test #98: test_gateway_runtime_reads .......   Passed    0.03 sec
    Start 98: test_gateway_runtime_reads
    Test #98: test_gateway_runtime_reads .......   Passed    0.03 sec
    Start 98: test_gateway_runtime_reads
    Test #98: test_gateway_runtime_reads .......   Passed    0.03 sec
    Start 98: test_gateway_runtime_reads
    Test #98: test_gateway_runtime_reads .......   Passed    0.03 sec
    Start 98: test_gateway_runtime_reads
    Test #98: test_gateway_runtime_reads .......   Passed    0.03 sec
    Start 98: test_gateway_runtime_reads
    Test #98: test_gateway_runtime_reads .......   Passed    0.03 sec
    Start 98: test_gateway_runtime_reads
    Test #98: test_gateway_runtime_reads .......   Passed    0.03 sec
    Start 98: test_gateway_runtime_reads
    Test #98: test_gateway_runtime_reads .......   Passed    0.03 sec
    Start 98: test_gateway_runtime_reads
    Test #98: test_gateway_runtime_reads .......   Passed    0.03 sec
    Start 98: test_gateway_runtime_reads
    Test #98: test_gateway_runtime_reads .......   Passed    0.03 sec
    Start 98: test_gateway_runtime_reads
    Test #98: test_gateway_runtime_reads .......   Passed    0.03 sec
    Start 98: test_gateway_runtime_reads
    Test #98: test_gateway_runtime_reads .......   Passed    0.03 sec
    Start 98: test_gateway_runtime_reads
    Test #98: test_gateway_runtime_reads .......   Passed    0.03 sec
    Start 98: test_gateway_runtime_reads
    Test #98: test_gateway_runtime_reads .......   Passed    0.03 sec
    Start 98: test_gateway_runtime_reads
    Test #98: test_gateway_runtime_reads .......   Passed    0.03 sec
    Start 98: test_gateway_runtime_reads
    Test #98: test_gateway_runtime_reads .......   Passed    0.03 sec
    Start 98: test_gateway_runtime_reads
    Test #98: test_gateway_runtime_reads .......   Passed    0.03 sec
    Start 98: test_gateway_runtime_reads
    Test #98: test_gateway_runtime_reads .......   Passed    0.03 sec
    Start 98: test_gateway_runtime_reads
    Test #98: test_gateway_runtime_reads .......   Passed    0.03 sec
    Start 98: test_gateway_runtime_reads
    Test #98: test_gateway_runtime_reads .......   Passed    0.03 sec
    Start 98: test_gateway_runtime_reads
    Test #98: test_gateway_runtime_reads .......   Passed    0.03 sec
    Start 98: test_gateway_runtime_reads
    Test #98: test_gateway_runtime_reads .......   Passed    0.03 sec
    Start 98: test_gateway_runtime_reads
    Test #98: test_gateway_runtime_reads .......   Passed    0.03 sec
    Start 98: test_gateway_runtime_reads
    Test #98: test_gateway_runtime_reads .......   Passed    0.03 sec
    Start 98: test_gateway_runtime_reads
    Test #98: test_gateway_runtime_reads .......   Passed    0.03 sec
    Start 98: test_gateway_runtime_reads
    Test #98: test_gateway_runtime_reads .......   Passed    0.03 sec
    Start 98: test_gateway_runtime_reads
    Test #98: test_gateway_runtime_reads .......   Passed    0.03 sec
    Start 98: test_gateway_runtime_reads
    Test #98: test_gateway_runtime_reads .......   Passed    0.03 sec
    Start 98: test_gateway_runtime_reads
    Test #98: test_gateway_runtime_reads .......   Passed    0.03 sec
    Start 98: test_gateway_runtime_reads
    Test #98: test_gateway_runtime_reads .......   Passed    0.03 sec
    Start 98: test_gateway_runtime_reads
    Test #98: test_gateway_runtime_reads .......   Passed    0.03 sec
    Start 98: test_gateway_runtime_reads
    Test #98: test_gateway_runtime_reads .......   Passed    0.03 sec
    Start 98: test_gateway_runtime_reads
    Test #98: test_gateway_runtime_reads .......   Passed    0.03 sec
    Start 98: test_gateway_runtime_reads
    Test #98: test_gateway_runtime_reads .......   Passed    0.03 sec
    Start 98: test_gateway_runtime_reads
    Test #98: test_gateway_runtime_reads .......   Passed    0.03 sec
    Start 98: test_gateway_runtime_reads
    Test #98: test_gateway_runtime_reads .......   Passed    0.03 sec
    Start 98: test_gateway_runtime_reads
    Test #98: test_gateway_runtime_reads .......   Passed    0.03 sec
    Start 98: test_gateway_runtime_reads
    Test #98: test_gateway_runtime_reads .......   Passed    0.03 sec
    Start 98: test_gateway_runtime_reads
    Test #98: test_gateway_runtime_reads .......   Passed    0.03 sec
    Start 98: test_gateway_runtime_reads
    Test #98: test_gateway_runtime_reads .......   Passed    0.03 sec
    Start 98: test_gateway_runtime_reads
    Test #98: test_gateway_runtime_reads .......   Passed    0.03 sec
    Start 98: test_gateway_runtime_reads
    Test #98: test_gateway_runtime_reads .......   Passed    0.03 sec
    Start 98: test_gateway_runtime_reads
    Test #98: test_gateway_runtime_reads .......   Passed    0.03 sec
    Start 98: test_gateway_runtime_reads
    Test #98: test_gateway_runtime_reads .......   Passed    0.03 sec
    Start 98: test_gateway_runtime_reads
    Test #98: test_gateway_runtime_reads .......   Passed    0.03 sec
    Start 98: test_gateway_runtime_reads
    Test #98: test_gateway_runtime_reads .......   Passed    0.03 sec
    Start 98: test_gateway_runtime_reads
    Test #98: test_gateway_runtime_reads .......   Passed    0.03 sec
    Start 98: test_gateway_runtime_reads
    Test #98: test_gateway_runtime_reads .......   Passed    0.03 sec
    Start 98: test_gateway_runtime_reads
    Test #98: test_gateway_runtime_reads .......   Passed    0.03 sec
    Start 98: test_gateway_runtime_reads
    Test #98: test_gateway_runtime_reads .......   Passed    0.03 sec
    Start 98: test_gateway_runtime_reads
    Test #98: test_gateway_runtime_reads .......   Passed    0.03 sec
    Start 98: test_gateway_runtime_reads
    Test #98: test_gateway_runtime_reads .......   Passed    0.03 sec
    Start 98: test_gateway_runtime_reads
    Test #98: test_gateway_runtime_reads .......   Passed    0.03 sec
    Start 98: test_gateway_runtime_reads
    Test #98: test_gateway_runtime_reads .......   Passed    0.03 sec
    Start 98: test_gateway_runtime_reads
    Test #98: test_gateway_runtime_reads .......   Passed    0.03 sec
    Start 98: test_gateway_runtime_reads
    Test #98: test_gateway_runtime_reads .......   Passed    0.03 sec
    Start 98: test_gateway_runtime_reads
    Test #98: test_gateway_runtime_reads .......   Passed    0.03 sec
    Start 98: test_gateway_runtime_reads
    Test #98: test_gateway_runtime_reads .......   Passed    0.03 sec
    Start 98: test_gateway_runtime_reads
    Test #98: test_gateway_runtime_reads .......   Passed    0.03 sec
    Start 98: test_gateway_runtime_reads
    Test #98: test_gateway_runtime_reads .......   Passed    0.03 sec
    Start 98: test_gateway_runtime_reads
    Test #98: test_gateway_runtime_reads .......   Passed    0.03 sec
    Start 98: test_gateway_runtime_reads
    Test #98: test_gateway_runtime_reads .......   Passed    0.03 sec
    Start 98: test_gateway_runtime_reads
    Test #98: test_gateway_runtime_reads .......   Passed    0.03 sec
    Start 98: test_gateway_runtime_reads
    Test #98: test_gateway_runtime_reads .......   Passed    0.03 sec
    Start 98: test_gateway_runtime_reads
    Test #98: test_gateway_runtime_reads .......   Passed    0.03 sec
    Start 98: test_gateway_runtime_reads
    Test #98: test_gateway_runtime_reads .......   Passed    0.03 sec
    Start 98: test_gateway_runtime_reads
    Test #98: test_gateway_runtime_reads .......   Passed    0.03 sec
    Start 98: test_gateway_runtime_reads
    Test #98: test_gateway_runtime_reads .......   Passed    0.03 sec
    Start 98: test_gateway_runtime_reads
    Test #98: test_gateway_runtime_reads .......   Passed    0.03 sec
    Start 98: test_gateway_runtime_reads
    Test #98: test_gateway_runtime_reads .......   Passed    0.03 sec
    Start 98: test_gateway_runtime_reads
    Test #98: test_gateway_runtime_reads .......   Passed    0.03 sec
    Start 98: test_gateway_runtime_reads
    Test #98: test_gateway_runtime_reads .......   Passed    0.03 sec
    Start 98: test_gateway_runtime_reads
    Test #98: test_gateway_runtime_reads .......   Passed    0.03 sec
    Start 98: test_gateway_runtime_reads
    Test #98: test_gateway_runtime_reads .......   Passed    0.03 sec
    Start 98: test_gateway_runtime_reads
    Test #98: test_gateway_runtime_reads .......   Passed    0.03 sec
    Start 98: test_gateway_runtime_reads
    Test #98: test_gateway_runtime_reads .......   Passed    0.03 sec
    Start 98: test_gateway_runtime_reads
    Test #98: test_gateway_runtime_reads .......   Passed    0.03 sec
    Start 98: test_gateway_runtime_reads
    Test #98: test_gateway_runtime_reads .......   Passed    0.03 sec
    Start 98: test_gateway_runtime_reads
    Test #98: test_gateway_runtime_reads .......   Passed    0.04 sec
    Start 98: test_gateway_runtime_reads
    Test #98: test_gateway_runtime_reads .......   Passed    0.03 sec
    Start 98: test_gateway_runtime_reads
    Test #98: test_gateway_runtime_reads .......   Passed    0.03 sec
    Start 98: test_gateway_runtime_reads
    Test #98: test_gateway_runtime_reads .......   Passed    0.03 sec
    Start 98: test_gateway_runtime_reads
    Test #98: test_gateway_runtime_reads .......   Passed    0.03 sec
    Start 98: test_gateway_runtime_reads
    Test #98: test_gateway_runtime_reads .......   Passed    0.03 sec
    Start 98: test_gateway_runtime_reads
    Test #98: test_gateway_runtime_reads .......   Passed    0.03 sec
    Start 98: test_gateway_runtime_reads
    Test #98: test_gateway_runtime_reads .......   Passed    0.03 sec
    Start 98: test_gateway_runtime_reads
    Test #98: test_gateway_runtime_reads .......   Passed    0.03 sec
    Start 98: test_gateway_runtime_reads
    Test #98: test_gateway_runtime_reads .......   Passed    0.03 sec
    Start 98: test_gateway_runtime_reads
    Test #98: test_gateway_runtime_reads .......   Passed    0.03 sec
    Start 98: test_gateway_runtime_reads
    Test #98: test_gateway_runtime_reads .......   Passed    0.03 sec
    Start 98: test_gateway_runtime_reads
    Test #98: test_gateway_runtime_reads .......   Passed    0.03 sec
    Start 98: test_gateway_runtime_reads
    Test #98: test_gateway_runtime_reads .......   Passed    0.03 sec
    Start 98: test_gateway_runtime_reads
    Test #98: test_gateway_runtime_reads .......   Passed    0.03 sec
    Start 98: test_gateway_runtime_reads
    Test #98: test_gateway_runtime_reads .......   Passed    0.03 sec
    Start 98: test_gateway_runtime_reads
    Test #98: test_gateway_runtime_reads .......   Passed    0.03 sec
    Start 98: test_gateway_runtime_reads
    Test #98: test_gateway_runtime_reads .......   Passed    0.03 sec
    Start 98: test_gateway_runtime_reads
    Test #98: test_gateway_runtime_reads .......   Passed    0.03 sec
    Start 98: test_gateway_runtime_reads
    Test #98: test_gateway_runtime_reads .......   Passed    0.03 sec
    Start 98: test_gateway_runtime_reads
    Test #98: test_gateway_runtime_reads .......   Passed    0.03 sec
    Start 98: test_gateway_runtime_reads
1/1 Test #98: test_gateway_runtime_reads .......   Passed    0.03 sec

100% tests passed, 0 tests failed out of 1

Label Time Summary:
integration    =   0.03 sec*proc (1 test)
serial         =   0.03 sec*proc (1 test)

Total Test time (real) =   3.05 sec
=== Repeating test_gateway_send_plane_updates (100 iterations) ===
Internal ctest changing into directory: /home/hep7/project/kairos/zlink/core/build
Test project /home/hep7/project/kairos/zlink/core/build
    Start 100: test_gateway_send_plane_updates
    Test #100: test_gateway_send_plane_updates ...   Passed   14.18 sec
    Start 100: test_gateway_send_plane_updates
    Test #100: test_gateway_send_plane_updates ...   Passed   18.24 sec
    Start 100: test_gateway_send_plane_updates
    Test #100: test_gateway_send_plane_updates ...   Passed   26.29 sec
    Start 100: test_gateway_send_plane_updates
    Test #100: test_gateway_send_plane_updates ...   Passed   12.16 sec
    Start 100: test_gateway_send_plane_updates
    Test #100: test_gateway_send_plane_updates ...   Passed   14.17 sec
    Start 100: test_gateway_send_plane_updates
    Test #100: test_gateway_send_plane_updates ...   Passed   12.16 sec
    Start 100: test_gateway_send_plane_updates
    Test #100: test_gateway_send_plane_updates ...   Passed   18.21 sec
    Start 100: test_gateway_send_plane_updates
    Test #100: test_gateway_send_plane_updates ...   Passed   18.22 sec
    Start 100: test_gateway_send_plane_updates
    Test #100: test_gateway_send_plane_updates ...   Passed   14.18 sec
    Start 100: test_gateway_send_plane_updates
    Test #100: test_gateway_send_plane_updates ...   Passed   10.15 sec
    Start 100: test_gateway_send_plane_updates
    Test #100: test_gateway_send_plane_updates ...   Passed   14.19 sec
    Start 100: test_gateway_send_plane_updates
    Test #100: test_gateway_send_plane_updates ...   Passed   20.25 sec
    Start 100: test_gateway_send_plane_updates
    Test #100: test_gateway_send_plane_updates ...   Passed   20.24 sec
    Start 100: test_gateway_send_plane_updates
    Test #100: test_gateway_send_plane_updates ...   Passed   18.21 sec
    Start 100: test_gateway_send_plane_updates
    Test #100: test_gateway_send_plane_updates ...   Passed   20.23 sec
    Start 100: test_gateway_send_plane_updates
    Test #100: test_gateway_send_plane_updates ...   Passed   18.23 sec
    Start 100: test_gateway_send_plane_updates
    Test #100: test_gateway_send_plane_updates ...   Passed   12.16 sec
    Start 100: test_gateway_send_plane_updates
    Test #100: test_gateway_send_plane_updates ...   Passed   12.17 sec
    Start 100: test_gateway_send_plane_updates
    Test #100: test_gateway_send_plane_updates ...   Passed    6.13 sec
    Start 100: test_gateway_send_plane_updates
    Test #100: test_gateway_send_plane_updates ...   Passed   14.18 sec
    Start 100: test_gateway_send_plane_updates
    Test #100: test_gateway_send_plane_updates ...   Passed   16.20 sec
    Start 100: test_gateway_send_plane_updates
    Test #100: test_gateway_send_plane_updates ...   Passed   16.21 sec
    Start 100: test_gateway_send_plane_updates
    Test #100: test_gateway_send_plane_updates ...   Passed   22.25 sec
    Start 100: test_gateway_send_plane_updates
    Test #100: test_gateway_send_plane_updates ...   Passed   12.16 sec
    Start 100: test_gateway_send_plane_updates
    Test #100: test_gateway_send_plane_updates ...   Passed   18.23 sec
    Start 100: test_gateway_send_plane_updates
    Test #100: test_gateway_send_plane_updates ...   Passed   20.27 sec
    Start 100: test_gateway_send_plane_updates
    Test #100: test_gateway_send_plane_updates ...   Passed   16.22 sec
    Start 100: test_gateway_send_plane_updates
    Test #100: test_gateway_send_plane_updates ...   Passed   12.17 sec
    Start 100: test_gateway_send_plane_updates
    Test #100: test_gateway_send_plane_updates ...   Passed   18.23 sec
    Start 100: test_gateway_send_plane_updates
    Test #100: test_gateway_send_plane_updates ...   Passed   18.21 sec
    Start 100: test_gateway_send_plane_updates
    Test #100: test_gateway_send_plane_updates ...   Passed   16.19 sec
    Start 100: test_gateway_send_plane_updates
    Test #100: test_gateway_send_plane_updates ...   Passed   12.17 sec
    Start 100: test_gateway_send_plane_updates
    Test #100: test_gateway_send_plane_updates ...   Passed   14.19 sec
    Start 100: test_gateway_send_plane_updates
    Test #100: test_gateway_send_plane_updates ...   Passed   14.20 sec
    Start 100: test_gateway_send_plane_updates
    Test #100: test_gateway_send_plane_updates ...   Passed   10.14 sec
    Start 100: test_gateway_send_plane_updates
    Test #100: test_gateway_send_plane_updates ...   Passed   18.21 sec
    Start 100: test_gateway_send_plane_updates
    Test #100: test_gateway_send_plane_updates ...   Passed   12.18 sec
    Start 100: test_gateway_send_plane_updates
    Test #100: test_gateway_send_plane_updates ...   Passed   12.18 sec
    Start 100: test_gateway_send_plane_updates
    Test #100: test_gateway_send_plane_updates ...   Passed   12.16 sec
    Start 100: test_gateway_send_plane_updates
    Test #100: test_gateway_send_plane_updates ...   Passed   14.18 sec
    Start 100: test_gateway_send_plane_updates
    Test #100: test_gateway_send_plane_updates ...   Passed   22.32 sec
    Start 100: test_gateway_send_plane_updates
    Test #100: test_gateway_send_plane_updates ...   Passed   18.22 sec
    Start 100: test_gateway_send_plane_updates
    Test #100: test_gateway_send_plane_updates ...   Passed   14.20 sec
    Start 100: test_gateway_send_plane_updates
    Test #100: test_gateway_send_plane_updates ...   Passed   20.23 sec
    Start 100: test_gateway_send_plane_updates
    Test #100: test_gateway_send_plane_updates ...   Passed   14.19 sec
    Start 100: test_gateway_send_plane_updates
    Test #100: test_gateway_send_plane_updates ...   Passed   16.20 sec
    Start 100: test_gateway_send_plane_updates
    Test #100: test_gateway_send_plane_updates ...   Passed   12.16 sec
    Start 100: test_gateway_send_plane_updates
    Test #100: test_gateway_send_plane_updates ...   Passed   18.21 sec
    Start 100: test_gateway_send_plane_updates
    Test #100: test_gateway_send_plane_updates ...   Passed   16.21 sec
    Start 100: test_gateway_send_plane_updates
    Test #100: test_gateway_send_plane_updates ...   Passed   16.20 sec
    Start 100: test_gateway_send_plane_updates
    Test #100: test_gateway_send_plane_updates ...   Passed   18.20 sec
    Start 100: test_gateway_send_plane_updates
    Test #100: test_gateway_send_plane_updates ...   Passed   18.22 sec
    Start 100: test_gateway_send_plane_updates
    Test #100: test_gateway_send_plane_updates ...   Passed   12.16 sec
    Start 100: test_gateway_send_plane_updates
    Test #100: test_gateway_send_plane_updates ...   Passed   20.26 sec
    Start 100: test_gateway_send_plane_updates
    Test #100: test_gateway_send_plane_updates ...   Passed   16.19 sec
    Start 100: test_gateway_send_plane_updates
    Test #100: test_gateway_send_plane_updates ...   Passed   20.27 sec
    Start 100: test_gateway_send_plane_updates
    Test #100: test_gateway_send_plane_updates ...   Passed    6.12 sec
    Start 100: test_gateway_send_plane_updates
    Test #100: test_gateway_send_plane_updates ...   Passed   18.21 sec
    Start 100: test_gateway_send_plane_updates
    Test #100: test_gateway_send_plane_updates ...   Passed   10.14 sec
    Start 100: test_gateway_send_plane_updates
    Test #100: test_gateway_send_plane_updates ...   Passed   16.20 sec
    Start 100: test_gateway_send_plane_updates
    Test #100: test_gateway_send_plane_updates ...   Passed   12.16 sec
    Start 100: test_gateway_send_plane_updates
    Test #100: test_gateway_send_plane_updates ...   Passed   16.22 sec
    Start 100: test_gateway_send_plane_updates
    Test #100: test_gateway_send_plane_updates ...   Passed   16.21 sec
    Start 100: test_gateway_send_plane_updates
    Test #100: test_gateway_send_plane_updates ...   Passed   16.21 sec
    Start 100: test_gateway_send_plane_updates
    Test #100: test_gateway_send_plane_updates ...   Passed   12.17 sec
    Start 100: test_gateway_send_plane_updates
    Test #100: test_gateway_send_plane_updates ...   Passed   18.24 sec
    Start 100: test_gateway_send_plane_updates
    Test #100: test_gateway_send_plane_updates ...   Passed   16.19 sec
    Start 100: test_gateway_send_plane_updates
    Test #100: test_gateway_send_plane_updates ...   Passed   10.16 sec
    Start 100: test_gateway_send_plane_updates
    Test #100: test_gateway_send_plane_updates ...   Passed   10.14 sec
    Start 100: test_gateway_send_plane_updates
    Test #100: test_gateway_send_plane_updates ...   Passed   14.18 sec
    Start 100: test_gateway_send_plane_updates
    Test #100: test_gateway_send_plane_updates ...   Passed   16.22 sec
    Start 100: test_gateway_send_plane_updates
    Test #100: test_gateway_send_plane_updates ...   Passed   14.19 sec
    Start 100: test_gateway_send_plane_updates
    Test #100: test_gateway_send_plane_updates ...   Passed   18.22 sec
    Start 100: test_gateway_send_plane_updates
    Test #100: test_gateway_send_plane_updates ...   Passed   14.20 sec
    Start 100: test_gateway_send_plane_updates
    Test #100: test_gateway_send_plane_updates ...   Passed   12.16 sec
    Start 100: test_gateway_send_plane_updates
    Test #100: test_gateway_send_plane_updates ...   Passed   16.21 sec
    Start 100: test_gateway_send_plane_updates
    Test #100: test_gateway_send_plane_updates ...   Passed   18.23 sec
    Start 100: test_gateway_send_plane_updates
    Test #100: test_gateway_send_plane_updates ...   Passed   20.22 sec
    Start 100: test_gateway_send_plane_updates
    Test #100: test_gateway_send_plane_updates ...   Passed   14.18 sec
    Start 100: test_gateway_send_plane_updates
    Test #100: test_gateway_send_plane_updates ...   Passed   14.18 sec
    Start 100: test_gateway_send_plane_updates
    Test #100: test_gateway_send_plane_updates ...   Passed    8.12 sec
    Start 100: test_gateway_send_plane_updates
    Test #100: test_gateway_send_plane_updates ...   Passed   14.18 sec
    Start 100: test_gateway_send_plane_updates
    Test #100: test_gateway_send_plane_updates ...   Passed   18.22 sec
    Start 100: test_gateway_send_plane_updates
    Test #100: test_gateway_send_plane_updates ...   Passed   10.16 sec
    Start 100: test_gateway_send_plane_updates
    Test #100: test_gateway_send_plane_updates ...   Passed   12.17 sec
    Start 100: test_gateway_send_plane_updates
    Test #100: test_gateway_send_plane_updates ...   Passed   18.22 sec
    Start 100: test_gateway_send_plane_updates
    Test #100: test_gateway_send_plane_updates ...   Passed   16.20 sec
    Start 100: test_gateway_send_plane_updates
    Test #100: test_gateway_send_plane_updates ...   Passed   16.19 sec
    Start 100: test_gateway_send_plane_updates
    Test #100: test_gateway_send_plane_updates ...   Passed   20.22 sec
    Start 100: test_gateway_send_plane_updates
    Test #100: test_gateway_send_plane_updates ...   Passed   16.21 sec
    Start 100: test_gateway_send_plane_updates
    Test #100: test_gateway_send_plane_updates ...   Passed   20.23 sec
    Start 100: test_gateway_send_plane_updates
    Test #100: test_gateway_send_plane_updates ...   Passed   18.22 sec
    Start 100: test_gateway_send_plane_updates
    Test #100: test_gateway_send_plane_updates ...   Passed   22.25 sec
    Start 100: test_gateway_send_plane_updates
    Test #100: test_gateway_send_plane_updates ...   Passed   20.23 sec
    Start 100: test_gateway_send_plane_updates
    Test #100: test_gateway_send_plane_updates ...   Passed   22.27 sec
    Start 100: test_gateway_send_plane_updates
    Test #100: test_gateway_send_plane_updates ...   Passed   24.29 sec
    Start 100: test_gateway_send_plane_updates
    Test #100: test_gateway_send_plane_updates ...   Passed   12.17 sec
    Start 100: test_gateway_send_plane_updates
    Test #100: test_gateway_send_plane_updates ...   Passed    8.12 sec
    Start 100: test_gateway_send_plane_updates
    Test #100: test_gateway_send_plane_updates ...   Passed   12.17 sec
    Start 100: test_gateway_send_plane_updates
1/1 Test #100: test_gateway_send_plane_updates ...   Passed   24.26 sec

100% tests passed, 0 tests failed out of 1

Label Time Summary:
regression    =  24.26 sec*proc (1 test)
serial        =  24.26 sec*proc (1 test)

Total Test time (real) = 1578.09 sec
=== Repeating test_gateway_attach_query_ordering (100 iterations) ===
Internal ctest changing into directory: /home/hep7/project/kairos/zlink/core/build
Test project /home/hep7/project/kairos/zlink/core/build
    Start 101: test_gateway_attach_query_ordering
    Test #101: test_gateway_attach_query_ordering ...   Passed    0.02 sec
    Start 101: test_gateway_attach_query_ordering
    Test #101: test_gateway_attach_query_ordering ...   Passed    0.02 sec
    Start 101: test_gateway_attach_query_ordering
    Test #101: test_gateway_attach_query_ordering ...   Passed    0.02 sec
    Start 101: test_gateway_attach_query_ordering
    Test #101: test_gateway_attach_query_ordering ...   Passed    0.02 sec
    Start 101: test_gateway_attach_query_ordering
    Test #101: test_gateway_attach_query_ordering ...   Passed    0.02 sec
    Start 101: test_gateway_attach_query_ordering
    Test #101: test_gateway_attach_query_ordering ...   Passed    0.02 sec
    Start 101: test_gateway_attach_query_ordering
    Test #101: test_gateway_attach_query_ordering ...   Passed    0.02 sec
    Start 101: test_gateway_attach_query_ordering
    Test #101: test_gateway_attach_query_ordering ...   Passed    0.02 sec
    Start 101: test_gateway_attach_query_ordering
    Test #101: test_gateway_attach_query_ordering ...   Passed    0.02 sec
    Start 101: test_gateway_attach_query_ordering
    Test #101: test_gateway_attach_query_ordering ...   Passed    0.02 sec
    Start 101: test_gateway_attach_query_ordering
    Test #101: test_gateway_attach_query_ordering ...   Passed    0.02 sec
    Start 101: test_gateway_attach_query_ordering
    Test #101: test_gateway_attach_query_ordering ...   Passed    0.02 sec
    Start 101: test_gateway_attach_query_ordering
    Test #101: test_gateway_attach_query_ordering ...   Passed    0.02 sec
    Start 101: test_gateway_attach_query_ordering
    Test #101: test_gateway_attach_query_ordering ...   Passed    0.02 sec
    Start 101: test_gateway_attach_query_ordering
    Test #101: test_gateway_attach_query_ordering ...   Passed    0.02 sec
    Start 101: test_gateway_attach_query_ordering
    Test #101: test_gateway_attach_query_ordering ...   Passed    0.02 sec
    Start 101: test_gateway_attach_query_ordering
    Test #101: test_gateway_attach_query_ordering ...   Passed    0.02 sec
    Start 101: test_gateway_attach_query_ordering
    Test #101: test_gateway_attach_query_ordering ...   Passed    0.02 sec
    Start 101: test_gateway_attach_query_ordering
    Test #101: test_gateway_attach_query_ordering ...   Passed    0.02 sec
    Start 101: test_gateway_attach_query_ordering
    Test #101: test_gateway_attach_query_ordering ...   Passed    0.02 sec
    Start 101: test_gateway_attach_query_ordering
    Test #101: test_gateway_attach_query_ordering ...   Passed    0.02 sec
    Start 101: test_gateway_attach_query_ordering
    Test #101: test_gateway_attach_query_ordering ...   Passed    0.02 sec
    Start 101: test_gateway_attach_query_ordering
    Test #101: test_gateway_attach_query_ordering ...   Passed    0.02 sec
    Start 101: test_gateway_attach_query_ordering
    Test #101: test_gateway_attach_query_ordering ...   Passed    0.02 sec
    Start 101: test_gateway_attach_query_ordering
    Test #101: test_gateway_attach_query_ordering ...   Passed    0.02 sec
    Start 101: test_gateway_attach_query_ordering
    Test #101: test_gateway_attach_query_ordering ...   Passed    0.02 sec
    Start 101: test_gateway_attach_query_ordering
    Test #101: test_gateway_attach_query_ordering ...   Passed    0.02 sec
    Start 101: test_gateway_attach_query_ordering
    Test #101: test_gateway_attach_query_ordering ...   Passed    0.02 sec
    Start 101: test_gateway_attach_query_ordering
    Test #101: test_gateway_attach_query_ordering ...   Passed    0.02 sec
    Start 101: test_gateway_attach_query_ordering
    Test #101: test_gateway_attach_query_ordering ...   Passed    0.02 sec
    Start 101: test_gateway_attach_query_ordering
    Test #101: test_gateway_attach_query_ordering ...   Passed    0.02 sec
    Start 101: test_gateway_attach_query_ordering
    Test #101: test_gateway_attach_query_ordering ...   Passed    0.02 sec
    Start 101: test_gateway_attach_query_ordering
    Test #101: test_gateway_attach_query_ordering ...   Passed    0.02 sec
    Start 101: test_gateway_attach_query_ordering
    Test #101: test_gateway_attach_query_ordering ...   Passed    0.02 sec
    Start 101: test_gateway_attach_query_ordering
    Test #101: test_gateway_attach_query_ordering ...   Passed    0.02 sec
    Start 101: test_gateway_attach_query_ordering
    Test #101: test_gateway_attach_query_ordering ...   Passed    0.02 sec
    Start 101: test_gateway_attach_query_ordering
    Test #101: test_gateway_attach_query_ordering ...   Passed    0.02 sec
    Start 101: test_gateway_attach_query_ordering
    Test #101: test_gateway_attach_query_ordering ...   Passed    0.02 sec
    Start 101: test_gateway_attach_query_ordering
    Test #101: test_gateway_attach_query_ordering ...   Passed    0.02 sec
    Start 101: test_gateway_attach_query_ordering
    Test #101: test_gateway_attach_query_ordering ...   Passed    0.02 sec
    Start 101: test_gateway_attach_query_ordering
    Test #101: test_gateway_attach_query_ordering ...   Passed    0.02 sec
    Start 101: test_gateway_attach_query_ordering
    Test #101: test_gateway_attach_query_ordering ...   Passed    0.02 sec
    Start 101: test_gateway_attach_query_ordering
    Test #101: test_gateway_attach_query_ordering ...   Passed    0.02 sec
    Start 101: test_gateway_attach_query_ordering
    Test #101: test_gateway_attach_query_ordering ...   Passed    0.02 sec
    Start 101: test_gateway_attach_query_ordering
    Test #101: test_gateway_attach_query_ordering ...   Passed    0.02 sec
    Start 101: test_gateway_attach_query_ordering
    Test #101: test_gateway_attach_query_ordering ...   Passed    0.02 sec
    Start 101: test_gateway_attach_query_ordering
    Test #101: test_gateway_attach_query_ordering ...   Passed    0.02 sec
    Start 101: test_gateway_attach_query_ordering
    Test #101: test_gateway_attach_query_ordering ...   Passed    0.02 sec
    Start 101: test_gateway_attach_query_ordering
    Test #101: test_gateway_attach_query_ordering ...   Passed    0.02 sec
    Start 101: test_gateway_attach_query_ordering
    Test #101: test_gateway_attach_query_ordering ...   Passed    0.02 sec
    Start 101: test_gateway_attach_query_ordering
    Test #101: test_gateway_attach_query_ordering ...   Passed    0.02 sec
    Start 101: test_gateway_attach_query_ordering
    Test #101: test_gateway_attach_query_ordering ...   Passed    0.02 sec
    Start 101: test_gateway_attach_query_ordering
    Test #101: test_gateway_attach_query_ordering ...   Passed    0.02 sec
    Start 101: test_gateway_attach_query_ordering
    Test #101: test_gateway_attach_query_ordering ...   Passed    0.02 sec
    Start 101: test_gateway_attach_query_ordering
    Test #101: test_gateway_attach_query_ordering ...   Passed    0.02 sec
    Start 101: test_gateway_attach_query_ordering
    Test #101: test_gateway_attach_query_ordering ...   Passed    0.02 sec
    Start 101: test_gateway_attach_query_ordering
    Test #101: test_gateway_attach_query_ordering ...   Passed    0.02 sec
    Start 101: test_gateway_attach_query_ordering
    Test #101: test_gateway_attach_query_ordering ...   Passed    0.02 sec
    Start 101: test_gateway_attach_query_ordering
    Test #101: test_gateway_attach_query_ordering ...   Passed    0.02 sec
    Start 101: test_gateway_attach_query_ordering
    Test #101: test_gateway_attach_query_ordering ...   Passed    0.02 sec
    Start 101: test_gateway_attach_query_ordering
    Test #101: test_gateway_attach_query_ordering ...   Passed    0.02 sec
    Start 101: test_gateway_attach_query_ordering
    Test #101: test_gateway_attach_query_ordering ...   Passed    0.02 sec
    Start 101: test_gateway_attach_query_ordering
    Test #101: test_gateway_attach_query_ordering ...   Passed    0.02 sec
    Start 101: test_gateway_attach_query_ordering
    Test #101: test_gateway_attach_query_ordering ...   Passed    0.02 sec
    Start 101: test_gateway_attach_query_ordering
    Test #101: test_gateway_attach_query_ordering ...   Passed    0.02 sec
    Start 101: test_gateway_attach_query_ordering
    Test #101: test_gateway_attach_query_ordering ...   Passed    0.02 sec
    Start 101: test_gateway_attach_query_ordering
    Test #101: test_gateway_attach_query_ordering ...   Passed    0.02 sec
    Start 101: test_gateway_attach_query_ordering
    Test #101: test_gateway_attach_query_ordering ...   Passed    0.02 sec
    Start 101: test_gateway_attach_query_ordering
    Test #101: test_gateway_attach_query_ordering ...   Passed    0.02 sec
    Start 101: test_gateway_attach_query_ordering
    Test #101: test_gateway_attach_query_ordering ...   Passed    0.02 sec
    Start 101: test_gateway_attach_query_ordering
    Test #101: test_gateway_attach_query_ordering ...   Passed    0.02 sec
    Start 101: test_gateway_attach_query_ordering
    Test #101: test_gateway_attach_query_ordering ...   Passed    0.02 sec
    Start 101: test_gateway_attach_query_ordering
    Test #101: test_gateway_attach_query_ordering ...   Passed    0.02 sec
    Start 101: test_gateway_attach_query_ordering
    Test #101: test_gateway_attach_query_ordering ...   Passed    0.02 sec
    Start 101: test_gateway_attach_query_ordering
    Test #101: test_gateway_attach_query_ordering ...   Passed    0.02 sec
    Start 101: test_gateway_attach_query_ordering
    Test #101: test_gateway_attach_query_ordering ...   Passed    0.02 sec
    Start 101: test_gateway_attach_query_ordering
    Test #101: test_gateway_attach_query_ordering ...   Passed    0.02 sec
    Start 101: test_gateway_attach_query_ordering
    Test #101: test_gateway_attach_query_ordering ...   Passed    0.02 sec
    Start 101: test_gateway_attach_query_ordering
    Test #101: test_gateway_attach_query_ordering ...   Passed    0.02 sec
    Start 101: test_gateway_attach_query_ordering
    Test #101: test_gateway_attach_query_ordering ...   Passed    0.02 sec
    Start 101: test_gateway_attach_query_ordering
    Test #101: test_gateway_attach_query_ordering ...   Passed    0.02 sec
    Start 101: test_gateway_attach_query_ordering
    Test #101: test_gateway_attach_query_ordering ...   Passed    0.02 sec
    Start 101: test_gateway_attach_query_ordering
    Test #101: test_gateway_attach_query_ordering ...   Passed    0.02 sec
    Start 101: test_gateway_attach_query_ordering
    Test #101: test_gateway_attach_query_ordering ...   Passed    0.02 sec
    Start 101: test_gateway_attach_query_ordering
    Test #101: test_gateway_attach_query_ordering ...   Passed    0.02 sec
    Start 101: test_gateway_attach_query_ordering
    Test #101: test_gateway_attach_query_ordering ...   Passed    0.02 sec
    Start 101: test_gateway_attach_query_ordering
    Test #101: test_gateway_attach_query_ordering ...   Passed    0.02 sec
    Start 101: test_gateway_attach_query_ordering
    Test #101: test_gateway_attach_query_ordering ...   Passed    0.02 sec
    Start 101: test_gateway_attach_query_ordering
    Test #101: test_gateway_attach_query_ordering ...   Passed    0.02 sec
    Start 101: test_gateway_attach_query_ordering
    Test #101: test_gateway_attach_query_ordering ...   Passed    0.02 sec
    Start 101: test_gateway_attach_query_ordering
    Test #101: test_gateway_attach_query_ordering ...   Passed    0.02 sec
    Start 101: test_gateway_attach_query_ordering
    Test #101: test_gateway_attach_query_ordering ...   Passed    0.02 sec
    Start 101: test_gateway_attach_query_ordering
    Test #101: test_gateway_attach_query_ordering ...   Passed    0.02 sec
    Start 101: test_gateway_attach_query_ordering
    Test #101: test_gateway_attach_query_ordering ...   Passed    0.02 sec
    Start 101: test_gateway_attach_query_ordering
    Test #101: test_gateway_attach_query_ordering ...   Passed    0.02 sec
    Start 101: test_gateway_attach_query_ordering
    Test #101: test_gateway_attach_query_ordering ...   Passed    0.02 sec
    Start 101: test_gateway_attach_query_ordering
    Test #101: test_gateway_attach_query_ordering ...   Passed    0.02 sec
    Start 101: test_gateway_attach_query_ordering
    Test #101: test_gateway_attach_query_ordering ...   Passed    0.02 sec
    Start 101: test_gateway_attach_query_ordering
    Test #101: test_gateway_attach_query_ordering ...   Passed    0.02 sec
    Start 101: test_gateway_attach_query_ordering
1/1 Test #101: test_gateway_attach_query_ordering ...   Passed    0.02 sec

100% tests passed, 0 tests failed out of 1

Label Time Summary:
integration    =   0.02 sec*proc (1 test)
serial         =   0.02 sec*proc (1 test)

Total Test time (real) =   1.90 sec
=== Repeating test_gateway_send_ready_self_close (100 iterations) ===
Internal ctest changing into directory: /home/hep7/project/kairos/zlink/core/build
Test project /home/hep7/project/kairos/zlink/core/build
    Start 97: test_gateway_send_ready_self_close
    Test #97: test_gateway_send_ready_self_close ...   Passed    8.05 sec
    Start 97: test_gateway_send_ready_self_close
    Test #97: test_gateway_send_ready_self_close ...   Passed    0.02 sec
    Start 97: test_gateway_send_ready_self_close
    Test #97: test_gateway_send_ready_self_close ...   Passed    6.04 sec
    Start 97: test_gateway_send_ready_self_close
    Test #97: test_gateway_send_ready_self_close ...   Passed    0.02 sec
    Start 97: test_gateway_send_ready_self_close
    Test #97: test_gateway_send_ready_self_close ...   Passed    4.04 sec
    Start 97: test_gateway_send_ready_self_close
    Test #97: test_gateway_send_ready_self_close ...   Passed    2.03 sec
    Start 97: test_gateway_send_ready_self_close
    Test #97: test_gateway_send_ready_self_close ...   Passed    0.03 sec
    Start 97: test_gateway_send_ready_self_close
    Test #97: test_gateway_send_ready_self_close ...   Passed    0.03 sec
    Start 97: test_gateway_send_ready_self_close
    Test #97: test_gateway_send_ready_self_close ...   Passed    4.03 sec
    Start 97: test_gateway_send_ready_self_close
    Test #97: test_gateway_send_ready_self_close ...   Passed    2.05 sec
    Start 97: test_gateway_send_ready_self_close
    Test #97: test_gateway_send_ready_self_close ...   Passed    4.05 sec
    Start 97: test_gateway_send_ready_self_close
    Test #97: test_gateway_send_ready_self_close ...   Passed    6.04 sec
    Start 97: test_gateway_send_ready_self_close
    Test #97: test_gateway_send_ready_self_close ...   Passed    0.04 sec
    Start 97: test_gateway_send_ready_self_close
    Test #97: test_gateway_send_ready_self_close ...   Passed    2.03 sec
    Start 97: test_gateway_send_ready_self_close
    Test #97: test_gateway_send_ready_self_close ...   Passed    4.05 sec
    Start 97: test_gateway_send_ready_self_close
    Test #97: test_gateway_send_ready_self_close ...   Passed   20.10 sec
    Start 97: test_gateway_send_ready_self_close
    Test #97: test_gateway_send_ready_self_close ...   Passed    2.04 sec
    Start 97: test_gateway_send_ready_self_close
    Test #97: test_gateway_send_ready_self_close ...   Passed    8.05 sec
    Start 97: test_gateway_send_ready_self_close
    Test #97: test_gateway_send_ready_self_close ...   Passed    6.05 sec
    Start 97: test_gateway_send_ready_self_close
    Test #97: test_gateway_send_ready_self_close ...   Passed    0.02 sec
    Start 97: test_gateway_send_ready_self_close
    Test #97: test_gateway_send_ready_self_close ...   Passed    2.04 sec
    Start 97: test_gateway_send_ready_self_close
    Test #97: test_gateway_send_ready_self_close ...   Passed    2.04 sec
    Start 97: test_gateway_send_ready_self_close
    Test #97: test_gateway_send_ready_self_close ...   Passed    4.05 sec
    Start 97: test_gateway_send_ready_self_close
    Test #97: test_gateway_send_ready_self_close ...   Passed    2.04 sec
    Start 97: test_gateway_send_ready_self_close
    Test #97: test_gateway_send_ready_self_close ...   Passed    4.05 sec
    Start 97: test_gateway_send_ready_self_close
    Test #97: test_gateway_send_ready_self_close ...   Passed    0.02 sec
    Start 97: test_gateway_send_ready_self_close
    Test #97: test_gateway_send_ready_self_close ...   Passed    0.03 sec
    Start 97: test_gateway_send_ready_self_close
    Test #97: test_gateway_send_ready_self_close ...   Passed    2.04 sec
    Start 97: test_gateway_send_ready_self_close
    Test #97: test_gateway_send_ready_self_close ...   Passed    2.04 sec
    Start 97: test_gateway_send_ready_self_close
    Test #97: test_gateway_send_ready_self_close ...   Passed    6.05 sec
    Start 97: test_gateway_send_ready_self_close
    Test #97: test_gateway_send_ready_self_close ...   Passed   10.07 sec
    Start 97: test_gateway_send_ready_self_close
    Test #97: test_gateway_send_ready_self_close ...   Passed    4.04 sec
    Start 97: test_gateway_send_ready_self_close
    Test #97: test_gateway_send_ready_self_close ...   Passed    4.05 sec
    Start 97: test_gateway_send_ready_self_close
    Test #97: test_gateway_send_ready_self_close ...   Passed   16.08 sec
    Start 97: test_gateway_send_ready_self_close
    Test #97: test_gateway_send_ready_self_close ...   Passed    0.03 sec
    Start 97: test_gateway_send_ready_self_close
    Test #97: test_gateway_send_ready_self_close ...   Passed    0.03 sec
    Start 97: test_gateway_send_ready_self_close
    Test #97: test_gateway_send_ready_self_close ...   Passed    6.05 sec
    Start 97: test_gateway_send_ready_self_close
    Test #97: test_gateway_send_ready_self_close ...   Passed    6.04 sec
    Start 97: test_gateway_send_ready_self_close
    Test #97: test_gateway_send_ready_self_close ...   Passed    4.04 sec
    Start 97: test_gateway_send_ready_self_close
    Test #97: test_gateway_send_ready_self_close ...   Passed    8.07 sec
    Start 97: test_gateway_send_ready_self_close
    Test #97: test_gateway_send_ready_self_close ...   Passed    4.03 sec
    Start 97: test_gateway_send_ready_self_close
    Test #97: test_gateway_send_ready_self_close ...   Passed    8.05 sec
    Start 97: test_gateway_send_ready_self_close
    Test #97: test_gateway_send_ready_self_close ...   Passed   14.07 sec
    Start 97: test_gateway_send_ready_self_close
    Test #97: test_gateway_send_ready_self_close ...   Passed    0.03 sec
    Start 97: test_gateway_send_ready_self_close
    Test #97: test_gateway_send_ready_self_close ...   Passed    0.02 sec
    Start 97: test_gateway_send_ready_self_close
    Test #97: test_gateway_send_ready_self_close ...   Passed    2.03 sec
    Start 97: test_gateway_send_ready_self_close
    Test #97: test_gateway_send_ready_self_close ...   Passed    0.03 sec
    Start 97: test_gateway_send_ready_self_close
    Test #97: test_gateway_send_ready_self_close ...   Passed    4.04 sec
    Start 97: test_gateway_send_ready_self_close
    Test #97: test_gateway_send_ready_self_close ...   Passed    0.02 sec
    Start 97: test_gateway_send_ready_self_close
