=== Verifying stress test registration ===
=== Stress test registration verified ===
=== Repeating test_service_introspection_discovery_control_path (100 iterations) ===
Internal ctest changing into directory: /home/hep7/project/kairos/zlink/core/build
Test project /home/hep7/project/kairos/zlink/core/build
    Start 57: test_service_introspection_discovery_control_path
    Test #57: test_service_introspection_discovery_control_path ...   Passed    0.03 sec
    Start 57: test_service_introspection_discovery_control_path
    Test #57: test_service_introspection_discovery_control_path ...   Passed    0.01 sec
    Start 57: test_service_introspection_discovery_control_path
    Test #57: test_service_introspection_discovery_control_path ...   Passed    0.01 sec
    Start 57: test_service_introspection_discovery_control_path
    Test #57: test_service_introspection_discovery_control_path ...   Passed    0.01 sec
    Start 57: test_service_introspection_discovery_control_path
    Test #57: test_service_introspection_discovery_control_path ...   Passed    0.01 sec
    Start 57: test_service_introspection_discovery_control_path
    Test #57: test_service_introspection_discovery_control_path ...   Passed    0.01 sec
    Start 57: test_service_introspection_discovery_control_path
    Test #57: test_service_introspection_discovery_control_path ...   Passed    0.01 sec
    Start 57: test_service_introspection_discovery_control_path
    Test #57: test_service_introspection_discovery_control_path ...   Passed    0.01 sec
    Start 57: test_service_introspection_discovery_control_path
    Test #57: test_service_introspection_discovery_control_path ...   Passed    0.01 sec
    Start 57: test_service_introspection_discovery_control_path
    Test #57: test_service_introspection_discovery_control_path ...   Passed    0.01 sec
    Start 57: test_service_introspection_discovery_control_path
    Test #57: test_service_introspection_discovery_control_path ...   Passed    0.01 sec
    Start 57: test_service_introspection_discovery_control_path
    Test #57: test_service_introspection_discovery_control_path ...   Passed    0.01 sec
    Start 57: test_service_introspection_discovery_control_path
    Test #57: test_service_introspection_discovery_control_path ...   Passed    0.01 sec
    Start 57: test_service_introspection_discovery_control_path
    Test #57: test_service_introspection_discovery_control_path ...   Passed    0.01 sec
    Start 57: test_service_introspection_discovery_control_path
    Test #57: test_service_introspection_discovery_control_path ...   Passed    0.01 sec
    Start 57: test_service_introspection_discovery_control_path
    Test #57: test_service_introspection_discovery_control_path ...   Passed    0.01 sec
    Start 57: test_service_introspection_discovery_control_path
    Test #57: test_service_introspection_discovery_control_path ...   Passed    0.01 sec
    Start 57: test_service_introspection_discovery_control_path
    Test #57: test_service_introspection_discovery_control_path ...   Passed    0.01 sec
    Start 57: test_service_introspection_discovery_control_path
    Test #57: test_service_introspection_discovery_control_path ...   Passed    0.01 sec
    Start 57: test_service_introspection_discovery_control_path
    Test #57: test_service_introspection_discovery_control_path ...   Passed    0.01 sec
    Start 57: test_service_introspection_discovery_control_path
    Test #57: test_service_introspection_discovery_control_path ...   Passed    0.01 sec
    Start 57: test_service_introspection_discovery_control_path
    Test #57: test_service_introspection_discovery_control_path ...   Passed    0.01 sec
    Start 57: test_service_introspection_discovery_control_path
    Test #57: test_service_introspection_discovery_control_path ...   Passed    0.01 sec
    Start 57: test_service_introspection_discovery_control_path
    Test #57: test_service_introspection_discovery_control_path ...   Passed    0.01 sec
    Start 57: test_service_introspection_discovery_control_path
    Test #57: test_service_introspection_discovery_control_path ...   Passed    0.01 sec
    Start 57: test_service_introspection_discovery_control_path
    Test #57: test_service_introspection_discovery_control_path ...   Passed    0.01 sec
    Start 57: test_service_introspection_discovery_control_path
    Test #57: test_service_introspection_discovery_control_path ...   Passed    0.01 sec
    Start 57: test_service_introspection_discovery_control_path
    Test #57: test_service_introspection_discovery_control_path ...   Passed    0.01 sec
    Start 57: test_service_introspection_discovery_control_path
    Test #57: test_service_introspection_discovery_control_path ...   Passed    0.01 sec
    Start 57: test_service_introspection_discovery_control_path
    Test #57: test_service_introspection_discovery_control_path ...   Passed    0.01 sec
    Start 57: test_service_introspection_discovery_control_path
    Test #57: test_service_introspection_discovery_control_path ...   Passed    0.01 sec
    Start 57: test_service_introspection_discovery_control_path
    Test #57: test_service_introspection_discovery_control_path ...   Passed    0.01 sec
    Start 57: test_service_introspection_discovery_control_path
    Test #57: test_service_introspection_discovery_control_path ...   Passed    0.01 sec
    Start 57: test_service_introspection_discovery_control_path
    Test #57: test_service_introspection_discovery_control_path ...   Passed    0.01 sec
    Start 57: test_service_introspection_discovery_control_path
    Test #57: test_service_introspection_discovery_control_path ...   Passed    0.01 sec
    Start 57: test_service_introspection_discovery_control_path
    Test #57: test_service_introspection_discovery_control_path ...   Passed    0.01 sec
    Start 57: test_service_introspection_discovery_control_path
    Test #57: test_service_introspection_discovery_control_path ...   Passed    0.01 sec
    Start 57: test_service_introspection_discovery_control_path
    Test #57: test_service_introspection_discovery_control_path ...   Passed    0.01 sec
    Start 57: test_service_introspection_discovery_control_path
    Test #57: test_service_introspection_discovery_control_path ...   Passed    0.01 sec
    Start 57: test_service_introspection_discovery_control_path
    Test #57: test_service_introspection_discovery_control_path ...   Passed    0.01 sec
    Start 57: test_service_introspection_discovery_control_path
    Test #57: test_service_introspection_discovery_control_path ...   Passed    0.01 sec
    Start 57: test_service_introspection_discovery_control_path
    Test #57: test_service_introspection_discovery_control_path ...   Passed    0.01 sec
    Start 57: test_service_introspection_discovery_control_path
    Test #57: test_service_introspection_discovery_control_path ...   Passed    0.01 sec
    Start 57: test_service_introspection_discovery_control_path
    Test #57: test_service_introspection_discovery_control_path ...   Passed    0.01 sec
    Start 57: test_service_introspection_discovery_control_path
    Test #57: test_service_introspection_discovery_control_path ...   Passed    0.01 sec
    Start 57: test_service_introspection_discovery_control_path
    Test #57: test_service_introspection_discovery_control_path ...   Passed    0.01 sec
    Start 57: test_service_introspection_discovery_control_path
    Test #57: test_service_introspection_discovery_control_path ...   Passed    0.01 sec
    Start 57: test_service_introspection_discovery_control_path
    Test #57: test_service_introspection_discovery_control_path ...   Passed    0.01 sec
    Start 57: test_service_introspection_discovery_control_path
    Test #57: test_service_introspection_discovery_control_path ...   Passed    0.01 sec
    Start 57: test_service_introspection_discovery_control_path
    Test #57: test_service_introspection_discovery_control_path ...   Passed    0.01 sec
    Start 57: test_service_introspection_discovery_control_path
    Test #57: test_service_introspection_discovery_control_path ...   Passed    0.01 sec
    Start 57: test_service_introspection_discovery_control_path
    Test #57: test_service_introspection_discovery_control_path ...   Passed    0.01 sec
    Start 57: test_service_introspection_discovery_control_path
    Test #57: test_service_introspection_discovery_control_path ...   Passed    0.01 sec
    Start 57: test_service_introspection_discovery_control_path
    Test #57: test_service_introspection_discovery_control_path ...   Passed    0.01 sec
    Start 57: test_service_introspection_discovery_control_path
    Test #57: test_service_introspection_discovery_control_path ...   Passed    0.01 sec
    Start 57: test_service_introspection_discovery_control_path
    Test #57: test_service_introspection_discovery_control_path ...   Passed    0.01 sec
    Start 57: test_service_introspection_discovery_control_path
    Test #57: test_service_introspection_discovery_control_path ...   Passed    0.01 sec
    Start 57: test_service_introspection_discovery_control_path
    Test #57: test_service_introspection_discovery_control_path ...   Passed    0.01 sec
    Start 57: test_service_introspection_discovery_control_path
    Test #57: test_service_introspection_discovery_control_path ...   Passed    0.01 sec
    Start 57: test_service_introspection_discovery_control_path
    Test #57: test_service_introspection_discovery_control_path ...   Passed    0.01 sec
    Start 57: test_service_introspection_discovery_control_path
    Test #57: test_service_introspection_discovery_control_path ...   Passed    0.01 sec
    Start 57: test_service_introspection_discovery_control_path
    Test #57: test_service_introspection_discovery_control_path ...   Passed    0.01 sec
    Start 57: test_service_introspection_discovery_control_path
    Test #57: test_service_introspection_discovery_control_path ...   Passed    0.01 sec
    Start 57: test_service_introspection_discovery_control_path
    Test #57: test_service_introspection_discovery_control_path ...   Passed    0.01 sec
    Start 57: test_service_introspection_discovery_control_path
    Test #57: test_service_introspection_discovery_control_path ...   Passed    0.01 sec
    Start 57: test_service_introspection_discovery_control_path
    Test #57: test_service_introspection_discovery_control_path ...   Passed    0.01 sec
    Start 57: test_service_introspection_discovery_control_path
    Test #57: test_service_introspection_discovery_control_path ...   Passed    0.01 sec
    Start 57: test_service_introspection_discovery_control_path
    Test #57: test_service_introspection_discovery_control_path ...   Passed    0.01 sec
    Start 57: test_service_introspection_discovery_control_path
    Test #57: test_service_introspection_discovery_control_path ...   Passed    0.01 sec
    Start 57: test_service_introspection_discovery_control_path
    Test #57: test_service_introspection_discovery_control_path ...   Passed    0.01 sec
    Start 57: test_service_introspection_discovery_control_path
    Test #57: test_service_introspection_discovery_control_path ...   Passed    0.01 sec
    Start 57: test_service_introspection_discovery_control_path
    Test #57: test_service_introspection_discovery_control_path ...   Passed    0.01 sec
    Start 57: test_service_introspection_discovery_control_path
    Test #57: test_service_introspection_discovery_control_path ...   Passed    0.01 sec
    Start 57: test_service_introspection_discovery_control_path
    Test #57: test_service_introspection_discovery_control_path ...   Passed    0.01 sec
    Start 57: test_service_introspection_discovery_control_path
    Test #57: test_service_introspection_discovery_control_path ...   Passed    0.01 sec
    Start 57: test_service_introspection_discovery_control_path
    Test #57: test_service_introspection_discovery_control_path ...   Passed    0.01 sec
    Start 57: test_service_introspection_discovery_control_path
    Test #57: test_service_introspection_discovery_control_path ...   Passed    0.01 sec
    Start 57: test_service_introspection_discovery_control_path
    Test #57: test_service_introspection_discovery_control_path ...   Passed    0.01 sec
    Start 57: test_service_introspection_discovery_control_path
    Test #57: test_service_introspection_discovery_control_path ...   Passed    0.01 sec
    Start 57: test_service_introspection_discovery_control_path
    Test #57: test_service_introspection_discovery_control_path ...   Passed    0.01 sec
    Start 57: test_service_introspection_discovery_control_path
    Test #57: test_service_introspection_discovery_control_path ...   Passed    0.01 sec
    Start 57: test_service_introspection_discovery_control_path
    Test #57: test_service_introspection_discovery_control_path ...   Passed    0.01 sec
    Start 57: test_service_introspection_discovery_control_path
    Test #57: test_service_introspection_discovery_control_path ...   Passed    0.01 sec
    Start 57: test_service_introspection_discovery_control_path
    Test #57: test_service_introspection_discovery_control_path ...   Passed    0.01 sec
    Start 57: test_service_introspection_discovery_control_path
    Test #57: test_service_introspection_discovery_control_path ...   Passed    0.01 sec
    Start 57: test_service_introspection_discovery_control_path
    Test #57: test_service_introspection_discovery_control_path ...   Passed    0.01 sec
    Start 57: test_service_introspection_discovery_control_path
    Test #57: test_service_introspection_discovery_control_path ...   Passed    0.01 sec
    Start 57: test_service_introspection_discovery_control_path
    Test #57: test_service_introspection_discovery_control_path ...   Passed    0.01 sec
    Start 57: test_service_introspection_discovery_control_path
    Test #57: test_service_introspection_discovery_control_path ...   Passed    0.01 sec
    Start 57: test_service_introspection_discovery_control_path
    Test #57: test_service_introspection_discovery_control_path ...   Passed    0.01 sec
    Start 57: test_service_introspection_discovery_control_path
    Test #57: test_service_introspection_discovery_control_path ...   Passed    0.01 sec
    Start 57: test_service_introspection_discovery_control_path
    Test #57: test_service_introspection_discovery_control_path ...   Passed    0.01 sec
    Start 57: test_service_introspection_discovery_control_path
    Test #57: test_service_introspection_discovery_control_path ...   Passed    0.01 sec
    Start 57: test_service_introspection_discovery_control_path
    Test #57: test_service_introspection_discovery_control_path ...   Passed    0.01 sec
    Start 57: test_service_introspection_discovery_control_path
    Test #57: test_service_introspection_discovery_control_path ...   Passed    0.01 sec
    Start 57: test_service_introspection_discovery_control_path
    Test #57: test_service_introspection_discovery_control_path ...   Passed    0.01 sec
    Start 57: test_service_introspection_discovery_control_path
    Test #57: test_service_introspection_discovery_control_path ...   Passed    0.01 sec
    Start 57: test_service_introspection_discovery_control_path
    Test #57: test_service_introspection_discovery_control_path ...   Passed    0.01 sec
    Start 57: test_service_introspection_discovery_control_path
    Test #57: test_service_introspection_discovery_control_path ...   Passed    0.01 sec
    Start 57: test_service_introspection_discovery_control_path
1/1 Test #57: test_service_introspection_discovery_control_path ...   Passed    0.01 sec

100% tests passed, 0 tests failed out of 1

Total Test time (real) =   0.88 sec
=== Repeating test_service_introspection_discovery_ordering (100 iterations) ===
Internal ctest changing into directory: /home/hep7/project/kairos/zlink/core/build
Test project /home/hep7/project/kairos/zlink/core/build
    Start 50: test_service_introspection_discovery_ordering
    Test #50: test_service_introspection_discovery_ordering ...   Passed    0.04 sec
    Start 50: test_service_introspection_discovery_ordering
    Test #50: test_service_introspection_discovery_ordering ...   Passed    0.04 sec
    Start 50: test_service_introspection_discovery_ordering
    Test #50: test_service_introspection_discovery_ordering ...   Passed    0.04 sec
    Start 50: test_service_introspection_discovery_ordering
    Test #50: test_service_introspection_discovery_ordering ...   Passed    0.04 sec
    Start 50: test_service_introspection_discovery_ordering
    Test #50: test_service_introspection_discovery_ordering ...   Passed    0.04 sec
    Start 50: test_service_introspection_discovery_ordering
    Test #50: test_service_introspection_discovery_ordering ...   Passed    0.04 sec
    Start 50: test_service_introspection_discovery_ordering
    Test #50: test_service_introspection_discovery_ordering ...   Passed    0.04 sec
    Start 50: test_service_introspection_discovery_ordering
    Test #50: test_service_introspection_discovery_ordering ...   Passed    0.04 sec
    Start 50: test_service_introspection_discovery_ordering
    Test #50: test_service_introspection_discovery_ordering ...   Passed    0.04 sec
    Start 50: test_service_introspection_discovery_ordering
    Test #50: test_service_introspection_discovery_ordering ...   Passed    0.04 sec
    Start 50: test_service_introspection_discovery_ordering
    Test #50: test_service_introspection_discovery_ordering ...   Passed    0.04 sec
    Start 50: test_service_introspection_discovery_ordering
    Test #50: test_service_introspection_discovery_ordering ...   Passed    0.04 sec
    Start 50: test_service_introspection_discovery_ordering
    Test #50: test_service_introspection_discovery_ordering ...   Passed    0.04 sec
    Start 50: test_service_introspection_discovery_ordering
    Test #50: test_service_introspection_discovery_ordering ...   Passed    0.04 sec
    Start 50: test_service_introspection_discovery_ordering
    Test #50: test_service_introspection_discovery_ordering ...   Passed    0.04 sec
    Start 50: test_service_introspection_discovery_ordering
    Test #50: test_service_introspection_discovery_ordering ...   Passed    0.04 sec
    Start 50: test_service_introspection_discovery_ordering
    Test #50: test_service_introspection_discovery_ordering ...   Passed    0.04 sec
    Start 50: test_service_introspection_discovery_ordering
    Test #50: test_service_introspection_discovery_ordering ...   Passed    0.04 sec
    Start 50: test_service_introspection_discovery_ordering
    Test #50: test_service_introspection_discovery_ordering ...   Passed    0.04 sec
    Start 50: test_service_introspection_discovery_ordering
    Test #50: test_service_introspection_discovery_ordering ...   Passed    0.04 sec
    Start 50: test_service_introspection_discovery_ordering
    Test #50: test_service_introspection_discovery_ordering ...   Passed    0.04 sec
    Start 50: test_service_introspection_discovery_ordering
    Test #50: test_service_introspection_discovery_ordering ...   Passed    0.04 sec
    Start 50: test_service_introspection_discovery_ordering
    Test #50: test_service_introspection_discovery_ordering ...   Passed    0.04 sec
    Start 50: test_service_introspection_discovery_ordering
    Test #50: test_service_introspection_discovery_ordering ...   Passed    0.04 sec
    Start 50: test_service_introspection_discovery_ordering
    Test #50: test_service_introspection_discovery_ordering ...   Passed    0.04 sec
    Start 50: test_service_introspection_discovery_ordering
    Test #50: test_service_introspection_discovery_ordering ...   Passed    0.04 sec
    Start 50: test_service_introspection_discovery_ordering
    Test #50: test_service_introspection_discovery_ordering ...   Passed    0.04 sec
    Start 50: test_service_introspection_discovery_ordering
    Test #50: test_service_introspection_discovery_ordering ...   Passed    0.04 sec
    Start 50: test_service_introspection_discovery_ordering
    Test #50: test_service_introspection_discovery_ordering ...   Passed    0.04 sec
    Start 50: test_service_introspection_discovery_ordering
    Test #50: test_service_introspection_discovery_ordering ...   Passed    0.04 sec
    Start 50: test_service_introspection_discovery_ordering
    Test #50: test_service_introspection_discovery_ordering ...   Passed    0.04 sec
    Start 50: test_service_introspection_discovery_ordering
    Test #50: test_service_introspection_discovery_ordering ...   Passed    0.04 sec
    Start 50: test_service_introspection_discovery_ordering
    Test #50: test_service_introspection_discovery_ordering ...   Passed    0.04 sec
    Start 50: test_service_introspection_discovery_ordering
    Test #50: test_service_introspection_discovery_ordering ...   Passed    0.04 sec
    Start 50: test_service_introspection_discovery_ordering
    Test #50: test_service_introspection_discovery_ordering ...   Passed    0.04 sec
    Start 50: test_service_introspection_discovery_ordering
    Test #50: test_service_introspection_discovery_ordering ...   Passed    0.04 sec
    Start 50: test_service_introspection_discovery_ordering
    Test #50: test_service_introspection_discovery_ordering ...   Passed    0.04 sec
    Start 50: test_service_introspection_discovery_ordering
    Test #50: test_service_introspection_discovery_ordering ...   Passed    0.04 sec
    Start 50: test_service_introspection_discovery_ordering
    Test #50: test_service_introspection_discovery_ordering ...   Passed    0.04 sec
    Start 50: test_service_introspection_discovery_ordering
    Test #50: test_service_introspection_discovery_ordering ...   Passed    0.04 sec
    Start 50: test_service_introspection_discovery_ordering
    Test #50: test_service_introspection_discovery_ordering ...   Passed    0.04 sec
    Start 50: test_service_introspection_discovery_ordering
    Test #50: test_service_introspection_discovery_ordering ...   Passed    0.04 sec
    Start 50: test_service_introspection_discovery_ordering
    Test #50: test_service_introspection_discovery_ordering ...   Passed    0.04 sec
    Start 50: test_service_introspection_discovery_ordering
    Test #50: test_service_introspection_discovery_ordering ...   Passed    0.04 sec
    Start 50: test_service_introspection_discovery_ordering
    Test #50: test_service_introspection_discovery_ordering ...   Passed    0.04 sec
    Start 50: test_service_introspection_discovery_ordering
    Test #50: test_service_introspection_discovery_ordering ...   Passed    0.04 sec
    Start 50: test_service_introspection_discovery_ordering
    Test #50: test_service_introspection_discovery_ordering ...   Passed    0.04 sec
    Start 50: test_service_introspection_discovery_ordering
    Test #50: test_service_introspection_discovery_ordering ...   Passed    0.04 sec
    Start 50: test_service_introspection_discovery_ordering
    Test #50: test_service_introspection_discovery_ordering ...   Passed    0.04 sec
    Start 50: test_service_introspection_discovery_ordering
    Test #50: test_service_introspection_discovery_ordering ...   Passed    0.04 sec
    Start 50: test_service_introspection_discovery_ordering
    Test #50: test_service_introspection_discovery_ordering ...   Passed    0.04 sec
    Start 50: test_service_introspection_discovery_ordering
    Test #50: test_service_introspection_discovery_ordering ...   Passed    0.04 sec
    Start 50: test_service_introspection_discovery_ordering
    Test #50: test_service_introspection_discovery_ordering ...   Passed    0.04 sec
    Start 50: test_service_introspection_discovery_ordering
    Test #50: test_service_introspection_discovery_ordering ...   Passed    0.04 sec
    Start 50: test_service_introspection_discovery_ordering
    Test #50: test_service_introspection_discovery_ordering ...   Passed    0.04 sec
    Start 50: test_service_introspection_discovery_ordering
    Test #50: test_service_introspection_discovery_ordering ...   Passed    0.04 sec
    Start 50: test_service_introspection_discovery_ordering
    Test #50: test_service_introspection_discovery_ordering ...   Passed    0.04 sec
    Start 50: test_service_introspection_discovery_ordering
    Test #50: test_service_introspection_discovery_ordering ...   Passed    0.04 sec
    Start 50: test_service_introspection_discovery_ordering
    Test #50: test_service_introspection_discovery_ordering ...   Passed    0.04 sec
    Start 50: test_service_introspection_discovery_ordering
    Test #50: test_service_introspection_discovery_ordering ...   Passed    0.04 sec
    Start 50: test_service_introspection_discovery_ordering
    Test #50: test_service_introspection_discovery_ordering ...   Passed    0.04 sec
    Start 50: test_service_introspection_discovery_ordering
    Test #50: test_service_introspection_discovery_ordering ...   Passed    0.04 sec
    Start 50: test_service_introspection_discovery_ordering
    Test #50: test_service_introspection_discovery_ordering ...   Passed    0.04 sec
    Start 50: test_service_introspection_discovery_ordering
    Test #50: test_service_introspection_discovery_ordering ...   Passed    0.04 sec
    Start 50: test_service_introspection_discovery_ordering
    Test #50: test_service_introspection_discovery_ordering ...   Passed    0.04 sec
    Start 50: test_service_introspection_discovery_ordering
    Test #50: test_service_introspection_discovery_ordering ...   Passed    0.04 sec
    Start 50: test_service_introspection_discovery_ordering
    Test #50: test_service_introspection_discovery_ordering ...   Passed    0.04 sec
    Start 50: test_service_introspection_discovery_ordering
    Test #50: test_service_introspection_discovery_ordering ...   Passed    0.04 sec
    Start 50: test_service_introspection_discovery_ordering
    Test #50: test_service_introspection_discovery_ordering ...   Passed    0.04 sec
    Start 50: test_service_introspection_discovery_ordering
    Test #50: test_service_introspection_discovery_ordering ...   Passed    0.04 sec
    Start 50: test_service_introspection_discovery_ordering
    Test #50: test_service_introspection_discovery_ordering ...   Passed    0.04 sec
    Start 50: test_service_introspection_discovery_ordering
    Test #50: test_service_introspection_discovery_ordering ...   Passed    0.04 sec
    Start 50: test_service_introspection_discovery_ordering
    Test #50: test_service_introspection_discovery_ordering ...   Passed    0.04 sec
    Start 50: test_service_introspection_discovery_ordering
    Test #50: test_service_introspection_discovery_ordering ...   Passed    0.04 sec
    Start 50: test_service_introspection_discovery_ordering
    Test #50: test_service_introspection_discovery_ordering ...   Passed    0.04 sec
    Start 50: test_service_introspection_discovery_ordering
    Test #50: test_service_introspection_discovery_ordering ...   Passed    0.04 sec
    Start 50: test_service_introspection_discovery_ordering
    Test #50: test_service_introspection_discovery_ordering ...   Passed    0.04 sec
    Start 50: test_service_introspection_discovery_ordering
    Test #50: test_service_introspection_discovery_ordering ...   Passed    0.04 sec
    Start 50: test_service_introspection_discovery_ordering
    Test #50: test_service_introspection_discovery_ordering ...   Passed    0.04 sec
    Start 50: test_service_introspection_discovery_ordering
    Test #50: test_service_introspection_discovery_ordering ...   Passed    0.04 sec
    Start 50: test_service_introspection_discovery_ordering
    Test #50: test_service_introspection_discovery_ordering ...   Passed    0.04 sec
    Start 50: test_service_introspection_discovery_ordering
    Test #50: test_service_introspection_discovery_ordering ...   Passed    0.04 sec
    Start 50: test_service_introspection_discovery_ordering
    Test #50: test_service_introspection_discovery_ordering ...   Passed    0.04 sec
    Start 50: test_service_introspection_discovery_ordering
    Test #50: test_service_introspection_discovery_ordering ...   Passed    0.04 sec
    Start 50: test_service_introspection_discovery_ordering
    Test #50: test_service_introspection_discovery_ordering ...   Passed    0.04 sec
    Start 50: test_service_introspection_discovery_ordering
    Test #50: test_service_introspection_discovery_ordering ...   Passed    0.04 sec
    Start 50: test_service_introspection_discovery_ordering
    Test #50: test_service_introspection_discovery_ordering ...   Passed    0.04 sec
    Start 50: test_service_introspection_discovery_ordering
    Test #50: test_service_introspection_discovery_ordering ...   Passed    0.04 sec
    Start 50: test_service_introspection_discovery_ordering
    Test #50: test_service_introspection_discovery_ordering ...   Passed    0.04 sec
    Start 50: test_service_introspection_discovery_ordering
    Test #50: test_service_introspection_discovery_ordering ...   Passed    0.04 sec
    Start 50: test_service_introspection_discovery_ordering
    Test #50: test_service_introspection_discovery_ordering ...   Passed    0.04 sec
    Start 50: test_service_introspection_discovery_ordering
    Test #50: test_service_introspection_discovery_ordering ...   Passed    0.04 sec
    Start 50: test_service_introspection_discovery_ordering
    Test #50: test_service_introspection_discovery_ordering ...   Passed    0.04 sec
    Start 50: test_service_introspection_discovery_ordering
    Test #50: test_service_introspection_discovery_ordering ...   Passed    0.04 sec
    Start 50: test_service_introspection_discovery_ordering
    Test #50: test_service_introspection_discovery_ordering ...   Passed    0.04 sec
    Start 50: test_service_introspection_discovery_ordering
    Test #50: test_service_introspection_discovery_ordering ...   Passed    0.04 sec
    Start 50: test_service_introspection_discovery_ordering
    Test #50: test_service_introspection_discovery_ordering ...   Passed    0.04 sec
    Start 50: test_service_introspection_discovery_ordering
    Test #50: test_service_introspection_discovery_ordering ...   Passed    0.04 sec
    Start 50: test_service_introspection_discovery_ordering
    Test #50: test_service_introspection_discovery_ordering ...   Passed    0.04 sec
    Start 50: test_service_introspection_discovery_ordering
1/1 Test #50: test_service_introspection_discovery_ordering ...   Passed    0.04 sec

100% tests passed, 0 tests failed out of 1

Total Test time (real) =   4.17 sec
=== Repeating test_service_introspection_discovery_self_close (100 iterations) ===
Internal ctest changing into directory: /home/hep7/project/kairos/zlink/core/build
Test project /home/hep7/project/kairos/zlink/core/build
    Start 51: test_service_introspection_discovery_self_close
    Test #51: test_service_introspection_discovery_self_close ...   Passed    0.03 sec
    Start 51: test_service_introspection_discovery_self_close
    Test #51: test_service_introspection_discovery_self_close ...   Passed    0.03 sec
    Start 51: test_service_introspection_discovery_self_close
    Test #51: test_service_introspection_discovery_self_close ...   Passed    0.03 sec
    Start 51: test_service_introspection_discovery_self_close
    Test #51: test_service_introspection_discovery_self_close ...   Passed    0.03 sec
    Start 51: test_service_introspection_discovery_self_close
    Test #51: test_service_introspection_discovery_self_close ...   Passed    0.03 sec
    Start 51: test_service_introspection_discovery_self_close
    Test #51: test_service_introspection_discovery_self_close ...   Passed    0.03 sec
    Start 51: test_service_introspection_discovery_self_close
    Test #51: test_service_introspection_discovery_self_close ...   Passed    0.03 sec
    Start 51: test_service_introspection_discovery_self_close
    Test #51: test_service_introspection_discovery_self_close ...   Passed    0.03 sec
    Start 51: test_service_introspection_discovery_self_close
    Test #51: test_service_introspection_discovery_self_close ...   Passed    0.03 sec
    Start 51: test_service_introspection_discovery_self_close
    Test #51: test_service_introspection_discovery_self_close ...   Passed    0.03 sec
    Start 51: test_service_introspection_discovery_self_close
    Test #51: test_service_introspection_discovery_self_close ...   Passed    0.03 sec
    Start 51: test_service_introspection_discovery_self_close
    Test #51: test_service_introspection_discovery_self_close ...   Passed    0.03 sec
    Start 51: test_service_introspection_discovery_self_close
    Test #51: test_service_introspection_discovery_self_close ...   Passed    0.03 sec
    Start 51: test_service_introspection_discovery_self_close
    Test #51: test_service_introspection_discovery_self_close ...   Passed    0.03 sec
    Start 51: test_service_introspection_discovery_self_close
    Test #51: test_service_introspection_discovery_self_close ...   Passed    0.03 sec
    Start 51: test_service_introspection_discovery_self_close
    Test #51: test_service_introspection_discovery_self_close ...   Passed    0.03 sec
    Start 51: test_service_introspection_discovery_self_close
    Test #51: test_service_introspection_discovery_self_close ...   Passed    0.03 sec
    Start 51: test_service_introspection_discovery_self_close
    Test #51: test_service_introspection_discovery_self_close ...   Passed    0.03 sec
    Start 51: test_service_introspection_discovery_self_close
    Test #51: test_service_introspection_discovery_self_close ...   Passed    0.03 sec
    Start 51: test_service_introspection_discovery_self_close
    Test #51: test_service_introspection_discovery_self_close ...   Passed    0.03 sec
    Start 51: test_service_introspection_discovery_self_close
    Test #51: test_service_introspection_discovery_self_close ...   Passed    0.03 sec
    Start 51: test_service_introspection_discovery_self_close
    Test #51: test_service_introspection_discovery_self_close ...   Passed    0.03 sec
    Start 51: test_service_introspection_discovery_self_close
    Test #51: test_service_introspection_discovery_self_close ...   Passed    0.03 sec
    Start 51: test_service_introspection_discovery_self_close
    Test #51: test_service_introspection_discovery_self_close ...   Passed    0.03 sec
    Start 51: test_service_introspection_discovery_self_close
    Test #51: test_service_introspection_discovery_self_close ...   Passed    0.03 sec
    Start 51: test_service_introspection_discovery_self_close
    Test #51: test_service_introspection_discovery_self_close ...   Passed    0.03 sec
    Start 51: test_service_introspection_discovery_self_close
    Test #51: test_service_introspection_discovery_self_close ...   Passed    0.03 sec
    Start 51: test_service_introspection_discovery_self_close
    Test #51: test_service_introspection_discovery_self_close ...   Passed    0.03 sec
    Start 51: test_service_introspection_discovery_self_close
    Test #51: test_service_introspection_discovery_self_close ...   Passed    0.03 sec
    Start 51: test_service_introspection_discovery_self_close
    Test #51: test_service_introspection_discovery_self_close ...   Passed    0.03 sec
    Start 51: test_service_introspection_discovery_self_close
    Test #51: test_service_introspection_discovery_self_close ...   Passed    0.03 sec
    Start 51: test_service_introspection_discovery_self_close
    Test #51: test_service_introspection_discovery_self_close ...   Passed    0.03 sec
    Start 51: test_service_introspection_discovery_self_close
    Test #51: test_service_introspection_discovery_self_close ...   Passed    0.03 sec
    Start 51: test_service_introspection_discovery_self_close
    Test #51: test_service_introspection_discovery_self_close ...   Passed    0.03 sec
    Start 51: test_service_introspection_discovery_self_close
    Test #51: test_service_introspection_discovery_self_close ...   Passed    0.03 sec
    Start 51: test_service_introspection_discovery_self_close
    Test #51: test_service_introspection_discovery_self_close ...   Passed    0.03 sec
    Start 51: test_service_introspection_discovery_self_close
    Test #51: test_service_introspection_discovery_self_close ...   Passed    0.03 sec
    Start 51: test_service_introspection_discovery_self_close
    Test #51: test_service_introspection_discovery_self_close ...   Passed    0.03 sec
    Start 51: test_service_introspection_discovery_self_close
    Test #51: test_service_introspection_discovery_self_close ...   Passed    0.03 sec
    Start 51: test_service_introspection_discovery_self_close
    Test #51: test_service_introspection_discovery_self_close ...   Passed    0.03 sec
    Start 51: test_service_introspection_discovery_self_close
    Test #51: test_service_introspection_discovery_self_close ...   Passed    0.03 sec
    Start 51: test_service_introspection_discovery_self_close
    Test #51: test_service_introspection_discovery_self_close ...   Passed    0.03 sec
    Start 51: test_service_introspection_discovery_self_close
    Test #51: test_service_introspection_discovery_self_close ...   Passed    0.03 sec
    Start 51: test_service_introspection_discovery_self_close
    Test #51: test_service_introspection_discovery_self_close ...   Passed    0.03 sec
    Start 51: test_service_introspection_discovery_self_close
    Test #51: test_service_introspection_discovery_self_close ...   Passed    0.03 sec
    Start 51: test_service_introspection_discovery_self_close
    Test #51: test_service_introspection_discovery_self_close ...   Passed    0.03 sec
    Start 51: test_service_introspection_discovery_self_close
    Test #51: test_service_introspection_discovery_self_close ...   Passed    0.03 sec
    Start 51: test_service_introspection_discovery_self_close
    Test #51: test_service_introspection_discovery_self_close ...   Passed    0.03 sec
    Start 51: test_service_introspection_discovery_self_close
    Test #51: test_service_introspection_discovery_self_close ...   Passed    0.03 sec
    Start 51: test_service_introspection_discovery_self_close
    Test #51: test_service_introspection_discovery_self_close ...   Passed    0.04 sec
    Start 51: test_service_introspection_discovery_self_close
    Test #51: test_service_introspection_discovery_self_close ...   Passed    0.03 sec
    Start 51: test_service_introspection_discovery_self_close
    Test #51: test_service_introspection_discovery_self_close ...   Passed    0.03 sec
    Start 51: test_service_introspection_discovery_self_close
    Test #51: test_service_introspection_discovery_self_close ...   Passed    0.03 sec
    Start 51: test_service_introspection_discovery_self_close
    Test #51: test_service_introspection_discovery_self_close ...   Passed    0.03 sec
    Start 51: test_service_introspection_discovery_self_close
    Test #51: test_service_introspection_discovery_self_close ...   Passed    0.03 sec
    Start 51: test_service_introspection_discovery_self_close
    Test #51: test_service_introspection_discovery_self_close ...   Passed    0.03 sec
    Start 51: test_service_introspection_discovery_self_close
    Test #51: test_service_introspection_discovery_self_close ...   Passed    0.03 sec
    Start 51: test_service_introspection_discovery_self_close
    Test #51: test_service_introspection_discovery_self_close ...   Passed    0.03 sec
    Start 51: test_service_introspection_discovery_self_close
    Test #51: test_service_introspection_discovery_self_close ...   Passed    0.03 sec
    Start 51: test_service_introspection_discovery_self_close
    Test #51: test_service_introspection_discovery_self_close ...   Passed    0.03 sec
    Start 51: test_service_introspection_discovery_self_close
    Test #51: test_service_introspection_discovery_self_close ...   Passed    0.03 sec
    Start 51: test_service_introspection_discovery_self_close
    Test #51: test_service_introspection_discovery_self_close ...   Passed    0.03 sec
    Start 51: test_service_introspection_discovery_self_close
    Test #51: test_service_introspection_discovery_self_close ...   Passed    0.03 sec
    Start 51: test_service_introspection_discovery_self_close
    Test #51: test_service_introspection_discovery_self_close ...   Passed    0.03 sec
    Start 51: test_service_introspection_discovery_self_close
    Test #51: test_service_introspection_discovery_self_close ...   Passed    0.03 sec
    Start 51: test_service_introspection_discovery_self_close
    Test #51: test_service_introspection_discovery_self_close ...   Passed    0.03 sec
    Start 51: test_service_introspection_discovery_self_close
    Test #51: test_service_introspection_discovery_self_close ...   Passed    0.03 sec
    Start 51: test_service_introspection_discovery_self_close
    Test #51: test_service_introspection_discovery_self_close ...   Passed    0.03 sec
    Start 51: test_service_introspection_discovery_self_close
    Test #51: test_service_introspection_discovery_self_close ...   Passed    0.03 sec
    Start 51: test_service_introspection_discovery_self_close
    Test #51: test_service_introspection_discovery_self_close ...   Passed    0.03 sec
    Start 51: test_service_introspection_discovery_self_close
    Test #51: test_service_introspection_discovery_self_close ...   Passed    0.03 sec
    Start 51: test_service_introspection_discovery_self_close
    Test #51: test_service_introspection_discovery_self_close ...   Passed    0.03 sec
    Start 51: test_service_introspection_discovery_self_close
    Test #51: test_service_introspection_discovery_self_close ...   Passed    0.03 sec
    Start 51: test_service_introspection_discovery_self_close
    Test #51: test_service_introspection_discovery_self_close ...   Passed    0.03 sec
    Start 51: test_service_introspection_discovery_self_close
    Test #51: test_service_introspection_discovery_self_close ...   Passed    0.03 sec
    Start 51: test_service_introspection_discovery_self_close
    Test #51: test_service_introspection_discovery_self_close ...   Passed    0.03 sec
    Start 51: test_service_introspection_discovery_self_close
    Test #51: test_service_introspection_discovery_self_close ...   Passed    0.03 sec
    Start 51: test_service_introspection_discovery_self_close
    Test #51: test_service_introspection_discovery_self_close ...   Passed    0.03 sec
    Start 51: test_service_introspection_discovery_self_close
    Test #51: test_service_introspection_discovery_self_close ...   Passed    0.03 sec
    Start 51: test_service_introspection_discovery_self_close
    Test #51: test_service_introspection_discovery_self_close ...   Passed    0.03 sec
    Start 51: test_service_introspection_discovery_self_close
    Test #51: test_service_introspection_discovery_self_close ...   Passed    0.03 sec
    Start 51: test_service_introspection_discovery_self_close
    Test #51: test_service_introspection_discovery_self_close ...   Passed    0.03 sec
    Start 51: test_service_introspection_discovery_self_close
    Test #51: test_service_introspection_discovery_self_close ...   Passed    0.03 sec
    Start 51: test_service_introspection_discovery_self_close
    Test #51: test_service_introspection_discovery_self_close ...   Passed    0.03 sec
    Start 51: test_service_introspection_discovery_self_close
    Test #51: test_service_introspection_discovery_self_close ...   Passed    0.03 sec
    Start 51: test_service_introspection_discovery_self_close
    Test #51: test_service_introspection_discovery_self_close ...   Passed    0.03 sec
    Start 51: test_service_introspection_discovery_self_close
    Test #51: test_service_introspection_discovery_self_close ...   Passed    0.03 sec
    Start 51: test_service_introspection_discovery_self_close
    Test #51: test_service_introspection_discovery_self_close ...   Passed    0.03 sec
    Start 51: test_service_introspection_discovery_self_close
    Test #51: test_service_introspection_discovery_self_close ...   Passed    0.03 sec
    Start 51: test_service_introspection_discovery_self_close
    Test #51: test_service_introspection_discovery_self_close ...   Passed    0.03 sec
    Start 51: test_service_introspection_discovery_self_close
    Test #51: test_service_introspection_discovery_self_close ...   Passed    0.03 sec
    Start 51: test_service_introspection_discovery_self_close
    Test #51: test_service_introspection_discovery_self_close ...   Passed    0.03 sec
    Start 51: test_service_introspection_discovery_self_close
    Test #51: test_service_introspection_discovery_self_close ...   Passed    0.03 sec
    Start 51: test_service_introspection_discovery_self_close
    Test #51: test_service_introspection_discovery_self_close ...   Passed    0.03 sec
    Start 51: test_service_introspection_discovery_self_close
    Test #51: test_service_introspection_discovery_self_close ...   Passed    0.03 sec
    Start 51: test_service_introspection_discovery_self_close
    Test #51: test_service_introspection_discovery_self_close ...   Passed    0.03 sec
    Start 51: test_service_introspection_discovery_self_close
    Test #51: test_service_introspection_discovery_self_close ...   Passed    0.03 sec
    Start 51: test_service_introspection_discovery_self_close
    Test #51: test_service_introspection_discovery_self_close ...   Passed    0.03 sec
    Start 51: test_service_introspection_discovery_self_close
    Test #51: test_service_introspection_discovery_self_close ...   Passed    0.03 sec
    Start 51: test_service_introspection_discovery_self_close
1/1 Test #51: test_service_introspection_discovery_self_close ...   Passed    0.03 sec

100% tests passed, 0 tests failed out of 1

Total Test time (real) =   3.32 sec
=== Repeating test_service_introspection_discovery_lifecycle (100 iterations) ===
Internal ctest changing into directory: /home/hep7/project/kairos/zlink/core/build
Test project /home/hep7/project/kairos/zlink/core/build
    Start 53: test_service_introspection_discovery_lifecycle
    Test #53: test_service_introspection_discovery_lifecycle ...   Passed    0.01 sec
    Start 53: test_service_introspection_discovery_lifecycle
    Test #53: test_service_introspection_discovery_lifecycle ...   Passed    0.01 sec
    Start 53: test_service_introspection_discovery_lifecycle
    Test #53: test_service_introspection_discovery_lifecycle ...   Passed    0.01 sec
    Start 53: test_service_introspection_discovery_lifecycle
    Test #53: test_service_introspection_discovery_lifecycle ...   Passed    0.01 sec
    Start 53: test_service_introspection_discovery_lifecycle
    Test #53: test_service_introspection_discovery_lifecycle ...   Passed    0.01 sec
    Start 53: test_service_introspection_discovery_lifecycle
    Test #53: test_service_introspection_discovery_lifecycle ...   Passed    0.01 sec
    Start 53: test_service_introspection_discovery_lifecycle
    Test #53: test_service_introspection_discovery_lifecycle ...   Passed    0.01 sec
    Start 53: test_service_introspection_discovery_lifecycle
    Test #53: test_service_introspection_discovery_lifecycle ...   Passed    0.01 sec
    Start 53: test_service_introspection_discovery_lifecycle
    Test #53: test_service_introspection_discovery_lifecycle ...   Passed    0.01 sec
    Start 53: test_service_introspection_discovery_lifecycle
    Test #53: test_service_introspection_discovery_lifecycle ...   Passed    0.01 sec
    Start 53: test_service_introspection_discovery_lifecycle
    Test #53: test_service_introspection_discovery_lifecycle ...   Passed    0.01 sec
    Start 53: test_service_introspection_discovery_lifecycle
    Test #53: test_service_introspection_discovery_lifecycle ...   Passed    0.01 sec
    Start 53: test_service_introspection_discovery_lifecycle
    Test #53: test_service_introspection_discovery_lifecycle ...   Passed    0.01 sec
    Start 53: test_service_introspection_discovery_lifecycle
    Test #53: test_service_introspection_discovery_lifecycle ...   Passed    0.01 sec
    Start 53: test_service_introspection_discovery_lifecycle
    Test #53: test_service_introspection_discovery_lifecycle ...   Passed    0.01 sec
    Start 53: test_service_introspection_discovery_lifecycle
    Test #53: test_service_introspection_discovery_lifecycle ...   Passed    0.01 sec
    Start 53: test_service_introspection_discovery_lifecycle
    Test #53: test_service_introspection_discovery_lifecycle ...   Passed    0.01 sec
    Start 53: test_service_introspection_discovery_lifecycle
    Test #53: test_service_introspection_discovery_lifecycle ...   Passed    0.01 sec
    Start 53: test_service_introspection_discovery_lifecycle
    Test #53: test_service_introspection_discovery_lifecycle ...   Passed    0.01 sec
    Start 53: test_service_introspection_discovery_lifecycle
    Test #53: test_service_introspection_discovery_lifecycle ...   Passed    0.01 sec
    Start 53: test_service_introspection_discovery_lifecycle
    Test #53: test_service_introspection_discovery_lifecycle ...   Passed    0.01 sec
    Start 53: test_service_introspection_discovery_lifecycle
    Test #53: test_service_introspection_discovery_lifecycle ...   Passed    0.01 sec
    Start 53: test_service_introspection_discovery_lifecycle
    Test #53: test_service_introspection_discovery_lifecycle ...   Passed    0.01 sec
    Start 53: test_service_introspection_discovery_lifecycle
    Test #53: test_service_introspection_discovery_lifecycle ...   Passed    0.01 sec
    Start 53: test_service_introspection_discovery_lifecycle
    Test #53: test_service_introspection_discovery_lifecycle ...   Passed    0.01 sec
    Start 53: test_service_introspection_discovery_lifecycle
    Test #53: test_service_introspection_discovery_lifecycle ...   Passed    0.01 sec
    Start 53: test_service_introspection_discovery_lifecycle
    Test #53: test_service_introspection_discovery_lifecycle ...   Passed    0.01 sec
    Start 53: test_service_introspection_discovery_lifecycle
    Test #53: test_service_introspection_discovery_lifecycle ...   Passed    0.01 sec
    Start 53: test_service_introspection_discovery_lifecycle
    Test #53: test_service_introspection_discovery_lifecycle ...   Passed    0.01 sec
    Start 53: test_service_introspection_discovery_lifecycle
    Test #53: test_service_introspection_discovery_lifecycle ...   Passed    0.01 sec
    Start 53: test_service_introspection_discovery_lifecycle
    Test #53: test_service_introspection_discovery_lifecycle ...   Passed    0.01 sec
    Start 53: test_service_introspection_discovery_lifecycle
    Test #53: test_service_introspection_discovery_lifecycle ...   Passed    0.01 sec
    Start 53: test_service_introspection_discovery_lifecycle
    Test #53: test_service_introspection_discovery_lifecycle ...   Passed    0.01 sec
    Start 53: test_service_introspection_discovery_lifecycle
    Test #53: test_service_introspection_discovery_lifecycle ...   Passed    0.01 sec
    Start 53: test_service_introspection_discovery_lifecycle
    Test #53: test_service_introspection_discovery_lifecycle ...   Passed    0.01 sec
    Start 53: test_service_introspection_discovery_lifecycle
    Test #53: test_service_introspection_discovery_lifecycle ...   Passed    0.01 sec
    Start 53: test_service_introspection_discovery_lifecycle
    Test #53: test_service_introspection_discovery_lifecycle ...   Passed    0.01 sec
    Start 53: test_service_introspection_discovery_lifecycle
    Test #53: test_service_introspection_discovery_lifecycle ...   Passed    0.01 sec
    Start 53: test_service_introspection_discovery_lifecycle
    Test #53: test_service_introspection_discovery_lifecycle ...   Passed    0.01 sec
    Start 53: test_service_introspection_discovery_lifecycle
    Test #53: test_service_introspection_discovery_lifecycle ...   Passed    0.01 sec
    Start 53: test_service_introspection_discovery_lifecycle
    Test #53: test_service_introspection_discovery_lifecycle ...   Passed    0.01 sec
    Start 53: test_service_introspection_discovery_lifecycle
    Test #53: test_service_introspection_discovery_lifecycle ...   Passed    0.01 sec
    Start 53: test_service_introspection_discovery_lifecycle
    Test #53: test_service_introspection_discovery_lifecycle ...   Passed    0.01 sec
    Start 53: test_service_introspection_discovery_lifecycle
    Test #53: test_service_introspection_discovery_lifecycle ...   Passed    0.01 sec
    Start 53: test_service_introspection_discovery_lifecycle
    Test #53: test_service_introspection_discovery_lifecycle ...   Passed    0.01 sec
    Start 53: test_service_introspection_discovery_lifecycle
    Test #53: test_service_introspection_discovery_lifecycle ...   Passed    0.01 sec
    Start 53: test_service_introspection_discovery_lifecycle
    Test #53: test_service_introspection_discovery_lifecycle ...   Passed    0.01 sec
    Start 53: test_service_introspection_discovery_lifecycle
    Test #53: test_service_introspection_discovery_lifecycle ...   Passed    0.01 sec
    Start 53: test_service_introspection_discovery_lifecycle
    Test #53: test_service_introspection_discovery_lifecycle ...   Passed    0.01 sec
    Start 53: test_service_introspection_discovery_lifecycle
    Test #53: test_service_introspection_discovery_lifecycle ...   Passed    0.01 sec
    Start 53: test_service_introspection_discovery_lifecycle
    Test #53: test_service_introspection_discovery_lifecycle ...   Passed    0.01 sec
    Start 53: test_service_introspection_discovery_lifecycle
    Test #53: test_service_introspection_discovery_lifecycle ...   Passed    0.01 sec
    Start 53: test_service_introspection_discovery_lifecycle
    Test #53: test_service_introspection_discovery_lifecycle ...   Passed    0.01 sec
    Start 53: test_service_introspection_discovery_lifecycle
    Test #53: test_service_introspection_discovery_lifecycle ...   Passed    0.01 sec
    Start 53: test_service_introspection_discovery_lifecycle
    Test #53: test_service_introspection_discovery_lifecycle ...   Passed    0.01 sec
    Start 53: test_service_introspection_discovery_lifecycle
    Test #53: test_service_introspection_discovery_lifecycle ...   Passed    0.01 sec
    Start 53: test_service_introspection_discovery_lifecycle
    Test #53: test_service_introspection_discovery_lifecycle ...   Passed    0.01 sec
    Start 53: test_service_introspection_discovery_lifecycle
    Test #53: test_service_introspection_discovery_lifecycle ...   Passed    0.01 sec
    Start 53: test_service_introspection_discovery_lifecycle
    Test #53: test_service_introspection_discovery_lifecycle ...   Passed    0.01 sec
    Start 53: test_service_introspection_discovery_lifecycle
    Test #53: test_service_introspection_discovery_lifecycle ...   Passed    0.01 sec
    Start 53: test_service_introspection_discovery_lifecycle
    Test #53: test_service_introspection_discovery_lifecycle ...   Passed    0.01 sec
    Start 53: test_service_introspection_discovery_lifecycle
    Test #53: test_service_introspection_discovery_lifecycle ...   Passed    0.01 sec
    Start 53: test_service_introspection_discovery_lifecycle
    Test #53: test_service_introspection_discovery_lifecycle ...   Passed    0.01 sec
    Start 53: test_service_introspection_discovery_lifecycle
    Test #53: test_service_introspection_discovery_lifecycle ...   Passed    0.01 sec
    Start 53: test_service_introspection_discovery_lifecycle
    Test #53: test_service_introspection_discovery_lifecycle ...   Passed    0.01 sec
    Start 53: test_service_introspection_discovery_lifecycle
    Test #53: test_service_introspection_discovery_lifecycle ...   Passed    0.01 sec
    Start 53: test_service_introspection_discovery_lifecycle
    Test #53: test_service_introspection_discovery_lifecycle ...   Passed    0.01 sec
    Start 53: test_service_introspection_discovery_lifecycle
    Test #53: test_service_introspection_discovery_lifecycle ...   Passed    0.01 sec
    Start 53: test_service_introspection_discovery_lifecycle
    Test #53: test_service_introspection_discovery_lifecycle ...   Passed    0.01 sec
    Start 53: test_service_introspection_discovery_lifecycle
    Test #53: test_service_introspection_discovery_lifecycle ...   Passed    0.01 sec
    Start 53: test_service_introspection_discovery_lifecycle
    Test #53: test_service_introspection_discovery_lifecycle ...   Passed    0.01 sec
    Start 53: test_service_introspection_discovery_lifecycle
    Test #53: test_service_introspection_discovery_lifecycle ...   Passed    0.01 sec
    Start 53: test_service_introspection_discovery_lifecycle
    Test #53: test_service_introspection_discovery_lifecycle ...   Passed    0.01 sec
    Start 53: test_service_introspection_discovery_lifecycle
    Test #53: test_service_introspection_discovery_lifecycle ...   Passed    0.01 sec
    Start 53: test_service_introspection_discovery_lifecycle
    Test #53: test_service_introspection_discovery_lifecycle ...   Passed    0.01 sec
    Start 53: test_service_introspection_discovery_lifecycle
    Test #53: test_service_introspection_discovery_lifecycle ...   Passed    0.01 sec
    Start 53: test_service_introspection_discovery_lifecycle
    Test #53: test_service_introspection_discovery_lifecycle ...   Passed    0.01 sec
    Start 53: test_service_introspection_discovery_lifecycle
    Test #53: test_service_introspection_discovery_lifecycle ...   Passed    0.01 sec
    Start 53: test_service_introspection_discovery_lifecycle
    Test #53: test_service_introspection_discovery_lifecycle ...   Passed    0.01 sec
    Start 53: test_service_introspection_discovery_lifecycle
    Test #53: test_service_introspection_discovery_lifecycle ...   Passed    0.01 sec
    Start 53: test_service_introspection_discovery_lifecycle
    Test #53: test_service_introspection_discovery_lifecycle ...   Passed    0.01 sec
    Start 53: test_service_introspection_discovery_lifecycle
    Test #53: test_service_introspection_discovery_lifecycle ...   Passed    0.01 sec
    Start 53: test_service_introspection_discovery_lifecycle
    Test #53: test_service_introspection_discovery_lifecycle ...   Passed    0.01 sec
    Start 53: test_service_introspection_discovery_lifecycle
    Test #53: test_service_introspection_discovery_lifecycle ...   Passed    0.01 sec
    Start 53: test_service_introspection_discovery_lifecycle
    Test #53: test_service_introspection_discovery_lifecycle ...   Passed    0.01 sec
    Start 53: test_service_introspection_discovery_lifecycle
    Test #53: test_service_introspection_discovery_lifecycle ...   Passed    0.01 sec
    Start 53: test_service_introspection_discovery_lifecycle
    Test #53: test_service_introspection_discovery_lifecycle ...   Passed    0.01 sec
    Start 53: test_service_introspection_discovery_lifecycle
    Test #53: test_service_introspection_discovery_lifecycle ...   Passed    0.01 sec
    Start 53: test_service_introspection_discovery_lifecycle
    Test #53: test_service_introspection_discovery_lifecycle ...   Passed    0.01 sec
    Start 53: test_service_introspection_discovery_lifecycle
    Test #53: test_service_introspection_discovery_lifecycle ...   Passed    0.01 sec
    Start 53: test_service_introspection_discovery_lifecycle
    Test #53: test_service_introspection_discovery_lifecycle ...   Passed    0.01 sec
    Start 53: test_service_introspection_discovery_lifecycle
    Test #53: test_service_introspection_discovery_lifecycle ...   Passed    0.01 sec
    Start 53: test_service_introspection_discovery_lifecycle
    Test #53: test_service_introspection_discovery_lifecycle ...   Passed    0.01 sec
    Start 53: test_service_introspection_discovery_lifecycle
    Test #53: test_service_introspection_discovery_lifecycle ...   Passed    0.01 sec
    Start 53: test_service_introspection_discovery_lifecycle
    Test #53: test_service_introspection_discovery_lifecycle ...   Passed    0.01 sec
    Start 53: test_service_introspection_discovery_lifecycle
    Test #53: test_service_introspection_discovery_lifecycle ...   Passed    0.01 sec
    Start 53: test_service_introspection_discovery_lifecycle
    Test #53: test_service_introspection_discovery_lifecycle ...   Passed    0.01 sec
    Start 53: test_service_introspection_discovery_lifecycle
    Test #53: test_service_introspection_discovery_lifecycle ...   Passed    0.01 sec
    Start 53: test_service_introspection_discovery_lifecycle
    Test #53: test_service_introspection_discovery_lifecycle ...   Passed    0.01 sec
    Start 53: test_service_introspection_discovery_lifecycle
1/1 Test #53: test_service_introspection_discovery_lifecycle ...   Passed    0.01 sec

100% tests passed, 0 tests failed out of 1

Total Test time (real) =   0.78 sec
=== Repeating test_service_introspection_registry_lifecycle (100 iterations) ===
Internal ctest changing into directory: /home/hep7/project/kairos/zlink/core/build
Test project /home/hep7/project/kairos/zlink/core/build
    Start 54: test_service_introspection_registry_lifecycle
    Test #54: test_service_introspection_registry_lifecycle ...   Passed    0.01 sec
    Start 54: test_service_introspection_registry_lifecycle
    Test #54: test_service_introspection_registry_lifecycle ...   Passed    0.01 sec
    Start 54: test_service_introspection_registry_lifecycle
    Test #54: test_service_introspection_registry_lifecycle ...   Passed    0.01 sec
    Start 54: test_service_introspection_registry_lifecycle
    Test #54: test_service_introspection_registry_lifecycle ...   Passed    0.01 sec
    Start 54: test_service_introspection_registry_lifecycle
    Test #54: test_service_introspection_registry_lifecycle ...   Passed    0.01 sec
    Start 54: test_service_introspection_registry_lifecycle
    Test #54: test_service_introspection_registry_lifecycle ...   Passed    0.01 sec
    Start 54: test_service_introspection_registry_lifecycle
    Test #54: test_service_introspection_registry_lifecycle ...   Passed    0.01 sec
    Start 54: test_service_introspection_registry_lifecycle
    Test #54: test_service_introspection_registry_lifecycle ...   Passed    0.01 sec
    Start 54: test_service_introspection_registry_lifecycle
    Test #54: test_service_introspection_registry_lifecycle ...   Passed    0.01 sec
    Start 54: test_service_introspection_registry_lifecycle
    Test #54: test_service_introspection_registry_lifecycle ...   Passed    0.01 sec
    Start 54: test_service_introspection_registry_lifecycle
    Test #54: test_service_introspection_registry_lifecycle ...   Passed    0.01 sec
    Start 54: test_service_introspection_registry_lifecycle
    Test #54: test_service_introspection_registry_lifecycle ...   Passed    0.01 sec
    Start 54: test_service_introspection_registry_lifecycle
    Test #54: test_service_introspection_registry_lifecycle ...   Passed    0.01 sec
    Start 54: test_service_introspection_registry_lifecycle
    Test #54: test_service_introspection_registry_lifecycle ...   Passed    0.01 sec
    Start 54: test_service_introspection_registry_lifecycle
    Test #54: test_service_introspection_registry_lifecycle ...   Passed    0.01 sec
    Start 54: test_service_introspection_registry_lifecycle
    Test #54: test_service_introspection_registry_lifecycle ...   Passed    0.01 sec
    Start 54: test_service_introspection_registry_lifecycle
    Test #54: test_service_introspection_registry_lifecycle ...   Passed    0.01 sec
    Start 54: test_service_introspection_registry_lifecycle
    Test #54: test_service_introspection_registry_lifecycle ...   Passed    0.01 sec
    Start 54: test_service_introspection_registry_lifecycle
    Test #54: test_service_introspection_registry_lifecycle ...   Passed    0.01 sec
    Start 54: test_service_introspection_registry_lifecycle
    Test #54: test_service_introspection_registry_lifecycle ...   Passed    0.01 sec
    Start 54: test_service_introspection_registry_lifecycle
    Test #54: test_service_introspection_registry_lifecycle ...   Passed    0.01 sec
    Start 54: test_service_introspection_registry_lifecycle
    Test #54: test_service_introspection_registry_lifecycle ...   Passed    0.01 sec
    Start 54: test_service_introspection_registry_lifecycle
    Test #54: test_service_introspection_registry_lifecycle ...   Passed    0.01 sec
    Start 54: test_service_introspection_registry_lifecycle
    Test #54: test_service_introspection_registry_lifecycle ...   Passed    0.01 sec
    Start 54: test_service_introspection_registry_lifecycle
    Test #54: test_service_introspection_registry_lifecycle ...   Passed    0.01 sec
    Start 54: test_service_introspection_registry_lifecycle
    Test #54: test_service_introspection_registry_lifecycle ...   Passed    0.01 sec
    Start 54: test_service_introspection_registry_lifecycle
    Test #54: test_service_introspection_registry_lifecycle ...   Passed    0.01 sec
    Start 54: test_service_introspection_registry_lifecycle
    Test #54: test_service_introspection_registry_lifecycle ...   Passed    0.01 sec
    Start 54: test_service_introspection_registry_lifecycle
    Test #54: test_service_introspection_registry_lifecycle ...   Passed    0.01 sec
    Start 54: test_service_introspection_registry_lifecycle
    Test #54: test_service_introspection_registry_lifecycle ...   Passed    0.01 sec
    Start 54: test_service_introspection_registry_lifecycle
    Test #54: test_service_introspection_registry_lifecycle ...   Passed    0.01 sec
    Start 54: test_service_introspection_registry_lifecycle
    Test #54: test_service_introspection_registry_lifecycle ...   Passed    0.01 sec
    Start 54: test_service_introspection_registry_lifecycle
    Test #54: test_service_introspection_registry_lifecycle ...   Passed    0.01 sec
    Start 54: test_service_introspection_registry_lifecycle
    Test #54: test_service_introspection_registry_lifecycle ...   Passed    0.01 sec
    Start 54: test_service_introspection_registry_lifecycle
    Test #54: test_service_introspection_registry_lifecycle ...   Passed    0.01 sec
    Start 54: test_service_introspection_registry_lifecycle
    Test #54: test_service_introspection_registry_lifecycle ...   Passed    0.01 sec
    Start 54: test_service_introspection_registry_lifecycle
    Test #54: test_service_introspection_registry_lifecycle ...   Passed    0.01 sec
    Start 54: test_service_introspection_registry_lifecycle
    Test #54: test_service_introspection_registry_lifecycle ...   Passed    0.01 sec
    Start 54: test_service_introspection_registry_lifecycle
    Test #54: test_service_introspection_registry_lifecycle ...   Passed    0.01 sec
    Start 54: test_service_introspection_registry_lifecycle
    Test #54: test_service_introspection_registry_lifecycle ...   Passed    0.01 sec
    Start 54: test_service_introspection_registry_lifecycle
    Test #54: test_service_introspection_registry_lifecycle ...   Passed    0.01 sec
    Start 54: test_service_introspection_registry_lifecycle
    Test #54: test_service_introspection_registry_lifecycle ...   Passed    0.01 sec
    Start 54: test_service_introspection_registry_lifecycle
    Test #54: test_service_introspection_registry_lifecycle ...   Passed    0.01 sec
    Start 54: test_service_introspection_registry_lifecycle
    Test #54: test_service_introspection_registry_lifecycle ...   Passed    0.01 sec
    Start 54: test_service_introspection_registry_lifecycle
    Test #54: test_service_introspection_registry_lifecycle ...   Passed    0.01 sec
    Start 54: test_service_introspection_registry_lifecycle
    Test #54: test_service_introspection_registry_lifecycle ...   Passed    0.01 sec
    Start 54: test_service_introspection_registry_lifecycle
    Test #54: test_service_introspection_registry_lifecycle ...   Passed    0.01 sec
    Start 54: test_service_introspection_registry_lifecycle
    Test #54: test_service_introspection_registry_lifecycle ...   Passed    0.01 sec
    Start 54: test_service_introspection_registry_lifecycle
    Test #54: test_service_introspection_registry_lifecycle ...   Passed    0.01 sec
    Start 54: test_service_introspection_registry_lifecycle
    Test #54: test_service_introspection_registry_lifecycle ...   Passed    0.01 sec
    Start 54: test_service_introspection_registry_lifecycle
    Test #54: test_service_introspection_registry_lifecycle ...   Passed    0.01 sec
    Start 54: test_service_introspection_registry_lifecycle
    Test #54: test_service_introspection_registry_lifecycle ...   Passed    0.01 sec
    Start 54: test_service_introspection_registry_lifecycle
    Test #54: test_service_introspection_registry_lifecycle ...   Passed    0.01 sec
    Start 54: test_service_introspection_registry_lifecycle
    Test #54: test_service_introspection_registry_lifecycle ...   Passed    0.01 sec
    Start 54: test_service_introspection_registry_lifecycle
    Test #54: test_service_introspection_registry_lifecycle ...   Passed    0.01 sec
    Start 54: test_service_introspection_registry_lifecycle
    Test #54: test_service_introspection_registry_lifecycle ...   Passed    0.01 sec
    Start 54: test_service_introspection_registry_lifecycle
    Test #54: test_service_introspection_registry_lifecycle ...   Passed    0.01 sec
    Start 54: test_service_introspection_registry_lifecycle
    Test #54: test_service_introspection_registry_lifecycle ...   Passed    0.01 sec
    Start 54: test_service_introspection_registry_lifecycle
    Test #54: test_service_introspection_registry_lifecycle ...   Passed    0.01 sec
    Start 54: test_service_introspection_registry_lifecycle
    Test #54: test_service_introspection_registry_lifecycle ...   Passed    0.01 sec
    Start 54: test_service_introspection_registry_lifecycle
    Test #54: test_service_introspection_registry_lifecycle ...   Passed    0.01 sec
    Start 54: test_service_introspection_registry_lifecycle
    Test #54: test_service_introspection_registry_lifecycle ...   Passed    0.01 sec
    Start 54: test_service_introspection_registry_lifecycle
    Test #54: test_service_introspection_registry_lifecycle ...   Passed    0.01 sec
    Start 54: test_service_introspection_registry_lifecycle
    Test #54: test_service_introspection_registry_lifecycle ...   Passed    0.01 sec
    Start 54: test_service_introspection_registry_lifecycle
    Test #54: test_service_introspection_registry_lifecycle ...   Passed    0.01 sec
    Start 54: test_service_introspection_registry_lifecycle
    Test #54: test_service_introspection_registry_lifecycle ...   Passed    0.01 sec
    Start 54: test_service_introspection_registry_lifecycle
    Test #54: test_service_introspection_registry_lifecycle ...   Passed    0.01 sec
    Start 54: test_service_introspection_registry_lifecycle
    Test #54: test_service_introspection_registry_lifecycle ...   Passed    0.01 sec
    Start 54: test_service_introspection_registry_lifecycle
    Test #54: test_service_introspection_registry_lifecycle ...   Passed    0.01 sec
    Start 54: test_service_introspection_registry_lifecycle
    Test #54: test_service_introspection_registry_lifecycle ...   Passed    0.01 sec
    Start 54: test_service_introspection_registry_lifecycle
    Test #54: test_service_introspection_registry_lifecycle ...   Passed    0.01 sec
    Start 54: test_service_introspection_registry_lifecycle
    Test #54: test_service_introspection_registry_lifecycle ...   Passed    0.01 sec
    Start 54: test_service_introspection_registry_lifecycle
    Test #54: test_service_introspection_registry_lifecycle ...   Passed    0.01 sec
    Start 54: test_service_introspection_registry_lifecycle
    Test #54: test_service_introspection_registry_lifecycle ...   Passed    0.01 sec
    Start 54: test_service_introspection_registry_lifecycle
    Test #54: test_service_introspection_registry_lifecycle ...   Passed    0.01 sec
    Start 54: test_service_introspection_registry_lifecycle
    Test #54: test_service_introspection_registry_lifecycle ...   Passed    0.01 sec
    Start 54: test_service_introspection_registry_lifecycle
    Test #54: test_service_introspection_registry_lifecycle ...   Passed    0.01 sec
    Start 54: test_service_introspection_registry_lifecycle
    Test #54: test_service_introspection_registry_lifecycle ...   Passed    0.01 sec
    Start 54: test_service_introspection_registry_lifecycle
    Test #54: test_service_introspection_registry_lifecycle ...   Passed    0.01 sec
    Start 54: test_service_introspection_registry_lifecycle
    Test #54: test_service_introspection_registry_lifecycle ...   Passed    0.01 sec
    Start 54: test_service_introspection_registry_lifecycle
    Test #54: test_service_introspection_registry_lifecycle ...   Passed    0.01 sec
    Start 54: test_service_introspection_registry_lifecycle
    Test #54: test_service_introspection_registry_lifecycle ...   Passed    0.01 sec
    Start 54: test_service_introspection_registry_lifecycle
    Test #54: test_service_introspection_registry_lifecycle ...   Passed    0.01 sec
    Start 54: test_service_introspection_registry_lifecycle
    Test #54: test_service_introspection_registry_lifecycle ...   Passed    0.01 sec
    Start 54: test_service_introspection_registry_lifecycle
    Test #54: test_service_introspection_registry_lifecycle ...   Passed    0.01 sec
    Start 54: test_service_introspection_registry_lifecycle
    Test #54: test_service_introspection_registry_lifecycle ...   Passed    0.01 sec
    Start 54: test_service_introspection_registry_lifecycle
    Test #54: test_service_introspection_registry_lifecycle ...   Passed    0.01 sec
    Start 54: test_service_introspection_registry_lifecycle
    Test #54: test_service_introspection_registry_lifecycle ...   Passed    0.01 sec
    Start 54: test_service_introspection_registry_lifecycle
    Test #54: test_service_introspection_registry_lifecycle ...   Passed    0.01 sec
    Start 54: test_service_introspection_registry_lifecycle
    Test #54: test_service_introspection_registry_lifecycle ...   Passed    0.01 sec
    Start 54: test_service_introspection_registry_lifecycle
    Test #54: test_service_introspection_registry_lifecycle ...   Passed    0.01 sec
    Start 54: test_service_introspection_registry_lifecycle
    Test #54: test_service_introspection_registry_lifecycle ...   Passed    0.01 sec
    Start 54: test_service_introspection_registry_lifecycle
    Test #54: test_service_introspection_registry_lifecycle ...   Passed    0.01 sec
    Start 54: test_service_introspection_registry_lifecycle
    Test #54: test_service_introspection_registry_lifecycle ...   Passed    0.01 sec
    Start 54: test_service_introspection_registry_lifecycle
    Test #54: test_service_introspection_registry_lifecycle ...   Passed    0.01 sec
    Start 54: test_service_introspection_registry_lifecycle
    Test #54: test_service_introspection_registry_lifecycle ...   Passed    0.01 sec
    Start 54: test_service_introspection_registry_lifecycle
    Test #54: test_service_introspection_registry_lifecycle ...   Passed    0.01 sec
    Start 54: test_service_introspection_registry_lifecycle
    Test #54: test_service_introspection_registry_lifecycle ...   Passed    0.01 sec
    Start 54: test_service_introspection_registry_lifecycle
    Test #54: test_service_introspection_registry_lifecycle ...   Passed    0.01 sec
    Start 54: test_service_introspection_registry_lifecycle
1/1 Test #54: test_service_introspection_registry_lifecycle ...   Passed    0.01 sec

100% tests passed, 0 tests failed out of 1

Total Test time (real) =   0.77 sec
=== Repeating test_service_introspection_registry_query_lifecycle (100 iterations) ===
Internal ctest changing into directory: /home/hep7/project/kairos/zlink/core/build
Test project /home/hep7/project/kairos/zlink/core/build
    Start 55: test_service_introspection_registry_query_lifecycle
    Test #55: test_service_introspection_registry_query_lifecycle ...   Passed    0.01 sec
    Start 55: test_service_introspection_registry_query_lifecycle
    Test #55: test_service_introspection_registry_query_lifecycle ...   Passed    0.01 sec
    Start 55: test_service_introspection_registry_query_lifecycle
    Test #55: test_service_introspection_registry_query_lifecycle ...   Passed    0.01 sec
    Start 55: test_service_introspection_registry_query_lifecycle
    Test #55: test_service_introspection_registry_query_lifecycle ...   Passed    0.01 sec
    Start 55: test_service_introspection_registry_query_lifecycle
    Test #55: test_service_introspection_registry_query_lifecycle ...   Passed    0.01 sec
    Start 55: test_service_introspection_registry_query_lifecycle
    Test #55: test_service_introspection_registry_query_lifecycle ...   Passed    0.01 sec
    Start 55: test_service_introspection_registry_query_lifecycle
    Test #55: test_service_introspection_registry_query_lifecycle ...   Passed    0.01 sec
    Start 55: test_service_introspection_registry_query_lifecycle
    Test #55: test_service_introspection_registry_query_lifecycle ...   Passed    0.01 sec
    Start 55: test_service_introspection_registry_query_lifecycle
    Test #55: test_service_introspection_registry_query_lifecycle ...   Passed    0.01 sec
    Start 55: test_service_introspection_registry_query_lifecycle
    Test #55: test_service_introspection_registry_query_lifecycle ...   Passed    0.01 sec
    Start 55: test_service_introspection_registry_query_lifecycle
    Test #55: test_service_introspection_registry_query_lifecycle ...   Passed    0.01 sec
    Start 55: test_service_introspection_registry_query_lifecycle
    Test #55: test_service_introspection_registry_query_lifecycle ...   Passed    0.01 sec
    Start 55: test_service_introspection_registry_query_lifecycle
    Test #55: test_service_introspection_registry_query_lifecycle ...   Passed    0.01 sec
    Start 55: test_service_introspection_registry_query_lifecycle
    Test #55: test_service_introspection_registry_query_lifecycle ...   Passed    0.01 sec
    Start 55: test_service_introspection_registry_query_lifecycle
    Test #55: test_service_introspection_registry_query_lifecycle ...   Passed    0.01 sec
    Start 55: test_service_introspection_registry_query_lifecycle
    Test #55: test_service_introspection_registry_query_lifecycle ...   Passed    0.01 sec
    Start 55: test_service_introspection_registry_query_lifecycle
    Test #55: test_service_introspection_registry_query_lifecycle ...   Passed    0.01 sec
    Start 55: test_service_introspection_registry_query_lifecycle
    Test #55: test_service_introspection_registry_query_lifecycle ...   Passed    0.01 sec
    Start 55: test_service_introspection_registry_query_lifecycle
    Test #55: test_service_introspection_registry_query_lifecycle ...   Passed    0.01 sec
    Start 55: test_service_introspection_registry_query_lifecycle
    Test #55: test_service_introspection_registry_query_lifecycle ...   Passed    0.01 sec
    Start 55: test_service_introspection_registry_query_lifecycle
    Test #55: test_service_introspection_registry_query_lifecycle ...   Passed    0.01 sec
    Start 55: test_service_introspection_registry_query_lifecycle
    Test #55: test_service_introspection_registry_query_lifecycle ...   Passed    0.01 sec
    Start 55: test_service_introspection_registry_query_lifecycle
    Test #55: test_service_introspection_registry_query_lifecycle ...   Passed    0.01 sec
    Start 55: test_service_introspection_registry_query_lifecycle
    Test #55: test_service_introspection_registry_query_lifecycle ...   Passed    0.01 sec
    Start 55: test_service_introspection_registry_query_lifecycle
    Test #55: test_service_introspection_registry_query_lifecycle ...   Passed    0.01 sec
    Start 55: test_service_introspection_registry_query_lifecycle
    Test #55: test_service_introspection_registry_query_lifecycle ...   Passed    0.01 sec
    Start 55: test_service_introspection_registry_query_lifecycle
    Test #55: test_service_introspection_registry_query_lifecycle ...   Passed    0.01 sec
    Start 55: test_service_introspection_registry_query_lifecycle
    Test #55: test_service_introspection_registry_query_lifecycle ...   Passed    0.01 sec
    Start 55: test_service_introspection_registry_query_lifecycle
    Test #55: test_service_introspection_registry_query_lifecycle ...   Passed    0.01 sec
    Start 55: test_service_introspection_registry_query_lifecycle
    Test #55: test_service_introspection_registry_query_lifecycle ...   Passed    0.01 sec
    Start 55: test_service_introspection_registry_query_lifecycle
    Test #55: test_service_introspection_registry_query_lifecycle ...   Passed    0.01 sec
    Start 55: test_service_introspection_registry_query_lifecycle
    Test #55: test_service_introspection_registry_query_lifecycle ...   Passed    0.01 sec
    Start 55: test_service_introspection_registry_query_lifecycle
    Test #55: test_service_introspection_registry_query_lifecycle ...   Passed    0.01 sec
    Start 55: test_service_introspection_registry_query_lifecycle
    Test #55: test_service_introspection_registry_query_lifecycle ...   Passed    0.01 sec
    Start 55: test_service_introspection_registry_query_lifecycle
    Test #55: test_service_introspection_registry_query_lifecycle ...   Passed    0.01 sec
    Start 55: test_service_introspection_registry_query_lifecycle
    Test #55: test_service_introspection_registry_query_lifecycle ...   Passed    0.01 sec
    Start 55: test_service_introspection_registry_query_lifecycle
    Test #55: test_service_introspection_registry_query_lifecycle ...   Passed    0.01 sec
    Start 55: test_service_introspection_registry_query_lifecycle
    Test #55: test_service_introspection_registry_query_lifecycle ...   Passed    0.01 sec
    Start 55: test_service_introspection_registry_query_lifecycle
    Test #55: test_service_introspection_registry_query_lifecycle ...   Passed    0.01 sec
    Start 55: test_service_introspection_registry_query_lifecycle
    Test #55: test_service_introspection_registry_query_lifecycle ...   Passed    0.01 sec
    Start 55: test_service_introspection_registry_query_lifecycle
    Test #55: test_service_introspection_registry_query_lifecycle ...   Passed    0.01 sec
    Start 55: test_service_introspection_registry_query_lifecycle
    Test #55: test_service_introspection_registry_query_lifecycle ...   Passed    0.01 sec
    Start 55: test_service_introspection_registry_query_lifecycle
    Test #55: test_service_introspection_registry_query_lifecycle ...   Passed    0.01 sec
    Start 55: test_service_introspection_registry_query_lifecycle
    Test #55: test_service_introspection_registry_query_lifecycle ...   Passed    0.01 sec
    Start 55: test_service_introspection_registry_query_lifecycle
    Test #55: test_service_introspection_registry_query_lifecycle ...   Passed    0.01 sec
    Start 55: test_service_introspection_registry_query_lifecycle
    Test #55: test_service_introspection_registry_query_lifecycle ...   Passed    0.01 sec
    Start 55: test_service_introspection_registry_query_lifecycle
    Test #55: test_service_introspection_registry_query_lifecycle ...   Passed    0.01 sec
    Start 55: test_service_introspection_registry_query_lifecycle
    Test #55: test_service_introspection_registry_query_lifecycle ...   Passed    0.01 sec
    Start 55: test_service_introspection_registry_query_lifecycle
    Test #55: test_service_introspection_registry_query_lifecycle ...   Passed    0.01 sec
    Start 55: test_service_introspection_registry_query_lifecycle
    Test #55: test_service_introspection_registry_query_lifecycle ...   Passed    0.01 sec
    Start 55: test_service_introspection_registry_query_lifecycle
    Test #55: test_service_introspection_registry_query_lifecycle ...   Passed    0.01 sec
    Start 55: test_service_introspection_registry_query_lifecycle
    Test #55: test_service_introspection_registry_query_lifecycle ...   Passed    0.01 sec
    Start 55: test_service_introspection_registry_query_lifecycle
    Test #55: test_service_introspection_registry_query_lifecycle ...   Passed    0.01 sec
    Start 55: test_service_introspection_registry_query_lifecycle
    Test #55: test_service_introspection_registry_query_lifecycle ...   Passed    0.01 sec
    Start 55: test_service_introspection_registry_query_lifecycle
    Test #55: test_service_introspection_registry_query_lifecycle ...   Passed    0.01 sec
    Start 55: test_service_introspection_registry_query_lifecycle
    Test #55: test_service_introspection_registry_query_lifecycle ...   Passed    0.01 sec
    Start 55: test_service_introspection_registry_query_lifecycle
    Test #55: test_service_introspection_registry_query_lifecycle ...   Passed    0.01 sec
    Start 55: test_service_introspection_registry_query_lifecycle
    Test #55: test_service_introspection_registry_query_lifecycle ...   Passed    0.01 sec
    Start 55: test_service_introspection_registry_query_lifecycle
    Test #55: test_service_introspection_registry_query_lifecycle ...   Passed    0.01 sec
    Start 55: test_service_introspection_registry_query_lifecycle
    Test #55: test_service_introspection_registry_query_lifecycle ...   Passed    0.01 sec
    Start 55: test_service_introspection_registry_query_lifecycle
    Test #55: test_service_introspection_registry_query_lifecycle ...   Passed    0.01 sec
    Start 55: test_service_introspection_registry_query_lifecycle
    Test #55: test_service_introspection_registry_query_lifecycle ...   Passed    0.01 sec
    Start 55: test_service_introspection_registry_query_lifecycle
    Test #55: test_service_introspection_registry_query_lifecycle ...   Passed    0.01 sec
    Start 55: test_service_introspection_registry_query_lifecycle
    Test #55: test_service_introspection_registry_query_lifecycle ...   Passed    0.01 sec
    Start 55: test_service_introspection_registry_query_lifecycle
    Test #55: test_service_introspection_registry_query_lifecycle ...   Passed    0.01 sec
    Start 55: test_service_introspection_registry_query_lifecycle
    Test #55: test_service_introspection_registry_query_lifecycle ...   Passed    0.01 sec
    Start 55: test_service_introspection_registry_query_lifecycle
    Test #55: test_service_introspection_registry_query_lifecycle ...   Passed    0.01 sec
    Start 55: test_service_introspection_registry_query_lifecycle
    Test #55: test_service_introspection_registry_query_lifecycle ...   Passed    0.01 sec
    Start 55: test_service_introspection_registry_query_lifecycle
    Test #55: test_service_introspection_registry_query_lifecycle ...   Passed    0.01 sec
    Start 55: test_service_introspection_registry_query_lifecycle
    Test #55: test_service_introspection_registry_query_lifecycle ...   Passed    0.01 sec
    Start 55: test_service_introspection_registry_query_lifecycle
    Test #55: test_service_introspection_registry_query_lifecycle ...   Passed    0.01 sec
    Start 55: test_service_introspection_registry_query_lifecycle
    Test #55: test_service_introspection_registry_query_lifecycle ...   Passed    0.01 sec
    Start 55: test_service_introspection_registry_query_lifecycle
    Test #55: test_service_introspection_registry_query_lifecycle ...   Passed    0.01 sec
    Start 55: test_service_introspection_registry_query_lifecycle
    Test #55: test_service_introspection_registry_query_lifecycle ...   Passed    0.01 sec
    Start 55: test_service_introspection_registry_query_lifecycle
    Test #55: test_service_introspection_registry_query_lifecycle ...   Passed    0.01 sec
    Start 55: test_service_introspection_registry_query_lifecycle
    Test #55: test_service_introspection_registry_query_lifecycle ...   Passed    0.01 sec
    Start 55: test_service_introspection_registry_query_lifecycle
    Test #55: test_service_introspection_registry_query_lifecycle ...   Passed    0.01 sec
    Start 55: test_service_introspection_registry_query_lifecycle
    Test #55: test_service_introspection_registry_query_lifecycle ...   Passed    0.01 sec
    Start 55: test_service_introspection_registry_query_lifecycle
    Test #55: test_service_introspection_registry_query_lifecycle ...   Passed    0.01 sec
    Start 55: test_service_introspection_registry_query_lifecycle
    Test #55: test_service_introspection_registry_query_lifecycle ...   Passed    0.01 sec
    Start 55: test_service_introspection_registry_query_lifecycle
    Test #55: test_service_introspection_registry_query_lifecycle ...   Passed    0.01 sec
    Start 55: test_service_introspection_registry_query_lifecycle
    Test #55: test_service_introspection_registry_query_lifecycle ...   Passed    0.01 sec
    Start 55: test_service_introspection_registry_query_lifecycle
    Test #55: test_service_introspection_registry_query_lifecycle ...   Passed    0.01 sec
    Start 55: test_service_introspection_registry_query_lifecycle
    Test #55: test_service_introspection_registry_query_lifecycle ...   Passed    0.01 sec
    Start 55: test_service_introspection_registry_query_lifecycle
    Test #55: test_service_introspection_registry_query_lifecycle ...   Passed    0.01 sec
    Start 55: test_service_introspection_registry_query_lifecycle
    Test #55: test_service_introspection_registry_query_lifecycle ...   Passed    0.01 sec
    Start 55: test_service_introspection_registry_query_lifecycle
    Test #55: test_service_introspection_registry_query_lifecycle ...   Passed    0.01 sec
    Start 55: test_service_introspection_registry_query_lifecycle
    Test #55: test_service_introspection_registry_query_lifecycle ...   Passed    0.01 sec
    Start 55: test_service_introspection_registry_query_lifecycle
    Test #55: test_service_introspection_registry_query_lifecycle ...   Passed    0.01 sec
    Start 55: test_service_introspection_registry_query_lifecycle
    Test #55: test_service_introspection_registry_query_lifecycle ...   Passed    0.01 sec
    Start 55: test_service_introspection_registry_query_lifecycle
    Test #55: test_service_introspection_registry_query_lifecycle ...   Passed    0.01 sec
    Start 55: test_service_introspection_registry_query_lifecycle
    Test #55: test_service_introspection_registry_query_lifecycle ...   Passed    0.01 sec
    Start 55: test_service_introspection_registry_query_lifecycle
    Test #55: test_service_introspection_registry_query_lifecycle ...   Passed    0.01 sec
    Start 55: test_service_introspection_registry_query_lifecycle
    Test #55: test_service_introspection_registry_query_lifecycle ...   Passed    0.01 sec
    Start 55: test_service_introspection_registry_query_lifecycle
    Test #55: test_service_introspection_registry_query_lifecycle ...   Passed    0.01 sec
    Start 55: test_service_introspection_registry_query_lifecycle
    Test #55: test_service_introspection_registry_query_lifecycle ...   Passed    0.01 sec
    Start 55: test_service_introspection_registry_query_lifecycle
    Test #55: test_service_introspection_registry_query_lifecycle ...   Passed    0.01 sec
    Start 55: test_service_introspection_registry_query_lifecycle
    Test #55: test_service_introspection_registry_query_lifecycle ...   Passed    0.01 sec
    Start 55: test_service_introspection_registry_query_lifecycle
    Test #55: test_service_introspection_registry_query_lifecycle ...   Passed    0.01 sec
    Start 55: test_service_introspection_registry_query_lifecycle
1/1 Test #55: test_service_introspection_registry_query_lifecycle ...   Passed    0.01 sec

100% tests passed, 0 tests failed out of 1

Total Test time (real) =   0.78 sec
=== Repeating test_gateway_runtime_reads (100 iterations) ===
Internal ctest changing into directory: /home/hep7/project/kairos/zlink/core/build
Test project /home/hep7/project/kairos/zlink/core/build
    Start 97: test_gateway_runtime_reads
    Test #97: test_gateway_runtime_reads .......   Passed    0.03 sec
    Start 97: test_gateway_runtime_reads
    Test #97: test_gateway_runtime_reads .......   Passed    0.03 sec
    Start 97: test_gateway_runtime_reads
    Test #97: test_gateway_runtime_reads .......   Passed    0.03 sec
    Start 97: test_gateway_runtime_reads
    Test #97: test_gateway_runtime_reads .......   Passed    0.03 sec
    Start 97: test_gateway_runtime_reads
    Test #97: test_gateway_runtime_reads .......   Passed    0.03 sec
    Start 97: test_gateway_runtime_reads
    Test #97: test_gateway_runtime_reads .......   Passed    0.03 sec
    Start 97: test_gateway_runtime_reads
    Test #97: test_gateway_runtime_reads .......   Passed    0.03 sec
    Start 97: test_gateway_runtime_reads
    Test #97: test_gateway_runtime_reads .......   Passed    0.03 sec
    Start 97: test_gateway_runtime_reads
    Test #97: test_gateway_runtime_reads .......   Passed    0.03 sec
    Start 97: test_gateway_runtime_reads
    Test #97: test_gateway_runtime_reads .......   Passed    0.03 sec
    Start 97: test_gateway_runtime_reads
    Test #97: test_gateway_runtime_reads .......   Passed    0.03 sec
    Start 97: test_gateway_runtime_reads
    Test #97: test_gateway_runtime_reads .......   Passed    0.03 sec
    Start 97: test_gateway_runtime_reads
    Test #97: test_gateway_runtime_reads .......   Passed    0.03 sec
    Start 97: test_gateway_runtime_reads
    Test #97: test_gateway_runtime_reads .......   Passed    0.03 sec
    Start 97: test_gateway_runtime_reads
    Test #97: test_gateway_runtime_reads .......   Passed    0.03 sec
    Start 97: test_gateway_runtime_reads
    Test #97: test_gateway_runtime_reads .......   Passed    0.03 sec
    Start 97: test_gateway_runtime_reads
    Test #97: test_gateway_runtime_reads .......   Passed    0.03 sec
    Start 97: test_gateway_runtime_reads
    Test #97: test_gateway_runtime_reads .......   Passed    0.03 sec
    Start 97: test_gateway_runtime_reads
    Test #97: test_gateway_runtime_reads .......   Passed    0.03 sec
    Start 97: test_gateway_runtime_reads
    Test #97: test_gateway_runtime_reads .......   Passed    0.03 sec
    Start 97: test_gateway_runtime_reads
    Test #97: test_gateway_runtime_reads .......   Passed    0.03 sec
    Start 97: test_gateway_runtime_reads
    Test #97: test_gateway_runtime_reads .......   Passed    0.03 sec
    Start 97: test_gateway_runtime_reads
    Test #97: test_gateway_runtime_reads .......   Passed    0.03 sec
    Start 97: test_gateway_runtime_reads
    Test #97: test_gateway_runtime_reads .......   Passed    0.03 sec
    Start 97: test_gateway_runtime_reads
    Test #97: test_gateway_runtime_reads .......   Passed    0.03 sec
    Start 97: test_gateway_runtime_reads
    Test #97: test_gateway_runtime_reads .......   Passed    0.03 sec
    Start 97: test_gateway_runtime_reads
    Test #97: test_gateway_runtime_reads .......   Passed    0.03 sec
    Start 97: test_gateway_runtime_reads
    Test #97: test_gateway_runtime_reads .......   Passed    0.03 sec
    Start 97: test_gateway_runtime_reads
    Test #97: test_gateway_runtime_reads .......   Passed    0.03 sec
    Start 97: test_gateway_runtime_reads
    Test #97: test_gateway_runtime_reads .......   Passed    0.03 sec
    Start 97: test_gateway_runtime_reads
    Test #97: test_gateway_runtime_reads .......   Passed    0.03 sec
    Start 97: test_gateway_runtime_reads
    Test #97: test_gateway_runtime_reads .......   Passed    0.03 sec
    Start 97: test_gateway_runtime_reads
    Test #97: test_gateway_runtime_reads .......   Passed    0.03 sec
    Start 97: test_gateway_runtime_reads
    Test #97: test_gateway_runtime_reads .......   Passed    0.03 sec
    Start 97: test_gateway_runtime_reads
    Test #97: test_gateway_runtime_reads .......   Passed    0.03 sec
    Start 97: test_gateway_runtime_reads
    Test #97: test_gateway_runtime_reads .......   Passed    0.03 sec
    Start 97: test_gateway_runtime_reads
    Test #97: test_gateway_runtime_reads .......   Passed    0.03 sec
    Start 97: test_gateway_runtime_reads
    Test #97: test_gateway_runtime_reads .......   Passed    0.03 sec
    Start 97: test_gateway_runtime_reads
    Test #97: test_gateway_runtime_reads .......   Passed    0.03 sec
    Start 97: test_gateway_runtime_reads
    Test #97: test_gateway_runtime_reads .......   Passed    0.03 sec
    Start 97: test_gateway_runtime_reads
    Test #97: test_gateway_runtime_reads .......   Passed    0.03 sec
    Start 97: test_gateway_runtime_reads
    Test #97: test_gateway_runtime_reads .......   Passed    0.03 sec
    Start 97: test_gateway_runtime_reads
    Test #97: test_gateway_runtime_reads .......   Passed    0.03 sec
    Start 97: test_gateway_runtime_reads
    Test #97: test_gateway_runtime_reads .......   Passed    0.03 sec
    Start 97: test_gateway_runtime_reads
    Test #97: test_gateway_runtime_reads .......   Passed    0.03 sec
    Start 97: test_gateway_runtime_reads
    Test #97: test_gateway_runtime_reads .......   Passed    0.03 sec
    Start 97: test_gateway_runtime_reads
    Test #97: test_gateway_runtime_reads .......   Passed    0.03 sec
    Start 97: test_gateway_runtime_reads
    Test #97: test_gateway_runtime_reads .......   Passed    0.03 sec
    Start 97: test_gateway_runtime_reads
    Test #97: test_gateway_runtime_reads .......   Passed    0.03 sec
    Start 97: test_gateway_runtime_reads
    Test #97: test_gateway_runtime_reads .......   Passed    0.03 sec
    Start 97: test_gateway_runtime_reads
    Test #97: test_gateway_runtime_reads .......   Passed    0.03 sec
    Start 97: test_gateway_runtime_reads
    Test #97: test_gateway_runtime_reads .......   Passed    0.03 sec
    Start 97: test_gateway_runtime_reads
    Test #97: test_gateway_runtime_reads .......   Passed    0.03 sec
    Start 97: test_gateway_runtime_reads
    Test #97: test_gateway_runtime_reads .......   Passed    0.04 sec
    Start 97: test_gateway_runtime_reads
    Test #97: test_gateway_runtime_reads .......   Passed    0.03 sec
    Start 97: test_gateway_runtime_reads
    Test #97: test_gateway_runtime_reads .......   Passed    0.04 sec
    Start 97: test_gateway_runtime_reads
    Test #97: test_gateway_runtime_reads .......   Passed    0.03 sec
    Start 97: test_gateway_runtime_reads
    Test #97: test_gateway_runtime_reads .......   Passed    0.03 sec
    Start 97: test_gateway_runtime_reads
    Test #97: test_gateway_runtime_reads .......   Passed    0.04 sec
    Start 97: test_gateway_runtime_reads
    Test #97: test_gateway_runtime_reads .......   Passed    0.03 sec
    Start 97: test_gateway_runtime_reads
    Test #97: test_gateway_runtime_reads .......   Passed    0.03 sec
    Start 97: test_gateway_runtime_reads
    Test #97: test_gateway_runtime_reads .......   Passed    0.03 sec
    Start 97: test_gateway_runtime_reads
    Test #97: test_gateway_runtime_reads .......   Passed    0.03 sec
    Start 97: test_gateway_runtime_reads
    Test #97: test_gateway_runtime_reads .......   Passed    0.03 sec
    Start 97: test_gateway_runtime_reads
    Test #97: test_gateway_runtime_reads .......   Passed    0.03 sec
    Start 97: test_gateway_runtime_reads
    Test #97: test_gateway_runtime_reads .......   Passed    0.03 sec
    Start 97: test_gateway_runtime_reads
    Test #97: test_gateway_runtime_reads .......   Passed    0.03 sec
    Start 97: test_gateway_runtime_reads
    Test #97: test_gateway_runtime_reads .......   Passed    0.03 sec
    Start 97: test_gateway_runtime_reads
    Test #97: test_gateway_runtime_reads .......   Passed    0.03 sec
    Start 97: test_gateway_runtime_reads
    Test #97: test_gateway_runtime_reads .......   Passed    0.03 sec
    Start 97: test_gateway_runtime_reads
    Test #97: test_gateway_runtime_reads .......   Passed    0.03 sec
    Start 97: test_gateway_runtime_reads
    Test #97: test_gateway_runtime_reads .......   Passed    0.03 sec
    Start 97: test_gateway_runtime_reads
    Test #97: test_gateway_runtime_reads .......   Passed    0.03 sec
    Start 97: test_gateway_runtime_reads
    Test #97: test_gateway_runtime_reads .......   Passed    0.03 sec
    Start 97: test_gateway_runtime_reads
    Test #97: test_gateway_runtime_reads .......   Passed    0.03 sec
    Start 97: test_gateway_runtime_reads
    Test #97: test_gateway_runtime_reads .......   Passed    0.03 sec
    Start 97: test_gateway_runtime_reads
    Test #97: test_gateway_runtime_reads .......   Passed    0.03 sec
    Start 97: test_gateway_runtime_reads
    Test #97: test_gateway_runtime_reads .......   Passed    0.03 sec
    Start 97: test_gateway_runtime_reads
    Test #97: test_gateway_runtime_reads .......   Passed    0.03 sec
    Start 97: test_gateway_runtime_reads
    Test #97: test_gateway_runtime_reads .......   Passed    0.03 sec
    Start 97: test_gateway_runtime_reads
    Test #97: test_gateway_runtime_reads .......   Passed    0.03 sec
    Start 97: test_gateway_runtime_reads
    Test #97: test_gateway_runtime_reads .......   Passed    0.03 sec
    Start 97: test_gateway_runtime_reads
    Test #97: test_gateway_runtime_reads .......   Passed    0.03 sec
    Start 97: test_gateway_runtime_reads
    Test #97: test_gateway_runtime_reads .......   Passed    0.03 sec
    Start 97: test_gateway_runtime_reads
    Test #97: test_gateway_runtime_reads .......   Passed    0.03 sec
    Start 97: test_gateway_runtime_reads
    Test #97: test_gateway_runtime_reads .......   Passed    0.03 sec
    Start 97: test_gateway_runtime_reads
    Test #97: test_gateway_runtime_reads .......   Passed    0.03 sec
    Start 97: test_gateway_runtime_reads
    Test #97: test_gateway_runtime_reads .......   Passed    0.03 sec
    Start 97: test_gateway_runtime_reads
    Test #97: test_gateway_runtime_reads .......   Passed    0.03 sec
    Start 97: test_gateway_runtime_reads
    Test #97: test_gateway_runtime_reads .......   Passed    0.03 sec
    Start 97: test_gateway_runtime_reads
    Test #97: test_gateway_runtime_reads .......   Passed    0.03 sec
    Start 97: test_gateway_runtime_reads
    Test #97: test_gateway_runtime_reads .......   Passed    0.03 sec
    Start 97: test_gateway_runtime_reads
    Test #97: test_gateway_runtime_reads .......   Passed    0.03 sec
    Start 97: test_gateway_runtime_reads
    Test #97: test_gateway_runtime_reads .......   Passed    0.03 sec
    Start 97: test_gateway_runtime_reads
    Test #97: test_gateway_runtime_reads .......   Passed    0.03 sec
    Start 97: test_gateway_runtime_reads
    Test #97: test_gateway_runtime_reads .......   Passed    0.03 sec
    Start 97: test_gateway_runtime_reads
    Test #97: test_gateway_runtime_reads .......   Passed    0.03 sec
    Start 97: test_gateway_runtime_reads
    Test #97: test_gateway_runtime_reads .......   Passed    0.03 sec
    Start 97: test_gateway_runtime_reads
    Test #97: test_gateway_runtime_reads .......   Passed    0.03 sec
    Start 97: test_gateway_runtime_reads
1/1 Test #97: test_gateway_runtime_reads .......   Passed    0.03 sec

100% tests passed, 0 tests failed out of 1

Label Time Summary:
integration    =   0.03 sec*proc (1 test)
serial         =   0.03 sec*proc (1 test)

Total Test time (real) =   3.24 sec
=== Repeating test_gateway_send_plane_updates (100 iterations) ===
Internal ctest changing into directory: /home/hep7/project/kairos/zlink/core/build
Test project /home/hep7/project/kairos/zlink/core/build
    Start 98: test_gateway_send_plane_updates
    Test #98: test_gateway_send_plane_updates ...   Passed   18.20 sec
    Start 98: test_gateway_send_plane_updates
    Test #98: test_gateway_send_plane_updates ...   Passed   18.21 sec
    Start 98: test_gateway_send_plane_updates
    Test #98: test_gateway_send_plane_updates ...   Passed   22.24 sec
    Start 98: test_gateway_send_plane_updates
    Test #98: test_gateway_send_plane_updates ...   Passed   26.27 sec
    Start 98: test_gateway_send_plane_updates
    Test #98: test_gateway_send_plane_updates ...   Passed   20.23 sec
    Start 98: test_gateway_send_plane_updates
    Test #98: test_gateway_send_plane_updates ...   Passed   16.18 sec
    Start 98: test_gateway_send_plane_updates
    Test #98: test_gateway_send_plane_updates ...   Passed   20.27 sec
    Start 98: test_gateway_send_plane_updates
    Test #98: test_gateway_send_plane_updates ...   Passed   18.23 sec
    Start 98: test_gateway_send_plane_updates
    Test #98: test_gateway_send_plane_updates ...   Passed   18.22 sec
    Start 98: test_gateway_send_plane_updates
    Test #98: test_gateway_send_plane_updates ...   Passed   16.19 sec
    Start 98: test_gateway_send_plane_updates
    Test #98: test_gateway_send_plane_updates ...   Passed   26.29 sec
    Start 98: test_gateway_send_plane_updates
    Test #98: test_gateway_send_plane_updates ...   Passed   12.17 sec
    Start 98: test_gateway_send_plane_updates
    Test #98: test_gateway_send_plane_updates ...   Passed   14.18 sec
    Start 98: test_gateway_send_plane_updates
    Test #98: test_gateway_send_plane_updates ...   Passed   18.21 sec
    Start 98: test_gateway_send_plane_updates
    Test #98: test_gateway_send_plane_updates ...   Passed   18.24 sec
    Start 98: test_gateway_send_plane_updates
    Test #98: test_gateway_send_plane_updates ...   Passed   18.22 sec
    Start 98: test_gateway_send_plane_updates
    Test #98: test_gateway_send_plane_updates ...   Passed   24.27 sec
    Start 98: test_gateway_send_plane_updates
    Test #98: test_gateway_send_plane_updates ...   Passed   14.20 sec
    Start 98: test_gateway_send_plane_updates
    Test #98: test_gateway_send_plane_updates ...   Passed   14.19 sec
    Start 98: test_gateway_send_plane_updates
    Test #98: test_gateway_send_plane_updates ...   Passed   12.18 sec
    Start 98: test_gateway_send_plane_updates
    Test #98: test_gateway_send_plane_updates ...   Passed   20.25 sec
    Start 98: test_gateway_send_plane_updates
    Test #98: test_gateway_send_plane_updates ...   Passed   20.24 sec
    Start 98: test_gateway_send_plane_updates
    Test #98: test_gateway_send_plane_updates ...   Passed   10.14 sec
    Start 98: test_gateway_send_plane_updates
    Test #98: test_gateway_send_plane_updates ...   Passed   16.21 sec
    Start 98: test_gateway_send_plane_updates
    Test #98: test_gateway_send_plane_updates ...   Passed   16.20 sec
    Start 98: test_gateway_send_plane_updates
    Test #98: test_gateway_send_plane_updates ...   Passed   16.22 sec
    Start 98: test_gateway_send_plane_updates
    Test #98: test_gateway_send_plane_updates ...   Passed   14.18 sec
    Start 98: test_gateway_send_plane_updates
    Test #98: test_gateway_send_plane_updates ...   Passed   14.19 sec
    Start 98: test_gateway_send_plane_updates
    Test #98: test_gateway_send_plane_updates ...   Passed   12.18 sec
    Start 98: test_gateway_send_plane_updates
    Test #98: test_gateway_send_plane_updates ...   Passed   14.20 sec
    Start 98: test_gateway_send_plane_updates
    Test #98: test_gateway_send_plane_updates ...   Passed   18.22 sec
    Start 98: test_gateway_send_plane_updates
    Test #98: test_gateway_send_plane_updates ...   Passed   16.21 sec
    Start 98: test_gateway_send_plane_updates
    Test #98: test_gateway_send_plane_updates ...   Passed   14.17 sec
    Start 98: test_gateway_send_plane_updates
    Test #98: test_gateway_send_plane_updates ...   Passed   14.20 sec
    Start 98: test_gateway_send_plane_updates
    Test #98: test_gateway_send_plane_updates ...   Passed   12.17 sec
    Start 98: test_gateway_send_plane_updates
    Test #98: test_gateway_send_plane_updates ...   Passed   14.18 sec
    Start 98: test_gateway_send_plane_updates
    Test #98: test_gateway_send_plane_updates ...   Passed   18.22 sec
    Start 98: test_gateway_send_plane_updates
    Test #98: test_gateway_send_plane_updates ...   Passed   18.23 sec
    Start 98: test_gateway_send_plane_updates
    Test #98: test_gateway_send_plane_updates ...   Passed   10.15 sec
    Start 98: test_gateway_send_plane_updates
    Test #98: test_gateway_send_plane_updates ...   Passed   16.19 sec
    Start 98: test_gateway_send_plane_updates
    Test #98: test_gateway_send_plane_updates ...   Passed   12.16 sec
    Start 98: test_gateway_send_plane_updates
    Test #98: test_gateway_send_plane_updates ...   Passed   14.17 sec
    Start 98: test_gateway_send_plane_updates
    Test #98: test_gateway_send_plane_updates ...   Passed   14.19 sec
    Start 98: test_gateway_send_plane_updates
    Test #98: test_gateway_send_plane_updates ...   Passed   14.19 sec
    Start 98: test_gateway_send_plane_updates
    Test #98: test_gateway_send_plane_updates ...   Passed   10.15 sec
    Start 98: test_gateway_send_plane_updates
    Test #98: test_gateway_send_plane_updates ...   Passed   14.17 sec
    Start 98: test_gateway_send_plane_updates
    Test #98: test_gateway_send_plane_updates ...   Passed   18.23 sec
    Start 98: test_gateway_send_plane_updates
    Test #98: test_gateway_send_plane_updates ...   Passed   16.21 sec
    Start 98: test_gateway_send_plane_updates
    Test #98: test_gateway_send_plane_updates ...   Passed   12.16 sec
    Start 98: test_gateway_send_plane_updates
    Test #98: test_gateway_send_plane_updates ...   Passed   16.20 sec
    Start 98: test_gateway_send_plane_updates
    Test #98: test_gateway_send_plane_updates ...   Passed   14.19 sec
    Start 98: test_gateway_send_plane_updates
    Test #98: test_gateway_send_plane_updates ...   Passed   18.21 sec
    Start 98: test_gateway_send_plane_updates
    Test #98: test_gateway_send_plane_updates ...   Passed   16.22 sec
    Start 98: test_gateway_send_plane_updates
    Test #98: test_gateway_send_plane_updates ...   Passed   14.18 sec
    Start 98: test_gateway_send_plane_updates
    Test #98: test_gateway_send_plane_updates ...   Passed   14.18 sec
    Start 98: test_gateway_send_plane_updates
    Test #98: test_gateway_send_plane_updates ...   Passed   20.23 sec
    Start 98: test_gateway_send_plane_updates
    Test #98: test_gateway_send_plane_updates ...   Passed   10.18 sec
    Start 98: test_gateway_send_plane_updates
    Test #98: test_gateway_send_plane_updates ...   Passed   18.23 sec
    Start 98: test_gateway_send_plane_updates
    Test #98: test_gateway_send_plane_updates ...   Passed   22.25 sec
    Start 98: test_gateway_send_plane_updates
    Test #98: test_gateway_send_plane_updates ...   Passed   16.21 sec
    Start 98: test_gateway_send_plane_updates
    Test #98: test_gateway_send_plane_updates ...   Passed   16.20 sec
    Start 98: test_gateway_send_plane_updates
    Test #98: test_gateway_send_plane_updates ...   Passed   14.19 sec
    Start 98: test_gateway_send_plane_updates
    Test #98: test_gateway_send_plane_updates ...   Passed   10.16 sec
    Start 98: test_gateway_send_plane_updates
    Test #98: test_gateway_send_plane_updates ...   Passed   18.23 sec
    Start 98: test_gateway_send_plane_updates
    Test #98: test_gateway_send_plane_updates ...   Passed   18.22 sec
    Start 98: test_gateway_send_plane_updates
    Test #98: test_gateway_send_plane_updates ...   Passed   24.32 sec
    Start 98: test_gateway_send_plane_updates
    Test #98: test_gateway_send_plane_updates ...   Passed   18.23 sec
    Start 98: test_gateway_send_plane_updates
    Test #98: test_gateway_send_plane_updates ...   Passed   12.16 sec
    Start 98: test_gateway_send_plane_updates
    Test #98: test_gateway_send_plane_updates ...   Passed   18.23 sec
    Start 98: test_gateway_send_plane_updates
    Test #98: test_gateway_send_plane_updates ...   Passed   18.21 sec
    Start 98: test_gateway_send_plane_updates
    Test #98: test_gateway_send_plane_updates ...   Passed   14.19 sec
    Start 98: test_gateway_send_plane_updates
    Test #98: test_gateway_send_plane_updates ...   Passed   14.19 sec
    Start 98: test_gateway_send_plane_updates
    Test #98: test_gateway_send_plane_updates ...   Passed   16.22 sec
    Start 98: test_gateway_send_plane_updates
    Test #98: test_gateway_send_plane_updates ...   Passed   14.18 sec
    Start 98: test_gateway_send_plane_updates
    Test #98: test_gateway_send_plane_updates ...   Passed   20.24 sec
    Start 98: test_gateway_send_plane_updates
    Test #98: test_gateway_send_plane_updates ...   Passed   16.22 sec
    Start 98: test_gateway_send_plane_updates
    Test #98: test_gateway_send_plane_updates ...   Passed   14.19 sec
    Start 98: test_gateway_send_plane_updates
    Test #98: test_gateway_send_plane_updates ...   Passed   10.14 sec
    Start 98: test_gateway_send_plane_updates
    Test #98: test_gateway_send_plane_updates ...   Passed   14.18 sec
    Start 98: test_gateway_send_plane_updates
    Test #98: test_gateway_send_plane_updates ...   Passed   14.20 sec
    Start 98: test_gateway_send_plane_updates
    Test #98: test_gateway_send_plane_updates ...   Passed   20.26 sec
    Start 98: test_gateway_send_plane_updates
    Test #98: test_gateway_send_plane_updates ...   Passed   16.20 sec
    Start 98: test_gateway_send_plane_updates
    Test #98: test_gateway_send_plane_updates ...   Passed   20.24 sec
    Start 98: test_gateway_send_plane_updates
    Test #98: test_gateway_send_plane_updates ...   Passed   18.23 sec
    Start 98: test_gateway_send_plane_updates
    Test #98: test_gateway_send_plane_updates ...   Passed   12.17 sec
    Start 98: test_gateway_send_plane_updates
    Test #98: test_gateway_send_plane_updates ...   Passed   16.20 sec
    Start 98: test_gateway_send_plane_updates
    Test #98: test_gateway_send_plane_updates ...   Passed   14.19 sec
    Start 98: test_gateway_send_plane_updates
    Test #98: test_gateway_send_plane_updates ...   Passed   12.17 sec
    Start 98: test_gateway_send_plane_updates
    Test #98: test_gateway_send_plane_updates ...   Passed   20.22 sec
    Start 98: test_gateway_send_plane_updates
    Test #98: test_gateway_send_plane_updates ...   Passed   12.18 sec
    Start 98: test_gateway_send_plane_updates
    Test #98: test_gateway_send_plane_updates ...   Passed   14.22 sec
    Start 98: test_gateway_send_plane_updates
    Test #98: test_gateway_send_plane_updates ...   Passed   16.21 sec
    Start 98: test_gateway_send_plane_updates
    Test #98: test_gateway_send_plane_updates ...   Passed   18.23 sec
    Start 98: test_gateway_send_plane_updates
    Test #98: test_gateway_send_plane_updates ...   Passed   18.23 sec
    Start 98: test_gateway_send_plane_updates
    Test #98: test_gateway_send_plane_updates ...   Passed   12.19 sec
    Start 98: test_gateway_send_plane_updates
    Test #98: test_gateway_send_plane_updates ...   Passed   14.19 sec
    Start 98: test_gateway_send_plane_updates
    Test #98: test_gateway_send_plane_updates ...   Passed   16.20 sec
    Start 98: test_gateway_send_plane_updates
    Test #98: test_gateway_send_plane_updates ...   Passed   20.25 sec
    Start 98: test_gateway_send_plane_updates
    Test #98: test_gateway_send_plane_updates ...   Passed   18.23 sec
    Start 98: test_gateway_send_plane_updates
1/1 Test #98: test_gateway_send_plane_updates ...   Passed   16.20 sec

100% tests passed, 0 tests failed out of 1

Label Time Summary:
regression    =  16.20 sec*proc (1 test)
serial        =  16.20 sec*proc (1 test)

Total Test time (real) = 1620.61 sec
=== Repeating test_gateway_attach_query_ordering (100 iterations) ===
Internal ctest changing into directory: /home/hep7/project/kairos/zlink/core/build
Test project /home/hep7/project/kairos/zlink/core/build
    Start 99: test_gateway_attach_query_ordering
    Test #99: test_gateway_attach_query_ordering ...   Passed    0.02 sec
    Start 99: test_gateway_attach_query_ordering
    Test #99: test_gateway_attach_query_ordering ...   Passed    0.02 sec
    Start 99: test_gateway_attach_query_ordering
    Test #99: test_gateway_attach_query_ordering ...   Passed    0.02 sec
    Start 99: test_gateway_attach_query_ordering
    Test #99: test_gateway_attach_query_ordering ...   Passed    0.02 sec
    Start 99: test_gateway_attach_query_ordering
    Test #99: test_gateway_attach_query_ordering ...   Passed    0.02 sec
    Start 99: test_gateway_attach_query_ordering
    Test #99: test_gateway_attach_query_ordering ...   Passed    0.02 sec
    Start 99: test_gateway_attach_query_ordering
    Test #99: test_gateway_attach_query_ordering ...   Passed    0.02 sec
    Start 99: test_gateway_attach_query_ordering
    Test #99: test_gateway_attach_query_ordering ...   Passed    0.02 sec
    Start 99: test_gateway_attach_query_ordering
    Test #99: test_gateway_attach_query_ordering ...   Passed    0.02 sec
    Start 99: test_gateway_attach_query_ordering
    Test #99: test_gateway_attach_query_ordering ...   Passed    0.03 sec
    Start 99: test_gateway_attach_query_ordering
    Test #99: test_gateway_attach_query_ordering ...   Passed    0.02 sec
    Start 99: test_gateway_attach_query_ordering
    Test #99: test_gateway_attach_query_ordering ...   Passed    0.02 sec
    Start 99: test_gateway_attach_query_ordering
    Test #99: test_gateway_attach_query_ordering ...   Passed    0.02 sec
    Start 99: test_gateway_attach_query_ordering
    Test #99: test_gateway_attach_query_ordering ...   Passed    0.02 sec
    Start 99: test_gateway_attach_query_ordering
    Test #99: test_gateway_attach_query_ordering ...   Passed    0.02 sec
    Start 99: test_gateway_attach_query_ordering
    Test #99: test_gateway_attach_query_ordering ...   Passed    0.02 sec
    Start 99: test_gateway_attach_query_ordering
    Test #99: test_gateway_attach_query_ordering ...   Passed    0.02 sec
    Start 99: test_gateway_attach_query_ordering
    Test #99: test_gateway_attach_query_ordering ...   Passed    0.02 sec
    Start 99: test_gateway_attach_query_ordering
    Test #99: test_gateway_attach_query_ordering ...   Passed    0.02 sec
    Start 99: test_gateway_attach_query_ordering
    Test #99: test_gateway_attach_query_ordering ...   Passed    0.02 sec
    Start 99: test_gateway_attach_query_ordering
    Test #99: test_gateway_attach_query_ordering ...   Passed    0.02 sec
    Start 99: test_gateway_attach_query_ordering
    Test #99: test_gateway_attach_query_ordering ...   Passed    0.02 sec
    Start 99: test_gateway_attach_query_ordering
    Test #99: test_gateway_attach_query_ordering ...   Passed    0.02 sec
    Start 99: test_gateway_attach_query_ordering
    Test #99: test_gateway_attach_query_ordering ...   Passed    0.02 sec
    Start 99: test_gateway_attach_query_ordering
    Test #99: test_gateway_attach_query_ordering ...   Passed    0.02 sec
    Start 99: test_gateway_attach_query_ordering
    Test #99: test_gateway_attach_query_ordering ...   Passed    0.02 sec
    Start 99: test_gateway_attach_query_ordering
    Test #99: test_gateway_attach_query_ordering ...   Passed    0.02 sec
    Start 99: test_gateway_attach_query_ordering
    Test #99: test_gateway_attach_query_ordering ...   Passed    0.02 sec
    Start 99: test_gateway_attach_query_ordering
    Test #99: test_gateway_attach_query_ordering ...   Passed    0.02 sec
    Start 99: test_gateway_attach_query_ordering
    Test #99: test_gateway_attach_query_ordering ...   Passed    0.02 sec
    Start 99: test_gateway_attach_query_ordering
    Test #99: test_gateway_attach_query_ordering ...   Passed    0.02 sec
    Start 99: test_gateway_attach_query_ordering
    Test #99: test_gateway_attach_query_ordering ...   Passed    0.02 sec
    Start 99: test_gateway_attach_query_ordering
    Test #99: test_gateway_attach_query_ordering ...   Passed    0.02 sec
    Start 99: test_gateway_attach_query_ordering
    Test #99: test_gateway_attach_query_ordering ...   Passed    0.02 sec
    Start 99: test_gateway_attach_query_ordering
    Test #99: test_gateway_attach_query_ordering ...   Passed    0.02 sec
    Start 99: test_gateway_attach_query_ordering
    Test #99: test_gateway_attach_query_ordering ...   Passed    0.02 sec
    Start 99: test_gateway_attach_query_ordering
    Test #99: test_gateway_attach_query_ordering ...   Passed    0.02 sec
    Start 99: test_gateway_attach_query_ordering
    Test #99: test_gateway_attach_query_ordering ...   Passed    0.02 sec
    Start 99: test_gateway_attach_query_ordering
    Test #99: test_gateway_attach_query_ordering ...   Passed    0.02 sec
    Start 99: test_gateway_attach_query_ordering
    Test #99: test_gateway_attach_query_ordering ...   Passed    0.02 sec
    Start 99: test_gateway_attach_query_ordering
    Test #99: test_gateway_attach_query_ordering ...   Passed    0.02 sec
    Start 99: test_gateway_attach_query_ordering
    Test #99: test_gateway_attach_query_ordering ...   Passed    0.02 sec
    Start 99: test_gateway_attach_query_ordering
    Test #99: test_gateway_attach_query_ordering ...   Passed    0.02 sec
    Start 99: test_gateway_attach_query_ordering
    Test #99: test_gateway_attach_query_ordering ...   Passed    0.02 sec
    Start 99: test_gateway_attach_query_ordering
    Test #99: test_gateway_attach_query_ordering ...   Passed    0.02 sec
    Start 99: test_gateway_attach_query_ordering
    Test #99: test_gateway_attach_query_ordering ...   Passed    0.02 sec
    Start 99: test_gateway_attach_query_ordering
    Test #99: test_gateway_attach_query_ordering ...   Passed    0.02 sec
    Start 99: test_gateway_attach_query_ordering
    Test #99: test_gateway_attach_query_ordering ...   Passed    0.02 sec
    Start 99: test_gateway_attach_query_ordering
    Test #99: test_gateway_attach_query_ordering ...   Passed    0.02 sec
    Start 99: test_gateway_attach_query_ordering
    Test #99: test_gateway_attach_query_ordering ...   Passed    0.02 sec
    Start 99: test_gateway_attach_query_ordering
    Test #99: test_gateway_attach_query_ordering ...   Passed    0.02 sec
    Start 99: test_gateway_attach_query_ordering
    Test #99: test_gateway_attach_query_ordering ...   Passed    0.02 sec
    Start 99: test_gateway_attach_query_ordering
    Test #99: test_gateway_attach_query_ordering ...   Passed    0.02 sec
    Start 99: test_gateway_attach_query_ordering
    Test #99: test_gateway_attach_query_ordering ...   Passed    0.02 sec
    Start 99: test_gateway_attach_query_ordering
    Test #99: test_gateway_attach_query_ordering ...   Passed    0.02 sec
    Start 99: test_gateway_attach_query_ordering
    Test #99: test_gateway_attach_query_ordering ...   Passed    0.02 sec
    Start 99: test_gateway_attach_query_ordering
    Test #99: test_gateway_attach_query_ordering ...   Passed    0.02 sec
    Start 99: test_gateway_attach_query_ordering
    Test #99: test_gateway_attach_query_ordering ...   Passed    0.02 sec
    Start 99: test_gateway_attach_query_ordering
    Test #99: test_gateway_attach_query_ordering ...   Passed    0.02 sec
    Start 99: test_gateway_attach_query_ordering
    Test #99: test_gateway_attach_query_ordering ...   Passed    0.02 sec
    Start 99: test_gateway_attach_query_ordering
    Test #99: test_gateway_attach_query_ordering ...   Passed    0.02 sec
    Start 99: test_gateway_attach_query_ordering
    Test #99: test_gateway_attach_query_ordering ...   Passed    0.02 sec
    Start 99: test_gateway_attach_query_ordering
    Test #99: test_gateway_attach_query_ordering ...   Passed    0.02 sec
    Start 99: test_gateway_attach_query_ordering
    Test #99: test_gateway_attach_query_ordering ...   Passed    0.02 sec
    Start 99: test_gateway_attach_query_ordering
    Test #99: test_gateway_attach_query_ordering ...   Passed    0.02 sec
    Start 99: test_gateway_attach_query_ordering
    Test #99: test_gateway_attach_query_ordering ...   Passed    0.02 sec
    Start 99: test_gateway_attach_query_ordering
    Test #99: test_gateway_attach_query_ordering ...   Passed    0.02 sec
    Start 99: test_gateway_attach_query_ordering
    Test #99: test_gateway_attach_query_ordering ...   Passed    0.02 sec
    Start 99: test_gateway_attach_query_ordering
    Test #99: test_gateway_attach_query_ordering ...   Passed    0.02 sec
    Start 99: test_gateway_attach_query_ordering
    Test #99: test_gateway_attach_query_ordering ...   Passed    0.02 sec
    Start 99: test_gateway_attach_query_ordering
    Test #99: test_gateway_attach_query_ordering ...   Passed    0.02 sec
    Start 99: test_gateway_attach_query_ordering
    Test #99: test_gateway_attach_query_ordering ...   Passed    0.02 sec
    Start 99: test_gateway_attach_query_ordering
    Test #99: test_gateway_attach_query_ordering ...   Passed    0.02 sec
    Start 99: test_gateway_attach_query_ordering
    Test #99: test_gateway_attach_query_ordering ...   Passed    0.02 sec
    Start 99: test_gateway_attach_query_ordering
    Test #99: test_gateway_attach_query_ordering ...   Passed    0.02 sec
    Start 99: test_gateway_attach_query_ordering
    Test #99: test_gateway_attach_query_ordering ...   Passed    0.02 sec
    Start 99: test_gateway_attach_query_ordering
    Test #99: test_gateway_attach_query_ordering ...   Passed    0.02 sec
    Start 99: test_gateway_attach_query_ordering
    Test #99: test_gateway_attach_query_ordering ...   Passed    0.02 sec
    Start 99: test_gateway_attach_query_ordering
    Test #99: test_gateway_attach_query_ordering ...   Passed    0.02 sec
    Start 99: test_gateway_attach_query_ordering
    Test #99: test_gateway_attach_query_ordering ...   Passed    0.02 sec
    Start 99: test_gateway_attach_query_ordering
    Test #99: test_gateway_attach_query_ordering ...   Passed    0.02 sec
    Start 99: test_gateway_attach_query_ordering
    Test #99: test_gateway_attach_query_ordering ...   Passed    0.02 sec
    Start 99: test_gateway_attach_query_ordering
    Test #99: test_gateway_attach_query_ordering ...   Passed    0.02 sec
    Start 99: test_gateway_attach_query_ordering
    Test #99: test_gateway_attach_query_ordering ...   Passed    0.02 sec
    Start 99: test_gateway_attach_query_ordering
    Test #99: test_gateway_attach_query_ordering ...   Passed    0.02 sec
    Start 99: test_gateway_attach_query_ordering
    Test #99: test_gateway_attach_query_ordering ...   Passed    0.02 sec
    Start 99: test_gateway_attach_query_ordering
    Test #99: test_gateway_attach_query_ordering ...   Passed    0.02 sec
    Start 99: test_gateway_attach_query_ordering
    Test #99: test_gateway_attach_query_ordering ...   Passed    0.02 sec
    Start 99: test_gateway_attach_query_ordering
    Test #99: test_gateway_attach_query_ordering ...   Passed    0.02 sec
    Start 99: test_gateway_attach_query_ordering
    Test #99: test_gateway_attach_query_ordering ...   Passed    0.02 sec
    Start 99: test_gateway_attach_query_ordering
    Test #99: test_gateway_attach_query_ordering ...   Passed    0.02 sec
    Start 99: test_gateway_attach_query_ordering
    Test #99: test_gateway_attach_query_ordering ...   Passed    0.02 sec
    Start 99: test_gateway_attach_query_ordering
    Test #99: test_gateway_attach_query_ordering ...   Passed    0.02 sec
    Start 99: test_gateway_attach_query_ordering
    Test #99: test_gateway_attach_query_ordering ...   Passed    0.02 sec
    Start 99: test_gateway_attach_query_ordering
    Test #99: test_gateway_attach_query_ordering ...   Passed    0.02 sec
    Start 99: test_gateway_attach_query_ordering
    Test #99: test_gateway_attach_query_ordering ...   Passed    0.02 sec
    Start 99: test_gateway_attach_query_ordering
    Test #99: test_gateway_attach_query_ordering ...   Passed    0.02 sec
    Start 99: test_gateway_attach_query_ordering
    Test #99: test_gateway_attach_query_ordering ...   Passed    0.02 sec
    Start 99: test_gateway_attach_query_ordering
    Test #99: test_gateway_attach_query_ordering ...   Passed    0.02 sec
    Start 99: test_gateway_attach_query_ordering
1/1 Test #99: test_gateway_attach_query_ordering ...   Passed    0.02 sec

100% tests passed, 0 tests failed out of 1

Label Time Summary:
integration    =   0.02 sec*proc (1 test)
serial         =   0.02 sec*proc (1 test)

Total Test time (real) =   1.96 sec
=== Repeating test_gateway_send_ready_self_close (100 iterations) ===
Internal ctest changing into directory: /home/hep7/project/kairos/zlink/core/build
Test project /home/hep7/project/kairos/zlink/core/build
    Start 96: test_gateway_send_ready_self_close
    Test #96: test_gateway_send_ready_self_close ...   Passed    6.06 sec
    Start 96: test_gateway_send_ready_self_close
    Test #96: test_gateway_send_ready_self_close ...   Passed    0.02 sec
    Start 96: test_gateway_send_ready_self_close
    Test #96: test_gateway_send_ready_self_close ...   Passed    2.04 sec
    Start 96: test_gateway_send_ready_self_close
    Test #96: test_gateway_send_ready_self_close ...   Passed    0.02 sec
    Start 96: test_gateway_send_ready_self_close
    Test #96: test_gateway_send_ready_self_close ...   Passed    4.04 sec
    Start 96: test_gateway_send_ready_self_close
    Test #96: test_gateway_send_ready_self_close ...   Passed    8.05 sec
    Start 96: test_gateway_send_ready_self_close
    Test #96: test_gateway_send_ready_self_close ...   Passed    0.03 sec
    Start 96: test_gateway_send_ready_self_close
    Test #96: test_gateway_send_ready_self_close ...   Passed    4.04 sec
    Start 96: test_gateway_send_ready_self_close
    Test #96: test_gateway_send_ready_self_close ...   Passed    4.04 sec
    Start 96: test_gateway_send_ready_self_close
    Test #96: test_gateway_send_ready_self_close ...   Passed   12.08 sec
    Start 96: test_gateway_send_ready_self_close
    Test #96: test_gateway_send_ready_self_close ...   Passed    0.02 sec
    Start 96: test_gateway_send_ready_self_close
    Test #96: test_gateway_send_ready_self_close ...   Passed    0.02 sec
    Start 96: test_gateway_send_ready_self_close
    Test #96: test_gateway_send_ready_self_close ...   Passed    0.02 sec
    Start 96: test_gateway_send_ready_self_close
    Test #96: test_gateway_send_ready_self_close ...   Passed    8.05 sec
    Start 96: test_gateway_send_ready_self_close
    Test #96: test_gateway_send_ready_self_close ...   Passed    0.02 sec
    Start 96: test_gateway_send_ready_self_close
    Test #96: test_gateway_send_ready_self_close ...   Passed    2.03 sec
    Start 96: test_gateway_send_ready_self_close
    Test #96: test_gateway_send_ready_self_close ...   Passed    0.03 sec
    Start 96: test_gateway_send_ready_self_close
    Test #96: test_gateway_send_ready_self_close ...   Passed    4.04 sec
    Start 96: test_gateway_send_ready_self_close
    Test #96: test_gateway_send_ready_self_close ...   Passed    0.02 sec
    Start 96: test_gateway_send_ready_self_close
    Test #96: test_gateway_send_ready_self_close ...   Passed    0.03 sec
    Start 96: test_gateway_send_ready_self_close
    Test #96: test_gateway_send_ready_self_close ...   Passed   16.09 sec
    Start 96: test_gateway_send_ready_self_close
    Test #96: test_gateway_send_ready_self_close ...   Passed    0.03 sec
    Start 96: test_gateway_send_ready_self_close
    Test #96: test_gateway_send_ready_self_close ...   Passed    2.04 sec
    Start 96: test_gateway_send_ready_self_close
    Test #96: test_gateway_send_ready_self_close ...   Passed    2.03 sec
    Start 96: test_gateway_send_ready_self_close
    Test #96: test_gateway_send_ready_self_close ...   Passed    2.03 sec
    Start 96: test_gateway_send_ready_self_close
    Test #96: test_gateway_send_ready_self_close ...   Passed    2.03 sec
    Start 96: test_gateway_send_ready_self_close
    Test #96: test_gateway_send_ready_self_close ...   Passed    4.05 sec
    Start 96: test_gateway_send_ready_self_close
    Test #96: test_gateway_send_ready_self_close ...   Passed    2.03 sec
    Start 96: test_gateway_send_ready_self_close
    Test #96: test_gateway_send_ready_self_close ...   Passed    2.02 sec
    Start 96: test_gateway_send_ready_self_close
    Test #96: test_gateway_send_ready_self_close ...   Passed    2.04 sec
    Start 96: test_gateway_send_ready_self_close
    Test #96: test_gateway_send_ready_self_close ...   Passed    0.03 sec
    Start 96: test_gateway_send_ready_self_close
    Test #96: test_gateway_send_ready_self_close ...   Passed    0.02 sec
    Start 96: test_gateway_send_ready_self_close
    Test #96: test_gateway_send_ready_self_close ...   Passed    2.04 sec
    Start 96: test_gateway_send_ready_self_close
    Test #96: test_gateway_send_ready_self_close ...   Passed    8.05 sec
    Start 96: test_gateway_send_ready_self_close
    Test #96: test_gateway_send_ready_self_close ...   Passed    4.04 sec
    Start 96: test_gateway_send_ready_self_close
    Test #96: test_gateway_send_ready_self_close ...   Passed    0.02 sec
    Start 96: test_gateway_send_ready_self_close
    Test #96: test_gateway_send_ready_self_close ...   Passed    2.03 sec
    Start 96: test_gateway_send_ready_self_close
    Test #96: test_gateway_send_ready_self_close ...   Passed    0.03 sec
    Start 96: test_gateway_send_ready_self_close
    Test #96: test_gateway_send_ready_self_close ...   Passed    2.04 sec
    Start 96: test_gateway_send_ready_self_close
    Test #96: test_gateway_send_ready_self_close ...   Passed    0.03 sec
    Start 96: test_gateway_send_ready_self_close
    Test #96: test_gateway_send_ready_self_close ...   Passed    6.06 sec
    Start 96: test_gateway_send_ready_self_close
    Test #96: test_gateway_send_ready_self_close ...   Passed    4.05 sec
    Start 96: test_gateway_send_ready_self_close
    Test #96: test_gateway_send_ready_self_close ...   Passed    2.03 sec
    Start 96: test_gateway_send_ready_self_close
    Test #96: test_gateway_send_ready_self_close ...   Passed    2.03 sec
    Start 96: test_gateway_send_ready_self_close
    Test #96: test_gateway_send_ready_self_close ...   Passed    6.05 sec
    Start 96: test_gateway_send_ready_self_close
    Test #96: test_gateway_send_ready_self_close ...   Passed    0.02 sec
    Start 96: test_gateway_send_ready_self_close
    Test #96: test_gateway_send_ready_self_close ...   Passed    0.03 sec
    Start 96: test_gateway_send_ready_self_close
    Test #96: test_gateway_send_ready_self_close ...   Passed    2.04 sec
    Start 96: test_gateway_send_ready_self_close
    Test #96: test_gateway_send_ready_self_close ...   Passed    2.02 sec
    Start 96: test_gateway_send_ready_self_close
    Test #96: test_gateway_send_ready_self_close ...   Passed    0.02 sec
    Start 96: test_gateway_send_ready_self_close
    Test #96: test_gateway_send_ready_self_close ...   Passed   10.06 sec
    Start 96: test_gateway_send_ready_self_close
    Test #96: test_gateway_send_ready_self_close ...   Passed    6.05 sec
    Start 96: test_gateway_send_ready_self_close
    Test #96: test_gateway_send_ready_self_close ...   Passed    4.05 sec
    Start 96: test_gateway_send_ready_self_close
    Test #96: test_gateway_send_ready_self_close ...   Passed    4.04 sec
    Start 96: test_gateway_send_ready_self_close
    Test #96: test_gateway_send_ready_self_close ...   Passed    8.06 sec
    Start 96: test_gateway_send_ready_self_close
    Test #96: test_gateway_send_ready_self_close ...   Passed    0.03 sec
    Start 96: test_gateway_send_ready_self_close
    Test #96: test_gateway_send_ready_self_close ...   Passed    2.03 sec
    Start 96: test_gateway_send_ready_self_close
    Test #96: test_gateway_send_ready_self_close ...   Passed    2.04 sec
    Start 96: test_gateway_send_ready_self_close
    Test #96: test_gateway_send_ready_self_close ...   Passed    4.04 sec
    Start 96: test_gateway_send_ready_self_close
    Test #96: test_gateway_send_ready_self_close ...   Passed    0.03 sec
    Start 96: test_gateway_send_ready_self_close
    Test #96: test_gateway_send_ready_self_close ...   Passed    2.04 sec
    Start 96: test_gateway_send_ready_self_close
    Test #96: test_gateway_send_ready_self_close ...   Passed    0.03 sec
    Start 96: test_gateway_send_ready_self_close
    Test #96: test_gateway_send_ready_self_close ...   Passed    0.03 sec
    Start 96: test_gateway_send_ready_self_close
    Test #96: test_gateway_send_ready_self_close ...   Passed    0.03 sec
    Start 96: test_gateway_send_ready_self_close
    Test #96: test_gateway_send_ready_self_close ...   Passed    0.02 sec
    Start 96: test_gateway_send_ready_self_close
    Test #96: test_gateway_send_ready_self_close ...   Passed    6.06 sec
    Start 96: test_gateway_send_ready_self_close
    Test #96: test_gateway_send_ready_self_close ...   Passed    2.03 sec
    Start 96: test_gateway_send_ready_self_close
    Test #96: test_gateway_send_ready_self_close ...   Passed    8.05 sec
    Start 96: test_gateway_send_ready_self_close
    Test #96: test_gateway_send_ready_self_close ...   Passed    2.04 sec
    Start 96: test_gateway_send_ready_self_close
    Test #96: test_gateway_send_ready_self_close ...   Passed    4.05 sec
    Start 96: test_gateway_send_ready_self_close
    Test #96: test_gateway_send_ready_self_close ...   Passed    4.04 sec
    Start 96: test_gateway_send_ready_self_close
    Test #96: test_gateway_send_ready_self_close ...   Passed   16.10 sec
    Start 96: test_gateway_send_ready_self_close
    Test #96: test_gateway_send_ready_self_close ...   Passed    2.04 sec
    Start 96: test_gateway_send_ready_self_close
    Test #96: test_gateway_send_ready_self_close ...   Passed    8.06 sec
    Start 96: test_gateway_send_ready_self_close
    Test #96: test_gateway_send_ready_self_close ...   Passed    2.02 sec
    Start 96: test_gateway_send_ready_self_close
    Test #96: test_gateway_send_ready_self_close ...   Passed    0.03 sec
    Start 96: test_gateway_send_ready_self_close
    Test #96: test_gateway_send_ready_self_close ...   Passed    0.02 sec
    Start 96: test_gateway_send_ready_self_close
    Test #96: test_gateway_send_ready_self_close ...   Passed    4.04 sec
    Start 96: test_gateway_send_ready_self_close
    Test #96: test_gateway_send_ready_self_close ...   Passed    2.04 sec
    Start 96: test_gateway_send_ready_self_close
    Test #96: test_gateway_send_ready_self_close ...   Passed    4.04 sec
    Start 96: test_gateway_send_ready_self_close
    Test #96: test_gateway_send_ready_self_close ...   Passed    0.02 sec
    Start 96: test_gateway_send_ready_self_close
    Test #96: test_gateway_send_ready_self_close ...   Passed    4.03 sec
    Start 96: test_gateway_send_ready_self_close
    Test #96: test_gateway_send_ready_self_close ...   Passed    0.03 sec
    Start 96: test_gateway_send_ready_self_close
    Test #96: test_gateway_send_ready_self_close ...   Passed    2.03 sec
    Start 96: test_gateway_send_ready_self_close
    Test #96: test_gateway_send_ready_self_close ...   Passed   14.07 sec
    Start 96: test_gateway_send_ready_self_close
    Test #96: test_gateway_send_ready_self_close ...   Passed    6.05 sec
    Start 96: test_gateway_send_ready_self_close
    Test #96: test_gateway_send_ready_self_close ...   Passed    0.03 sec
    Start 96: test_gateway_send_ready_self_close
    Test #96: test_gateway_send_ready_self_close ...   Passed    8.05 sec
    Start 96: test_gateway_send_ready_self_close
    Test #96: test_gateway_send_ready_self_close ...   Passed    0.03 sec
    Start 96: test_gateway_send_ready_self_close
    Test #96: test_gateway_send_ready_self_close ...   Passed    2.02 sec
    Start 96: test_gateway_send_ready_self_close
    Test #96: test_gateway_send_ready_self_close ...   Passed    6.05 sec
    Start 96: test_gateway_send_ready_self_close
    Test #96: test_gateway_send_ready_self_close ...   Passed    4.04 sec
    Start 96: test_gateway_send_ready_self_close
    Test #96: test_gateway_send_ready_self_close ...   Passed    8.06 sec
    Start 96: test_gateway_send_ready_self_close
    Test #96: test_gateway_send_ready_self_close ...   Passed    4.06 sec
    Start 96: test_gateway_send_ready_self_close
    Test #96: test_gateway_send_ready_self_close ...   Passed    2.03 sec
    Start 96: test_gateway_send_ready_self_close
    Test #96: test_gateway_send_ready_self_close ...   Passed    6.05 sec
    Start 96: test_gateway_send_ready_self_close
    Test #96: test_gateway_send_ready_self_close ...   Passed    2.03 sec
    Start 96: test_gateway_send_ready_self_close
    Test #96: test_gateway_send_ready_self_close ...   Passed    2.02 sec
    Start 96: test_gateway_send_ready_self_close
    Test #96: test_gateway_send_ready_self_close ...   Passed    2.02 sec
    Start 96: test_gateway_send_ready_self_close
1/1 Test #96: test_gateway_send_ready_self_close ...   Passed    2.03 sec

100% tests passed, 0 tests failed out of 1

Label Time Summary:
integration    =   2.03 sec*proc (1 test)
serial         =   2.03 sec*proc (1 test)

Total Test time (real) = 313.76 sec
=== Repeating test_gateway_monitor_self_close (100 iterations) ===
Internal ctest changing into directory: /home/hep7/project/kairos/zlink/core/build
Test project /home/hep7/project/kairos/zlink/core/build
    Start 100: test_gateway_monitor_self_close
    Test #100: test_gateway_monitor_self_close ...   Passed    0.03 sec
    Start 100: test_gateway_monitor_self_close
    Test #100: test_gateway_monitor_self_close ...   Passed    0.03 sec
    Start 100: test_gateway_monitor_self_close
    Test #100: test_gateway_monitor_self_close ...   Passed    0.03 sec
    Start 100: test_gateway_monitor_self_close
    Test #100: test_gateway_monitor_self_close ...   Passed    0.03 sec
    Start 100: test_gateway_monitor_self_close
    Test #100: test_gateway_monitor_self_close ...   Passed    0.03 sec
    Start 100: test_gateway_monitor_self_close
    Test #100: test_gateway_monitor_self_close ...   Passed    0.03 sec
    Start 100: test_gateway_monitor_self_close
    Test #100: test_gateway_monitor_self_close ...   Passed    0.03 sec
    Start 100: test_gateway_monitor_self_close
    Test #100: test_gateway_monitor_self_close ...   Passed    0.03 sec
    Start 100: test_gateway_monitor_self_close
    Test #100: test_gateway_monitor_self_close ...   Passed    0.03 sec
    Start 100: test_gateway_monitor_self_close
    Test #100: test_gateway_monitor_self_close ...   Passed    0.03 sec
    Start 100: test_gateway_monitor_self_close
    Test #100: test_gateway_monitor_self_close ...   Passed    0.03 sec
    Start 100: test_gateway_monitor_self_close
    Test #100: test_gateway_monitor_self_close ...   Passed    0.03 sec
    Start 100: test_gateway_monitor_self_close
    Test #100: test_gateway_monitor_self_close ...   Passed    0.03 sec
    Start 100: test_gateway_monitor_self_close
    Test #100: test_gateway_monitor_self_close ...   Passed    0.03 sec
    Start 100: test_gateway_monitor_self_close
    Test #100: test_gateway_monitor_self_close ...   Passed    0.03 sec
    Start 100: test_gateway_monitor_self_close
    Test #100: test_gateway_monitor_self_close ...   Passed    0.03 sec
    Start 100: test_gateway_monitor_self_close
    Test #100: test_gateway_monitor_self_close ...   Passed    0.03 sec
    Start 100: test_gateway_monitor_self_close
    Test #100: test_gateway_monitor_self_close ...   Passed    0.03 sec
    Start 100: test_gateway_monitor_self_close
    Test #100: test_gateway_monitor_self_close ...   Passed    0.03 sec
    Start 100: test_gateway_monitor_self_close
    Test #100: test_gateway_monitor_self_close ...   Passed    0.03 sec
    Start 100: test_gateway_monitor_self_close
    Test #100: test_gateway_monitor_self_close ...   Passed    0.03 sec
    Start 100: test_gateway_monitor_self_close
    Test #100: test_gateway_monitor_self_close ...   Passed    0.03 sec
    Start 100: test_gateway_monitor_self_close
    Test #100: test_gateway_monitor_self_close ...   Passed    0.03 sec
    Start 100: test_gateway_monitor_self_close
    Test #100: test_gateway_monitor_self_close ...   Passed    0.03 sec
    Start 100: test_gateway_monitor_self_close
    Test #100: test_gateway_monitor_self_close ...   Passed    0.03 sec
    Start 100: test_gateway_monitor_self_close
    Test #100: test_gateway_monitor_self_close ...   Passed    0.03 sec
    Start 100: test_gateway_monitor_self_close
    Test #100: test_gateway_monitor_self_close ...   Passed    0.03 sec
    Start 100: test_gateway_monitor_self_close
    Test #100: test_gateway_monitor_self_close ...   Passed    0.03 sec
    Start 100: test_gateway_monitor_self_close
    Test #100: test_gateway_monitor_self_close ...   Passed    0.03 sec
    Start 100: test_gateway_monitor_self_close
    Test #100: test_gateway_monitor_self_close ...   Passed    0.03 sec
    Start 100: test_gateway_monitor_self_close
    Test #100: test_gateway_monitor_self_close ...   Passed    0.03 sec
    Start 100: test_gateway_monitor_self_close
    Test #100: test_gateway_monitor_self_close ...   Passed    0.03 sec
    Start 100: test_gateway_monitor_self_close
    Test #100: test_gateway_monitor_self_close ...   Passed    0.03 sec
    Start 100: test_gateway_monitor_self_close
    Test #100: test_gateway_monitor_self_close ...   Passed    0.03 sec
    Start 100: test_gateway_monitor_self_close
    Test #100: test_gateway_monitor_self_close ...   Passed    0.03 sec
    Start 100: test_gateway_monitor_self_close
    Test #100: test_gateway_monitor_self_close ...   Passed    0.03 sec
    Start 100: test_gateway_monitor_self_close
    Test #100: test_gateway_monitor_self_close ...   Passed    0.03 sec
    Start 100: test_gateway_monitor_self_close
    Test #100: test_gateway_monitor_self_close ...   Passed    0.03 sec
    Start 100: test_gateway_monitor_self_close
    Test #100: test_gateway_monitor_self_close ...   Passed    0.03 sec
    Start 100: test_gateway_monitor_self_close
    Test #100: test_gateway_monitor_self_close ...   Passed    0.03 sec
    Start 100: test_gateway_monitor_self_close
    Test #100: test_gateway_monitor_self_close ...   Passed    0.03 sec
    Start 100: test_gateway_monitor_self_close
    Test #100: test_gateway_monitor_self_close ...   Passed    0.03 sec
    Start 100: test_gateway_monitor_self_close
    Test #100: test_gateway_monitor_self_close ...   Passed    0.03 sec
    Start 100: test_gateway_monitor_self_close
    Test #100: test_gateway_monitor_self_close ...   Passed    0.03 sec
    Start 100: test_gateway_monitor_self_close
    Test #100: test_gateway_monitor_self_close ...   Passed    0.03 sec
    Start 100: test_gateway_monitor_self_close
    Test #100: test_gateway_monitor_self_close ...   Passed    0.03 sec
    Start 100: test_gateway_monitor_self_close
    Test #100: test_gateway_monitor_self_close ...   Passed    0.03 sec
    Start 100: test_gateway_monitor_self_close
    Test #100: test_gateway_monitor_self_close ...   Passed    0.03 sec
    Start 100: test_gateway_monitor_self_close
    Test #100: test_gateway_monitor_self_close ...   Passed    0.03 sec
    Start 100: test_gateway_monitor_self_close
    Test #100: test_gateway_monitor_self_close ...   Passed    0.03 sec
    Start 100: test_gateway_monitor_self_close
    Test #100: test_gateway_monitor_self_close ...   Passed    0.03 sec
    Start 100: test_gateway_monitor_self_close
    Test #100: test_gateway_monitor_self_close ...   Passed    0.02 sec
    Start 100: test_gateway_monitor_self_close
    Test #100: test_gateway_monitor_self_close ...   Passed    0.03 sec
    Start 100: test_gateway_monitor_self_close
    Test #100: test_gateway_monitor_self_close ...   Passed    0.03 sec
    Start 100: test_gateway_monitor_self_close
    Test #100: test_gateway_monitor_self_close ...   Passed    0.03 sec
    Start 100: test_gateway_monitor_self_close
    Test #100: test_gateway_monitor_self_close ...   Passed    0.03 sec
    Start 100: test_gateway_monitor_self_close
    Test #100: test_gateway_monitor_self_close ...   Passed    0.03 sec
    Start 100: test_gateway_monitor_self_close
    Test #100: test_gateway_monitor_self_close ...   Passed    0.03 sec
    Start 100: test_gateway_monitor_self_close
    Test #100: test_gateway_monitor_self_close ...   Passed    0.03 sec
    Start 100: test_gateway_monitor_self_close
    Test #100: test_gateway_monitor_self_close ...   Passed    0.03 sec
    Start 100: test_gateway_monitor_self_close
    Test #100: test_gateway_monitor_self_close ...   Passed    0.03 sec
    Start 100: test_gateway_monitor_self_close
    Test #100: test_gateway_monitor_self_close ...   Passed    0.03 sec
    Start 100: test_gateway_monitor_self_close
    Test #100: test_gateway_monitor_self_close ...   Passed    0.03 sec
    Start 100: test_gateway_monitor_self_close
    Test #100: test_gateway_monitor_self_close ...   Passed    0.03 sec
    Start 100: test_gateway_monitor_self_close
    Test #100: test_gateway_monitor_self_close ...   Passed    0.03 sec
    Start 100: test_gateway_monitor_self_close
    Test #100: test_gateway_monitor_self_close ...   Passed    0.03 sec
    Start 100: test_gateway_monitor_self_close
    Test #100: test_gateway_monitor_self_close ...   Passed    0.03 sec
    Start 100: test_gateway_monitor_self_close
    Test #100: test_gateway_monitor_self_close ...   Passed    0.03 sec
    Start 100: test_gateway_monitor_self_close
    Test #100: test_gateway_monitor_self_close ...   Passed    0.03 sec
    Start 100: test_gateway_monitor_self_close
    Test #100: test_gateway_monitor_self_close ...   Passed    0.03 sec
    Start 100: test_gateway_monitor_self_close
    Test #100: test_gateway_monitor_self_close ...   Passed    0.03 sec
    Start 100: test_gateway_monitor_self_close
    Test #100: test_gateway_monitor_self_close ...   Passed    0.03 sec
    Start 100: test_gateway_monitor_self_close
    Test #100: test_gateway_monitor_self_close ...   Passed    0.03 sec
    Start 100: test_gateway_monitor_self_close
    Test #100: test_gateway_monitor_self_close ...   Passed    0.03 sec
    Start 100: test_gateway_monitor_self_close
    Test #100: test_gateway_monitor_self_close ...   Passed    0.03 sec
    Start 100: test_gateway_monitor_self_close
    Test #100: test_gateway_monitor_self_close ...   Passed    0.03 sec
    Start 100: test_gateway_monitor_self_close
    Test #100: test_gateway_monitor_self_close ...   Passed    0.03 sec
    Start 100: test_gateway_monitor_self_close
    Test #100: test_gateway_monitor_self_close ...   Passed    0.03 sec
    Start 100: test_gateway_monitor_self_close
    Test #100: test_gateway_monitor_self_close ...   Passed    0.03 sec
    Start 100: test_gateway_monitor_self_close
    Test #100: test_gateway_monitor_self_close ...   Passed    0.03 sec
    Start 100: test_gateway_monitor_self_close
    Test #100: test_gateway_monitor_self_close ...   Passed    0.03 sec
    Start 100: test_gateway_monitor_self_close
    Test #100: test_gateway_monitor_self_close ...   Passed    0.03 sec
    Start 100: test_gateway_monitor_self_close
    Test #100: test_gateway_monitor_self_close ...   Passed    0.03 sec
    Start 100: test_gateway_monitor_self_close
    Test #100: test_gateway_monitor_self_close ...   Passed    0.03 sec
    Start 100: test_gateway_monitor_self_close
    Test #100: test_gateway_monitor_self_close ...   Passed    0.03 sec
    Start 100: test_gateway_monitor_self_close
    Test #100: test_gateway_monitor_self_close ...   Passed    0.03 sec
    Start 100: test_gateway_monitor_self_close
    Test #100: test_gateway_monitor_self_close ...   Passed    0.03 sec
    Start 100: test_gateway_monitor_self_close
    Test #100: test_gateway_monitor_self_close ...   Passed    0.03 sec
    Start 100: test_gateway_monitor_self_close
    Test #100: test_gateway_monitor_self_close ...   Passed    0.03 sec
    Start 100: test_gateway_monitor_self_close
    Test #100: test_gateway_monitor_self_close ...   Passed    0.03 sec
    Start 100: test_gateway_monitor_self_close
    Test #100: test_gateway_monitor_self_close ...   Passed    0.03 sec
    Start 100: test_gateway_monitor_self_close
    Test #100: test_gateway_monitor_self_close ...   Passed    0.04 sec
    Start 100: test_gateway_monitor_self_close
    Test #100: test_gateway_monitor_self_close ...   Passed    0.03 sec
    Start 100: test_gateway_monitor_self_close
    Test #100: test_gateway_monitor_self_close ...   Passed    0.03 sec
    Start 100: test_gateway_monitor_self_close
    Test #100: test_gateway_monitor_self_close ...   Passed    0.03 sec
    Start 100: test_gateway_monitor_self_close
    Test #100: test_gateway_monitor_self_close ...   Passed    0.03 sec
    Start 100: test_gateway_monitor_self_close
    Test #100: test_gateway_monitor_self_close ...   Passed    0.03 sec
    Start 100: test_gateway_monitor_self_close
    Test #100: test_gateway_monitor_self_close ...   Passed    0.03 sec
    Start 100: test_gateway_monitor_self_close
    Test #100: test_gateway_monitor_self_close ...   Passed    0.03 sec
    Start 100: test_gateway_monitor_self_close
1/1 Test #100: test_gateway_monitor_self_close ...   Passed    0.03 sec

100% tests passed, 0 tests failed out of 1

Label Time Summary:
integration    =   0.03 sec*proc (1 test)
serial         =   0.03 sec*proc (1 test)

Total Test time (real) =   3.00 sec
=== Repeating test_spot_service_introspection_monitors (100 iterations) ===
Internal ctest changing into directory: /home/hep7/project/kairos/zlink/core/build
Test project /home/hep7/project/kairos/zlink/core/build
    Start 72: test_spot_service_introspection_monitors
    Test #72: test_spot_service_introspection_monitors ...   Passed    4.62 sec
    Start 72: test_spot_service_introspection_monitors
    Test #72: test_spot_service_introspection_monitors ...   Passed    4.63 sec
    Start 72: test_spot_service_introspection_monitors
    Test #72: test_spot_service_introspection_monitors ...   Passed    4.57 sec
    Start 72: test_spot_service_introspection_monitors
    Test #72: test_spot_service_introspection_monitors ...   Passed    4.61 sec
    Start 72: test_spot_service_introspection_monitors
    Test #72: test_spot_service_introspection_monitors ...   Passed    4.57 sec
    Start 72: test_spot_service_introspection_monitors
    Test #72: test_spot_service_introspection_monitors ...   Passed    4.58 sec
    Start 72: test_spot_service_introspection_monitors
    Test #72: test_spot_service_introspection_monitors ...   Passed    4.57 sec
    Start 72: test_spot_service_introspection_monitors
    Test #72: test_spot_service_introspection_monitors ...   Passed    4.59 sec
    Start 72: test_spot_service_introspection_monitors
    Test #72: test_spot_service_introspection_monitors ...   Passed    4.63 sec
    Start 72: test_spot_service_introspection_monitors
    Test #72: test_spot_service_introspection_monitors ...   Passed    4.62 sec
    Start 72: test_spot_service_introspection_monitors
    Test #72: test_spot_service_introspection_monitors ...   Passed    4.57 sec
    Start 72: test_spot_service_introspection_monitors
    Test #72: test_spot_service_introspection_monitors ...   Passed    4.61 sec
    Start 72: test_spot_service_introspection_monitors
    Test #72: test_spot_service_introspection_monitors ...   Passed    4.62 sec
    Start 72: test_spot_service_introspection_monitors
    Test #72: test_spot_service_introspection_monitors ...   Passed    4.57 sec
    Start 72: test_spot_service_introspection_monitors
    Test #72: test_spot_service_introspection_monitors ...   Passed    4.58 sec
    Start 72: test_spot_service_introspection_monitors
    Test #72: test_spot_service_introspection_monitors ...   Passed    4.56 sec
    Start 72: test_spot_service_introspection_monitors
    Test #72: test_spot_service_introspection_monitors ...   Passed    4.67 sec
    Start 72: test_spot_service_introspection_monitors
    Test #72: test_spot_service_introspection_monitors ...   Passed    4.56 sec
    Start 72: test_spot_service_introspection_monitors
    Test #72: test_spot_service_introspection_monitors ...   Passed    4.67 sec
    Start 72: test_spot_service_introspection_monitors
    Test #72: test_spot_service_introspection_monitors ...   Passed    4.62 sec
    Start 72: test_spot_service_introspection_monitors
    Test #72: test_spot_service_introspection_monitors ...   Passed    4.61 sec
    Start 72: test_spot_service_introspection_monitors
    Test #72: test_spot_service_introspection_monitors ...   Passed    4.63 sec
    Start 72: test_spot_service_introspection_monitors
    Test #72: test_spot_service_introspection_monitors ...   Passed    4.62 sec
    Start 72: test_spot_service_introspection_monitors
    Test #72: test_spot_service_introspection_monitors ...   Passed    4.62 sec
    Start 72: test_spot_service_introspection_monitors
    Test #72: test_spot_service_introspection_monitors ...   Passed    4.56 sec
    Start 72: test_spot_service_introspection_monitors
    Test #72: test_spot_service_introspection_monitors ...   Passed    4.57 sec
    Start 72: test_spot_service_introspection_monitors
    Test #72: test_spot_service_introspection_monitors ...   Passed    4.62 sec
    Start 72: test_spot_service_introspection_monitors
    Test #72: test_spot_service_introspection_monitors ...   Passed    4.65 sec
    Start 72: test_spot_service_introspection_monitors
    Test #72: test_spot_service_introspection_monitors ...   Passed    4.57 sec
    Start 72: test_spot_service_introspection_monitors
    Test #72: test_spot_service_introspection_monitors ...   Passed    4.63 sec
    Start 72: test_spot_service_introspection_monitors
    Test #72: test_spot_service_introspection_monitors ...   Passed    4.65 sec
    Start 72: test_spot_service_introspection_monitors
    Test #72: test_spot_service_introspection_monitors ...   Passed    4.63 sec
    Start 72: test_spot_service_introspection_monitors
    Test #72: test_spot_service_introspection_monitors ...   Passed    4.74 sec
    Start 72: test_spot_service_introspection_monitors
    Test #72: test_spot_service_introspection_monitors ...   Passed    4.61 sec
    Start 72: test_spot_service_introspection_monitors
    Test #72: test_spot_service_introspection_monitors ...   Passed    4.58 sec
    Start 72: test_spot_service_introspection_monitors
    Test #72: test_spot_service_introspection_monitors ...   Passed    4.62 sec
    Start 72: test_spot_service_introspection_monitors
    Test #72: test_spot_service_introspection_monitors ...   Passed    4.70 sec
    Start 72: test_spot_service_introspection_monitors
    Test #72: test_spot_service_introspection_monitors ...   Passed    4.62 sec
    Start 72: test_spot_service_introspection_monitors
    Test #72: test_spot_service_introspection_monitors ...   Passed    4.62 sec
    Start 72: test_spot_service_introspection_monitors
    Test #72: test_spot_service_introspection_monitors ...   Passed    4.62 sec
    Start 72: test_spot_service_introspection_monitors
    Test #72: test_spot_service_introspection_monitors ...   Passed    4.58 sec
    Start 72: test_spot_service_introspection_monitors
    Test #72: test_spot_service_introspection_monitors ...   Passed    4.67 sec
    Start 72: test_spot_service_introspection_monitors
    Test #72: test_spot_service_introspection_monitors ...   Passed    4.62 sec
    Start 72: test_spot_service_introspection_monitors
    Test #72: test_spot_service_introspection_monitors ...   Passed    4.62 sec
    Start 72: test_spot_service_introspection_monitors
    Test #72: test_spot_service_introspection_monitors ...   Passed    4.57 sec
    Start 72: test_spot_service_introspection_monitors
    Test #72: test_spot_service_introspection_monitors ...   Passed    4.57 sec
    Start 72: test_spot_service_introspection_monitors
    Test #72: test_spot_service_introspection_monitors ...   Passed    4.62 sec
    Start 72: test_spot_service_introspection_monitors
    Test #72: test_spot_service_introspection_monitors ...   Passed    4.63 sec
    Start 72: test_spot_service_introspection_monitors
    Test #72: test_spot_service_introspection_monitors ...   Passed    4.57 sec
    Start 72: test_spot_service_introspection_monitors
    Test #72: test_spot_service_introspection_monitors ...   Passed    4.63 sec
    Start 72: test_spot_service_introspection_monitors
    Test #72: test_spot_service_introspection_monitors ...   Passed    4.57 sec
    Start 72: test_spot_service_introspection_monitors
    Test #72: test_spot_service_introspection_monitors ...   Passed    4.81 sec
    Start 72: test_spot_service_introspection_monitors
    Test #72: test_spot_service_introspection_monitors ...   Passed    4.62 sec
    Start 72: test_spot_service_introspection_monitors
    Test #72: test_spot_service_introspection_monitors ...   Passed    4.57 sec
    Start 72: test_spot_service_introspection_monitors
    Test #72: test_spot_service_introspection_monitors ...   Passed    4.62 sec
    Start 72: test_spot_service_introspection_monitors
    Test #72: test_spot_service_introspection_monitors ...   Passed    4.63 sec
    Start 72: test_spot_service_introspection_monitors
    Test #72: test_spot_service_introspection_monitors ...   Passed    4.61 sec
    Start 72: test_spot_service_introspection_monitors
    Test #72: test_spot_service_introspection_monitors ...   Passed    4.64 sec
    Start 72: test_spot_service_introspection_monitors
    Test #72: test_spot_service_introspection_monitors ...   Passed    4.58 sec
    Start 72: test_spot_service_introspection_monitors
    Test #72: test_spot_service_introspection_monitors ...   Passed    4.57 sec
    Start 72: test_spot_service_introspection_monitors
    Test #72: test_spot_service_introspection_monitors ...   Passed    4.63 sec
    Start 72: test_spot_service_introspection_monitors
    Test #72: test_spot_service_introspection_monitors ...   Passed    4.62 sec
    Start 72: test_spot_service_introspection_monitors
    Test #72: test_spot_service_introspection_monitors ...   Passed    4.58 sec
    Start 72: test_spot_service_introspection_monitors
    Test #72: test_spot_service_introspection_monitors ...   Passed    4.62 sec
    Start 72: test_spot_service_introspection_monitors
    Test #72: test_spot_service_introspection_monitors ...   Passed    4.57 sec
    Start 72: test_spot_service_introspection_monitors
    Test #72: test_spot_service_introspection_monitors ...   Passed    4.62 sec
    Start 72: test_spot_service_introspection_monitors
    Test #72: test_spot_service_introspection_monitors ...   Passed    4.62 sec
    Start 72: test_spot_service_introspection_monitors
    Test #72: test_spot_service_introspection_monitors ...   Passed    4.59 sec
    Start 72: test_spot_service_introspection_monitors
    Test #72: test_spot_service_introspection_monitors ...   Passed    4.56 sec
    Start 72: test_spot_service_introspection_monitors
    Test #72: test_spot_service_introspection_monitors ...   Passed    4.62 sec
    Start 72: test_spot_service_introspection_monitors
    Test #72: test_spot_service_introspection_monitors ...   Passed    4.58 sec
    Start 72: test_spot_service_introspection_monitors
    Test #72: test_spot_service_introspection_monitors ...   Passed    4.57 sec
    Start 72: test_spot_service_introspection_monitors
    Test #72: test_spot_service_introspection_monitors ...   Passed    4.63 sec
    Start 72: test_spot_service_introspection_monitors
    Test #72: test_spot_service_introspection_monitors ...   Passed    4.65 sec
    Start 72: test_spot_service_introspection_monitors
    Test #72: test_spot_service_introspection_monitors ...   Passed    4.62 sec
    Start 72: test_spot_service_introspection_monitors
    Test #72: test_spot_service_introspection_monitors ...   Passed    4.63 sec
    Start 72: test_spot_service_introspection_monitors
    Test #72: test_spot_service_introspection_monitors ...   Passed    4.57 sec
    Start 72: test_spot_service_introspection_monitors
    Test #72: test_spot_service_introspection_monitors ...   Passed    4.62 sec
    Start 72: test_spot_service_introspection_monitors
    Test #72: test_spot_service_introspection_monitors ...   Passed    4.62 sec
    Start 72: test_spot_service_introspection_monitors
    Test #72: test_spot_service_introspection_monitors ...   Passed    4.60 sec
    Start 72: test_spot_service_introspection_monitors
    Test #72: test_spot_service_introspection_monitors ...   Passed    4.61 sec
    Start 72: test_spot_service_introspection_monitors
    Test #72: test_spot_service_introspection_monitors ...   Passed    4.57 sec
    Start 72: test_spot_service_introspection_monitors
    Test #72: test_spot_service_introspection_monitors ...   Passed    4.62 sec
    Start 72: test_spot_service_introspection_monitors
    Test #72: test_spot_service_introspection_monitors ...   Passed    4.57 sec
    Start 72: test_spot_service_introspection_monitors
    Test #72: test_spot_service_introspection_monitors ...   Passed    4.62 sec
    Start 72: test_spot_service_introspection_monitors
    Test #72: test_spot_service_introspection_monitors ...   Passed    4.62 sec
    Start 72: test_spot_service_introspection_monitors
    Test #72: test_spot_service_introspection_monitors ...   Passed    4.63 sec
    Start 72: test_spot_service_introspection_monitors
    Test #72: test_spot_service_introspection_monitors ...   Passed    4.62 sec
    Start 72: test_spot_service_introspection_monitors
    Test #72: test_spot_service_introspection_monitors ...   Passed    4.62 sec
    Start 72: test_spot_service_introspection_monitors
    Test #72: test_spot_service_introspection_monitors ...   Passed    4.56 sec
    Start 72: test_spot_service_introspection_monitors
    Test #72: test_spot_service_introspection_monitors ...   Passed    4.57 sec
    Start 72: test_spot_service_introspection_monitors
    Test #72: test_spot_service_introspection_monitors ...   Passed    4.57 sec
    Start 72: test_spot_service_introspection_monitors
    Test #72: test_spot_service_introspection_monitors ...   Passed    4.58 sec
    Start 72: test_spot_service_introspection_monitors
    Test #72: test_spot_service_introspection_monitors ...   Passed    4.57 sec
    Start 72: test_spot_service_introspection_monitors
    Test #72: test_spot_service_introspection_monitors ...   Passed    4.62 sec
    Start 72: test_spot_service_introspection_monitors
    Test #72: test_spot_service_introspection_monitors ...   Passed    4.62 sec
    Start 72: test_spot_service_introspection_monitors
    Test #72: test_spot_service_introspection_monitors ...   Passed    4.63 sec
    Start 72: test_spot_service_introspection_monitors
    Test #72: test_spot_service_introspection_monitors ...   Passed    4.62 sec
    Start 72: test_spot_service_introspection_monitors
    Test #72: test_spot_service_introspection_monitors ...   Passed    4.57 sec
    Start 72: test_spot_service_introspection_monitors
1/1 Test #72: test_spot_service_introspection_monitors ...   Passed    4.62 sec

100% tests passed, 0 tests failed out of 1

Label Time Summary:
integration    =   4.62 sec*proc (1 test)
serial         =   4.62 sec*proc (1 test)

Total Test time (real) = 460.95 sec
=== Repeating test_spot_service_introspection_late_connect (100 iterations) ===
Internal ctest changing into directory: /home/hep7/project/kairos/zlink/core/build
Test project /home/hep7/project/kairos/zlink/core/build
    Start 73: test_spot_service_introspection_late_connect
    Test #73: test_spot_service_introspection_late_connect ...   Passed    4.63 sec
    Start 73: test_spot_service_introspection_late_connect
    Test #73: test_spot_service_introspection_late_connect ...   Passed    4.63 sec
    Start 73: test_spot_service_introspection_late_connect
    Test #73: test_spot_service_introspection_late_connect ...   Passed    4.63 sec
    Start 73: test_spot_service_introspection_late_connect
    Test #73: test_spot_service_introspection_late_connect ...   Passed    4.62 sec
    Start 73: test_spot_service_introspection_late_connect
    Test #73: test_spot_service_introspection_late_connect ...   Passed    4.61 sec
    Start 73: test_spot_service_introspection_late_connect
    Test #73: test_spot_service_introspection_late_connect ...   Passed    4.88 sec
    Start 73: test_spot_service_introspection_late_connect
    Test #73: test_spot_service_introspection_late_connect ...   Passed    4.61 sec
    Start 73: test_spot_service_introspection_late_connect
    Test #73: test_spot_service_introspection_late_connect ...   Passed    4.61 sec
    Start 73: test_spot_service_introspection_late_connect
    Test #73: test_spot_service_introspection_late_connect ...   Passed    4.63 sec
    Start 73: test_spot_service_introspection_late_connect
    Test #73: test_spot_service_introspection_late_connect ...   Passed    4.62 sec
    Start 73: test_spot_service_introspection_late_connect
    Test #73: test_spot_service_introspection_late_connect ...   Passed    4.59 sec
    Start 73: test_spot_service_introspection_late_connect
    Test #73: test_spot_service_introspection_late_connect ...   Passed    4.61 sec
    Start 73: test_spot_service_introspection_late_connect
    Test #73: test_spot_service_introspection_late_connect ...   Passed    4.62 sec
    Start 73: test_spot_service_introspection_late_connect
    Test #73: test_spot_service_introspection_late_connect ...   Passed    4.60 sec
    Start 73: test_spot_service_introspection_late_connect
    Test #73: test_spot_service_introspection_late_connect ...   Passed    4.63 sec
    Start 73: test_spot_service_introspection_late_connect
    Test #73: test_spot_service_introspection_late_connect ...   Passed    4.61 sec
    Start 73: test_spot_service_introspection_late_connect
    Test #73: test_spot_service_introspection_late_connect ...   Passed    4.61 sec
    Start 73: test_spot_service_introspection_late_connect
    Test #73: test_spot_service_introspection_late_connect ...   Passed    4.58 sec
    Start 73: test_spot_service_introspection_late_connect
    Test #73: test_spot_service_introspection_late_connect ...   Passed    4.63 sec
    Start 73: test_spot_service_introspection_late_connect
    Test #73: test_spot_service_introspection_late_connect ...   Passed    4.63 sec
    Start 73: test_spot_service_introspection_late_connect
    Test #73: test_spot_service_introspection_late_connect ...   Passed    4.62 sec
    Start 73: test_spot_service_introspection_late_connect
    Test #73: test_spot_service_introspection_late_connect ...   Passed    4.62 sec
    Start 73: test_spot_service_introspection_late_connect
    Test #73: test_spot_service_introspection_late_connect ...   Passed    4.60 sec
    Start 73: test_spot_service_introspection_late_connect
    Test #73: test_spot_service_introspection_late_connect ...   Passed    4.82 sec
    Start 73: test_spot_service_introspection_late_connect
    Test #73: test_spot_service_introspection_late_connect ...   Passed    4.59 sec
    Start 73: test_spot_service_introspection_late_connect
    Test #73: test_spot_service_introspection_late_connect ...   Passed    4.58 sec
    Start 73: test_spot_service_introspection_late_connect
    Test #73: test_spot_service_introspection_late_connect ...   Passed    4.62 sec
    Start 73: test_spot_service_introspection_late_connect
    Test #73: test_spot_service_introspection_late_connect ...   Passed    4.61 sec
    Start 73: test_spot_service_introspection_late_connect
    Test #73: test_spot_service_introspection_late_connect ...   Passed    4.82 sec
    Start 73: test_spot_service_introspection_late_connect
    Test #73: test_spot_service_introspection_late_connect ...   Passed    4.57 sec
    Start 73: test_spot_service_introspection_late_connect
    Test #73: test_spot_service_introspection_late_connect ...   Passed    4.57 sec
    Start 73: test_spot_service_introspection_late_connect
    Test #73: test_spot_service_introspection_late_connect ...   Passed    4.83 sec
    Start 73: test_spot_service_introspection_late_connect
    Test #73: test_spot_service_introspection_late_connect ...   Passed    4.61 sec
    Start 73: test_spot_service_introspection_late_connect
    Test #73: test_spot_service_introspection_late_connect ...   Passed    4.57 sec
    Start 73: test_spot_service_introspection_late_connect
    Test #73: test_spot_service_introspection_late_connect ...   Passed    4.57 sec
    Start 73: test_spot_service_introspection_late_connect
    Test #73: test_spot_service_introspection_late_connect ...   Passed    4.57 sec
    Start 73: test_spot_service_introspection_late_connect
    Test #73: test_spot_service_introspection_late_connect ...   Passed    4.57 sec
    Start 73: test_spot_service_introspection_late_connect
    Test #73: test_spot_service_introspection_late_connect ...   Passed    4.67 sec
    Start 73: test_spot_service_introspection_late_connect
    Test #73: test_spot_service_introspection_late_connect ...   Passed    4.64 sec
    Start 73: test_spot_service_introspection_late_connect
    Test #73: test_spot_service_introspection_late_connect ...   Passed    4.63 sec
    Start 73: test_spot_service_introspection_late_connect
    Test #73: test_spot_service_introspection_late_connect ...   Passed    4.63 sec
    Start 73: test_spot_service_introspection_late_connect
    Test #73: test_spot_service_introspection_late_connect ...   Passed    4.67 sec
    Start 73: test_spot_service_introspection_late_connect
    Test #73: test_spot_service_introspection_late_connect ...   Passed    4.63 sec
    Start 73: test_spot_service_introspection_late_connect
    Test #73: test_spot_service_introspection_late_connect ...   Passed    4.63 sec
    Start 73: test_spot_service_introspection_late_connect
    Test #73: test_spot_service_introspection_late_connect ...   Passed    4.63 sec
    Start 73: test_spot_service_introspection_late_connect
    Test #73: test_spot_service_introspection_late_connect ...   Passed    4.62 sec
    Start 73: test_spot_service_introspection_late_connect
    Test #73: test_spot_service_introspection_late_connect ...   Passed    4.58 sec
    Start 73: test_spot_service_introspection_late_connect
    Test #73: test_spot_service_introspection_late_connect ...   Passed    4.87 sec
    Start 73: test_spot_service_introspection_late_connect
    Test #73: test_spot_service_introspection_late_connect ...   Passed    4.62 sec
    Start 73: test_spot_service_introspection_late_connect
    Test #73: test_spot_service_introspection_late_connect ...   Passed    4.83 sec
    Start 73: test_spot_service_introspection_late_connect
    Test #73: test_spot_service_introspection_late_connect ...   Passed    4.62 sec
    Start 73: test_spot_service_introspection_late_connect
    Test #73: test_spot_service_introspection_late_connect ...   Passed    4.62 sec
    Start 73: test_spot_service_introspection_late_connect
    Test #73: test_spot_service_introspection_late_connect ...   Passed    4.63 sec
    Start 73: test_spot_service_introspection_late_connect
    Test #73: test_spot_service_introspection_late_connect ...   Passed    4.57 sec
    Start 73: test_spot_service_introspection_late_connect
    Test #73: test_spot_service_introspection_late_connect ...   Passed    4.62 sec
    Start 73: test_spot_service_introspection_late_connect
    Test #73: test_spot_service_introspection_late_connect ...   Passed    4.62 sec
    Start 73: test_spot_service_introspection_late_connect
    Test #73: test_spot_service_introspection_late_connect ...   Passed    4.87 sec
    Start 73: test_spot_service_introspection_late_connect
    Test #73: test_spot_service_introspection_late_connect ...   Passed    4.64 sec
    Start 73: test_spot_service_introspection_late_connect
    Test #73: test_spot_service_introspection_late_connect ...   Passed    4.62 sec
    Start 73: test_spot_service_introspection_late_connect
    Test #73: test_spot_service_introspection_late_connect ...   Passed    4.64 sec
    Start 73: test_spot_service_introspection_late_connect
    Test #73: test_spot_service_introspection_late_connect ...   Passed    4.57 sec
    Start 73: test_spot_service_introspection_late_connect
    Test #73: test_spot_service_introspection_late_connect ...   Passed    4.62 sec
    Start 73: test_spot_service_introspection_late_connect
    Test #73: test_spot_service_introspection_late_connect ...   Passed    4.68 sec
    Start 73: test_spot_service_introspection_late_connect
    Test #73: test_spot_service_introspection_late_connect ...   Passed    4.58 sec
    Start 73: test_spot_service_introspection_late_connect
    Test #73: test_spot_service_introspection_late_connect ...   Passed    4.83 sec
    Start 73: test_spot_service_introspection_late_connect
    Test #73: test_spot_service_introspection_late_connect ...   Passed    4.63 sec
    Start 73: test_spot_service_introspection_late_connect
    Test #73: test_spot_service_introspection_late_connect ...   Passed    4.63 sec
    Start 73: test_spot_service_introspection_late_connect
    Test #73: test_spot_service_introspection_late_connect ...   Passed    4.62 sec
    Start 73: test_spot_service_introspection_late_connect
    Test #73: test_spot_service_introspection_late_connect ...   Passed    4.63 sec
    Start 73: test_spot_service_introspection_late_connect
    Test #73: test_spot_service_introspection_late_connect ...   Passed    4.64 sec
    Start 73: test_spot_service_introspection_late_connect
    Test #73: test_spot_service_introspection_late_connect ...   Passed    4.64 sec
    Start 73: test_spot_service_introspection_late_connect
    Test #73: test_spot_service_introspection_late_connect ...   Passed    4.62 sec
    Start 73: test_spot_service_introspection_late_connect
    Test #73: test_spot_service_introspection_late_connect ...   Passed    4.62 sec
    Start 73: test_spot_service_introspection_late_connect
    Test #73: test_spot_service_introspection_late_connect ...   Passed    4.83 sec
    Start 73: test_spot_service_introspection_late_connect
    Test #73: test_spot_service_introspection_late_connect ...   Passed    4.60 sec
    Start 73: test_spot_service_introspection_late_connect
    Test #73: test_spot_service_introspection_late_connect ...   Passed    4.77 sec
    Start 73: test_spot_service_introspection_late_connect
    Test #73: test_spot_service_introspection_late_connect ...   Passed    4.62 sec
    Start 73: test_spot_service_introspection_late_connect
    Test #73: test_spot_service_introspection_late_connect ...   Passed    4.62 sec
    Start 73: test_spot_service_introspection_late_connect
    Test #73: test_spot_service_introspection_late_connect ...   Passed    4.57 sec
    Start 73: test_spot_service_introspection_late_connect
    Test #73: test_spot_service_introspection_late_connect ...   Passed    4.63 sec
    Start 73: test_spot_service_introspection_late_connect
    Test #73: test_spot_service_introspection_late_connect ...   Passed    4.62 sec
    Start 73: test_spot_service_introspection_late_connect
    Test #73: test_spot_service_introspection_late_connect ...   Passed    4.61 sec
    Start 73: test_spot_service_introspection_late_connect
    Test #73: test_spot_service_introspection_late_connect ...   Passed    4.64 sec
    Start 73: test_spot_service_introspection_late_connect
    Test #73: test_spot_service_introspection_late_connect ...   Passed    4.65 sec
    Start 73: test_spot_service_introspection_late_connect
    Test #73: test_spot_service_introspection_late_connect ...   Passed    4.65 sec
    Start 73: test_spot_service_introspection_late_connect
    Test #73: test_spot_service_introspection_late_connect ...   Passed    4.56 sec
    Start 73: test_spot_service_introspection_late_connect
    Test #73: test_spot_service_introspection_late_connect ...   Passed    4.61 sec
    Start 73: test_spot_service_introspection_late_connect
    Test #73: test_spot_service_introspection_late_connect ...   Passed    4.57 sec
    Start 73: test_spot_service_introspection_late_connect
    Test #73: test_spot_service_introspection_late_connect ...   Passed    4.62 sec
    Start 73: test_spot_service_introspection_late_connect
    Test #73: test_spot_service_introspection_late_connect ...   Passed    4.61 sec
    Start 73: test_spot_service_introspection_late_connect
    Test #73: test_spot_service_introspection_late_connect ...   Passed    4.62 sec
    Start 73: test_spot_service_introspection_late_connect
    Test #73: test_spot_service_introspection_late_connect ...   Passed    4.63 sec
    Start 73: test_spot_service_introspection_late_connect
    Test #73: test_spot_service_introspection_late_connect ...   Passed    4.82 sec
    Start 73: test_spot_service_introspection_late_connect
    Test #73: test_spot_service_introspection_late_connect ...   Passed    4.60 sec
    Start 73: test_spot_service_introspection_late_connect
    Test #73: test_spot_service_introspection_late_connect ...   Passed    4.62 sec
    Start 73: test_spot_service_introspection_late_connect
    Test #73: test_spot_service_introspection_late_connect ...   Passed    4.57 sec
    Start 73: test_spot_service_introspection_late_connect
    Test #73: test_spot_service_introspection_late_connect ...   Passed    4.64 sec
    Start 73: test_spot_service_introspection_late_connect
    Test #73: test_spot_service_introspection_late_connect ...   Passed    4.62 sec
    Start 73: test_spot_service_introspection_late_connect
    Test #73: test_spot_service_introspection_late_connect ...   Passed    4.60 sec
    Start 73: test_spot_service_introspection_late_connect
1/1 Test #73: test_spot_service_introspection_late_connect ...   Passed    4.88 sec

100% tests passed, 0 tests failed out of 1

Label Time Summary:
integration    =   4.88 sec*proc (1 test)
serial         =   4.88 sec*proc (1 test)

Total Test time (real) = 464.15 sec
=== Repeating test_spot_service_introspection_subscription_ready_loss (100 iterations) ===
Internal ctest changing into directory: /home/hep7/project/kairos/zlink/core/build
Test project /home/hep7/project/kairos/zlink/core/build
    Start 74: test_spot_service_introspection_subscription_ready_loss
    Test #74: test_spot_service_introspection_subscription_ready_loss ...   Passed    4.62 sec
    Start 74: test_spot_service_introspection_subscription_ready_loss
    Test #74: test_spot_service_introspection_subscription_ready_loss ...   Passed    4.62 sec
    Start 74: test_spot_service_introspection_subscription_ready_loss
    Test #74: test_spot_service_introspection_subscription_ready_loss ...   Passed    4.62 sec
    Start 74: test_spot_service_introspection_subscription_ready_loss
    Test #74: test_spot_service_introspection_subscription_ready_loss ...   Passed    4.62 sec
    Start 74: test_spot_service_introspection_subscription_ready_loss
    Test #74: test_spot_service_introspection_subscription_ready_loss ...   Passed    4.62 sec
    Start 74: test_spot_service_introspection_subscription_ready_loss
    Test #74: test_spot_service_introspection_subscription_ready_loss ...   Passed    4.63 sec
    Start 74: test_spot_service_introspection_subscription_ready_loss
    Test #74: test_spot_service_introspection_subscription_ready_loss ...   Passed    4.57 sec
    Start 74: test_spot_service_introspection_subscription_ready_loss
    Test #74: test_spot_service_introspection_subscription_ready_loss ...   Passed    4.57 sec
    Start 74: test_spot_service_introspection_subscription_ready_loss
    Test #74: test_spot_service_introspection_subscription_ready_loss ...   Passed    4.58 sec
    Start 74: test_spot_service_introspection_subscription_ready_loss
    Test #74: test_spot_service_introspection_subscription_ready_loss ...   Passed    4.63 sec
    Start 74: test_spot_service_introspection_subscription_ready_loss
    Test #74: test_spot_service_introspection_subscription_ready_loss ...   Passed    4.62 sec
    Start 74: test_spot_service_introspection_subscription_ready_loss
    Test #74: test_spot_service_introspection_subscription_ready_loss ...   Passed    4.61 sec
    Start 74: test_spot_service_introspection_subscription_ready_loss
    Test #74: test_spot_service_introspection_subscription_ready_loss ...   Passed    4.62 sec
    Start 74: test_spot_service_introspection_subscription_ready_loss
    Test #74: test_spot_service_introspection_subscription_ready_loss ...   Passed    4.63 sec
    Start 74: test_spot_service_introspection_subscription_ready_loss
    Test #74: test_spot_service_introspection_subscription_ready_loss ...   Passed    4.62 sec
    Start 74: test_spot_service_introspection_subscription_ready_loss
    Test #74: test_spot_service_introspection_subscription_ready_loss ...   Passed    4.64 sec
    Start 74: test_spot_service_introspection_subscription_ready_loss
    Test #74: test_spot_service_introspection_subscription_ready_loss ...   Passed    4.62 sec
    Start 74: test_spot_service_introspection_subscription_ready_loss
    Test #74: test_spot_service_introspection_subscription_ready_loss ...   Passed    4.63 sec
    Start 74: test_spot_service_introspection_subscription_ready_loss
    Test #74: test_spot_service_introspection_subscription_ready_loss ...   Passed    4.62 sec
    Start 74: test_spot_service_introspection_subscription_ready_loss
    Test #74: test_spot_service_introspection_subscription_ready_loss ...   Passed    4.61 sec
    Start 74: test_spot_service_introspection_subscription_ready_loss
    Test #74: test_spot_service_introspection_subscription_ready_loss ...   Passed    4.58 sec
    Start 74: test_spot_service_introspection_subscription_ready_loss
    Test #74: test_spot_service_introspection_subscription_ready_loss ...   Passed    4.62 sec
    Start 74: test_spot_service_introspection_subscription_ready_loss
    Test #74: test_spot_service_introspection_subscription_ready_loss ...   Passed    4.64 sec
    Start 74: test_spot_service_introspection_subscription_ready_loss
    Test #74: test_spot_service_introspection_subscription_ready_loss ...   Passed    4.64 sec
    Start 74: test_spot_service_introspection_subscription_ready_loss
    Test #74: test_spot_service_introspection_subscription_ready_loss ...   Passed    4.62 sec
    Start 74: test_spot_service_introspection_subscription_ready_loss
    Test #74: test_spot_service_introspection_subscription_ready_loss ...   Passed    4.61 sec
    Start 74: test_spot_service_introspection_subscription_ready_loss
    Test #74: test_spot_service_introspection_subscription_ready_loss ...   Passed    4.57 sec
    Start 74: test_spot_service_introspection_subscription_ready_loss
    Test #74: test_spot_service_introspection_subscription_ready_loss ...   Passed    4.59 sec
    Start 74: test_spot_service_introspection_subscription_ready_loss
    Test #74: test_spot_service_introspection_subscription_ready_loss ...   Passed    4.63 sec
    Start 74: test_spot_service_introspection_subscription_ready_loss
    Test #74: test_spot_service_introspection_subscription_ready_loss ...   Passed    4.62 sec
    Start 74: test_spot_service_introspection_subscription_ready_loss
    Test #74: test_spot_service_introspection_subscription_ready_loss ...   Passed    4.63 sec
    Start 74: test_spot_service_introspection_subscription_ready_loss
    Test #74: test_spot_service_introspection_subscription_ready_loss ...   Passed    4.63 sec
    Start 74: test_spot_service_introspection_subscription_ready_loss
    Test #74: test_spot_service_introspection_subscription_ready_loss ...   Passed    4.66 sec
    Start 74: test_spot_service_introspection_subscription_ready_loss
    Test #74: test_spot_service_introspection_subscription_ready_loss ...   Passed    4.62 sec
    Start 74: test_spot_service_introspection_subscription_ready_loss
    Test #74: test_spot_service_introspection_subscription_ready_loss ...   Passed    4.61 sec
    Start 74: test_spot_service_introspection_subscription_ready_loss
    Test #74: test_spot_service_introspection_subscription_ready_loss ...   Passed    4.62 sec
    Start 74: test_spot_service_introspection_subscription_ready_loss
    Test #74: test_spot_service_introspection_subscription_ready_loss ...   Passed    4.62 sec
    Start 74: test_spot_service_introspection_subscription_ready_loss
    Test #74: test_spot_service_introspection_subscription_ready_loss ...   Passed    4.66 sec
    Start 74: test_spot_service_introspection_subscription_ready_loss
    Test #74: test_spot_service_introspection_subscription_ready_loss ...   Passed    4.62 sec
    Start 74: test_spot_service_introspection_subscription_ready_loss
    Test #74: test_spot_service_introspection_subscription_ready_loss ...   Passed    4.62 sec
    Start 74: test_spot_service_introspection_subscription_ready_loss
    Test #74: test_spot_service_introspection_subscription_ready_loss ...   Passed    4.64 sec
    Start 74: test_spot_service_introspection_subscription_ready_loss
    Test #74: test_spot_service_introspection_subscription_ready_loss ...   Passed    4.63 sec
    Start 74: test_spot_service_introspection_subscription_ready_loss
    Test #74: test_spot_service_introspection_subscription_ready_loss ...   Passed    4.62 sec
    Start 74: test_spot_service_introspection_subscription_ready_loss
    Test #74: test_spot_service_introspection_subscription_ready_loss ...   Passed    4.62 sec
    Start 74: test_spot_service_introspection_subscription_ready_loss
    Test #74: test_spot_service_introspection_subscription_ready_loss ...   Passed    4.63 sec
    Start 74: test_spot_service_introspection_subscription_ready_loss
    Test #74: test_spot_service_introspection_subscription_ready_loss ...   Passed    4.62 sec
    Start 74: test_spot_service_introspection_subscription_ready_loss
    Test #74: test_spot_service_introspection_subscription_ready_loss ...   Passed    4.65 sec
    Start 74: test_spot_service_introspection_subscription_ready_loss
    Test #74: test_spot_service_introspection_subscription_ready_loss ...   Passed    4.62 sec
    Start 74: test_spot_service_introspection_subscription_ready_loss
    Test #74: test_spot_service_introspection_subscription_ready_loss ...   Passed    4.62 sec
    Start 74: test_spot_service_introspection_subscription_ready_loss
    Test #74: test_spot_service_introspection_subscription_ready_loss ...   Passed    4.62 sec
    Start 74: test_spot_service_introspection_subscription_ready_loss
    Test #74: test_spot_service_introspection_subscription_ready_loss ...   Passed    4.75 sec
    Start 74: test_spot_service_introspection_subscription_ready_loss
    Test #74: test_spot_service_introspection_subscription_ready_loss ...   Passed    4.61 sec
    Start 74: test_spot_service_introspection_subscription_ready_loss
    Test #74: test_spot_service_introspection_subscription_ready_loss ...   Passed    4.63 sec
    Start 74: test_spot_service_introspection_subscription_ready_loss
    Test #74: test_spot_service_introspection_subscription_ready_loss ...   Passed    4.62 sec
    Start 74: test_spot_service_introspection_subscription_ready_loss
    Test #74: test_spot_service_introspection_subscription_ready_loss ...   Passed    4.62 sec
    Start 74: test_spot_service_introspection_subscription_ready_loss
    Test #74: test_spot_service_introspection_subscription_ready_loss ...   Passed    4.62 sec
    Start 74: test_spot_service_introspection_subscription_ready_loss
    Test #74: test_spot_service_introspection_subscription_ready_loss ...   Passed    4.62 sec
    Start 74: test_spot_service_introspection_subscription_ready_loss
    Test #74: test_spot_service_introspection_subscription_ready_loss ...   Passed    4.62 sec
    Start 74: test_spot_service_introspection_subscription_ready_loss
    Test #74: test_spot_service_introspection_subscription_ready_loss ...   Passed    4.62 sec
    Start 74: test_spot_service_introspection_subscription_ready_loss
    Test #74: test_spot_service_introspection_subscription_ready_loss ...   Passed    4.62 sec
    Start 74: test_spot_service_introspection_subscription_ready_loss
    Test #74: test_spot_service_introspection_subscription_ready_loss ...   Passed    4.64 sec
    Start 74: test_spot_service_introspection_subscription_ready_loss
    Test #74: test_spot_service_introspection_subscription_ready_loss ...   Passed    4.62 sec
    Start 74: test_spot_service_introspection_subscription_ready_loss
    Test #74: test_spot_service_introspection_subscription_ready_loss ...   Passed    4.62 sec
    Start 74: test_spot_service_introspection_subscription_ready_loss
    Test #74: test_spot_service_introspection_subscription_ready_loss ...   Passed    4.62 sec
    Start 74: test_spot_service_introspection_subscription_ready_loss
    Test #74: test_spot_service_introspection_subscription_ready_loss ...   Passed    4.62 sec
    Start 74: test_spot_service_introspection_subscription_ready_loss
    Test #74: test_spot_service_introspection_subscription_ready_loss ...   Passed    4.62 sec
    Start 74: test_spot_service_introspection_subscription_ready_loss
    Test #74: test_spot_service_introspection_subscription_ready_loss ...   Passed    4.59 sec
    Start 74: test_spot_service_introspection_subscription_ready_loss
    Test #74: test_spot_service_introspection_subscription_ready_loss ...   Passed    4.67 sec
    Start 74: test_spot_service_introspection_subscription_ready_loss
    Test #74: test_spot_service_introspection_subscription_ready_loss ...***Failed    0.55 sec
/home/hep7/project/kairos/zlink/core/tests/e2e/spot/test_spot_service_introspection.cpp:637:test_spot_subscription_ready_changed_reports_loss:FAIL: zlink_monitor_close (&monitor) failed, errno = 16 (Device or resource busy)

-----------------------
1 Tests 1 Failures 0 Ignored 
FAIL


0% tests passed, 1 tests failed out of 1

Label Time Summary:
integration    =   0.55 sec*proc (1 test)
serial         =   0.55 sec*proc (1 test)

Total Test time (real) = 314.90 sec

The following tests FAILED:
	 74 - test_spot_service_introspection_subscription_ready_loss (Failed)
Errors while running CTest
