{
  "PAIR": {
    "tcp|64|throughput": 6247003.172499999,
    "tcp|64|latency": 4.85625,
    "tcp|256|throughput": 3757859.47625,
    "tcp|256|latency": 4.795,
    "tcp|1024|throughput": 1455088.11,
    "tcp|1024|latency": 4.87875,
    "tcp|65536|throughput": 39511.09625,
    "tcp|65536|latency": 11.89625,
    "tcp|131072|throughput": 20712.3775,
    "tcp|131072|latency": 17.635,
    "tcp|262144|throughput": 11538.42625,
    "tcp|262144|latency": 28.6475,
    "inproc|64|throughput": 8399757.557500001,
    "inproc|64|latency": 0.06375,
    "inproc|256|throughput": 8480932.0325,
    "inproc|256|latency": 0.07,
    "inproc|1024|throughput": 5022980.3175,
    "inproc|1024|latency": 0.0825,
    "inproc|65536|throughput": 163801.31,
    "inproc|65536|latency": 1.91875,
    "inproc|131072|throughput": 109080.06375,
    "inproc|131072|latency": 3.36875,
    "inproc|262144|throughput": 67259.725,
    "inproc|262144|latency": 6.51375,
    "ipc|64|throughput": 6539617.605,
    "ipc|64|latency": 4.2625,
    "ipc|256|throughput": 4238884.68,
    "ipc|256|latency": 4.29125,
    "ipc|1024|throughput": 1741211.79375,
    "ipc|1024|latency": 4.3425,
    "ipc|65536|throughput": 40413.7025,
    "ipc|65536|latency": 11.63125,
    "ipc|131072|throughput": 21359.295,
    "ipc|131072|latency": 17.544999999999998,
    "ipc|262144|throughput": 10655.245,
    "ipc|262144|latency": 28.822499999999998
  },
  "PUBSUB": {
    "tcp|64|throughput": 4366849.58375,
    "tcp|64|latency": 0.2275,
    "tcp|256|throughput": 2579184.43125,
    "tcp|256|latency": 0.38875000000000004,
    "tcp|1024|throughput": 974648.4525,
    "tcp|1024|latency": 1.0275,
    "tcp|65536|throughput": 34163.95,
    "tcp|65536|latency": 29.56625,
    "tcp|131072|throughput": 18970.255,
    "tcp|131072|latency": 53.51875,
    "tcp|262144|throughput": 11154.55875,
    "tcp|262144|latency": 90.61375,
    "inproc|64|throughput": 6044922.453749999,
    "inproc|64|latency": 0.165,
    "inproc|256|throughput": 4964952.66625,
    "inproc|256|latency": 0.20125,
    "inproc|1024|throughput": 2978875.46125,
    "inproc|1024|latency": 0.33625,
    "inproc|65536|throughput": 158339.03125,
    "inproc|65536|latency": 6.32125,
    "inproc|131072|throughput": 109498.26,
    "inproc|131072|latency": 9.13375,
    "inproc|262144|throughput": 66622.9925,
    "inproc|262144|latency": 15.01,
    "ipc|64|throughput": 4482769.20125,
    "ipc|64|latency": 0.2225,
    "ipc|256|throughput": 2746002.78125,
    "ipc|256|latency": 0.36375,
    "ipc|1024|throughput": 1079733.59,
    "ipc|1024|latency": 0.925,
    "ipc|65536|throughput": 33384.7325,
    "ipc|65536|latency": 30.2075,
    "ipc|131072|throughput": 20016.8225,
    "ipc|131072|latency": 50.33,
    "ipc|262144|throughput": 11260.1525,
    "ipc|262144|latency": 89.18125
  },
  "DEALER_DEALER": {
    "tcp|64|throughput": 6111290.4325,
    "tcp|64|latency": 4.78125,
    "tcp|256|throughput": 3689557.49125,
    "tcp|256|latency": 4.905,
    "tcp|1024|throughput": 1434234.18875,
    "tcp|1024|latency": 4.9275,
    "tcp|65536|throughput": 40313.082500000004,
    "tcp|65536|latency": 11.911249999999999,
    "tcp|131072|throughput": 18295.655,
    "tcp|131072|latency": 17.63375,
    "tcp|262144|throughput": 10185.59625,
    "tcp|262144|latency": 29.3,
    "inproc|64|throughput": 8001223.215,
    "inproc|64|latency": 0.07,
    "inproc|256|throughput": 8228991.39375,
    "inproc|256|latency": 0.07125000000000001,
    "inproc|1024|throughput": 4930886.795,
    "inproc|1024|latency": 0.0925,
    "inproc|65536|throughput": 160810.38375,
    "inproc|65536|latency": 1.9649999999999999,
    "inproc|131072|throughput": 104847.99125,
    "inproc|131072|latency": 3.45625,
    "inproc|262144|throughput": 64541.11375,
    "inproc|262144|latency": 6.65,
    "ipc|64|throughput": 6364293.3725000005,
    "ipc|64|latency": 4.30375,
    "ipc|256|throughput": 4154254.30875,
    "ipc|256|latency": 4.3475,
    "ipc|1024|throughput": 1733772.81125,
    "ipc|1024|latency": 4.43625,
    "ipc|65536|throughput": 40209.165,
    "ipc|65536|latency": 11.78875,
    "ipc|131072|throughput": 23120.25875,
    "ipc|131072|latency": 17.80625,
    "ipc|262144|throughput": 12143.24875,
    "ipc|262144|latency": 29.2875
  },
  "DEALER_ROUTER": {
    "tcp|64|throughput": 4749564.71125,
    "tcp|64|latency": 4.75375,
    "tcp|256|throughput": 3193165.07375,
    "tcp|256|latency": 4.89125,
    "tcp|1024|throughput": 1334595.4012499999,
    "tcp|1024|latency": 4.91375,
    "tcp|65536|throughput": 26763.1975,
    "tcp|65536|latency": 12.03125,
    "tcp|131072|throughput": 15154.2975,
    "tcp|131072|latency": 17.79875,
    "tcp|262144|throughput": 9501.84625,
    "tcp|262144|latency": 29.5175,
    "inproc|64|throughput": 7240258.08,
    "inproc|64|latency": 0.1,
    "inproc|256|throughput": 7026598.12375,
    "inproc|256|latency": 0.1,
    "inproc|1024|throughput": 4222614.385,
    "inproc|1024|latency": 0.12375,
    "inproc|65536|throughput": 141564.53,
    "inproc|65536|latency": 1.895,
    "inproc|131072|throughput": 99215.05,
    "inproc|131072|latency": 3.52,
    "inproc|262144|throughput": 60639.79375,
    "inproc|262144|latency": 6.785,
    "ipc|64|throughput": 4812349.98,
    "ipc|64|latency": 4.31,
    "ipc|256|throughput": 3621307.13875,
    "ipc|256|latency": 4.37875,
    "ipc|1024|throughput": 1589864.6825,
    "ipc|1024|latency": 4.435,
    "ipc|65536|throughput": 25873.8325,
    "ipc|65536|latency": 11.7175,
    "ipc|131072|throughput": 15507.16375,
    "ipc|131072|latency": 17.835,
    "ipc|262144|throughput": 9048.0875,
    "ipc|262144|latency": 29.8075
  },
  "ROUTER_ROUTER": {
    "tcp|64|throughput": 3822376.428888889,
    "tcp|64|latency": 4.445,
    "tcp|256|throughput": 2711729.223888889,
    "tcp|256|latency": 4.556666666666667,
    "tcp|1024|throughput": 1156297.4877777777,
    "tcp|1024|latency": 4.540555555555556,
    "tcp|65536|throughput": 33034.680555555555,
    "tcp|65536|latency": 12.333333333333334,
    "tcp|131072|throughput": 19679.945,
    "tcp|131072|latency": 19.386111111111113,
    "tcp|262144|throughput": 12132.451666666666,
    "tcp|262144|latency": 40.20166666666667,
    "inproc|64|throughput": 4521750.537222222,
    "inproc|64|latency": 0.1638888888888889,
    "inproc|256|throughput": 4746130.682777777,
    "inproc|256|latency": 0.16666666666666669,
    "inproc|1024|throughput": 3286352.9333333336,
    "inproc|1024|latency": 0.19111111111111112,
    "inproc|65536|throughput": 141233.0077777778,
    "inproc|65536|latency": 2.167222222222222,
    "inproc|131072|throughput": 95443.72277777777,
    "inproc|131072|latency": 4.079444444444444,
    "inproc|262144|throughput": 59270.90111111111,
    "inproc|262144|latency": 7.592777777777778,
    "ipc|64|throughput": 3962625.6905555557,
    "ipc|64|latency": 3.9094444444444445,
    "ipc|256|throughput": 3087418.301111111,
    "ipc|256|latency": 3.991111111111111,
    "ipc|1024|throughput": 1276060.735,
    "ipc|1024|latency": 4.070555555555555,
    "ipc|65536|throughput": 37506.565,
    "ipc|65536|latency": 13.68,
    "ipc|131072|throughput": 21676.237777777777,
    "ipc|131072|latency": 26.557222222222222,
    "ipc|262144|throughput": 11659.661666666667,
    "ipc|262144|latency": 39.16277777777778
  }
}