{
  "PAIR": {
    "tcp|64|throughput": 4735411.075,
    "tcp|64|latency": 4.80875,
    "tcp|256|throughput": 2653773.89875,
    "tcp|256|latency": 4.85,
    "tcp|1024|throughput": 933586.29125,
    "tcp|1024|latency": 4.92375,
    "tcp|65536|throughput": 33657.0675,
    "tcp|65536|latency": 11.7625,
    "tcp|131072|throughput": 18662.760000000002,
    "tcp|131072|latency": 17.752499999999998,
    "tcp|262144|throughput": 10484.04125,
    "tcp|262144|latency": 28.72625,
    "inproc|64|throughput": 6935568.56375,
    "inproc|64|latency": 0.07625,
    "inproc|256|throughput": 5513356.19375,
    "inproc|256|latency": 0.08125,
    "inproc|1024|throughput": 2935087.37375,
    "inproc|1024|latency": 0.09,
    "inproc|65536|throughput": 156701.71625,
    "inproc|65536|latency": 1.9324999999999999,
    "inproc|131072|throughput": 111832.57375,
    "inproc|131072|latency": 3.33125,
    "inproc|262144|throughput": 68309.54,
    "inproc|262144|latency": 6.54625,
    "ipc|64|throughput": 4887857.8675,
    "ipc|64|latency": 4.31875,
    "ipc|256|throughput": 2851174.58875,
    "ipc|256|latency": 4.31,
    "ipc|1024|throughput": 1045763.00625,
    "ipc|1024|latency": 4.33375,
    "ipc|65536|throughput": 31971.186250000002,
    "ipc|65536|latency": 11.64625,
    "ipc|131072|throughput": 18934.276250000003,
    "ipc|131072|latency": 17.57625,
    "ipc|262144|throughput": 10482.307499999999,
    "ipc|262144|latency": 28.6925
  },
  "PUBSUB": {
    "tcp|64|throughput": 4358047.05875,
    "tcp|64|latency": 0.23125,
    "tcp|256|throughput": 2596985.92125,
    "tcp|256|latency": 0.385,
    "tcp|1024|throughput": 934614.49625,
    "tcp|1024|latency": 1.0675000000000001,
    "tcp|65536|throughput": 33408.8025,
    "tcp|65536|latency": 29.9525,
    "tcp|131072|throughput": 19096.08625,
    "tcp|131072|latency": 52.78,
    "tcp|262144|throughput": 10716.59625,
    "tcp|262144|latency": 93.57625,
    "inproc|64|throughput": 6138403.79125,
    "inproc|64|latency": 0.1625,
    "inproc|256|throughput": 5114744.95,
    "inproc|256|latency": 0.19625,
    "inproc|1024|throughput": 2864018.83875,
    "inproc|1024|latency": 0.35,
    "inproc|65536|throughput": 158794.70375,
    "inproc|65536|latency": 6.2975,
    "inproc|131072|throughput": 108576.09125,
    "inproc|131072|latency": 9.21,
    "inproc|262144|throughput": 68332.11875,
    "inproc|262144|latency": 14.635,
    "ipc|64|throughput": 4579211.766249999,
    "ipc|64|latency": 0.22,
    "ipc|256|throughput": 2711840.50625,
    "ipc|256|latency": 0.36875,
    "ipc|1024|throughput": 1039647.7625,
    "ipc|1024|latency": 0.96,
    "ipc|65536|throughput": 30711.11,
    "ipc|65536|latency": 32.715,
    "ipc|131072|throughput": 17449.59375,
    "ipc|131072|latency": 57.345,
    "ipc|262144|throughput": 10717.615,
    "ipc|262144|latency": 93.4225
  },
  "DEALER_DEALER": {
    "tcp|64|throughput": 4703071.33625,
    "tcp|64|latency": 4.7924999999999995,
    "tcp|256|throughput": 2685733.72125,
    "tcp|256|latency": 4.80125,
    "tcp|1024|throughput": 945428.63375,
    "tcp|1024|latency": 4.875,
    "tcp|65536|throughput": 31357.69,
    "tcp|65536|latency": 11.925,
    "tcp|131072|throughput": 19272.145,
    "tcp|131072|latency": 17.72625,
    "tcp|262144|throughput": 10557.75,
    "tcp|262144|latency": 28.87875,
    "inproc|64|throughput": 6807433.2275,
    "inproc|64|latency": 0.0825,
    "inproc|256|throughput": 5626538.05375,
    "inproc|256|latency": 0.07375000000000001,
    "inproc|1024|throughput": 2993328.47125,
    "inproc|1024|latency": 0.10250000000000001,
    "inproc|65536|throughput": 159751.01625,
    "inproc|65536|latency": 1.88125,
    "inproc|131072|throughput": 107883.78125,
    "inproc|131072|latency": 3.44,
    "inproc|262144|throughput": 65353.05125,
    "inproc|262144|latency": 6.67875,
    "ipc|64|throughput": 4811114.24,
    "ipc|64|latency": 4.3325,
    "ipc|256|throughput": 2768616.7675,
    "ipc|256|latency": 4.38625,
    "ipc|1024|throughput": 1092495.1225,
    "ipc|1024|latency": 4.279999999999999,
    "ipc|65536|throughput": 34260.33875,
    "ipc|65536|latency": 11.6225,
    "ipc|131072|throughput": 19166.81875,
    "ipc|131072|latency": 17.78875,
    "ipc|262144|throughput": 10666.3475,
    "ipc|262144|latency": 28.7375
  },
  "DEALER_ROUTER": {
    "tcp|64|throughput": 4794893.5375,
    "tcp|64|latency": 4.84375,
    "tcp|256|throughput": 3325153.35125,
    "tcp|256|latency": 4.8475,
    "tcp|1024|throughput": 1420788.14875,
    "tcp|1024|latency": 4.86375,
    "tcp|65536|throughput": 38702.25,
    "tcp|65536|latency": 11.92125,
    "tcp|131072|throughput": 21747.6625,
    "tcp|131072|latency": 17.88875,
    "tcp|262144|throughput": 11955.69875,
    "tcp|262144|latency": 29.4125,
    "inproc|64|throughput": 7513303.7425,
    "inproc|64|latency": 0.10250000000000001,
    "inproc|256|throughput": 7787368.37875,
    "inproc|256|latency": 0.10500000000000001,
    "inproc|1024|throughput": 4850683.61375,
    "inproc|1024|latency": 0.12,
    "inproc|65536|throughput": 160240.38874999998,
    "inproc|65536|latency": 1.88875,
    "inproc|131072|throughput": 108131.58499999999,
    "inproc|131072|latency": 3.6399999999999997,
    "inproc|262144|throughput": 67340.7725,
    "inproc|262144|latency": 6.905,
    "ipc|64|throughput": 4973272.4275,
    "ipc|64|latency": 4.3025,
    "ipc|256|throughput": 3689833.40125,
    "ipc|256|latency": 4.35375,
    "ipc|1024|throughput": 1652820.35375,
    "ipc|1024|latency": 4.43875,
    "ipc|65536|throughput": 36813.58125,
    "ipc|65536|latency": 11.725,
    "ipc|131072|throughput": 23118.41375,
    "ipc|131072|latency": 17.677500000000002,
    "ipc|262144|throughput": 11397.70875,
    "ipc|262144|latency": 28.93
  },
  "ROUTER_ROUTER": {
    "tcp|64|throughput": 4259421.19875,
    "tcp|64|latency": 4.0,
    "tcp|256|throughput": 3091133.96875,
    "tcp|256|latency": 4.0975,
    "tcp|1024|throughput": 1310248.5675,
    "tcp|1024|latency": 4.11375,
    "tcp|65536|throughput": 41543.69125,
    "tcp|65536|latency": 10.87125,
    "tcp|131072|throughput": 22318.85,
    "tcp|131072|latency": 17.2675,
    "tcp|262144|throughput": 10514.04125,
    "tcp|262144|latency": 36.375,
    "inproc|64|throughput": 5115682.79375,
    "inproc|64|latency": 0.16,
    "inproc|256|throughput": 5367319.06625,
    "inproc|256|latency": 0.16,
    "inproc|1024|throughput": 3711859.52625,
    "inproc|1024|latency": 0.19125,
    "inproc|65536|throughput": 155872.26124999998,
    "inproc|65536|latency": 1.9862499999999998,
    "inproc|131072|throughput": 109211.93625,
    "inproc|131072|latency": 3.625,
    "inproc|262144|throughput": 67578.6275,
    "inproc|262144|latency": 6.83125,
    "ipc|64|throughput": 4359964.13125,
    "ipc|64|latency": 3.6275,
    "ipc|256|throughput": 3355364.54125,
    "ipc|256|latency": 3.63375,
    "ipc|1024|throughput": 1524307.35125,
    "ipc|1024|latency": 3.7175000000000002,
    "ipc|65536|throughput": 40116.04875,
    "ipc|65536|latency": 12.98875,
    "ipc|131072|throughput": 21640.82,
    "ipc|131072|latency": 21.3775,
    "ipc|262144|throughput": 11051.4525,
    "ipc|262144|latency": 35.75625
  },
  "ROUTER_ROUTER_POLL": {
    "tcp|64|throughput": 4286234.40625,
    "tcp|64|latency": 4.41,
    "tcp|256|throughput": 3043523.27875,
    "tcp|256|latency": 4.46875,
    "tcp|1024|throughput": 1250082.14,
    "tcp|1024|latency": 4.525,
    "tcp|65536|throughput": 35850.9475,
    "tcp|65536|latency": 11.705,
    "tcp|131072|throughput": 17341.60625,
    "tcp|131072|latency": 17.61125,
    "tcp|262144|throughput": 12083.00625,
    "tcp|262144|latency": 37.015,
    "inproc|64|throughput": 5267817.555,
    "inproc|64|latency": 0.52625,
    "inproc|256|throughput": 5545743.31875,
    "inproc|256|latency": 0.52875,
    "inproc|1024|throughput": 3791997.93375,
    "inproc|1024|latency": 0.56125,
    "inproc|65536|throughput": 129972.22875000001,
    "inproc|65536|latency": 2.38875,
    "inproc|131072|throughput": 92340.24375000001,
    "inproc|131072|latency": 4.141249999999999,