{
  "PAIR": {
    "tcp|64|throughput": 4276210.07,
    "tcp|64|latency": 5.13,
    "tcp|256|throughput": 2471199.07,
    "tcp|256|latency": 5.34,
    "tcp|1024|throughput": 930420.12,
    "tcp|1024|latency": 5.12,
    "tcp|65536|throughput": 34543.99,
    "tcp|65536|latency": 12.48,
    "tcp|131072|throughput": 16874.1,
    "tcp|131072|latency": 19.08,
    "tcp|262144|throughput": 157277.2,
    "tcp|262144|latency": 30.33,
    "inproc|64|throughput": 6892874.49,
    "inproc|64|latency": 0.07,
    "inproc|256|throughput": 5745018.11,
    "inproc|256|latency": 0.1,
    "inproc|1024|throughput": 2718248.88,
    "inproc|1024|latency": 0.11,
    "inproc|65536|throughput": 152442.92,
    "inproc|65536|latency": 2.18,
    "inproc|131072|throughput": 103279.37,
    "inproc|131072|latency": 3.76,
    "inproc|262144|throughput": 63290.47,
    "inproc|262144|latency": 7.01,
    "ipc|64|throughput": 4696803.6,
    "ipc|64|latency": 4.61,
    "ipc|256|throughput": 2741440.89,
    "ipc|256|latency": 4.61,
    "ipc|1024|throughput": 1020039.45,
    "ipc|1024|latency": 4.59,
    "ipc|65536|throughput": 32225.45,
    "ipc|65536|latency": 12.36,
    "ipc|131072|throughput": 16925.21,
    "ipc|131072|latency": 18.8,
    "ipc|262144|throughput": 10139.89,
    "ipc|262144|latency": 30.26
  },
  "PUBSUB": {
    "inproc|65536|throughput": 162259.34666666668,
    "inproc|65536|latency": 6.163333333333333,
    "inproc|131072|throughput": 111542.22666666667,
    "inproc|131072|latency": 8.963333333333333,
    "inproc|262144|throughput": 66120.8,
    "inproc|262144|latency": 15.123333333333333
  },
  "DEALER_DEALER": {
    "inproc|65536|throughput": 162742.11666666667,
    "inproc|65536|latency": 2.013333333333333,
    "inproc|131072|throughput": 111576.01,
    "inproc|131072|latency": 3.35,
    "inproc|262144|throughput": 66993.79666666666,
    "inproc|262144|latency": 6.57
  },
  "DEALER_ROUTER": {
    "tcp|64|throughput": 4567568.85,
    "tcp|64|latency": 5.02,
    "tcp|256|throughput": 3135183.81,
    "tcp|256|latency": 5.16,
    "tcp|1024|throughput": 1312938.41,
    "tcp|1024|latency": 5.32,
    "tcp|65536|throughput": 42352.79,
    "tcp|65536|latency": 12.83,
    "tcp|131072|throughput": 17088.52,
    "tcp|131072|latency": 18.64,
    "tcp|262144|throughput": 10115.73,
    "tcp|262144|latency": 30.75,
    "inproc|64|throughput": 7011343.13,
    "inproc|64|latency": 0.11,
    "inproc|256|throughput": 7163700.7,
    "inproc|256|latency": 0.11,
    "inproc|1024|throughput": 4485455.06,
    "inproc|1024|latency": 0.13,
    "inproc|65536|throughput": 151274.86,
    "inproc|65536|latency": 1.91,
    "inproc|131072|throughput": 96856.77,
    "inproc|131072|latency": 3.69,
    "inproc|262144|throughput": 56002.16,
    "inproc|262144|latency": 10.14,
    "ipc|64|throughput": 4681139.39,
    "ipc|64|latency": 4.55,
    "ipc|256|throughput": 3454541.39,
    "ipc|256|latency": 4.76,
    "ipc|1024|throughput": 1548940.23,
    "ipc|1024|latency": 4.84,
    "ipc|65536|throughput": 31401.83,
    "ipc|65536|latency": 12.29,
    "ipc|131072|throughput": 17344.87,
    "ipc|131072|latency": 18.58,
    "ipc|262144|throughput": 13267.92,
    "ipc|262144|latency": 30.72
  },
  "ROUTER_ROUTER": {
    "inproc|65536|throughput": 160139.28,
    "inproc|65536|latency": 1.98,
    "inproc|131072|throughput": 110719.12666666666,
    "inproc|131072|latency": 3.6566666666666667,
    "inproc|262144|throughput": 67858.65000000001,
    "inproc|262144|latency": 6.81
  },
  "ROUTER_ROUTER_POLL": {
    "inproc|65536|throughput": 131569.23,
    "inproc|65536|latency": 2.35,
    "inproc|131072|throughput": 93367.36,
    "inproc|131072|latency": 4.06,
    "inproc|262144|throughput": 61105.46,
    "inproc|262144|latency": 7.19
  }
}