{
  "PAIR": {
    "tcp|64|throughput": 4626919.05,
    "tcp|64|latency": 5.029999999999999,
    "tcp|256|throughput": 2605147.055,
    "tcp|256|latency": 5.07,
    "tcp|1024|throughput": 924842.655,
    "tcp|1024|latency": 5.1,
    "tcp|65536|throughput": 31329.9,
    "tcp|65536|latency": 12.715,
    "tcp|131072|throughput": 17260.02,
    "tcp|131072|latency": 18.175,
    "tcp|262144|throughput": 10731.654999999999,
    "tcp|262144|latency": 29.715,
    "inproc|64|throughput": 6924988.49,
    "inproc|64|latency": 0.07,
    "inproc|256|throughput": 5220774.85,
    "inproc|256|latency": 0.08,
    "inproc|1024|throughput": 2792213.885,
    "inproc|1024|latency": 0.1,
    "inproc|65536|throughput": 151655.255,
    "inproc|65536|latency": 1.955,
    "inproc|131072|throughput": 102495.485,
    "inproc|131072|latency": 3.495,
    "inproc|262144|throughput": 62773.445,
    "inproc|262144|latency": 6.83,
    "ipc|64|throughput": 4731594.880000001,
    "ipc|64|latency": 4.53,
    "ipc|256|throughput": 2799207.69,
    "ipc|256|latency": 4.505,
    "ipc|1024|throughput": 1028365.01,
    "ipc|1024|latency": 4.505,
    "ipc|65536|throughput": 32751.81,
    "ipc|65536|latency": 11.91,
    "ipc|131072|throughput": 19428.175,
    "ipc|131072|latency": 18.115000000000002,
    "ipc|262144|throughput": 9747.494999999999,
    "ipc|262144|latency": 30.03
  },
  "PUBSUB": {
    "tcp|64|throughput": 4119153.76,
    "tcp|64|latency": 0.24,
    "tcp|256|throughput": 2444088.9299999997,
    "tcp|256|latency": 0.41,
    "tcp|1024|throughput": 902021.785,
    "tcp|1024|latency": 1.11,
    "tcp|65536|throughput": 32933.905,
    "tcp|65536|latency": 30.365,
    "tcp|131072|throughput": 16624.98,
    "tcp|131072|latency": 60.150000000000006,
    "tcp|262144|throughput": 10011.14,
    "tcp|262144|latency": 99.89,
    "inproc|64|throughput": 5948330.5,
    "inproc|64|latency": 0.17,
    "inproc|256|throughput": 4834396.275,
    "inproc|256|latency": 0.20500000000000002,
    "inproc|1024|throughput": 2836608.89,
    "inproc|1024|latency": 0.355,
    "inproc|65536|throughput": 152423.11,
    "inproc|65536|latency": 6.5600000000000005,
    "inproc|131072|throughput": 102373.465,
    "inproc|131072|latency": 9.77,
    "inproc|262144|throughput": 63161.39,
    "inproc|262144|latency": 15.835,
    "ipc|64|throughput": 4348595.734999999,
    "ipc|64|latency": 0.23,
    "ipc|256|throughput": 2591493.5,
    "ipc|256|latency": 0.39,
    "ipc|1024|throughput": 1010569.645,
    "ipc|1024|latency": 0.99,
    "ipc|65536|throughput": 32306.965,
    "ipc|65536|latency": 30.955,
    "ipc|131072|throughput": 18842.155,
    "ipc|131072|latency": 53.07,
    "ipc|262144|throughput": 10055.645,
    "ipc|262144|latency": 99.505
  },
  "DEALER_DEALER": {
    "tcp|64|throughput": 4510125.164999999,
    "tcp|64|latency": 5.01,
    "tcp|256|throughput": 2520425.925,
    "tcp|256|latency": 4.98,
    "tcp|1024|throughput": 901539.29,
    "tcp|1024|latency": 5.155,
    "tcp|65536|throughput": 33386.69,
    "tcp|65536|latency": 12.295,
    "tcp|131072|throughput": 17153.45,
    "tcp|131072|latency": 18.39,
    "tcp|262144|throughput": 10177.775000000001,
    "tcp|262144|latency": 30.12,
    "inproc|64|throughput": 6519100.130000001,
    "inproc|64|latency": 0.08,
    "inproc|256|throughput": 5158834.779999999,
    "inproc|256|latency": 0.08,
    "inproc|1024|throughput": 2734481.1500000004,
    "inproc|1024|latency": 0.1,
    "inproc|65536|throughput": 151649.27000000002,
    "inproc|65536|latency": 1.955,
    "inproc|131072|throughput": 101889.64499999999,
    "inproc|131072|latency": 3.565,
    "inproc|262144|throughput": 61831.695,
    "inproc|262144|latency": 6.88,
    "ipc|64|throughput": 4611717.115,
    "ipc|64|latency": 4.425,
    "ipc|256|throughput": 2757919.61,
    "ipc|256|latency": 4.49,
    "ipc|1024|throughput": 1027493.475,
    "ipc|1024|latency": 4.5,
    "ipc|65536|throughput": 33193.375,
    "ipc|65536|latency": 12.015,
    "ipc|131072|throughput": 18029.285,
    "ipc|131072|latency": 18.299999999999997,
    "ipc|262144|throughput": 9753.23,
    "ipc|262144|latency": 29.745
  },
  "DEALER_ROUTER": {
    "tcp|64|throughput": 3601197.995,
    "tcp|64|latency": 4.975,
    "tcp|256|throughput": 2238731.465,
    "tcp|256|latency": 5.035,
    "tcp|1024|throughput": 870776.0900000001,
    "tcp|1024|latency": 5.055,
    "tcp|65536|throughput": 33276.545,
    "tcp|65536|latency": 12.524999999999999,
    "tcp|131072|throughput": 16559.905,
    "tcp|131072|latency": 18.485,
    "tcp|262144|throughput": 9997.535,
    "tcp|262144|latency": 30.265,
    "inproc|64|throughput": 6585192.72,
    "inproc|64|latency": 0.11,
    "inproc|256|throughput": 5371862.17,
    "inproc|256|latency": 0.11,
    "inproc|1024|throughput": 2915139.79,
    "inproc|1024|latency": 0.12,
    "inproc|65536|throughput": 147982.97499999998,
    "inproc|65536|latency": 1.9,
    "inproc|131072|throughput": 102124.89499999999,
    "inproc|131072|latency": 3.685,
    "inproc|262144|throughput": 62905.64,
    "inproc|262144|latency": 7.125,
    "ipc|64|throughput": 3735981.5549999997,
    "ipc|64|latency": 4.46,
    "ipc|256|throughput": 2456511.545,
    "ipc|256|latency": 4.51,
    "ipc|1024|throughput": 961487.8300000001,
    "ipc|1024|latency": 4.595,
    "ipc|65536|throughput": 32641.254999999997,
    "ipc|65536|latency": 12.095,
    "ipc|131072|throughput": 18991.18,
    "ipc|131072|latency": 18.145,
    "ipc|262144|throughput": 10771.785,
    "ipc|262144|latency": 30.09
  },
  "ROUTER_ROUTER": {
    "tcp|64|throughput": 3348437.67,
    "tcp|64|latency": 4.13,
    "tcp|256|throughput": 2207216.425,
    "tcp|256|latency": 4.245,
    "tcp|1024|throughput": 858148.295,
    "tcp|1024|latency": 4.29,
    "tcp|65536|throughput": 32086.705,
    "tcp|65536|latency": 11.475000000000001,
    "tcp|131072|throughput": 17132.795,
    "tcp|131072|latency": 17.71,
    "tcp|262144|throughput": 9954.625,
    "tcp|262144|latency": 37.965,
    "inproc|64|throughput": 5238316.98,
    "inproc|64|latency": 0.16,
    "inproc|256|throughput": 4515994.205,
    "inproc|256|latency": 0.16,
    "inproc|1024|throughput": 2648265.58,
    "inproc|1024|latency": 0.19,
    "inproc|65536|throughput": 148901.905,
    "inproc|65536|latency": 2.065,
    "inproc|131072|throughput": 101502.51,
    "inproc|131072|latency": 3.78,
    "inproc|262144|throughput": 64200.43,
    "inproc|262144|latency": 7.13,
    "ipc|64|throughput": 3503698.85,
    "ipc|64|latency": 3.705,
    "ipc|256|throughput": 2335978.34,
    "ipc|256|latency": 3.715,
    "ipc|1024|throughput": 947535.9550000001,
    "ipc|1024|latency": 3.83,
    "ipc|65536|throughput": 32615.17,
    "ipc|65536|latency": 12.32,
    "ipc|131072|throughput": 17380.795,
    "ipc|131072|latency": 22.945,
    "ipc|262144|throughput": 10080.23,
    "ipc|262144|latency": 36.225
  },
  "ROUTER_ROUTER_POLL": {
    "tcp|64|throughput": 3471066.115,
    "tcp|64|latency": 4.485,
    "tcp|256|throughput": 2122149.215,
    "tcp|256|latency": 4.575,
    "tcp|1024|throughput": 806302.995,
    "tcp|1024|latency": 4.69,
    "tcp|65536|throughput": 31291.76,
    "tcp|65536|latency": 12.120000000000001,
    "tcp|131072|throughput": 15491.314999999999,
    "tcp|131072|latency": 18.380000000000003,
    "tcp|262144|throughput": 9312.085,
    "tcp|262144|latency": 38.25,
    "inproc|64|throughput": 5050090.24,
    "inproc|64|latency": 0.54,
    "inproc|256|throughput": 4444701.75,
    "inproc|256|latency": 0.54,
    "inproc|1024|throughput": 2589934.215,
    "inproc|1024|latency": 0.57,
    "inproc|65536|throughput": 122461.785,
    "inproc|65536|latency": 2.4450000000000003,
    "inproc|131072|throughput": 87321.95999999999,
    "inproc|131072|latency": 4.26,
    "inproc|262144|throughput": 57292.75,
    "inproc|262144|latency": 7.585,
    "ipc|64|throughput": 3514888.435,
    "ipc|64|latency": 4.095,
    "ipc|256|throughput": 2262412.0,
    "ipc|256|latency": 4.145,
    "ipc|1024|throughput": 906189.435,
    "ipc|1024|latency": 4.195,