{
  "PAIR": {
    "tcp|64|throughput": 5433182.77875,
    "tcp|64|latency": 44.02875,
    "tcp|256|throughput": 3029377.91125,
    "tcp|256|latency": 42.6475,
    "tcp|1024|throughput": 1300325.97875,
    "tcp|1024|latency": 49.0875,
    "tcp|65536|throughput": 71946.09125,
    "tcp|65536|latency": 82.47,
    "tcp|131072|throughput": 41178.01,
    "tcp|131072|latency": 94.17875,
    "tcp|262144|throughput": 24504.34,
    "tcp|262144|latency": 115.53125,
    "inproc|64|throughput": 5536630.3975,
    "inproc|64|latency": 0.08125,
    "inproc|256|throughput": 5688543.672499999,
    "inproc|256|latency": 0.08,
    "inproc|1024|throughput": 3420499.7312499997,
    "inproc|1024|latency": 0.11,
    "inproc|65536|throughput": 423355.51625,
    "inproc|65536|latency": 1.97125,
    "inproc|131072|throughput": 166345.29875000002,
    "inproc|131072|latency": 3.675,
    "inproc|262144|throughput": 50797.155,
    "inproc|262144|latency": 7.2375,
    "ipc|64|throughput": 5658202.1225,
    "ipc|64|latency": 37.43,
    "ipc|256|throughput": 3249272.1237500003,
    "ipc|256|latency": 40.05375,
    "ipc|1024|throughput": 1624974.87125,
    "ipc|1024|latency": 40.03125,
    "ipc|65536|throughput": 73370.37875,
    "ipc|65536|latency": 75.59625,
    "ipc|131072|throughput": 41729.65125,
    "ipc|131072|latency": 90.2375,
    "ipc|262144|throughput": 20078.4175,
    "ipc|262144|latency": 116.15
  },
  "PUBSUB": {
    "tcp|64|throughput": 5548147.24625,
    "tcp|64|latency": 0.18,
    "tcp|256|throughput": 2464907.965,
    "tcp|256|latency": 0.40375,
    "tcp|1024|throughput": 973154.74375,
    "tcp|1024|latency": 1.0275,
    "tcp|65536|throughput": 72053.08125,
    "tcp|65536|latency": 13.91,
    "tcp|131072|throughput": 45942.96125,
    "tcp|131072|latency": 21.78125,
    "tcp|262144|throughput": 27253.91125,
    "tcp|262144|latency": 36.70625,
    "inproc|64|throughput": 5744990.58625,
    "inproc|64|latency": 0.17375000000000002,
    "inproc|256|throughput": 4277564.77625,
    "inproc|256|latency": 0.2325,
    "inproc|1024|throughput": 2047086.87875,
    "inproc|1024|latency": 0.4875,
    "inproc|65536|throughput": 149242.18375,
    "inproc|65536|latency": 6.7875,
    "inproc|131072|throughput": 84679.1975,
    "inproc|131072|latency": 11.81875,
    "inproc|262144|throughput": 63890.43125,
    "inproc|262144|latency": 15.751249999999999,
    "ipc|64|throughput": 5515168.78,
    "ipc|64|latency": 0.18,
    "ipc|256|throughput": 2587299.7975,
    "ipc|256|latency": 0.38625,
    "ipc|1024|throughput": 1069494.535,
    "ipc|1024|latency": 0.9349999999999999,
    "ipc|65536|throughput": 69311.83375,
    "ipc|65536|latency": 14.46625,
    "ipc|131072|throughput": 43311.25625,
    "ipc|131072|latency": 23.11,
    "ipc|262144|throughput": 22414.53375,
    "ipc|262144|latency": 44.625
  },
  "DEALER_DEALER": {
    "tcp|64|throughput": 5471598.02,
    "tcp|64|latency": 30.40375,
    "tcp|256|throughput": 3093714.1875,
    "tcp|256|latency": 33.36125,
    "tcp|1024|throughput": 1323646.5975,
    "tcp|1024|latency": 31.27625,
    "tcp|65536|throughput": 75520.30625,
    "tcp|65536|latency": 51.2975,
    "tcp|131072|throughput": 47421.182499999995,
    "tcp|131072|latency": 64.96625,
    "tcp|262144|throughput": 26244.83875,
    "tcp|262144|latency": 85.9325,
    "inproc|64|throughput": 5772479.45125,
    "inproc|64|latency": 0.07,
    "inproc|256|throughput": 5014359.2575,
    "inproc|256|latency": 0.07500000000000001,
    "inproc|1024|throughput": 3278149.6225,
    "inproc|1024|latency": 0.0975,
    "inproc|65536|throughput": 162817.2,
    "inproc|65536|latency": 2.01625,
    "inproc|131072|throughput": 116008.1175,
    "inproc|131072|latency": 3.6025,
    "inproc|262144|throughput": 48531.825,
    "inproc|262144|latency": 6.9262500000000005,
    "ipc|64|throughput": 5560044.085,
    "ipc|64|latency": 28.86875,
    "ipc|256|throughput": 3160070.69625,
    "ipc|256|latency": 28.98875,
    "ipc|1024|throughput": 1482428.95125,
    "ipc|1024|latency": 29.1425,
    "ipc|65536|throughput": 74151.32125,
    "ipc|65536|latency": 49.56625,
    "ipc|131072|throughput": 44076.28125,
    "ipc|131072|latency": 60.28875,
    "ipc|262144|throughput": 18881.99,
    "ipc|262144|latency": 81.925
  },
  "DEALER_ROUTER": {
    "tcp|64|throughput": 5187777.2275,
    "tcp|64|latency": 43.68,
    "tcp|256|throughput": 2891028.5525,
    "tcp|256|latency": 38.88375,
    "tcp|1024|throughput": 1237105.36375,
    "tcp|1024|latency": 39.25125,
    "tcp|65536|throughput": 78184.6275,
    "tcp|65536|latency": 66.27125,
    "tcp|131072|throughput": 46814.416249999995,
    "tcp|131072|latency": 77.75,
    "tcp|262144|throughput": 25956.75125,
    "tcp|262144|latency": 97.235,
    "inproc|64|throughput": 5102432.575,
    "inproc|64|latency": 0.11375,
    "inproc|256|throughput": 3995685.06875,
    "inproc|256|latency": 0.1125,
    "inproc|1024|throughput": 2739769.145,
    "inproc|1024|latency": 0.12375,
    "inproc|65536|throughput": 133520.525,
    "inproc|65536|latency": 1.94875,
    "inproc|131072|throughput": 82777.35625,
    "inproc|131072|latency": 3.675,
    "inproc|262144|throughput": 46675.5875,
    "inproc|262144|latency": 7.155,
    "ipc|64|throughput": 5104428.601249999,
    "ipc|64|latency": 36.32625,
    "ipc|256|throughput": 3035487.3337499998,
    "ipc|256|latency": 40.11,
    "ipc|1024|throughput": 1404903.905,
    "ipc|1024|latency": 40.1225,
    "ipc|65536|throughput": 70782.37125,
    "ipc|65536|latency": 62.4875,
    "ipc|131072|throughput": 42578.71375,
    "ipc|131072|latency": 72.90375,
    "ipc|262144|throughput": 22561.83125,
    "ipc|262144|latency": 93.31875
  }
}