{
  "PAIR": {
    "tcp|64|throughput": 4593882.79,
    "tcp|64|latency": 5.0,
    "tcp|256|throughput": 2587018.99,
    "tcp|256|latency": 5.0649999999999995,
    "tcp|1024|throughput": 908684.245,
    "tcp|1024|latency": 5.13,
    "tcp|65536|throughput": 32515.489999999998,
    "tcp|65536|latency": 12.545,
    "tcp|131072|throughput": 15943.875,
    "tcp|131072|latency": 18.545,
    "tcp|262144|throughput": 9579.295,
    "tcp|262144|latency": 30.285,
    "inproc|64|throughput": 6505805.12,
    "inproc|64|latency": 0.08,
    "inproc|256|throughput": 5606010.09,
    "inproc|256|latency": 0.08,
    "inproc|1024|throughput": 2807261.8899999997,
    "inproc|1024|latency": 0.1,
    "inproc|65536|throughput": 150187.815,
    "inproc|65536|latency": 2.0,
    "inproc|131072|throughput": 102053.92000000001,
    "inproc|131072|latency": 3.5149999999999997,
    "inproc|262144|throughput": 63098.75,
    "inproc|262144|latency": 6.825,
    "ipc|64|throughput": 4673139.075,
    "ipc|64|latency": 4.445,
    "ipc|256|throughput": 2615491.41,
    "ipc|256|latency": 4.49,
    "ipc|1024|throughput": 961878.475,
    "ipc|1024|latency": 4.475,
    "ipc|65536|throughput": 28692.800000000003,
    "ipc|65536|latency": 12.89,
    "ipc|131072|throughput": 15656.85,
    "ipc|131072|latency": 19.03,
    "ipc|262144|throughput": 9284.775,
    "ipc|262144|latency": 31.15
  },
  "PUBSUB": {
    "tcp|64|throughput": 4085483.535,
    "tcp|64|latency": 0.245,
    "tcp|256|throughput": 2363593.545,
    "tcp|256|latency": 0.42,
    "tcp|1024|throughput": 860693.8400000001,
    "tcp|1024|latency": 1.165,
    "tcp|65536|throughput": 31672.28,
    "tcp|65536|latency": 31.575000000000003,
    "tcp|131072|throughput": 15653.92,
    "tcp|131072|latency": 63.379999999999995,
    "tcp|262144|throughput": 10159.5,
    "tcp|262144|latency": 98.47999999999999,
    "inproc|64|throughput": 5912923.635,
    "inproc|64|latency": 0.17,
    "inproc|256|throughput": 4803217.96,
    "inproc|256|latency": 0.21,
    "inproc|1024|throughput": 2660378.54,
    "inproc|1024|latency": 0.375,
    "inproc|65536|throughput": 143492.53999999998,
    "inproc|65536|latency": 6.970000000000001,
    "inproc|131072|throughput": 98315.1,
    "inproc|131072|latency": 10.175,
    "inproc|262144|throughput": 60554.835,
    "inproc|262144|latency": 16.475,
    "ipc|64|throughput": 4188634.745,
    "ipc|64|latency": 0.24,
    "ipc|256|throughput": 2368314.1900000004,
    "ipc|256|latency": 0.425,
    "ipc|1024|throughput": 876413.0549999999,
    "ipc|1024|latency": 1.14,
    "ipc|65536|throughput": 28756.71,
    "ipc|65536|latency": 34.775,
    "ipc|131072|throughput": 16572.05,
    "ipc|131072|latency": 60.345,
    "ipc|262144|throughput": 9430.395,
    "ipc|262144|latency": 106.045
  },
  "DEALER_DEALER": {
    "tcp|64|throughput": 4392013.9350000005,
    "tcp|64|latency": 4.98,
    "tcp|256|throughput": 2475379.7249999996,
    "tcp|256|latency": 5.0600000000000005,
    "tcp|1024|throughput": 868703.54,
    "tcp|1024|latency": 5.140000000000001,
    "tcp|65536|throughput": 31494.059999999998,
    "tcp|65536|latency": 12.67,
    "tcp|131072|throughput": 16947.97,
    "tcp|131072|latency": 18.765,
    "tcp|262144|throughput": 9336.45,
    "tcp|262144|latency": 30.740000000000002,
    "inproc|64|throughput": 6569267.875,
    "inproc|64|latency": 0.08499999999999999,
    "inproc|256|throughput": 4997969.994999999,
    "inproc|256|latency": 0.08,
    "inproc|1024|throughput": 2722706.26,
    "inproc|1024|latency": 0.11,
    "inproc|65536|throughput": 147730.745,
    "inproc|65536|latency": 2.035,
    "inproc|131072|throughput": 98883.29000000001,
    "inproc|131072|latency": 3.54,
    "inproc|262144|throughput": 60285.0,
    "inproc|262144|latency": 6.94,
    "ipc|64|throughput": 4285903.425000001,
    "ipc|64|latency": 4.5649999999999995,
    "ipc|256|throughput": 2259025.83,
    "ipc|256|latency": 4.779999999999999,
    "ipc|1024|throughput": 828716.62,
    "ipc|1024|latency": 4.890000000000001,
    "ipc|65536|throughput": 29100.305,
    "ipc|65536|latency": 13.95,
    "ipc|131072|throughput": 16913.96,
    "ipc|131072|latency": 23.034999999999997,
    "ipc|262144|throughput": 10107.885,
    "ipc|262144|latency": 31.310000000000002
  },
  "DEALER_ROUTER": {
    "tcp|64|throughput": 3571824.26,
    "tcp|64|latency": 5.07,
    "tcp|256|throughput": 2150303.895,
    "tcp|256|latency": 5.115,
    "tcp|1024|throughput": 849587.38,
    "tcp|1024|latency": 5.165,
    "tcp|65536|throughput": 32560.68,
    "tcp|65536|latency": 12.555,
    "tcp|131072|throughput": 19532.0,
    "tcp|131072|latency": 18.71,
    "tcp|262144|throughput": 9998.155,
    "tcp|262144|latency": 30.89,
    "inproc|64|throughput": 6576834.3149999995,
    "inproc|64|latency": 0.11,
    "inproc|256|throughput": 5140208.25,
    "inproc|256|latency": 0.11,
    "inproc|1024|throughput": 2768060.535,
    "inproc|1024|latency": 0.13,
    "inproc|65536|throughput": 142215.135,
    "inproc|65536|latency": 1.935,
    "inproc|131072|throughput": 99415.16,
    "inproc|131072|latency": 3.67,
    "inproc|262144|throughput": 61419.03,
    "inproc|262144|latency": 7.145,
    "ipc|64|throughput": 3667544.37,
    "ipc|64|latency": 4.515000000000001,
    "ipc|256|throughput": 2150281.715,
    "ipc|256|latency": 5.0649999999999995,
    "ipc|1024|throughput": 794951.025,
    "ipc|1024|latency": 5.42,
    "ipc|65536|throughput": 29524.355,
    "ipc|65536|latency": 13.785,
    "ipc|131072|throughput": 17783.2,
    "ipc|131072|latency": 18.89,
    "ipc|262144|throughput": 9568.55,
    "ipc|262144|latency": 30.595
  },
  "ROUTER_ROUTER": {
    "tcp|64|throughput": 3298767.375,
    "tcp|64|latency": 4.13,
    "tcp|256|throughput": 2100308.425,
    "tcp|256|latency": 4.4,
    "tcp|1024|throughput": 842212.7949999999,
    "tcp|1024|latency": 4.265,
    "tcp|65536|throughput": 32902.61,
    "tcp|65536|latency": 11.54,
    "tcp|131072|throughput": 17386.9,
    "tcp|131072|latency": 18.045,
    "tcp|262144|throughput": 9319.855,
    "tcp|262144|latency": 39.035,
    "inproc|64|throughput": 5066911.155,
    "inproc|64|latency": 0.17,
    "inproc|256|throughput": 4292872.65,
    "inproc|256|latency": 0.175,
    "inproc|1024|throughput": 2622500.3899999997,
    "inproc|1024|latency": 0.19,
    "inproc|65536|throughput": 144335.51,
    "inproc|65536|latency": 2.06,
    "inproc|131072|throughput": 99660.44,
    "inproc|131072|latency": 3.82,
    "inproc|262144|throughput": 60905.01,
    "inproc|262144|latency": 7.09,
    "ipc|64|throughput": 3457250.935,
    "ipc|64|latency": 3.725,
    "ipc|256|throughput": 2139867.64,
    "ipc|256|latency": 3.85,
    "ipc|1024|throughput": 822411.3400000001,
    "ipc|1024|latency": 4.035,
    "ipc|65536|throughput": 28819.735,
    "ipc|65536|latency": 14.16,
    "ipc|131072|throughput": 16667.45,
    "ipc|131072|latency": 25.575000000000003,
    "ipc|262144|throughput": 10088.335,
    "ipc|262144|latency": 37.375
  },
  "ROUTER_ROUTER_POLL": {
    "tcp|64|throughput": 3341867.26,
    "tcp|64|latency": 4.605,
    "tcp|256|throughput": 2061793.0150000001,
    "tcp|256|latency": 4.695,
    "tcp|1024|throughput": 777454.3200000001,
    "tcp|1024|latency": 4.76,
    "tcp|65536|throughput": 30020.255,
    "tcp|65536|latency": 12.335,
    "tcp|131072|throughput": 18196.085,
    "tcp|131072|latency": 18.82,
    "tcp|262144|throughput": 10042.515,
    "tcp|262144|latency": 39.385000000000005,
    "inproc|64|throughput": 5235205.154999999,
    "inproc|64|latency": 0.55,
    "inproc|256|throughput": 4450922.93,
    "inproc|256|latency": 0.55,
    "inproc|1024|throughput": 2471857.4299999997,
    "inproc|1024|latency": 0.595,
    "inproc|65536|throughput": 120246.295,
    "inproc|65536|latency": 2.49,
    "inproc|131072|throughput": 85199.9,
    "inproc|131072|latency": 4.26,
    "inproc|262144|throughput": 56101.41,
    "inproc|262144|latency": 7.609999999999999,
    "ipc|64|throughput": 3381385.765,
    "ipc|64|latency": 4.15,
    "ipc|256|throughput": 2153721.44,