{
  "PAIR": {
    "tcp|64|throughput": 5517832.07375,
    "tcp|64|latency": 30.26875,
    "tcp|256|throughput": 3039902.52625,
    "tcp|256|latency": 30.8625,
    "tcp|1024|throughput": 1307050.83625,
    "tcp|1024|latency": 33.34125,
    "tcp|65536|throughput": 71209.88875,
    "tcp|65536|latency": 49.39,
    "tcp|131072|throughput": 46506.78,
    "tcp|131072|latency": 64.19875,
    "tcp|262144|throughput": 26399.025,
    "tcp|262144|latency": 83.5325,
    "inproc|64|throughput": 5825944.36125,
    "inproc|64|latency": 0.07,
    "inproc|256|throughput": 5471712.53125,
    "inproc|256|latency": 0.07,
    "inproc|1024|throughput": 3344868.71625,
    "inproc|1024|latency": 0.09125,
    "inproc|65536|throughput": 144172.2525,
    "inproc|65536|latency": 1.99125,
    "inproc|131072|throughput": 82892.60375000001,
    "inproc|131072|latency": 3.5425,
    "inproc|262144|throughput": 51325.24,
    "inproc|262144|latency": 6.88375,
    "ipc|64|throughput": 5549597.6875,
    "ipc|64|latency": 28.11375,
    "ipc|256|throughput": 3156490.17125,
    "ipc|256|latency": 28.32,
    "ipc|1024|throughput": 1437670.97,
    "ipc|1024|latency": 29.97375,
    "ipc|65536|throughput": 72383.14,
    "ipc|65536|latency": 49.27,
    "ipc|131072|throughput": 41272.73125,
    "ipc|131072|latency": 63.75,
    "ipc|262144|throughput": 20720.6125,
    "ipc|262144|latency": 82.79625
  },
  "PUBSUB": {
    "tcp|64|throughput": 5413890.1975,
    "tcp|64|latency": 0.18625,
    "tcp|256|throughput": 2420527.5,
    "tcp|256|latency": 0.415,
    "tcp|1024|throughput": 936180.4825,
    "tcp|1024|latency": 1.07,
    "tcp|65536|throughput": 61666.0025,
    "tcp|65536|latency": 16.2425,
    "tcp|131072|throughput": 39075.57,
    "tcp|131072|latency": 24.96375,
    "tcp|262144|throughput": 22609.88,
    "tcp|262144|latency": 44.29125,
    "inproc|64|throughput": 5396607.3975,
    "inproc|64|latency": 0.185,
    "inproc|256|throughput": 4350360.2299999995,
    "inproc|256|latency": 0.23125,
    "inproc|1024|throughput": 1969867.50625,
    "inproc|1024|latency": 0.5075000000000001,
    "inproc|65536|throughput": 146626.38125,
    "inproc|65536|latency": 6.63,
    "inproc|131072|throughput": 84672.43625,
    "inproc|131072|latency": 11.91,
    "inproc|262144|throughput": 61799.7625,
    "inproc|262144|latency": 16.21375,
    "ipc|64|throughput": 5262063.505,
    "ipc|64|latency": 0.19,
    "ipc|256|throughput": 2455034.6125,
    "ipc|256|latency": 0.4075,
    "ipc|1024|throughput": 1032172.65875,
    "ipc|1024|latency": 0.97,
    "ipc|65536|throughput": 63168.72375,
    "ipc|65536|latency": 15.865,
    "ipc|131072|throughput": 36025.55375,
    "ipc|131072|latency": 27.39625,
    "ipc|262144|throughput": 21059.92,
    "ipc|262144|latency": 47.5075
  },
  "DEALER_DEALER": {
    "tcp|64|throughput": 5395990.1025,
    "tcp|64|latency": 33.41875,
    "tcp|256|throughput": 2964058.99625,
    "tcp|256|latency": 31.6425,
    "tcp|1024|throughput": 1234187.42375,
    "tcp|1024|latency": 38.99875,
    "tcp|65536|throughput": 70487.8,
    "tcp|65536|latency": 57.91375,
    "tcp|131072|throughput": 43996.95875,
    "tcp|131072|latency": 70.895,
    "tcp|262144|throughput": 25212.4375,
    "tcp|262144|latency": 87.74125,
    "inproc|64|throughput": 5857797.63,
    "inproc|64|latency": 0.07250000000000001,
    "inproc|256|throughput": 5109753.455,
    "inproc|256|latency": 0.08,
    "inproc|1024|throughput": 3261642.41625,
    "inproc|1024|latency": 0.09625,
    "inproc|65536|throughput": 158986.7575,
    "inproc|65536|latency": 2.0,
    "inproc|131072|throughput": 120278.10125,
    "inproc|131072|latency": 3.58875,
    "inproc|262144|throughput": 49270.0225,
    "inproc|262144|latency": 6.98375,
    "ipc|64|throughput": 5607998.1125,
    "ipc|64|latency": 29.09625,
    "ipc|256|throughput": 3058801.59625,
    "ipc|256|latency": 38.11375,
    "ipc|1024|throughput": 1130493.63,
    "ipc|1024|latency": 41.94625,
    "ipc|65536|throughput": 65443.82,
    "ipc|65536|latency": 62.58375,
    "ipc|131072|throughput": 38066.8575,
    "ipc|131072|latency": 65.78625,
    "ipc|262144|throughput": 21097.915,
    "ipc|262144|latency": 92.99625
  },
  "DEALER_ROUTER": {
    "tcp|64|throughput": 5149103.53125,
    "tcp|64|latency": 39.01375,
    "tcp|256|throughput": 2865871.02875,
    "tcp|256|latency": 37.48875,
    "tcp|1024|throughput": 1260672.07875,
    "tcp|1024|latency": 37.25625,
    "tcp|65536|throughput": 68995.075,
    "tcp|65536|latency": 60.31375,
    "tcp|131072|throughput": 46715.948749999996,
    "tcp|131072|latency": 77.89875,
    "tcp|262144|throughput": 25989.19875,
    "tcp|262144|latency": 104.8675,
    "inproc|64|throughput": 5095503.99125,
    "inproc|64|latency": 0.1125,
    "inproc|256|throughput": 3967030.67375,
    "inproc|256|latency": 0.11125,
    "inproc|1024|throughput": 2670458.1675,
    "inproc|1024|latency": 0.1225,
    "inproc|65536|throughput": 132778.24,
    "inproc|65536|latency": 1.97875,
    "inproc|131072|throughput": 82566.94375,
    "inproc|131072|latency": 3.76,
    "inproc|262144|throughput": 43648.885,
    "inproc|262144|latency": 7.33875,
    "ipc|64|throughput": 5060631.42375,
    "ipc|64|latency": 33.99125,
    "ipc|256|throughput": 2999015.9475000002,
    "ipc|256|latency": 35.985,
    "ipc|1024|throughput": 1370568.1775,
    "ipc|1024|latency": 36.41875,
    "ipc|65536|throughput": 72522.2,
    "ipc|65536|latency": 62.29875,
    "ipc|131072|throughput": 38946.3025,
    "ipc|131072|latency": 75.46625,
    "ipc|262144|throughput": 22122.87,
    "ipc|262144|latency": 92.21375
  },
  "ROUTER_ROUTER": {
    "tcp|64|throughput": 4648208.375,
    "tcp|64|latency": 19.81625,
    "tcp|256|throughput": 2660711.5612500003,
    "tcp|256|latency": 16.885,
    "tcp|1024|throughput": 1285720.52875,
    "tcp|1024|latency": 17.53125,
    "tcp|65536|throughput": 71609.80375,
    "tcp|65536|latency": 28.605,
    "tcp|131072|throughput": 45152.0425,
    "tcp|131072|latency": 40.38625,
    "tcp|262144|throughput": 25938.9925,
    "tcp|262144|latency": 83.095,
    "inproc|64|throughput": 4461780.635,
    "inproc|64|latency": 0.15625,
    "inproc|256|throughput": 3345552.7512499997,
    "inproc|256|latency": 0.1575,
    "inproc|1024|throughput": 2376798.34375,
    "inproc|1024|latency": 0.18,
    "inproc|65536|throughput": 152272.14375,
    "inproc|65536|latency": 2.07875,
    "inproc|131072|throughput": 98503.845,
    "inproc|131072|latency": 3.88625,
    "inproc|262144|throughput": 53220.30625,
    "inproc|262144|latency": 7.20125,
    "ipc|64|throughput": 4823017.83375,
    "ipc|64|latency": 16.3275,
    "ipc|256|throughput": 2652029.175,
    "ipc|256|latency": 16.92375,
    "ipc|1024|throughput": 1343633.93375,
    "ipc|1024|latency": 17.6025,
    "ipc|65536|throughput": 69070.5525,
    "ipc|65536|latency": 28.05125,
    "ipc|131072|throughput": 40000.7975,
    "ipc|131072|latency": 38.795,
    "ipc|262144|throughput": 22370.2575,
    "ipc|262144|latency": 82.60249999999999
  }
}