{
  "PAIR": {
    "tcp|64|throughput": 4526387.365,
    "tcp|64|latency": 5.125,
    "tcp|256|throughput": 2494517.21,
    "tcp|256|latency": 5.33,
    "tcp|1024|throughput": 888366.945,
    "tcp|1024|latency": 5.3100000000000005,
    "tcp|65536|throughput": 32601.004999999997,
    "tcp|65536|latency": 13.145,
    "tcp|131072|throughput": 18397.879999999997,
    "tcp|131072|latency": 19.189999999999998,
    "tcp|262144|throughput": 10046.119999999999,
    "tcp|262144|latency": 31.725,
    "inproc|64|throughput": 7106531.16,
    "inproc|64|latency": 0.08,
    "inproc|256|throughput": 5196697.199999999,
    "inproc|256|latency": 0.09,
    "inproc|1024|throughput": 2784387.9450000003,
    "inproc|1024|latency": 0.1,
    "inproc|65536|throughput": 147639.77500000002,
    "inproc|65536|latency": 2.02,
    "inproc|131072|throughput": 99624.59,
    "inproc|131072|latency": 3.6500000000000004,
    "inproc|262144|throughput": 62098.64,
    "inproc|262144|latency": 7.14,
    "ipc|64|throughput": 4509155.92,
    "ipc|64|latency": 4.66,
    "ipc|256|throughput": 2538241.955,
    "ipc|256|latency": 4.970000000000001,
    "ipc|1024|throughput": 929830.87,
    "ipc|1024|latency": 5.08,
    "ipc|65536|throughput": 32136.7,
    "ipc|65536|latency": 12.96,
    "ipc|131072|throughput": 19071.77,
    "ipc|131072|latency": 19.225,
    "ipc|262144|throughput": 9941.880000000001,
    "ipc|262144|latency": 31.65
  },
  "PUBSUB": {
    "tcp|64|throughput": 4003515.05,
    "tcp|64|latency": 0.25,
    "tcp|256|throughput": 2341763.88,
    "tcp|256|latency": 0.425,
    "tcp|1024|throughput": 864833.56,
    "tcp|1024|latency": 1.1549999999999998,
    "tcp|65536|throughput": 32705.730000000003,
    "tcp|65536|latency": 30.575,
    "tcp|131072|throughput": 15623.965,
    "tcp|131072|latency": 63.5,
    "tcp|262144|throughput": 9403.21,
    "tcp|262144|latency": 106.16999999999999,
    "inproc|64|throughput": 5532261.48,
    "inproc|64|latency": 0.185,
    "inproc|256|throughput": 4645218.824999999,
    "inproc|256|latency": 0.215,
    "inproc|1024|throughput": 2556833.645,
    "inproc|1024|latency": 0.39,
    "inproc|65536|throughput": 138925.22,
    "inproc|65536|latency": 7.2,
    "inproc|131072|throughput": 96797.695,
    "inproc|131072|latency": 10.335,
    "inproc|262144|throughput": 60067.675,
    "inproc|262144|latency": 16.605,
    "ipc|64|throughput": 3934554.075,
    "ipc|64|latency": 0.25,
    "ipc|256|throughput": 2395732.3150000004,
    "ipc|256|latency": 0.42,
    "ipc|1024|throughput": 856770.995,
    "ipc|1024|latency": 1.17,
    "ipc|65536|throughput": 32110.715,
    "ipc|65536|latency": 31.145000000000003,
    "ipc|131072|throughput": 18897.605000000003,
    "ipc|131072|latency": 52.629999999999995,
    "ipc|262144|throughput": 10388.925,
    "ipc|262144|latency": 96.25999999999999
  },
  "DEALER_DEALER": {
    "tcp|64|throughput": 4301982.84,
    "tcp|64|latency": 5.1850000000000005,
    "tcp|256|throughput": 2475346.12,
    "tcp|256|latency": 5.279999999999999,
    "tcp|1024|throughput": 892871.925,
    "tcp|1024|latency": 5.255,
    "tcp|65536|throughput": 33275.325,
    "tcp|65536|latency": 12.969999999999999,
    "tcp|131072|throughput": 16399.075,
    "tcp|131072|latency": 19.175,
    "tcp|262144|throughput": 9700.369999999999,
    "tcp|262144|latency": 31.314999999999998,
    "inproc|64|throughput": 6459888.824999999,
    "inproc|64|latency": 0.09,
    "inproc|256|throughput": 4971854.5,
    "inproc|256|latency": 0.09,
    "inproc|1024|throughput": 2835299.04,
    "inproc|1024|latency": 0.10500000000000001,
    "inproc|65536|throughput": 143330.975,
    "inproc|65536|latency": 2.11,
    "inproc|131072|throughput": 96214.94,
    "inproc|131072|latency": 3.6950000000000003,
    "inproc|262144|throughput": 58609.275,
    "inproc|262144|latency": 7.25,
    "ipc|64|throughput": 4580264.605,
    "ipc|64|latency": 4.6,
    "ipc|256|throughput": 2716184.155,
    "ipc|256|latency": 4.66,
    "ipc|1024|throughput": 1022035.995,
    "ipc|1024|latency": 4.725,
    "ipc|65536|throughput": 30194.645000000004,
    "ipc|65536|latency": 12.58,
    "ipc|131072|throughput": 16755.855,
    "ipc|131072|latency": 19.305,
    "ipc|262144|throughput": 10046.375,
    "ipc|262144|latency": 31.615000000000002
  },
  "DEALER_ROUTER": {
    "tcp|64|throughput": 3384568.425,
    "tcp|64|latency": 5.404999999999999,
    "tcp|256|throughput": 2141578.56,
    "tcp|256|latency": 5.42,
    "tcp|1024|throughput": 837162.3,
    "tcp|1024|latency": 5.34,
    "tcp|65536|throughput": 31677.300000000003,
    "tcp|65536|latency": 13.105,
    "tcp|131072|throughput": 18643.4,
    "tcp|131072|latency": 19.68,
    "tcp|262144|throughput": 10205.46,
    "tcp|262144|latency": 32.415,
    "inproc|64|throughput": 6120178.045,
    "inproc|64|latency": 0.11,
    "inproc|256|throughput": 5366299.985,
    "inproc|256|latency": 0.11,
    "inproc|1024|throughput": 2796920.425,
    "inproc|1024|latency": 0.13,
    "inproc|65536|throughput": 143852.995,
    "inproc|65536|latency": 2.005,
    "inproc|131072|throughput": 98194.89000000001,
    "inproc|131072|latency": 3.84,
    "inproc|262144|throughput": 59803.91,
    "inproc|262144|latency": 7.41,
    "ipc|64|throughput": 3660260.395,
    "ipc|64|latency": 4.66,
    "ipc|256|throughput": 2339407.0599999996,
    "ipc|256|latency": 4.745,
    "ipc|1024|throughput": 942922.24,
    "ipc|1024|latency": 4.779999999999999,
    "ipc|65536|throughput": 32360.59,
    "ipc|65536|latency": 12.61,
    "ipc|131072|throughput": 16943.785,
    "ipc|131072|latency": 19.38,
    "ipc|262144|throughput": 9374.76,
    "ipc|262144|latency": 31.674999999999997
  },
  "ROUTER_ROUTER": {
    "tcp|64|throughput": 3336549.515,
    "tcp|64|latency": 4.295,
    "tcp|256|throughput": 2158579.245,
    "tcp|256|latency": 4.355,
    "tcp|1024|throughput": 834926.96,
    "tcp|1024|latency": 4.535,
    "tcp|65536|throughput": 30366.795,
    "tcp|65536|latency": 12.245000000000001,
    "tcp|131072|throughput": 16081.75,
    "tcp|131072|latency": 18.675,
    "tcp|262144|throughput": 9810.744999999999,
    "tcp|262144|latency": 40.480000000000004,
    "inproc|64|throughput": 5210875.84,
    "inproc|64|latency": 0.18,
    "inproc|256|throughput": 4515796.105,
    "inproc|256|latency": 0.18,
    "inproc|1024|throughput": 2508207.87,
    "inproc|1024|latency": 0.2,
    "inproc|65536|throughput": 141910.89,
    "inproc|65536|latency": 2.16,
    "inproc|131072|throughput": 96076.05,
    "inproc|131072|latency": 3.975,
    "inproc|262144|throughput": 58933.240000000005,
    "inproc|262144|latency": 7.425,
    "ipc|64|throughput": 3436080.785,
    "ipc|64|latency": 3.91,
    "ipc|256|throughput": 2216834.7350000003,
    "ipc|256|latency": 3.995,
    "ipc|1024|throughput": 934360.55,
    "ipc|1024|latency": 3.98,
    "ipc|65536|throughput": 32328.28,
    "ipc|65536|latency": 14.535,
    "ipc|131072|throughput": 15981.505000000001,
    "ipc|131072|latency": 23.740000000000002,
    "ipc|262144|throughput": 9385.99,
    "ipc|262144|latency": 38.379999999999995
  },
  "ROUTER_ROUTER_POLL": {
    "tcp|64|throughput": 3289954.465,
    "tcp|64|latency": 4.765,
    "tcp|256|throughput": 2051855.3650000002,
    "tcp|256|latency": 4.83,
    "tcp|1024|throughput": 790248.48,
    "tcp|1024|latency": 4.885,
    "tcp|65536|throughput": 30609.18,
    "tcp|65536|latency": 12.77,
    "tcp|131072|throughput": 15203.404999999999,
    "tcp|131072|latency": 19.54,
    "tcp|262144|throughput": 9895.2,
    "tcp|262144|latency": 40.215,
    "inproc|64|throughput": 4933269.615,
    "inproc|64|latency": 0.57,
    "inproc|256|throughput": 4440055.74,
    "inproc|256|latency": 0.57,
    "inproc|1024|throughput": 2452740.2199999997,
    "inproc|1024|latency": 0.59,
    "inproc|65536|throughput": 115492.7,
    "inproc|65536|latency": 2.5549999999999997,
    "inproc|131072|throughput": 83656.735,
    "inproc|131072|latency": 4.535,
    "inproc|262144|throughput": 53920.21,
    "inproc|262144|latency": 7.905,