#
# A fatal error has been detected by the Java Runtime Environment:
#
#  SIGSEGV (0xb) at pc=0x000079e98296d53d, pid=35671, tid=35694
#
# JRE version: OpenJDK Runtime Environment Temurin-22.0.2+9 (22.0.2+9) (build 22.0.2+9)
# Java VM: OpenJDK 64-Bit Server VM Temurin-22.0.2+9 (22.0.2+9, mixed mode, sharing, tiered, compressed oops, compressed class ptrs, g1 gc, linux-amd64)
# Problematic frame:
# V  [libjvm.so+0x56d53d]  frame::sender(RegisterMap*) const+0x1ed
#
# Core dump will be written. Default location: Core dumps may be processed with "/wsl-capture-crash %t %E %p %s" (or dumping to /home/hep7/project/kairos/zlink/bindings/java/core.35671)
#
# If you would like to submit a bug report, please visit:
#   https://github.com/adoptium/adoptium-support/issues
#

---------------  S U M M A R Y ------------

Command Line: --enable-native-access=ALL-UNNAMED dev.kairoscode.zlink.integration.bench.PairBenchMain STREAM_LEN32BE tcp 1024

Host: Intel(R) Core(TM) Ultra 7 265K, 20 cores, 94G, Ubuntu 24.04.3 LTS
Time: Mon Feb 23 19:19:55 2026 KST elapsed time: 0.466206 seconds (0d 0h 0m 0s)

---------------  T H R E A D  ---------------

Current thread (0x000079e8a80145f0):  JavaThread "Thread-0"  daemon [_thread_in_vm, id=35694, stack(0x000079e8ec3fe000,0x000079e8ecbfe000) (8192K)]

Stack: [0x000079e8ec3fe000,0x000079e8ecbfe000],  sp=0x000079e8ecbf8540,  free space=8169k
Native frames: (J=compiled Java code, j=interpreted, Vv=VM code, C=native code)
V  [libjvm.so+0x56d53d]  frame::sender(RegisterMap*) const+0x1ed
V  [libjvm.so+0x928c54]  java_lang_Throwable::fill_in_stack_trace(Handle, methodHandle const&, JavaThread*)+0xaa4
V  [libjvm.so+0x92905f]  java_lang_Throwable::fill_in_stack_trace(Handle, methodHandle const&)+0x5f
V  [libjvm.so+0x9ff148]  JVM_FillInStackTrace+0x88
C  [libjava.so+0x13d52]  Java_java_lang_Throwable_fillInStackTrace+0x12
j  java.lang.Throwable.fillInStackTrace(I)Ljava/lang/Throwable;+0 java.base@22.0.2
j  java.lang.Throwable.fillInStackTrace()Ljava/lang/Throwable;+16 java.base@22.0.2
j  java.lang.Throwable.<init>(Ljava/lang/String;)V+24 java.base@22.0.2
j  java.lang.Error.<init>(Ljava/lang/String;)V+2 java.base@22.0.2
j  java.lang.LinkageError.<init>(Ljava/lang/String;)V+2 java.base@22.0.2
j  java.lang.IncompatibleClassChangeError.<init>(Ljava/lang/String;)V+2 java.base@22.0.2
j  java.lang.NoSuchMethodError.<init>(Ljava/lang/String;)V+2 java.base@22.0.2
v  ~StubRoutines::call_stub 0x000079e96bc5fcc6
V  [libjvm.so+0x917856]  JavaCalls::call_helper(JavaValue*, methodHandle const&, JavaCallArguments*, JavaThread*)+0x2f6
V  [libjvm.so+0x917d8b]  JavaCalls::call_special(JavaValue*, Klass*, Symbol*, Symbol*, JavaCallArguments*, JavaThread*)+0x11b
V  [libjvm.so+0x917e91]  JavaCalls::construct_new_instance(InstanceKlass*, Symbol*, JavaCallArguments*, JavaThread*)+0xc1
V  [libjvm.so+0x78cf49]  Exceptions::new_exception(JavaThread*, Symbol*, Symbol*, JavaCallArguments*, Handle, Handle, Handle)+0x1e9
V  [libjvm.so+0x78d300]  Exceptions::new_exception(JavaThread*, Symbol*, char const*, Handle, Handle, Handle, Exceptions::ExceptionMsgToUtf8Mode)+0x220
V  [libjvm.so+0x78ed0e]  Exceptions::_throw_msg_cause(JavaThread*, char const*, int, Symbol*, char const*, Handle)+0x5e
V  [libjvm.so+0xba6984]  LinkResolver::resolve_method(LinkInfo const&, Bytecodes::Code, JavaThread*)+0x1e4
V  [libjvm.so+0xbab27d]  LinkResolver::resolve_static_call(CallInfo&, LinkInfo const&, bool, JavaThread*)+0x4d
V  [libjvm.so+0xcb673d]  MethodHandles::resolve_MemberName(Handle, Klass*, int, bool, JavaThread*)+0x8fd
V  [libjvm.so+0xcb6a16]  MHN_resolve_Mem+0x1f6
J 242  java.lang.invoke.MethodHandleNatives.resolve(Ljava/lang/invoke/MemberName;Ljava/lang/Class;IZ)Ljava/lang/invoke/MemberName; java.base@22.0.2 (0 bytes) @ 0x000079e96c3b2b9c [0x000079e96c3b2aa0+0x00000000000000fc]
J 241 c1 java.lang.invoke.MemberName$Factory.resolve(BLjava/lang/invoke/MemberName;Ljava/lang/Class;IZ)Ljava/lang/invoke/MemberName; java.base@22.0.2 (159 bytes) @ 0x000079e96484b52c [0x000079e96484b340+0x00000000000001ec]
J 1126 c1 java.lang.invoke.MemberName$Factory.resolveOrNull(BLjava/lang/invoke/MemberName;Ljava/lang/Class;I)Ljava/lang/invoke/MemberName; java.base@22.0.2 (54 bytes) @ 0x000079e9649c4dd4 [0x000079e9649c4d40+0x0000000000000094]
j  java.lang.invoke.InvokerBytecodeGenerator.resolveFrom(Ljava/lang/String;Ljava/lang/invoke/MethodType;Ljava/lang/Class;)Ljava/lang/invoke/MemberName;+65 java.base@22.0.2
J 732 c1 java.lang.invoke.InvokerBytecodeGenerator.lookupPregenerated(Ljava/lang/invoke/LambdaForm;Ljava/lang/invoke/MethodType;)Ljava/lang/invoke/MemberName; java.base@22.0.2 (294 bytes) @ 0x000079e964922a1c [0x000079e964921a00+0x000000000000101c]
J 1037 c1 java.lang.invoke.InvokerBytecodeGenerator.generateCustomizedCode(Ljava/lang/invoke/LambdaForm;Ljava/lang/invoke/MethodType;)Ljava/lang/invoke/MemberName; java.base@22.0.2 (34 bytes) @ 0x000079e96499d1d4 [0x000079e96499d160+0x0000000000000074]
J 655 c1 java.lang.invoke.LambdaForm.compileToBytecode()V java.base@22.0.2 (164 bytes) @ 0x000079e964905f54 [0x000079e964905d60+0x00000000000001f4]
j  java.lang.invoke.DirectMethodHandle.makePreparedLambdaForm(Ljava/lang/invoke/MethodType;I)Ljava/lang/invoke/LambdaForm;+750 java.base@22.0.2
J 829 c1 java.lang.invoke.DirectMethodHandle.preparedLambdaForm(Ljava/lang/invoke/MemberName;Z)Ljava/lang/invoke/LambdaForm; java.base@22.0.2 (244 bytes) @ 0x000079e964945ee4 [0x000079e964945900+0x00000000000005e4]
J 1124 c1 java.lang.invoke.DirectMethodHandle.make(BLjava/lang/Class;Ljava/lang/invoke/MemberName;Ljava/lang/Class;)Ljava/lang/invoke/DirectMethodHandle; java.base@22.0.2 (275 bytes) @ 0x000079e9649c6644 [0x000079e9649c5aa0+0x0000000000000ba4]
j  java.lang.invoke.MethodHandles$Lookup.getDirectMethodCommon(BLjava/lang/Class;Ljava/lang/invoke/MemberName;ZZLjava/lang/invoke/MethodHandles$Lookup;)Ljava/lang/invoke/MethodHandle;+220 java.base@22.0.2
j  java.lang.invoke.MethodHandles$Lookup.getDirectMethod(BLjava/lang/Class;Ljava/lang/invoke/MemberName;Ljava/lang/invoke/MethodHandles$Lookup;)Ljava/lang/invoke/MethodHandle;+14 java.base@22.0.2
j  java.lang.invoke.MethodHandles$Lookup.findStatic(Ljava/lang/Class;Ljava/lang/String;Ljava/lang/invoke/MethodType;)Ljava/lang/invoke/MethodHandle;+23 java.base@22.0.2
j  jdk.internal.foreign.abi.BindingSpecializer.specializeDowncall(Ljava/lang/invoke/MethodHandle;Ljdk/internal/foreign/abi/CallingSequence;Ljdk/internal/foreign/abi/ABIDescriptor;)Ljava/lang/invoke/MethodHandle;+72 java.base@22.0.2
j  jdk.internal.foreign.abi.DowncallLinker.getBoundMethodHandle()Ljava/lang/invoke/MethodHandle;+108 java.base@22.0.2
j  jdk.internal.foreign.abi.x64.sysv.CallArranger.arrangeDowncall(Ljava/lang/invoke/MethodType;Ljava/lang/foreign/FunctionDescriptor;Ljdk/internal/foreign/abi/LinkerOptions;)Ljava/lang/invoke/MethodHandle;+22 java.base@22.0.2
j  jdk.internal.foreign.abi.x64.sysv.SysVx64Linker.arrangeDowncall(Ljava/lang/invoke/MethodType;Ljava/lang/foreign/FunctionDescriptor;Ljdk/internal/foreign/abi/LinkerOptions;)Ljava/lang/invoke/MethodHandle;+3 java.base@22.0.2
j  jdk.internal.foreign.abi.AbstractLinker.lambda$downcallHandle0$0(Ljdk/internal/foreign/abi/AbstractLinker$LinkRequest;)Ljava/lang/invoke/MethodHandle;+19 java.base@22.0.2
j  jdk.internal.foreign.abi.AbstractLinker$$Lambda+0x000079e8ef070c08.apply(Ljava/lang/Object;)Ljava/lang/Object;+8 java.base@22.0.2
j  jdk.internal.foreign.abi.SoftReferenceCache$Node.get(Ljava/lang/Object;Ljava/util/function/Function;)Ljava/lang/Object;+45 java.base@22.0.2
j  jdk.internal.foreign.abi.SoftReferenceCache.get(Ljava/lang/Object;Ljava/util/function/Function;)Ljava/lang/Object;+21 java.base@22.0.2
j  jdk.internal.foreign.abi.AbstractLinker.downcallHandle0(Ljava/lang/foreign/FunctionDescriptor;[Ljava/lang/foreign/Linker$Option;)Ljava/lang/invoke/MethodHandle;+51 java.base@22.0.2
j  jdk.internal.foreign.abi.AbstractLinker.downcallHandle(Ljava/lang/foreign/MemorySegment;Ljava/lang/foreign/FunctionDescriptor;[Ljava/lang/foreign/Linker$Option;)Ljava/lang/invoke/MethodHandle;+17 java.base@22.0.2
j  dev.kairoscode.zlink.internal.NativeMsg.downcall(Ljava/lang/String;Ljava/lang/foreign/FunctionDescriptor;)Ljava/lang/invoke/MethodHandle;+23
j  dev.kairoscode.zlink.internal.NativeMsg.<clinit>()V+54
v  ~StubRoutines::call_stub 0x000079e96bc5fcc6
V  [libjvm.so+0x917856]  JavaCalls::call_helper(JavaValue*, methodHandle const&, JavaCallArguments*, JavaThread*)+0x2f6
V  [libjvm.so+0x8ef2df]  InstanceKlass::call_class_initializer(JavaThread*)+0x31f
V  [libjvm.so+0x8f02fa]  InstanceKlass::initialize_impl(JavaThread*)+0x68a
V  [libjvm.so+0xbab3aa]  LinkResolver::resolve_static_call(CallInfo&, LinkInfo const&, bool, JavaThread*)+0x17a
V  [libjvm.so+0xbabc93]  LinkResolver::resolve_invoke(CallInfo&, Handle, constantPoolHandle const&, int, Bytecodes::Code, JavaThread*)+0x203
V  [libjvm.so+0x90f621]  InterpreterRuntime::resolve_invoke(JavaThread*, Bytecodes::Code)+0x1b1
V  [libjvm.so+0x90fd15]  InterpreterRuntime::resolve_from_cache(JavaThread*, Bytecodes::Code)+0x105
j  dev.kairoscode.zlink.Socket.onStreamPackets(Ljava/lang/foreign/MemorySegment;Ljava/lang/foreign/MemorySegment;J)I+161
j  java.lang.invoke.LambdaForm$DMH+0x000079e8ef0c0400.invokeSpecial(Ljava/lang/Object;Ljava/lang/Object;Ljava/lang/Object;Ljava/lang/Object;J)I+16 java.base@22.0.2
j  java.lang.invoke.LambdaForm$MH+0x000079e8ef0c1000.invoke(Ljava/lang/Object;Ljava/lang/Object;Ljava/lang/Object;J)I+27 java.base@22.0.2
j  java.lang.invoke.LambdaForm$MH+0x000079e8ef0c7400.invokeExact_MT(Ljava/lang/Object;Ljava/lang/Object;Ljava/lang/Object;JLjava/lang/Object;)I+22 java.base@22.0.2
j  jdk.internal.foreign.abi.UpcallStub+0x000079e8ef0c1400.invoke(Ljava/lang/invoke/MethodHandle;JJJ)I+35 java.base@22.0.2
j  java.lang.invoke.LambdaForm$DMH+0x000079e8ef0c1800.invokeStatic(Ljava/lang/Object;Ljava/lang/Object;JJJ)I+17 java.base@22.0.2
j  java.lang.invoke.LambdaForm$MH+0x000079e8ef0c2800.invoke(Ljava/lang/Object;JJJ)I+28 java.base@22.0.2
j  java.lang.invoke.LambdaForm$MH+0x000079e8ef0c3800.invoke(Ljava/lang/Object;JJJ)I+44 java.base@22.0.2
C  0x000079e96bd7cde1
Java frames: (J=compiled Java code, j=interpreted, Vv=VM code)
j  java.lang.Throwable.fillInStackTrace(I)Ljava/lang/Throwable;+0 java.base@22.0.2
j  java.lang.Throwable.fillInStackTrace()Ljava/lang/Throwable;+16 java.base@22.0.2
j  java.lang.Throwable.<init>(Ljava/lang/String;)V+24 java.base@22.0.2
j  java.lang.Error.<init>(Ljava/lang/String;)V+2 java.base@22.0.2
j  java.lang.LinkageError.<init>(Ljava/lang/String;)V+2 java.base@22.0.2
j  java.lang.IncompatibleClassChangeError.<init>(Ljava/lang/String;)V+2 java.base@22.0.2
j  java.lang.NoSuchMethodError.<init>(Ljava/lang/String;)V+2 java.base@22.0.2
v  ~StubRoutines::call_stub 0x000079e96bc5fcc6
J 242  java.lang.invoke.MethodHandleNatives.resolve(Ljava/lang/invoke/MemberName;Ljava/lang/Class;IZ)Ljava/lang/invoke/MemberName; java.base@22.0.2 (0 bytes) @ 0x000079e96c3b2b21 [0x000079e96c3b2aa0+0x0000000000000081]
J 241 c1 java.lang.invoke.MemberName$Factory.resolve(BLjava/lang/invoke/MemberName;Ljava/lang/Class;IZ)Ljava/lang/invoke/MemberName; java.base@22.0.2 (159 bytes) @ 0x000079e96484b52c [0x000079e96484b340+0x00000000000001ec]
J 1126 c1 java.lang.invoke.MemberName$Factory.resolveOrNull(BLjava/lang/invoke/MemberName;Ljava/lang/Class;I)Ljava/lang/invoke/MemberName; java.base@22.0.2 (54 bytes) @ 0x000079e9649c4dd4 [0x000079e9649c4d40+0x0000000000000094]
j  java.lang.invoke.InvokerBytecodeGenerator.resolveFrom(Ljava/lang/String;Ljava/lang/invoke/MethodType;Ljava/lang/Class;)Ljava/lang/invoke/MemberName;+65 java.base@22.0.2
J 732 c1 java.lang.invoke.InvokerBytecodeGenerator.lookupPregenerated(Ljava/lang/invoke/LambdaForm;Ljava/lang/invoke/MethodType;)Ljava/lang/invoke/MemberName; java.base@22.0.2 (294 bytes) @ 0x000079e964922a1c [0x000079e964921a00+0x000000000000101c]
J 1037 c1 java.lang.invoke.InvokerBytecodeGenerator.generateCustomizedCode(Ljava/lang/invoke/LambdaForm;Ljava/lang/invoke/MethodType;)Ljava/lang/invoke/MemberName; java.base@22.0.2 (34 bytes) @ 0x000079e96499d1d4 [0x000079e96499d160+0x0000000000000074]
J 655 c1 java.lang.invoke.LambdaForm.compileToBytecode()V java.base@22.0.2 (164 bytes) @ 0x000079e964905f54 [0x000079e964905d60+0x00000000000001f4]
j  java.lang.invoke.DirectMethodHandle.makePreparedLambdaForm(Ljava/lang/invoke/MethodType;I)Ljava/lang/invoke/LambdaForm;+750 java.base@22.0.2
J 829 c1 java.lang.invoke.DirectMethodHandle.preparedLambdaForm(Ljava/lang/invoke/MemberName;Z)Ljava/lang/invoke/LambdaForm; java.base@22.0.2 (244 bytes) @ 0x000079e964945ee4 [0x000079e964945900+0x00000000000005e4]
J 1124 c1 java.lang.invoke.DirectMethodHandle.make(BLjava/lang/Class;Ljava/lang/invoke/MemberName;Ljava/lang/Class;)Ljava/lang/invoke/DirectMethodHandle; java.base@22.0.2 (275 bytes) @ 0x000079e9649c6644 [0x000079e9649c5aa0+0x0000000000000ba4]
j  java.lang.invoke.MethodHandles$Lookup.getDirectMethodCommon(BLjava/lang/Class;Ljava/lang/invoke/MemberName;ZZLjava/lang/invoke/MethodHandles$Lookup;)Ljava/lang/invoke/MethodHandle;+220 java.base@22.0.2
j  java.lang.invoke.MethodHandles$Lookup.getDirectMethod(BLjava/lang/Class;Ljava/lang/invoke/MemberName;Ljava/lang/invoke/MethodHandles$Lookup;)Ljava/lang/invoke/MethodHandle;+14 java.base@22.0.2
j  java.lang.invoke.MethodHandles$Lookup.findStatic(Ljava/lang/Class;Ljava/lang/String;Ljava/lang/invoke/MethodType;)Ljava/lang/invoke/MethodHandle;+23 java.base@22.0.2
j  jdk.internal.foreign.abi.BindingSpecializer.specializeDowncall(Ljava/lang/invoke/MethodHandle;Ljdk/internal/foreign/abi/CallingSequence;Ljdk/internal/foreign/abi/ABIDescriptor;)Ljava/lang/invoke/MethodHandle;+72 java.base@22.0.2
j  jdk.internal.foreign.abi.DowncallLinker.getBoundMethodHandle()Ljava/lang/invoke/MethodHandle;+108 java.base@22.0.2
j  jdk.internal.foreign.abi.x64.sysv.CallArranger.arrangeDowncall(Ljava/lang/invoke/MethodType;Ljava/lang/foreign/FunctionDescriptor;Ljdk/internal/foreign/abi/LinkerOptions;)Ljava/lang/invoke/MethodHandle;+22 java.base@22.0.2
j  jdk.internal.foreign.abi.x64.sysv.SysVx64Linker.arrangeDowncall(Ljava/lang/invoke/MethodType;Ljava/lang/foreign/FunctionDescriptor;Ljdk/internal/foreign/abi/LinkerOptions;)Ljava/lang/invoke/MethodHandle;+3 java.base@22.0.2
j  jdk.internal.foreign.abi.AbstractLinker.lambda$downcallHandle0$0(Ljdk/internal/foreign/abi/AbstractLinker$LinkRequest;)Ljava/lang/invoke/MethodHandle;+19 java.base@22.0.2
j  jdk.internal.foreign.abi.AbstractLinker$$Lambda+0x000079e8ef070c08.apply(Ljava/lang/Object;)Ljava/lang/Object;+8 java.base@22.0.2
j  jdk.internal.foreign.abi.SoftReferenceCache$Node.get(Ljava/lang/Object;Ljava/util/function/Function;)Ljava/lang/Object;+45 java.base@22.0.2
j  jdk.internal.foreign.abi.SoftReferenceCache.get(Ljava/lang/Object;Ljava/util/function/Function;)Ljava/lang/Object;+21 java.base@22.0.2
j  jdk.internal.foreign.abi.AbstractLinker.downcallHandle0(Ljava/lang/foreign/FunctionDescriptor;[Ljava/lang/foreign/Linker$Option;)Ljava/lang/invoke/MethodHandle;+51 java.base@22.0.2
j  jdk.internal.foreign.abi.AbstractLinker.downcallHandle(Ljava/lang/foreign/MemorySegment;Ljava/lang/foreign/FunctionDescriptor;[Ljava/lang/foreign/Linker$Option;)Ljava/lang/invoke/MethodHandle;+17 java.base@22.0.2
j  dev.kairoscode.zlink.internal.NativeMsg.downcall(Ljava/lang/String;Ljava/lang/foreign/FunctionDescriptor;)Ljava/lang/invoke/MethodHandle;+23
j  dev.kairoscode.zlink.internal.NativeMsg.<clinit>()V+54
v  ~StubRoutines::call_stub 0x000079e96bc5fcc6
j  dev.kairoscode.zlink.Socket.onStreamPackets(Ljava/lang/foreign/MemorySegment;Ljava/lang/foreign/MemorySegment;J)I+161
j  java.lang.invoke.LambdaForm$DMH+0x000079e8ef0c0400.invokeSpecial(Ljava/lang/Object;Ljava/lang/Object;Ljava/lang/Object;Ljava/lang/Object;J)I+16 java.base@22.0.2
j  java.lang.invoke.LambdaForm$MH+0x000079e8ef0c1000.invoke(Ljava/lang/Object;Ljava/lang/Object;Ljava/lang/Object;J)I+27 java.base@22.0.2
j  java.lang.invoke.LambdaForm$MH+0x000079e8ef0c7400.invokeExact_MT(Ljava/lang/Object;Ljava/lang/Object;Ljava/lang/Object;JLjava/lang/Object;)I+22 java.base@22.0.2
j  jdk.internal.foreign.abi.UpcallStub+0x000079e8ef0c1400.invoke(Ljava/lang/invoke/MethodHandle;JJJ)I+35 java.base@22.0.2
j  java.lang.invoke.LambdaForm$DMH+0x000079e8ef0c1800.invokeStatic(Ljava/lang/Object;Ljava/lang/Object;JJJ)I+17 java.base@22.0.2
j  java.lang.invoke.LambdaForm$MH+0x000079e8ef0c2800.invoke(Ljava/lang/Object;JJJ)I+28 java.base@22.0.2
j  java.lang.invoke.LambdaForm$MH+0x000079e8ef0c3800.invoke(Ljava/lang/Object;JJJ)I+44 java.base@22.0.2
C  0x000079e96bd7cde1
C  [libzlink.so.5.2.5+0xe78aa]  zlink::stream_t::dispatch_len32be(zlink::msg_t*, zlink::pipe_t*)+0x63a

[error occurred during error reporting (printing Java stack), id 0xb, SIGSEGV (0xb) at pc=0x000079e982a5ece4]

siginfo: si_signo: 11 (SIGSEGV), si_code: 1 (SEGV_MAPERR), si_addr: 0x0000000000000009

Registers:
RAX=0x0000000000000001, RBX=0x000079e8ecbf8760, RCX=0x000079e96bc66b00, RDX=0x000079e97c10c8c0
RSP=0x000079e8ecbf8540, RBP=0x000079e8ecbf8580, RSI=0x000079e8ecbf8660, RDI=0x0000000000000000
R8 =0x000079e8e44ddf18, R9 =0x0000000000000000, R10=0x000079e983c21000, R11=0x000079e983900900
R12=0x000079e8ecbf8660, R13=0x000079e8ecbf85f0, R14=0x000000000000002c, R15=0x000079e92fae78aa
RIP=0x000079e98296d53d, EFLAGS=0x0000000000010287, CSGSFS=0x002b000000000033, ERR=0x0000000000000004
  TRAPNO=0x000000000000000e


Register to memory mapping:

RAX=0x0000000000000001 is an unknown value
RBX=0x000079e8ecbf8760 is pointing into the stack for thread: 0x000079e8a80145f0
RCX=0x000079e96bc66b00 is pointing into interpreter code (not bytecode specific)
RDX=0x000079e97c10c8c0 points into unknown readable memory: 0x000079e97c002c60 | 60 2c 00 7c e9 79 00 00
RSP=0x000079e8ecbf8540 is pointing into the stack for thread: 0x000079e8a80145f0
RBP=0x000079e8ecbf8580 is pointing into the stack for thread: 0x000079e8a80145f0
RSI=0x000079e8ecbf8660 is pointing into the stack for thread: 0x000079e8a80145f0
RDI=0x0 is null
R8 ={method} {0x000079e8e44ddf18} 'invoke' '(Ljava/lang/Object;JJJ)I' in 'java/lang/invoke/LambdaForm$MH+0x000079e8ef0c3800'
R9 =0x0 is null
R10=0x000079e983c21000 points into unknown readable memory: 0x0100050403020100 | 00 01 02 03 04 05 00 01
R11=0x000079e983900900: <offset 0x0000000001500900> in /usr/lib/jvm/temurin-22-jdk-amd64/lib/server/libjvm.so at 0x000079e982400000
R12=0x000079e8ecbf8660 is pointing into the stack for thread: 0x000079e8a80145f0
R13=0x000079e8ecbf85f0 is pointing into the stack for thread: 0x000079e8a80145f0
R14=0x000000000000002c is an unknown value
R15=0x000079e92fae78aa: _ZN5zlink8stream_t16dispatch_len32beEPNS_5msg_tEPNS_6pipe_tE+0x000000000000063a in /home/hep7/project/kairos/zlink/core/build/linux-x64/lib/libzlink.so.5.2.5 at 0x000079e92fa00000

Top of Stack: (sp=0x000079e8ecbf8540)
0x000079e8ecbf8540:   000079e8ecbfae00 000079e96bc6737a
0x000079e8ecbf8550:   0000000000000000 0000000000000000
0x000079e8ecbf8560:   000079e8a80145f0 000079e8ecbf8660
0x000079e8ecbf8570:   000000000000002c 000079e92fae78aa
0x000079e8ecbf8580:   000079e8ecbf9a10 000079e982d28c54
0x000079e8ecbf8590:   0000000000000000 0000000000000000
0x000079e8ecbf85a0:   000079e8ecbf8760 000079e97c39c220
0x000079e8ecbf85b0:   000079e8c81a6cd0 0000000000000000
0x000079e8ecbf85c0:   0000000000000000 000079e8ecbf8720
0x000079e8ecbf85d0:   0101010000000400 000079e9649c5710
0x000079e8ecbf85e0:   000079e80000001b 000079e8ac00a3f0
0x000079e8ecbf85f0:   000079e8ecbfc410 000079e92fae78aa
0x000079e8ecbf8600:   0000000000000000 0000000000000000
0x000079e8ecbf8610:   0000000000000000 0000000000000001
0x000079e8ecbf8620:   000079e8ecbfc410 0000000000000000
0x000079e8ecbf8630:   000079e97c39c220 000079e8ac00a310
0x000079e8ecbf8640:   000079e8ac00a3f0 000079e8ac00a6f8
0x000079e8ecbf8650:   00000000000003d8 0000000000000000
0x000079e8ecbf8660:   000079e8ecbfc410 000079e92fae78aa
0x000079e8ecbf8670:   0000000000000000 0000000000000000
0x000079e8ecbf8680:   0000000000000000 0000000000000001
0x000079e8ecbf8690:   000079e8ecbfc410 0000000000000000
0x000079e8ecbf86a0:   0000000000000000 00000000e4338cc8
0x000079e8ecbf86b0:   0000000000000000 0000000000000000
0x000079e8ecbf86c0:   0000000000000000 00000000e4001d50
0x000079e8ecbf86d0:   0000000000000000 00000000e4295948
0x000079e8ecbf86e0:   000079e9649c5aa0 000079e9649c71d0
0x000079e8ecbf86f0:   000079e9649c74f0 00000000e4019228
0x000079e8ecbf8700:   0000000000000000 0000000000000000
0x000079e8ecbf8710:   0000000000000000 0000000000000000
0x000079e8ecbf8720:   000079e8c81a6d00 00000002780191f0
0x000079e8ecbf8730:   0000000278019220 0000000278019270 

Instructions: (pc=0x000079e98296d53d)
0x000079e98296d43d:   8b 77 f8 66 49 0f 6e d7 66 49 0f 6e de 66 0f 6c
0x000079e98296d44d:   d3 0f 29 55 c0 74 26 80 78 5d 00 0f 84 42 02 00
0x000079e98296d45d:   00 48 81 8b 08 12 00 00 00 0c 00 00 49 8d 47 f0
0x000079e98296d46d:   66 48 0f 6e c0 66 0f 6c c0 0f 11 43 50 4c 89 f7
0x000079e98296d47d:   e8 ce 56 13 00 84 c0 0f 84 6e 01 00 00 80 bb 76
0x000079e98296d48d:   12 00 00 00 0f 84 41 01 00 00 48 89 da 4c 89 e6
0x000079e98296d49d:   4c 89 ef e8 3b 5b 13 00 e9 e6 fe ff ff 66 0f 1f
0x000079e98296d4ad:   44 00 00 48 8b bb 60 12 00 00 4c 89 ee e8 f1 7b
0x000079e98296d4bd:   93 00 e9 ef fe ff ff 0f 1f 40 00 48 89 da 4c 89
0x000079e98296d4cd:   e6 4c 89 ef e8 3a c2 23 00 e9 b5 fe ff ff 0f 1f
0x000079e98296d4dd:   44 00 00 48 89 da 4c 89 e6 4c 89 ef e8 b2 c0 23
0x000079e98296d4ed:   00 e9 9d fe ff ff 0f 1f 44 00 00 48 8d 15 39 99
0x000079e98296d4fd:   fc 00 48 8b 12 48 85 d2 74 31 48 8b 4a 08 48 39
0x000079e98296d50d:   c8 72 28 48 63 52 14 48 01 d1 48 39 c8 0f 83 fa
0x000079e98296d51d:   fe ff ff 48 89 da 4c 89 e6 4c 89 ef e8 22 c3 23
0x000079e98296d52d:   00 e9 5d fe ff ff 0f 1f 44 00 00 49 8b 44 24 28
0x000079e98296d53d:   48 8b 78 08 f3 0f 7e 08 48 8d 48 10 49 c7 45 18
0x000079e98296d54d:   00 00 00 00 66 48 0f 6e c1 41 c6 45 24 00 66 48
0x000079e98296d55d:   0f 6e e7 66 0f 6c c8 66 0f 6c c4 41 0f 11 4d 28
0x000079e98296d56d:   41 0f 11 45 00 e8 49 5c 0d 00 49 89 45 10 48 89
0x000079e98296d57d:   c7 48 85 c0 74 31 80 7f 5d 00 74 2b 49 8b 45 08
0x000079e98296d58d:   48 8b 97 80 00 00 00 48 39 d0 0f 84 db 00 00 00
0x000079e98296d59d:   80 7f 5e 03 0f 84 a9 00 00 00 48 3b 87 88 00 00
0x000079e98296d5ad:   00 0f 84 c4 00 00 00 48 8d 05 dd 3d 01 01 48 39
0x000079e98296d5bd:   38 0f 84 cc 00 00 00 41 c7 45 20 00 00 00 00 e9
0x000079e98296d5cd:   bf fd ff ff 0f 1f 80 00 00 00 00 48 8b b3 60 12
0x000079e98296d5dd:   00 00 4c 89 f9 4c 89 e2 4c 89 ef e8 13 62 13 00
0x000079e98296d5ed:   e9 9e fd ff ff 66 0f 1f 44 00 00 f3 41 0f 7e 47
0x000079e98296d5fd:   f0 66 0f 6f 75 c0 66 49 0f 6e ef 66 0f 6c c5 41
0x000079e98296d60d:   0f 11 75 00 41 0f 11 45 28 41 81 3e 0f 1f 84 00
0x000079e98296d61d:   0f 84 a5 00 00 00 4c 89 f7 e8 95 5b 0d 00 49 c7
0x000079e98296d62d:   45 18 00 00 00 00 49 89 45 10 48 89 c7 41 c6 45 


Stack slot to memory mapping:

stack at sp + 0 slots: 0x000079e8ecbfae00 is pointing into the stack for thread: 0x000079e8a80145f0
stack at sp + 1 slots: 0x000079e96bc6737a is at code_begin+1690 in an Interpreter codelet
return entry points  [0x000079e96bc66ce0, 0x000079e96bc67970]  3216 bytes
stack at sp + 2 slots: 0x0 is null
stack at sp + 3 slots: 0x0 is null
stack at sp + 4 slots: 0x000079e8a80145f0 is a thread
stack at sp + 5 slots: 0x000079e8ecbf8660 is pointing into the stack for thread: 0x000079e8a80145f0
stack at sp + 6 slots: 0x000000000000002c is an unknown value
stack at sp + 7 slots: 0x000079e92fae78aa: _ZN5zlink8stream_t16dispatch_len32beEPNS_5msg_tEPNS_6pipe_tE+0x000000000000063a in /home/hep7/project/kairos/zlink/core/build/linux-x64/lib/libzlink.so.5.2.5 at 0x000079e92fa00000


Compiled method (n/a) 469  242     n 0       java.lang.invoke.MethodHandleNatives::resolve (native)
 total in heap  [0x000079e96c3b2910,0x000079e96c3b2ea0] = 1424
 relocation     [0x000079e96c3b2a60,0x000079e96c3b2a98] = 56
 main code      [0x000079e96c3b2aa0,0x000079e96c3b2e9e] = 1022
 stub code      [0x000079e96c3b2e9e,0x000079e96c3b2ea0] = 2

[Constant Pool (empty)]

[MachCode]
[Entry Point]
  # {method} {0x000079e8ee08b478} 'resolve' '(Ljava/lang/invoke/MemberName;Ljava/lang/Class;IZ)Ljava/lang/invoke/MemberName;' in 'java/lang/invoke/MethodHandleNatives'
  # parm0:    rsi:rsi   = 'java/lang/invoke/MemberName'
  # parm1:    rdx:rdx   = 'java/lang/Class'
  # parm2:    rcx       = int
  # parm3:    r8        = boolean
  #           [sp+0x50]  (sp of caller)
  0x000079e96c3b2aa0: 448b 5608 | 49bb 0000 | 00ee e879 | 0000 4d03 | d349 3bc2 | 0f84 0600 

  0x000079e96c3b2ab8: ;   {runtime_call ic_miss_stub}
  0x000079e96c3b2ab8: 0000 e9c1 | a58f ff90 
[Verified Entry Point]
  0x000079e96c3b2ac0: 8984 2400 | c0fe ff55 | 488b ec48 | 83ec 4090 | 4181 7f20 | 0100 0000 

  0x000079e96c3b2ad8: ;   {runtime_call StubRoutines (final stubs)}
  0x000079e96c3b2ad8: 7405 e8c1 | 098e ff4d | 8bc8 4c8b | c148 8954 | 2408 4883 | fa00 488d | 4c24 0848 | 0f44 4c24 
  0x000079e96c3b2af8: 0848 8934 | 2448 83fe | 0048 8d14 | 2448 0f44 

  0x000079e96c3b2b08: ;   {oop(a 'java/lang/Class'{0x00000007ff086d20} = 'java/lang/invoke/MethodHandleNatives')}
  0x000079e96c3b2b08: 1424 49be | 206d 08ff | 0700 0000 | 4c89 7424 | 304c 8d74 | 2430 498b | f6c5 f877 

  0x000079e96c3b2b24: ;   {internal_word}
  0x000079e96c3b2b24: 49ba 212b | 3b6c e979 | 0000 4d89 | 97a8 0300 | 0049 89a7 | a003 0000 

  0x000079e96c3b2b3c: ;   {external_word}
  0x000079e96c3b2b3c: 803d 6ab3 | 5917 000f | 843c 0000 | 0056 5251 | 4150 4151 

  0x000079e96c3b2b50: ;   {metadata({method} {0x000079e8ee08b478} 'resolve' '(Ljava/lang/invoke/MemberName;Ljava/lang/Class;IZ)Ljava/lang/invoke/MemberName;' in 'java/lang/invoke/MethodHandleNatives')}
  0x000079e96c3b2b50: 48be 78b4 | 08ee e879 | 0000 498b | ff40 f6c4 | 0f0f 8412 | 0000 0048 

  0x000079e96c3b2b68: ;   {runtime_call SharedRuntime::dtrace_method_entry(JavaThread*, Method*)}
  0x000079e96c3b2b68: 83ec 08e8 | 40a2 e216 | 4883 c408 | e905 0000 

  0x000079e96c3b2b78: ;   {runtime_call SharedRuntime::dtrace_method_entry(JavaThread*, Method*)}
  0x000079e96c3b2b78: 00e8 32a2 | e216 4159 | 4158 595a | 5e49 8dbf | c003 0000 | 41c7 8754 | 0400 0004 

  0x000079e96c3b2b94: ;   {runtime_call MHN_resolve_Mem}
  0x000079e96c3b2b94: 0000 00e8 | 843c d016 | c5f8 7741 | c787 5404 | 0000 0500 | 0000 f083 | 4424 c000 | 493b af58 
  0x000079e96c3b2bb4: 0400 000f | 870e 0000 | 0041 83bf | 5004 0000 | 000f 8424 | 0000 00c5 | f877 4889 | 45f8 498b 
  0x000079e96c3b2bd4: ff4c 8be4 | 4883 ec00 | 4883 e4f0 

  0x000079e96c3b2be0: ;   {runtime_call JavaThread::check_special_condition_for_native_trans(JavaThread*)}
  0x000079e96c3b2be0: e8cb d497 | 1649 8be4 | 4d33 e448 | 8b45 f841 | c787 5404 | 0000 0800 | 0000 4183 | bfd0 0400 
  0x000079e96c3b2c00: 0002 0f84 | 7002 0000 

  0x000079e96c3b2c08: ;   {external_word}
  0x000079e96c3b2c08: 803d 9eb2 | 5917 000f | 8436 0000 | 0048 8945 

  0x000079e96c3b2c18: ;   {metadata({method} {0x000079e8ee08b478} 'resolve' '(Ljava/lang/invoke/MemberName;Ljava/lang/Class;IZ)Ljava/lang/invoke/MemberName;' in 'java/lang/invoke/MethodHandleNatives')}
  0x000079e96c3b2c18: f848 be78 | b408 eee8 | 7900 0049 | 8bff 40f6 | c40f 0f84 | 1200 0000 | 4883 ec08 

  0x000079e96c3b2c34: ;   {runtime_call SharedRuntime::dtrace_method_exit(JavaThread*, Method*)}
  0x000079e96c3b2c34: e867 a2e2 | 1648 83c4 | 08e9 0500 

  0x000079e96c3b2c40: ;   {runtime_call SharedRuntime::dtrace_method_exit(JavaThread*, Method*)}
  0x000079e96c3b2c40: 0000 e859 | a2e2 1648 | 8b45 f849 | c787 a003 | 0000 0000 | 0000 49c7 | 87a8 0300 | 0000 0000 
  0x000079e96c3b2c60: 00c5 f877 | 4885 c00f | 84e8 0100 | 00a8 030f | 8508 0000 | 0048 8b00 | e9d8 0100 | 00a8 010f 
  0x000079e96c3b2c80: 8509 0000 | 0048 8b40 | fee9 c701 | 0000 488b | 40ff 4180 | 7f38 000f | 84b8 0100 | 0048 83f8 
  0x000079e96c3b2ca0: 000f 84ae | 0100 0049 | 8b4f 2848 | 83f9 000f | 8414 0000 | 0048 83e9 | 0849 894f | 2849 034f 
  0x000079e96c3b2cc0: 3048 8901 | e98c 0100 | 0048 81ec | d000 0000 | 4889 0424 | 4889 4c24 | 0848 8954 | 2410 4889 
  0x000079e96c3b2ce0: 7424 1848 | 897c 2420 | 4c89 4424 | 284c 894c | 2430 4c89 | 5424 384c | 895c 2440 | c5fb 1144 
  0x000079e96c3b2d00: 2450 c5fb | 114c 2458 | c5fb 1154 | 2460 c5fb | 115c 2468 | c5fb 1164 | 2470 c5fb | 116c 2478 
  0x000079e96c3b2d20: c5fb 11b4 | 2480 0000 | 00c5 fb11 | bc24 8800 | 0000 c57b | 1184 2490 | 0000 00c5 | 7b11 8c24 
  0x000079e96c3b2d40: ;   {no_reloc}
  0x000079e96c3b2d40: 9800 0000 | c57b 1194 | 24a0 0000 | 00c5 7b11 | 9c24 a800 | 0000 c57b | 11a4 24b0 | 0000 00c5 
  0x000079e96c3b2d60: 7b11 ac24 | b800 0000 | c57b 11b4 | 24c0 0000 | 00c5 7b11 | bc24 c800 | 0000 498b | f748 8bf8 
  0x000079e96c3b2d80: 40f6 c40f | 0f84 1200 | 0000 4883 

  0x000079e96c3b2d8c: ;   {runtime_call G1BarrierSetRuntime::write_ref_field_pre_entry(oopDesc*, JavaThread*)}
  0x000079e96c3b2d8c: ec08 e83d | 1c81 1648 | 83c4 08e9 | 0500 0000 

  0x000079e96c3b2d9c: ;   {runtime_call G1BarrierSetRuntime::write_ref_field_pre_entry(oopDesc*, JavaThread*)}
  0x000079e96c3b2d9c: e82f 1c81 | 16c5 7b10 | bc24 c800 | 0000 c57b | 10b4 24c0 | 0000 00c5 | 7b10 ac24 | b800 0000 
  0x000079e96c3b2dbc: c57b 10a4 | 24b0 0000 | 00c5 7b10 | 9c24 a800 | 0000 c57b | 1094 24a0 | 0000 00c5 | 7b10 8c24 
  0x000079e96c3b2ddc: 9800 0000 | c57b 1084 | 2490 0000 | 00c5 fb10 | bc24 8800 | 0000 c5fb | 10b4 2480 | 0000 00c5 
  0x000079e96c3b2dfc: fb10 6c24 | 78c5 fb10 | 6424 70c5 | fb10 5c24 | 68c5 fb10 | 5424 60c5 | fb10 4c24 | 58c5 fb10 
  0x000079e96c3b2e1c: 4424 504c | 8b5c 2440 | 4c8b 5424 | 384c 8b4c | 2430 4c8b | 4424 2848 | 8b7c 2420 | 488b 7424 
  0x000079e96c3b2e3c: 1848 8b54 | 2410 488b | 4c24 0848 | 8b04 2448 | 81c4 d000 | 0000 c5f8 | 7749 8b8f | 3004 0000 
  0x000079e96c3b2e5c: c781 0001 | 0000 0000 | 0000 c949 | 837f 0800 | 0f85 0100 

  0x000079e96c3b2e70: ;   {runtime_call StubRoutines (initial stubs)}
  0x000079e96c3b2e70: 0000 c3e9 | 88cd 8aff | c5f8 7748 | 8945 f84c | 8be4 4883 | ec00 4883 

  0x000079e96c3b2e88: ;   {runtime_call SharedRuntime::reguard_yellow_pages()}
  0x000079e96c3b2e88: e4f0 e841 | b0e2 1649 | 8be4 4d33 | e448 8b45 | f8e9 6afd | ffff f4f4 
[/MachCode]


Compiled method (c1) 473  241   !   3       java.lang.invoke.MemberName$Factory::resolve (159 bytes)
 total in heap  [0x000079e96484b110,0x000079e96484bcd0] = 3008
 relocation     [0x000079e96484b260,0x000079e96484b328] = 200
 main code      [0x000079e96484b340,0x000079e96484b990] = 1616
 stub code      [0x000079e96484b990,0x000079e96484ba10] = 128
 metadata       [0x000079e96484ba10,0x000079e96484ba28] = 24
 scopes data    [0x000079e96484ba28,0x000079e96484bb10] = 232
 scopes pcs     [0x000079e96484bb10,0x000079e96484bc20] = 272
 dependencies   [0x000079e96484bc20,0x000079e96484bc28] = 8
 handler table  [0x000079e96484bc28,0x000079e96484bca0] = 120
 nul chk table  [0x000079e96484bca0,0x000079e96484bcd0] = 48

[Constant Pool (empty)]

[MachCode]
[Entry Point]
  # {method} {0x000079e8ee111d10} 'resolve' '(BLjava/lang/invoke/MemberName;Ljava/lang/Class;IZ)Ljava/lang/invoke/MemberName;' in 'java/lang/invoke/MemberName$Factory'
  # this:     rsi:rsi   = 'java/lang/invoke/MemberName$Factory'
  # parm0:    rdx       = byte
  # parm1:    rcx:rcx   = 'java/lang/invoke/MemberName'
  # parm2:    r8:r8     = 'java/lang/Class'
  # parm3:    r9        = int
  # parm4:    rdi       = boolean
  #           [sp+0xa0]  (sp of caller)
  0x000079e96484b340: 448b 5608 | 49bb 0000 | 00ee e879 | 0000 4d03 | d34c 3bd0 

  0x000079e96484b354: ;   {runtime_call ic_miss_stub}
  0x000079e96484b354: 0f85 261d | 4607 660f | 1f44 0000 
[Verified Entry Point]
  0x000079e96484b360: 8984 2400 | c0fe ff55 | 4881 ec90 | 0000 0090 | 4181 7f20 | 0100 0000 

  0x000079e96484b378: ;   {runtime_call StubRoutines (final stubs)}
  0x000079e96484b378: 7405 e821 | 8144 0789 | 5424 684c | 8944 2458 | 4489 4c24 | 6089 7c24 

  0x000079e96484b390: ;   {metadata(method data for {method} {0x000079e8ee111d10} 'resolve' '(BLjava/lang/invoke/MemberName;Ljava/lang/Class;IZ)Ljava/lang/invoke/MemberName;' in 'java/lang/invoke/MemberName$Factory')}
  0x000079e96484b390: 6448 bb60 | 601a e4e8 | 7900 008b | 83f4 0000 | 0083 c002 | 8983 f400 | 0000 25fe | 0700 0085 
  0x000079e96484b3b0: c00f 844a | 0400 0048 | 3b01 488b 

  0x000079e96484b3bc: ;   {metadata(method data for {method} {0x000079e8ee111d10} 'resolve' '(BLjava/lang/invoke/MemberName;Ljava/lang/Class;IZ)Ljava/lang/invoke/MemberName;' in 'java/lang/invoke/MemberName$Factory')}
  0x000079e96484b3bc: f148 bb60 | 601a e4e8 | 7900 0048 | 8383 4001 

  0x000079e96484b3cc: ;   {metadata(method data for {method} {0x000079e8ee3af3a0} 'clone' '()Ljava/lang/invoke/MemberName;' in 'java/lang/invoke/MemberName')}
  0x000079e96484b3cc: 0000 0148 | be98 2311 | e4e8 7900 | 008b 9ef4 | 0000 0083 | c302 899e | f400 0000 | 81e3 feff 
  0x000079e96484b3ec: 1f00 85db | 0f84 3104 | 0000 488b 

  0x000079e96484b3f8: ;   {metadata(method data for {method} {0x000079e8ee3af3a0} 'clone' '()Ljava/lang/invoke/MemberName;' in 'java/lang/invoke/MemberName')}
  0x000079e96484b3f8: f148 bb98 | 2311 e4e8 | 7900 0048 | 8383 4001 | 0000 0148 

  0x000079e96484b40c: ;   {optimized virtual_call}
  0x000079e96484b40c: 8bf1 90e8 

  0x000079e96484b410: ; ImmutableOopMap {[88]=Oop }
                      ;*invokespecial clone {reexecute=0 rethrow=0 return_oop=0}
                      ; - java.lang.invoke.MemberName::clone@1 (line 691)
                      ; - java.lang.invoke.MemberName$Factory::resolve@1 (line 939)
  0x000079e96484b410: aca5 b507 

  0x000079e96484b414: ;   {other}
  0x000079e96484b414: 0f1f 8400 | 0403 0000 

  0x000079e96484b41c: ;   {metadata(method data for {method} {0x000079e8ee3af3a0} 'clone' '()Ljava/lang/invoke/MemberName;' in 'java/lang/invoke/MemberName')}
  0x000079e96484b41c: 4885 c048 | ba98 2311 | e4e8 7900 | 0075 0c80 | 8a49 0100 | 0001 e9ae | 0000 008b | 4808 49ba 
  0x000079e96484b43c: 0000 00ee | e879 0000 | 4903 ca48 | 3b8a 5801 | 0000 750d | 4883 8260 | 0100 0001 | e960 0000 
  0x000079e96484b45c: 0048 3b8a | 6801 0000 | 750d 4883 | 8270 0100 | 0001 e94a | 0000 0048 | 83ba 5801 | 0000 0075 
  0x000079e96484b47c: 1748 898a | 5801 0000 | 48c7 8260 | 0100 0001 | 0000 00e9 | 2900 0000 | 4883 ba68 | 0100 0000 
  0x000079e96484b49c: 7517 4889 | 8a68 0100 | 0048 c782 | 7001 0000 | 0100 0000 | e908 0000 | 0048 8382 | 5001 0000 
  0x000079e96484b4bc: ;   {metadata('java/lang/invoke/MemberName')}
  0x000079e96484b4bc: 0148 b938 | d807 eee8 | 7900 008b | 7008 49ba | 0000 00ee | e879 0000 | 4903 f248 | 3bce 0f85 
  0x000079e96484b4dc: 6803 0000 | e900 0000 | 0048 8bf8 

  0x000079e96484b4e8: ;   {metadata(method data for {method} {0x000079e8ee111d10} 'resolve' '(BLjava/lang/invoke/MemberName;Ljava/lang/Class;IZ)Ljava/lang/invoke/MemberName;' in 'java/lang/invoke/MemberName$Factory')}
  0x000079e96484b4e8: 48be 6060 | 1ae4 e879 | 0000 ff86 | 7001 0000 

  0x000079e96484b4f8: ;   {metadata(method data for {method} {0x000079e8ee111d10} 'resolve' '(BLjava/lang/invoke/MemberName;Ljava/lang/Class;IZ)Ljava/lang/invoke/MemberName;' in 'java/lang/invoke/MemberName$Factory')}
  0x000079e96484b4f8: 48be 6060 | 1ae4 e879 | 0000 4883 | 86f0 0100 | 0001 488b | f748 8b54 | 2458 8b4c | 2460 448b 
  0x000079e96484b518: 4424 6448 | 897c 2470 | 0f1f 8000 

  0x000079e96484b524: ;   {static_call}
  0x000079e96484b524: 0000 00e8 

  0x000079e96484b528: ; ImmutableOopMap {[112]=Oop }
                      ;*invokestatic resolve {reexecute=0 rethrow=0 return_oop=0}
                      ; - java.lang.invoke.MemberName$Factory::resolve@36 (line 957)
  0x000079e96484b528: 9475 b607 

  0x000079e96484b52c: ;   {other}
  0x000079e96484b52c: 0f1f 8400 | 1c04 0001 | 4889 4424 | 7848 85c0 

  0x000079e96484b53c: ;   {metadata(method data for {method} {0x000079e8ee111d10} 'resolve' '(BLjava/lang/invoke/MemberName;Ljava/lang/Class;IZ)Ljava/lang/invoke/MemberName;' in 'java/lang/invoke/MemberName$Factory')}
  0x000079e96484b53c: 48ba 6060 | 1ae4 e879 | 0000 48c7 | c600 0200 | 0075 0748 | c7c6 1002 | 0000 488b | 3c32 488d 
  0x000079e96484b55c: 7f01 4889 | 3c32 0f85 | 3200 0000 | 8b7c 2464 

  0x000079e96484b56c: ;   {metadata(method data for {method} {0x000079e8ee111d10} 'resolve' '(BLjava/lang/invoke/MemberName;Ljava/lang/Class;IZ)Ljava/lang/invoke/MemberName;' in 'java/lang/invoke/MemberName$Factory')}
  0x000079e96484b56c: 85ff 48ba | 6060 1ae4 | e879 0000 | 48c7 c630 | 0200 0075 | 0748 c7c6 | 2002 0000 | 488b 3c32 
  0x000079e96484b58c: 488d 7f01 | 4889 3c32 | 0f85 dd00 | 0000 483b | 0048 8bd0 

  0x000079e96484b5a0: ;   {metadata(method data for {method} {0x000079e8ee111d10} 'resolve' '(BLjava/lang/invoke/MemberName;Ljava/lang/Class;IZ)Ljava/lang/invoke/MemberName;' in 'java/lang/invoke/MemberName$Factory')}
  0x000079e96484b5a0: 48be 6060 | 1ae4 e879 | 0000 4883 | 8640 0200 | 0001 8b50 | 1848 c1e2 | 0348 8bf0 

  0x000079e96484b5bc: ;   {metadata(method data for {method} {0x000079e8ee111d10} 'resolve' '(BLjava/lang/invoke/MemberName;Ljava/lang/Class;IZ)Ljava/lang/invoke/MemberName;' in 'java/lang/invoke/MemberName$Factory')}
  0x000079e96484b5bc: 48bf 6060 | 1ae4 e879 | 0000 4883 | 8770 0200 | 0001 488b | f066 0f1f 

  0x000079e96484b5d4: ;   {optimized virtual_call}
  0x000079e96484b5d4: 4400 00e8 

  0x000079e96484b5d8: ; ImmutableOopMap {[120]=Oop }
                      ;*invokevirtual checkForTypeAlias {reexecute=0 rethrow=0 return_oop=0}
                      ; - java.lang.invoke.MemberName$Factory::resolve@60 (line 961)
  0x000079e96484b5d8: 2470 0200 

  0x000079e96484b5dc: ;   {other}
  0x000079e96484b5dc: 0f1f 8400 | cc04 0002 | 410f be57 | 3885 d248 | 8b44 2478 | 0f85 6002 | 0000 c740 | 2800 0000 
  0x000079e96484b5fc: ;   {metadata(method data for {method} {0x000079e8ee111d10} 'resolve' '(BLjava/lang/invoke/MemberName;Ljava/lang/Class;IZ)Ljava/lang/invoke/MemberName;' in 'java/lang/invoke/MemberName$Factory')}
  0x000079e96484b5fc: 0048 ba60 | 601a e4e8 | 7900 00ff | 82a0 0200 

  0x000079e96484b60c: ;   {metadata(method data for {method} {0x000079e8ee111d10} 'resolve' '(BLjava/lang/invoke/MemberName;Ljava/lang/Class;IZ)Ljava/lang/invoke/MemberName;' in 'java/lang/invoke/MemberName$Factory')}
  0x000079e96484b60c: 0048 ba60 | 601a e4e8 | 7900 00ff | 8238 0300 | 0048 8bd0 

  0x000079e96484b620: ;   {metadata(method data for {method} {0x000079e8ee111d10} 'resolve' '(BLjava/lang/invoke/MemberName;Ljava/lang/Class;IZ)Ljava/lang/invoke/MemberName;' in 'java/lang/invoke/MemberName$Factory')}
  0x000079e96484b620: 48be 6060 | 1ae4 e879 | 0000 4883 | 86b8 0300 | 0001 ba01 | 0000 0048 | 8bf0 0f1f 

  0x000079e96484b63c: ;   {optimized virtual_call}
  0x000079e96484b63c: 4400 00e8 

  0x000079e96484b640: ; ImmutableOopMap {[120]=Oop }
                      ;*invokevirtual initResolved {reexecute=0 rethrow=0 return_oop=0}
                      ; - java.lang.invoke.MemberName$Factory::resolve@131 (line 970)
  0x000079e96484b640: fc73 fdff 

  0x000079e96484b644: ;   {other}
  0x000079e96484b644: 0f1f 8400 | 3405 0003 

  0x000079e96484b64c: ;   {metadata(method data for {method} {0x000079e8ee111d10} 'resolve' '(BLjava/lang/invoke/MemberName;Ljava/lang/Class;IZ)Ljava/lang/invoke/MemberName;' in 'java/lang/invoke/MemberName$Factory')}
  0x000079e96484b64c: 48b8 6060 | 1ae4 e879 | 0000 ff80 | e803 0000 | 488b 4424 | 7848 81c4 | 9000 0000 

  0x000079e96484b668: ;   {poll_return}
  0x000079e96484b668: 5d49 3ba7 | 5804 0000 | 0f87 ff01 

  0x000079e96484b674: ;   {oop(nullptr)}
  0x000079e96484b674: 0000 c348 | b800 0000 | 0000 0000 | 0048 81c4 | 9000 0000 

  0x000079e96484b688: ;   {poll_return}
  0x000079e96484b688: 5d49 3ba7 | 5804 0000 | 0f87 f501 | 0000 c349 | 8b87 0805 | 0000 4d33 | d24d 8997 | 0805 0000 
  0x000079e96484b6a8: 4d33 d24d | 8997 1005 

  0x000079e96484b6b0: ;   {metadata(method data for {method} {0x000079e8ee111d10} 'resolve' '(BLjava/lang/invoke/MemberName;Ljava/lang/Class;IZ)Ljava/lang/invoke/MemberName;' in 'java/lang/invoke/MemberName$Factory')}
  0x000079e96484b6b0: 0000 48be | 6060 1ae4 | e879 0000 | ff86 b802 | 0000 410f | be77 3885 | f60f 85d2 | 0100 004c 
  0x000079e96484b6d0: 8bd0 49c1 | ea03 4489 | 5228 488b | f248 33f0 | 48c1 ee18 | 4883 fe00 | 0f85 d701 | 0000 488b 
  0x000079e96484b6f0: c248 81c4 | 9000 0000 

  0x000079e96484b6f8: ;   {poll_return}
  0x000079e96484b6f8: 5d49 3ba7 | 5804 0000 | 0f87 d701 | 0000 c349 | 8b87 0805 | 0000 4d33 | d24d 8997 | 0805 0000 
  0x000079e96484b718: 4d33 d24d | 8997 1005 | 0000 488b 

  0x000079e96484b724: ;   {metadata(method data for {method} {0x000079e8ee3af3a0} 'clone' '()Ljava/lang/invoke/MemberName;' in 'java/lang/invoke/MemberName')}
  0x000079e96484b724: d848 be98 | 2311 e4e8 | 7900 0048 | 8386 8001 

  0x000079e96484b734: ;   {metadata(method data for {method} {0x000079e8ee3c3130} 'newInternalError' '(Ljava/lang/Exception;)Ljava/lang/InternalError;' in 'java/lang/invoke/MethodHandleStatics')}
  0x000079e96484b734: 0000 0148 | be90 2711 | e4e8 7900 | 008b 86f4 | 0000 0083 | c002 8986 | f400 0000 | 25fe ff1f 
  0x000079e96484b754: 0085 c00f | 8496 0100 

  0x000079e96484b75c: ;   {metadata('java/lang/InternalError')}
  0x000079e96484b75c: 0048 baf0 | 0201 eee8 | 7900 0080 | ba20 0100 | 0005 0f85 | a501 0000 | 498b 87b8 | 0100 0048 
  0x000079e96484b77c: 8d78 2849 | 3bbf c801 | 0000 0f87 | 8d01 0000 | 4989 bfb8 | 0100 0048 | c700 0100 | 0000 488b 
  0x000079e96484b79c: ca49 ba00 | 0000 eee8 | 7900 0049 | 2bca 8948 | 0848 33c9 | 8948 0c48 | 33c9 4889 | 4810 4889 
  0x000079e96484b7bc: 4818 4889 | 4820 488b 

  0x000079e96484b7c4: ;   {metadata(method data for {method} {0x000079e8ee3c3130} 'newInternalError' '(Ljava/lang/Exception;)Ljava/lang/InternalError;' in 'java/lang/invoke/MethodHandleStatics')}
  0x000079e96484b7c4: d048 be90 | 2711 e4e8 | 7900 0048 | 8386 4001 | 0000 0148 | 8bd3 488b | f048 8984 | 2480 0000 
  0x000079e96484b7e4: ;   {optimized virtual_call}
  0x000079e96484b7e4: 0066 90e8 

  0x000079e96484b7e8: ; ImmutableOopMap {[88]=Oop [128]=Oop }
                      ;*invokespecial <init> {reexecute=0 rethrow=0 return_oop=0}
                      ; - java.lang.invoke.MethodHandleStatics::newInternalError@5 (line 166)
                      ; - java.lang.invoke.MemberName::clone@10 (line 693)
                      ; - java.lang.invoke.MemberName$Factory::resolve@1 (line 939)
  0x000079e96484b7e8: 941b 4607 

  0x000079e96484b7ec: ;   {other}
  0x000079e96484b7ec: 0f1f 8400 | dc06 0004 | 488b 8424 | 8000 0000 | e97f 0100 

  0x000079e96484b800: ;   {metadata({method} {0x000079e8ee111d10} 'resolve' '(BLjava/lang/invoke/MemberName;Ljava/lang/Class;IZ)Ljava/lang/invoke/MemberName;' in 'java/lang/invoke/MemberName$Factory')}
  0x000079e96484b800: 0049 ba10 | 1d11 eee8 | 7900 004c | 8954 2408 | 48c7 0424 | ffff ffff 

  0x000079e96484b818: ;   {runtime_call counter_overflow Runtime1 stub}
  0x000079e96484b818: e8e3 9352 

  0x000079e96484b81c: ; ImmutableOopMap {rsi=Oop rcx=Oop r8=Oop [88]=Oop }
                      ;*synchronization entry
                      ; - java.lang.invoke.MemberName$Factory::resolve@-1 (line 939)
  0x000079e96484b81c: 07e9 95fb 

  0x000079e96484b820: ;   {runtime_call throw_null_pointer_exception Runtime1 stub}
  0x000079e96484b820: ffff e859 

  0x000079e96484b824: ; ImmutableOopMap {rcx=Oop [88]=Oop }
                      ;*invokevirtual clone {reexecute=0 rethrow=0 return_oop=0}
                      ; - java.lang.invoke.MemberName$Factory::resolve@1 (line 939)
                      ;   {metadata({method} {0x000079e8ee3af3a0} 'clone' '()Ljava/lang/invoke/MemberName;' in 'java/lang/invoke/MemberName')}
  0x000079e96484b824: 1c52 0749 | baa0 f33a | eee8 7900 | 004c 8954 | 2408 48c7 | 0424 ffff 

  0x000079e96484b83c: ;   {runtime_call counter_overflow Runtime1 stub}
  0x000079e96484b83c: ffff e8bd 

  0x000079e96484b840: ; ImmutableOopMap {rcx=Oop [88]=Oop }
                      ;*synchronization entry
                      ; - java.lang.invoke.MemberName::clone@-1 (line 691)
                      ; - java.lang.invoke.MemberName$Factory::resolve@1 (line 939)
  0x000079e96484b840: 9352 07e9 | aefb ffff | 4889 0424 

  0x000079e96484b84c: ;   {runtime_call throw_class_cast_exception Runtime1 stub}
  0x000079e96484b84c: e82f 5252 

  0x000079e96484b850: ; ImmutableOopMap {[88]=Oop }
                      ;*checkcast {reexecute=0 rethrow=0 return_oop=0}
                      ; - java.lang.invoke.MemberName::clone@4 (line 691)
                      ; - java.lang.invoke.MemberName$Factory::resolve@1 (line 939)
                      ;   {runtime_call throw_null_pointer_exception Runtime1 stub}
  0x000079e96484b850: 07e8 2a1c 

  0x000079e96484b854: ; ImmutableOopMap {rax=Oop [120]=Oop }
                      ;*invokevirtual getDeclaringClass {reexecute=0 rethrow=0 return_oop=0}
                      ; - java.lang.invoke.MemberName$Factory::resolve@57 (line 961)
  0x000079e96484b854: 5207 8b50 | 2848 c1e2 | 0348 83fa | 000f 848f | fdff ff48 

  0x000079e96484b868: ;   {runtime_call g1_pre_barrier_slow}
  0x000079e96484b868: 8914 24e8 | 9099 5207 | e981 fdff 

  0x000079e96484b874: ;   {internal_word}
  0x000079e96484b874: ff49 ba69 | b684 64e9 | 7900 004d | 8997 7004 

  0x000079e96484b884: ;   {runtime_call SafepointBlob}
  0x000079e96484b884: 0000 e975 

  0x000079e96484b888: ;   {internal_word}
  0x000079e96484b888: 8746 0749 | ba89 b684 | 64e9 7900 | 004d 8997 | 7004 0000 

  0x000079e96484b89c: ;   {runtime_call SafepointBlob}
  0x000079e96484b89c: e95f 8746 | 078b 7228 | 48c1 e603 | 4883 fe00 | 0f84 1dfe | ffff 4889 

  0x000079e96484b8b4: ;   {runtime_call g1_pre_barrier_slow}
  0x000079e96484b8b4: 3424 e845 | 9952 07e9 | 0ffe ffff 

  0x000079e96484b8c0: ;   {runtime_call throw_null_pointer_exception Runtime1 stub}
  0x000079e96484b8c0: e8bb 1b52 

  0x000079e96484b8c4: ; ImmutableOopMap {rdx=Oop rax=Oop }
                      ;*putfield resolution {reexecute=1 rethrow=0 return_oop=0}
                      ; - (reexecute) java.lang.invoke.MemberName$Factory::resolve@100 (line 966)
  0x000079e96484b8c4: 0748 83f8 | 000f 841f | feff ff48 

  0x000079e96484b8d0: ;   {runtime_call g1_post_barrier_slow}
  0x000079e96484b8d0: 8914 24e8 | 289c 5207 | e911 feff 

  0x000079e96484b8dc: ;   {internal_word}
  0x000079e96484b8dc: ff49 baf9 | b684 64e9 | 7900 004d | 8997 7004 

  0x000079e96484b8ec: ;   {runtime_call SafepointBlob}
  0x000079e96484b8ec: 0000 e90d 

  0x000079e96484b8f0: ;   {metadata({method} {0x000079e8ee3c3130} 'newInternalError' '(Ljava/lang/Exception;)Ljava/lang/InternalError;' in 'java/lang/invoke/MethodHandleStatics')}
  0x000079e96484b8f0: 8746 0749 | ba30 313c | eee8 7900 | 004c 8954 | 2408 48c7 | 0424 ffff 

  0x000079e96484b908: ;   {runtime_call counter_overflow Runtime1 stub}
  0x000079e96484b908: ffff e8f1 

  0x000079e96484b90c: ; ImmutableOopMap {rbx=Oop [88]=Oop }
                      ;*synchronization entry
                      ; - java.lang.invoke.MethodHandleStatics::newInternalError@-1 (line 166)
                      ; - java.lang.invoke.MemberName::clone@10 (line 693)
                      ; - java.lang.invoke.MemberName$Factory::resolve@1 (line 939)
  0x000079e96484b90c: 9252 07e9 | 49fe ffff 

  0x000079e96484b914: ;   {runtime_call throw_null_pointer_exception Runtime1 stub}
  0x000079e96484b914: e867 1b52 

  0x000079e96484b918: ; ImmutableOopMap {rbx=Oop [88]=Oop }
                      ;*new {reexecute=0 rethrow=0 return_oop=0}
                      ; - java.lang.invoke.MethodHandleStatics::newInternalError@0 (line 166)
                      ; - java.lang.invoke.MemberName::clone@10 (line 693)
                      ; - java.lang.invoke.MemberName$Factory::resolve@1 (line 939)
  0x000079e96484b918: 0748 8bd2 

  0x000079e96484b91c: ;   {runtime_call fast_new_instance_init_check Runtime1 stub}
  0x000079e96484b91c: e85f 2752 

  0x000079e96484b920: ; ImmutableOopMap {rbx=Oop [88]=Oop }
                      ;*new {reexecute=0 rethrow=0 return_oop=0}
                      ; - java.lang.invoke.MethodHandleStatics::newInternalError@0 (line 166)
                      ; - java.lang.invoke.MemberName::clone@10 (line 693)
                      ; - java.lang.invoke.MemberName$Factory::resolve@1 (line 939)
  0x000079e96484b920: 07e9 9cfe 

  0x000079e96484b924: ;   {runtime_call throw_null_pointer_exception Runtime1 stub}
  0x000079e96484b924: ffff e855 

  0x000079e96484b928: ; ImmutableOopMap {rdx=Oop rax=Oop }
                      ;*putfield resolution {reexecute=1 rethrow=0 return_oop=0}
                      ; - (reexecute) java.lang.invoke.MemberName$Factory::resolve@100 (line 966)
  0x000079e96484b928: 1b52 0748 | 8b54 2470 | e962 fdff | ff48 8b54 | 2470 e958 | fdff ff48 | 8b54 2478 | e94e fdff 
  0x000079e96484b948: ff48 8b54 | 2478 e944 | fdff ff48 | 8bd0 e93c | fdff ff48 | 8bd0 e934 | fdff ff49 | 8b87 0805 
  0x000079e96484b968: 0000 49c7 | 8708 0500 | 0000 0000 | 0049 c787 | 1005 0000 | 0000 0000 | 4881 c490 | 0000 005d 
  0x000079e96484b988: ;   {runtime_call unwind_exception Runtime1 stub}
  0x000079e96484b988: e9f3 0252 | 07f4 f4f4 
[Stub Code]
  0x000079e96484b990: ;   {no_reloc}
  0x000079e96484b990: 0f1f 4400 

  0x000079e96484b994: ;   {static_stub}
  0x000079e96484b994: 0048 bb00 | 0000 0000 

  0x000079e96484b99c: ;   {runtime_call}
  0x000079e96484b99c: 0000 00e9 | fbff ffff 

  0x000079e96484b9a4: ;   {static_stub}
  0x000079e96484b9a4: 9048 bb00 | 0000 0000 

  0x000079e96484b9ac: ;   {runtime_call}
  0x000079e96484b9ac: 0000 00e9 | fbff ffff 

  0x000079e96484b9b4: ;   {static_stub}
  0x000079e96484b9b4: 48bb 0000 | 0000 0000 

  0x000079e96484b9bc: ;   {runtime_call}
  0x000079e96484b9bc: 0000 e9fb 

  0x000079e96484b9c0: ;   {static_stub}
  0x000079e96484b9c0: ffff ff48 | bb58 df3a | eee8 7900 

  0x000079e96484b9cc: ;   {runtime_call I2C/C2I adapters}
  0x000079e96484b9cc: 00e9 1571 

  0x000079e96484b9d0: ;   {static_stub}
  0x000079e96484b9d0: 4607 48bb | 0000 0000 | 0000 0000 

  0x000079e96484b9dc: ;   {runtime_call}
  0x000079e96484b9dc: e9fb ffff 

  0x000079e96484b9e0: ;   {runtime_call handle_exception_from_callee Runtime1 stub}
  0x000079e96484b9e0: ffe8 9a4a 

  0x000079e96484b9e4: ;   {external_word}
  0x000079e96484b9e4: 5207 48bf | 93a5 5383 | e979 0000 | 4883 e4f0 

  0x000079e96484b9f4: ;   {runtime_call MacroAssembler::debug64(char*, long, long*)}
  0x000079e96484b9f4: e847 917c 

  0x000079e96484b9f8: ;   {section_word}
  0x000079e96484b9f8: 1ef4 49ba | fab9 8464 | e979 0000 

  0x000079e96484ba04: ;   {runtime_call DeoptimizationBlob}
  0x000079e96484ba04: 4152 e995 | 7846 07f4 | f4f4 f4f4 
[/MachCode]


Compiled method (c1) 479 1126       3       java.lang.invoke.MemberName$Factory::resolveOrNull (54 bytes)
 total in heap  [0x000079e9649c4b90,0x000079e9649c50c0] = 1328
 relocation     [0x000079e9649c4ce0,0x000079e9649c4d40] = 96
 main code      [0x000079e9649c4d40,0x000079e9649c4fa0] = 608
 stub code      [0x000079e9649c4fa0,0x000079e9649c4fe0] = 64
 metadata       [0x000079e9649c4fe0,0x000079e9649c4ff8] = 24
 scopes data    [0x000079e9649c4ff8,0x000079e9649c5048] = 80
 scopes pcs     [0x000079e9649c5048,0x000079e9649c50a8] = 96
 dependencies   [0x000079e9649c50a8,0x000079e9649c50b0] = 8
 nul chk table  [0x000079e9649c50b0,0x000079e9649c50c0] = 16

[Constant Pool (empty)]

[MachCode]
[Entry Point]
  # {method} {0x000079e8ee111a78} 'resolveOrNull' '(BLjava/lang/invoke/MemberName;Ljava/lang/Class;I)Ljava/lang/invoke/MemberName;' in 'java/lang/invoke/MemberName$Factory'
  # this:     rsi:rsi   = 'java/lang/invoke/MemberName$Factory'
  # parm0:    rdx       = byte
  # parm1:    rcx:rcx   = 'java/lang/invoke/MemberName'
  # parm2:    r8:r8     = 'java/lang/Class'
  # parm3:    r9        = int
  #           [sp+0x60]  (sp of caller)
  0x000079e9649c4d40: 448b 5608 | 49bb 0000 | 00ee e879 | 0000 4d03 | d34c 3bd0 

  0x000079e9649c4d54: ;   {runtime_call ic_miss_stub}
  0x000079e9649c4d54: 0f85 2683 | 2e07 660f | 1f44 0000 
[Verified Entry Point]
  0x000079e9649c4d60: 8984 2400 | c0fe ff55 | 4883 ec50 | 4181 7f20 | 0100 0000 

  0x000079e9649c4d74: ;   {runtime_call StubRoutines (final stubs)}
  0x000079e9649c4d74: 7405 e825 

  0x000079e9649c4d78: ;   {metadata(method data for {method} {0x000079e8ee111a78} 'resolveOrNull' '(BLjava/lang/invoke/MemberName;Ljava/lang/Class;I)Ljava/lang/invoke/MemberName;' in 'java/lang/invoke/MemberName$Factory')}
  0x000079e9649c4d78: e72c 0748 | bf00 1821 | e4e8 7900 | 008b 9ff4 | 0000 0083 | c302 899f | f400 0000 | 81e3 fe07 
  0x000079e9649c4d98: 0000 85db | 0f84 5e01 

  0x000079e9649c4da0: ;   {metadata(method data for {method} {0x000079e8ee111a78} 'resolveOrNull' '(BLjava/lang/invoke/MemberName;Ljava/lang/Class;I)Ljava/lang/invoke/MemberName;' in 'java/lang/invoke/MemberName$Factory')}
  0x000079e9649c4da0: 0000 48bf | 0018 21e4 | e879 0000 | ff87 4001 | 0000 488b 

  0x000079e9649c4db4: ;   {metadata(method data for {method} {0x000079e8ee111a78} 'resolveOrNull' '(BLjava/lang/invoke/MemberName;Ljava/lang/Class;I)Ljava/lang/invoke/MemberName;' in 'java/lang/invoke/MemberName$Factory')}
  0x000079e9649c4db4: fe48 bb00 | 1821 e4e8 | 7900 0048 | 8383 b001 | 0000 01bf | 0100 0000 

  0x000079e9649c4dcc: ;   {optimized virtual_call}
  0x000079e9649c4dcc: 6666 90e8 

  0x000079e9649c4dd0: ; ImmutableOopMap {}
                      ;*invokevirtual resolve {reexecute=0 rethrow=0 return_oop=0}
                      ; - java.lang.invoke.MemberName$Factory::resolveOrNull@31 (line 1001)
  0x000079e9649c4dd0: 8c65 e8ff 

  0x000079e9649c4dd4: ;   {other}
  0x000079e9649c4dd4: 0f1f 8400 | 4402 0000 

  0x000079e9649c4ddc: ;   {metadata(method data for {method} {0x000079e8ee111a78} 'resolveOrNull' '(BLjava/lang/invoke/MemberName;Ljava/lang/Class;I)Ljava/lang/invoke/MemberName;' in 'java/lang/invoke/MemberName$Factory')}
  0x000079e9649c4ddc: 4885 c048 | be00 1821 | e4e8 7900 | 0048 c7c7 | e001 0000 | 7407 48c7 | c7f0 0100 | 0048 8b1c 
  0x000079e9649c4dfc: 3e48 8d5b | 0148 891c | 3e0f 84c5 | 0000 0048 | 3b00 488b 

  0x000079e9649c4e10: ;   {metadata(method data for {method} {0x000079e8ee111a78} 'resolveOrNull' '(BLjava/lang/invoke/MemberName;Ljava/lang/Class;I)Ljava/lang/invoke/MemberName;' in 'java/lang/invoke/MemberName$Factory')}
  0x000079e9649c4e10: f048 bf00 | 1821 e4e8 | 7900 0048 | 8387 0002 

  0x000079e9649c4e20: ;   {metadata(method data for {method} {0x000079e8ee3aeed0} 'isResolved' '()Z' in 'java/lang/invoke/MemberName')}
  0x000079e9649c4e20: 0000 0148 | bef0 cd0a | e4e8 7900 | 008b bef4 | 0000 0083 | c702 89be | f400 0000 | 81e7 feff 
  0x000079e9649c4e40: 1f00 85ff | 0f84 dc00 | 0000 8b70 | 2848 c1e6 | 0348 85f6 

  0x000079e9649c4e54: ;   {metadata(method data for {method} {0x000079e8ee3aeed0} 'isResolved' '()Z' in 'java/lang/invoke/MemberName')}
  0x000079e9649c4e54: 48be f0cd | 0ae4 e879 | 0000 48c7 | c740 0100 | 0075 0748 | c7c7 5001 | 0000 488b | 1c3e 488d 
  0x000079e9649c4e74: 5b01 4889 | 1c3e 0f85 | 1a00 0000 

  0x000079e9649c4e80: ;   {metadata(method data for {method} {0x000079e8ee3aeed0} 'isResolved' '()Z' in 'java/lang/invoke/MemberName')}
  0x000079e9649c4e80: 48be f0cd | 0ae4 e879 | 0000 ff86 | 6001 0000 | be01 0000 | 00e9 0500 | 0000 be00 | 0000 0083 
  0x000079e9649c4ea0: e601 85f6 

  0x000079e9649c4ea4: ;   {metadata(method data for {method} {0x000079e8ee111a78} 'resolveOrNull' '(BLjava/lang/invoke/MemberName;Ljava/lang/Class;I)Ljava/lang/invoke/MemberName;' in 'java/lang/invoke/MemberName$Factory')}
  0x000079e9649c4ea4: 48be 0018 | 21e4 e879 | 0000 48c7 | c740 0200 | 0075 0748 | c7c7 3002 | 0000 488b | 1c3e 488d 
  0x000079e9649c4ec4: 5b01 4889 | 1c3e 0f85 | 1d00 0000 

  0x000079e9649c4ed0: ;   {oop(nullptr)}
  0x000079e9649c4ed0: 48b8 0000 | 0000 0000 | 0000 4883 

  0x000079e9649c4edc: ;   {poll_return}
  0x000079e9649c4edc: c450 5d49 | 3ba7 5804 | 0000 0f87 | 5b00 0000 | c348 83c4 

  0x000079e9649c4ef0: ;   {poll_return}
  0x000079e9649c4ef0: 505d 493b | a758 0400 | 000f 875e | 0000 00c3 

  0x000079e9649c4f00: ;   {metadata({method} {0x000079e8ee111a78} 'resolveOrNull' '(BLjava/lang/invoke/MemberName;Ljava/lang/Class;I)Ljava/lang/invoke/MemberName;' in 'java/lang/invoke/MemberName$Factory')}
  0x000079e9649c4f00: 49ba 781a | 11ee e879 | 0000 4c89 | 5424 0848 | c704 24ff 

  0x000079e9649c4f14: ;   {runtime_call counter_overflow Runtime1 stub}
  0x000079e9649c4f14: ffff ffe8 

  0x000079e9649c4f18: ; ImmutableOopMap {rsi=Oop rcx=Oop r8=Oop }
                      ;*synchronization entry
                      ; - java.lang.invoke.MemberName$Factory::resolveOrNull@-1 (line 1000)
  0x000079e9649c4f18: e4fc 3a07 | e981 feff 

  0x000079e9649c4f20: ;   {runtime_call throw_null_pointer_exception Runtime1 stub}
  0x000079e9649c4f20: ffe8 5a85 

  0x000079e9649c4f24: ; ImmutableOopMap {rax=Oop }
                      ;*invokevirtual isResolved {reexecute=0 rethrow=0 return_oop=0}
                      ; - java.lang.invoke.MemberName$Factory::resolveOrNull@43 (line 1002)
                      ;   {metadata({method} {0x000079e8ee3aeed0} 'isResolved' '()Z' in 'java/lang/invoke/MemberName')}
  0x000079e9649c4f24: 3a07 49ba | d0ee 3aee | e879 0000 | 4c89 5424 | 0848 c704 | 24ff ffff 

  0x000079e9649c4f3c: ;   {runtime_call counter_overflow Runtime1 stub}
  0x000079e9649c4f3c: ffe8 befc 

  0x000079e9649c4f40: ; ImmutableOopMap {rax=Oop }
                      ;*synchronization entry
                      ; - java.lang.invoke.MemberName::isResolved@-1 (line 793)
                      ; - java.lang.invoke.MemberName$Factory::resolveOrNull@43 (line 1002)
  0x000079e9649c4f40: 3a07 e903 

  0x000079e9649c4f44: ;   {internal_word}
  0x000079e9649c4f44: ffff ff49 | badf 4e9c | 64e9 7900 | 004d 8997 | 7004 0000 

  0x000079e9649c4f58: ;   {runtime_call SafepointBlob}
  0x000079e9649c4f58: e9a3 f02e 

  0x000079e9649c4f5c: ;   {internal_word}
  0x000079e9649c4f5c: 0749 baf2 | 4e9c 64e9 | 7900 004d | 8997 7004 

  0x000079e9649c4f6c: ;   {runtime_call SafepointBlob}
  0x000079e9649c4f6c: 0000 e98d | f02e 0749 | 8b87 0805 | 0000 49c7 | 8708 0500 | 0000 0000 | 0049 c787 | 1005 0000 
  0x000079e9649c4f8c: 0000 0000 | 4883 c450 

  0x000079e9649c4f94: ;   {runtime_call unwind_exception Runtime1 stub}
  0x000079e9649c4f94: 5de9 e66c | 3a07 f4f4 | f4f4 f4f4 
[Stub Code]
  0x000079e9649c4fa0: ;   {no_reloc}
  0x000079e9649c4fa0: 48bb 0000 | 0000 0000 

  0x000079e9649c4fa8: ;   {runtime_call}
  0x000079e9649c4fa8: 0000 e9fb 

  0x000079e9649c4fac: ;   {runtime_call handle_exception_from_callee Runtime1 stub}
  0x000079e9649c4fac: ffff ffe8 | ccb4 3a07 

  0x000079e9649c4fb4: ;   {external_word}
  0x000079e9649c4fb4: 48bf 93a5 | 5383 e979 | 0000 4883 

  0x000079e9649c4fc0: ;   {runtime_call MacroAssembler::debug64(char*, long, long*)}
  0x000079e9649c4fc0: e4f0 e879 | fb64 1ef4 
[Deopt Handler Code]
  0x000079e9649c4fc8: ;   {section_word}
  0x000079e9649c4fc8: 49ba c84f | 9c64 e979 | 0000 4152 

  0x000079e9649c4fd4: ;   {runtime_call DeoptimizationBlob}
  0x000079e9649c4fd4: e9c7 e22e | 07f4 f4f4 | f4f4 f4f4 
[/MachCode]


---------------  P R O C E S S  ---------------

Threads class SMR info:
_java_thread_list=0x000079e8a8001170, length=13, elements={
0x000079e97c02ad20, 0x000079e97c1385e0, 0x000079e97c139c30, 0x000079e97c13b710,
0x000079e97c13cd50, 0x000079e97c13e2f0, 0x000079e97c13fe90, 0x000079e97c1415a0,
0x000079e8c804b7b0, 0x000079e8bc001020, 0x000079e97c17d240, 0x000079e97c180e90,
0x000079e8a80145f0
}

Java Threads: ( => current thread )
  0x000079e97c02ad20 JavaThread "main"                              [_thread_blocked, id=35672, stack(0x000079e982217000,0x000079e982317000) (1024K)]
  0x000079e97c1385e0 JavaThread "Reference Handler"          daemon [_thread_blocked, id=35680, stack(0x000079e944911000,0x000079e944a11000) (1024K)]
  0x000079e97c139c30 JavaThread "Finalizer"                  daemon [_thread_blocked, id=35681, stack(0x000079e944811000,0x000079e944911000) (1024K)]
  0x000079e97c13b710 JavaThread "Signal Dispatcher"          daemon [_thread_blocked, id=35682, stack(0x000079e944711000,0x000079e944811000) (1024K)]
  0x000079e97c13cd50 JavaThread "Service Thread"             daemon [_thread_blocked, id=35683, stack(0x000079e944611000,0x000079e944711000) (1024K)]
  0x000079e97c13e2f0 JavaThread "Monitor Deflation Thread"   daemon [_thread_blocked, id=35684, stack(0x000079e944511000,0x000079e944611000) (1024K)]
  0x000079e97c13fe90 JavaThread "C2 CompilerThread0"         daemon [_thread_blocked, id=35685, stack(0x000079e944411000,0x000079e944511000) (1024K)]
  0x000079e97c1415a0 JavaThread "C1 CompilerThread0"         daemon [_thread_blocked, id=35686, stack(0x000079e944311000,0x000079e944411000) (1024K)]
  0x000079e8c804b7b0 JavaThread "C1 CompilerThread1"         daemon [_thread_blocked, id=35687, stack(0x000079e944141000,0x000079e944241000) (1024K)]
  0x000079e8bc001020 JavaThread "C1 CompilerThread2"         daemon [_thread_blocked, id=35688, stack(0x000079e944041000,0x000079e944141000) (1024K)]
  0x000079e97c17d240 JavaThread "Notification Thread"        daemon [_thread_blocked, id=35689, stack(0x000079e92ff00000,0x000079e930000000) (1024K)]
  0x000079e97c180e90 JavaThread "Common-Cleaner"             daemon [_thread_blocked, id=35690, stack(0x000079e92fe00000,0x000079e92ff00000) (1024K)]
=>0x000079e8a80145f0 JavaThread "Thread-0"                   daemon [_thread_in_vm, id=35694, stack(0x000079e8ec3fe000,0x000079e8ecbfe000) (8192K)]
Total: 13

Other Threads:
  0x000079e97c128440 VMThread "VM Thread"                           [id=35679, stack(0x000079e944a6b000,0x000079e944b6b000) (1024K)] _threads_hazard_ptr=0x000079e8a8001170
  0x000079e97c10dd40 WatcherThread "VM Periodic Task Thread"        [id=35678, stack(0x000079e944b6c000,0x000079e944c6c000) (1024K)]
  0x000079e97c056c30 WorkerThread "GC Thread#0"                     [id=35673, stack(0x000079e980e5a000,0x000079e980f5a000) (1024K)]
  0x000079e97c063f10 ConcurrentGCThread "G1 Main Marker"            [id=35674, stack(0x000079e980d59000,0x000079e980e59000) (1024K)]
  0x000079e97c064ee0 WorkerThread "G1 Conc#0"                       [id=35675, stack(0x000079e980c58000,0x000079e980d58000) (1024K)]
  0x000079e97c0fbf10 ConcurrentGCThread "G1 Refine#0"               [id=35676, stack(0x000079e944d6e000,0x000079e944e6e000) (1024K)]
  0x000079e97c0fced0 ConcurrentGCThread "G1 Service"                [id=35677, stack(0x000079e944c6d000,0x000079e944d6d000) (1024K)]
Total: 7

Threads with active compile tasks:
Total: 0

VM state: not at safepoint (normal execution)

VM Mutex/Monitor currently owned by a thread: None

Heap address: 0x000000021b000000, size: 24144 MB, Compressed Oops mode: Zero based, Oop shift amount: 3

CDS archive(s) mapped at: [0x000079e8ee000000-0x000079e8eec75000-0x000079e8eec75000), size 13062144, SharedBaseAddress: 0x000079e8ee000000, ArchiveRelocationMode: 1.
Compressed class space mapped at: 0x000079e8ef000000-0x000079e92f000000, reserved size: 1073741824
Narrow klass base: 0x000079e8ee000000, Narrow klass shift: 0, Narrow klass range: 0x100000000

GC Precious Log:
 CardTable entry size: 512
 Card Set container configuration: InlinePtr #cards 3 size 8 Array Of Cards #cards 128 size 272 Howl #buckets 8 coarsen threshold 29491 Howl Bitmap #cards 4096 size 528 coarsen threshold 3686 Card regions per heap region 1 cards per card region 32768
 CPUs: 20 total, 20 available
 Memory: 96557M
 Large Page Support: Disabled
 NUMA Support: Disabled
 Compressed Oops: Enabled (Zero based)
 Heap Region Size: 16M
 Heap Min Capacity: 16M
 Heap Initial Capacity: 1520M
 Heap Max Capacity: 24144M
 Pre-touch: Disabled
 Parallel Workers: 15
 Concurrent Workers: 4
 Concurrent Refinement Workers: 15
 Periodic GC: Disabled

Heap:
 garbage-first heap   total reserved 24723456K, committed 1572864K, used 17441K [0x000000021b000000, 0x0000000800000000)
  region size 16384K, 2 young (32768K), 0 survivors (0K)
 Metaspace       used 4544K, committed 5120K, reserved 1114112K
  class space    used 586K, committed 832K, reserved 1048576K

Heap Regions: E=young(eden), S=young(survivor), O=old, HS=humongous(starts), HC=humongous(continues), CS=collection set, F=free, TAMS=top-at-mark-start, PB=parsable bottom
|   0|0x000000021b000000, 0x000000021b000000, 0x000000021c000000|  0%| F|  |TAMS 0x000000021b000000| PB 0x000000021b000000| Untracked |  0
|   1|0x000000021c000000, 0x000000021c000000, 0x000000021d000000|  0%| F|  |TAMS 0x000000021c000000| PB 0x000000021c000000| Untracked |  0
|   2|0x000000021d000000, 0x000000021d000000, 0x000000021e000000|  0%| F|  |TAMS 0x000000021d000000| PB 0x000000021d000000| Untracked |  0
|   3|0x000000021e000000, 0x000000021e000000, 0x000000021f000000|  0%| F|  |TAMS 0x000000021e000000| PB 0x000000021e000000| Untracked |  0
|   4|0x000000021f000000, 0x000000021f000000, 0x0000000220000000|  0%| F|  |TAMS 0x000000021f000000| PB 0x000000021f000000| Untracked |  0
|   5|0x0000000220000000, 0x0000000220000000, 0x0000000221000000|  0%| F|  |TAMS 0x0000000220000000| PB 0x0000000220000000| Untracked |  0
|   6|0x0000000221000000, 0x0000000221000000, 0x0000000222000000|  0%| F|  |TAMS 0x0000000221000000| PB 0x0000000221000000| Untracked |  0
|   7|0x0000000222000000, 0x0000000222000000, 0x0000000223000000|  0%| F|  |TAMS 0x0000000222000000| PB 0x0000000222000000| Untracked |  0
|   8|0x0000000223000000, 0x0000000223000000, 0x0000000224000000|  0%| F|  |TAMS 0x0000000223000000| PB 0x0000000223000000| Untracked |  0
|   9|0x0000000224000000, 0x0000000224000000, 0x0000000225000000|  0%| F|  |TAMS 0x0000000224000000| PB 0x0000000224000000| Untracked |  0
|  10|0x0000000225000000, 0x0000000225000000, 0x0000000226000000|  0%| F|  |TAMS 0x0000000225000000| PB 0x0000000225000000| Untracked |  0
|  11|0x0000000226000000, 0x0000000226000000, 0x0000000227000000|  0%| F|  |TAMS 0x0000000226000000| PB 0x0000000226000000| Untracked |  0
|  12|0x0000000227000000, 0x0000000227000000, 0x0000000228000000|  0%| F|  |TAMS 0x0000000227000000| PB 0x0000000227000000| Untracked |  0
|  13|0x0000000228000000, 0x0000000228000000, 0x0000000229000000|  0%| F|  |TAMS 0x0000000228000000| PB 0x0000000228000000| Untracked |  0
|  14|0x0000000229000000, 0x0000000229000000, 0x000000022a000000|  0%| F|  |TAMS 0x0000000229000000| PB 0x0000000229000000| Untracked |  0
|  15|0x000000022a000000, 0x000000022a000000, 0x000000022b000000|  0%| F|  |TAMS 0x000000022a000000| PB 0x000000022a000000| Untracked |  0
|  16|0x000000022b000000, 0x000000022b000000, 0x000000022c000000|  0%| F|  |TAMS 0x000000022b000000| PB 0x000000022b000000| Untracked |  0
|  17|0x000000022c000000, 0x000000022c000000, 0x000000022d000000|  0%| F|  |TAMS 0x000000022c000000| PB 0x000000022c000000| Untracked |  0
|  18|0x000000022d000000, 0x000000022d000000, 0x000000022e000000|  0%| F|  |TAMS 0x000000022d000000| PB 0x000000022d000000| Untracked |  0
|  19|0x000000022e000000, 0x000000022e000000, 0x000000022f000000|  0%| F|  |TAMS 0x000000022e000000| PB 0x000000022e000000| Untracked |  0
|  20|0x000000022f000000, 0x000000022f000000, 0x0000000230000000|  0%| F|  |TAMS 0x000000022f000000| PB 0x000000022f000000| Untracked |  0
|  21|0x0000000230000000, 0x0000000230000000, 0x0000000231000000|  0%| F|  |TAMS 0x0000000230000000| PB 0x0000000230000000| Untracked |  0
|  22|0x0000000231000000, 0x0000000231000000, 0x0000000232000000|  0%| F|  |TAMS 0x0000000231000000| PB 0x0000000231000000| Untracked |  0
|  23|0x0000000232000000, 0x0000000232000000, 0x0000000233000000|  0%| F|  |TAMS 0x0000000232000000| PB 0x0000000232000000| Untracked |  0
|  24|0x0000000233000000, 0x0000000233000000, 0x0000000234000000|  0%| F|  |TAMS 0x0000000233000000| PB 0x0000000233000000| Untracked |  0
|  25|0x0000000234000000, 0x0000000234000000, 0x0000000235000000|  0%| F|  |TAMS 0x0000000234000000| PB 0x0000000234000000| Untracked |  0
|  26|0x0000000235000000, 0x0000000235000000, 0x0000000236000000|  0%| F|  |TAMS 0x0000000235000000| PB 0x0000000235000000| Untracked |  0
|  27|0x0000000236000000, 0x0000000236000000, 0x0000000237000000|  0%| F|  |TAMS 0x0000000236000000| PB 0x0000000236000000| Untracked |  0
|  28|0x0000000237000000, 0x0000000237000000, 0x0000000238000000|  0%| F|  |TAMS 0x0000000237000000| PB 0x0000000237000000| Untracked |  0
|  29|0x0000000238000000, 0x0000000238000000, 0x0000000239000000|  0%| F|  |TAMS 0x0000000238000000| PB 0x0000000238000000| Untracked |  0
|  30|0x0000000239000000, 0x0000000239000000, 0x000000023a000000|  0%| F|  |TAMS 0x0000000239000000| PB 0x0000000239000000| Untracked |  0
|  31|0x000000023a000000, 0x000000023a000000, 0x000000023b000000|  0%| F|  |TAMS 0x000000023a000000| PB 0x000000023a000000| Untracked |  0
|  32|0x000000023b000000, 0x000000023b000000, 0x000000023c000000|  0%| F|  |TAMS 0x000000023b000000| PB 0x000000023b000000| Untracked |  0
|  33|0x000000023c000000, 0x000000023c000000, 0x000000023d000000|  0%| F|  |TAMS 0x000000023c000000| PB 0x000000023c000000| Untracked |  0
|  34|0x000000023d000000, 0x000000023d000000, 0x000000023e000000|  0%| F|  |TAMS 0x000000023d000000| PB 0x000000023d000000| Untracked |  0
|  35|0x000000023e000000, 0x000000023e000000, 0x000000023f000000|  0%| F|  |TAMS 0x000000023e000000| PB 0x000000023e000000| Untracked |  0
|  36|0x000000023f000000, 0x000000023f000000, 0x0000000240000000|  0%| F|  |TAMS 0x000000023f000000| PB 0x000000023f000000| Untracked |  0
|  37|0x0000000240000000, 0x0000000240000000, 0x0000000241000000|  0%| F|  |TAMS 0x0000000240000000| PB 0x0000000240000000| Untracked |  0
|  38|0x0000000241000000, 0x0000000241000000, 0x0000000242000000|  0%| F|  |TAMS 0x0000000241000000| PB 0x0000000241000000| Untracked |  0
|  39|0x0000000242000000, 0x0000000242000000, 0x0000000243000000|  0%| F|  |TAMS 0x0000000242000000| PB 0x0000000242000000| Untracked |  0
|  40|0x0000000243000000, 0x0000000243000000, 0x0000000244000000|  0%| F|  |TAMS 0x0000000243000000| PB 0x0000000243000000| Untracked |  0
|  41|0x0000000244000000, 0x0000000244000000, 0x0000000245000000|  0%| F|  |TAMS 0x0000000244000000| PB 0x0000000244000000| Untracked |  0
|  42|0x0000000245000000, 0x0000000245000000, 0x0000000246000000|  0%| F|  |TAMS 0x0000000245000000| PB 0x0000000245000000| Untracked |  0
|  43|0x0000000246000000, 0x0000000246000000, 0x0000000247000000|  0%| F|  |TAMS 0x0000000246000000| PB 0x0000000246000000| Untracked |  0
|  44|0x0000000247000000, 0x0000000247000000, 0x0000000248000000|  0%| F|  |TAMS 0x0000000247000000| PB 0x0000000247000000| Untracked |  0
|  45|0x0000000248000000, 0x0000000248000000, 0x0000000249000000|  0%| F|  |TAMS 0x0000000248000000| PB 0x0000000248000000| Untracked |  0
|  46|0x0000000249000000, 0x0000000249000000, 0x000000024a000000|  0%| F|  |TAMS 0x0000000249000000| PB 0x0000000249000000| Untracked |  0
|  47|0x000000024a000000, 0x000000024a000000, 0x000000024b000000|  0%| F|  |TAMS 0x000000024a000000| PB 0x000000024a000000| Untracked |  0
|  48|0x000000024b000000, 0x000000024b000000, 0x000000024c000000|  0%| F|  |TAMS 0x000000024b000000| PB 0x000000024b000000| Untracked |  0
|  49|0x000000024c000000, 0x000000024c000000, 0x000000024d000000|  0%| F|  |TAMS 0x000000024c000000| PB 0x000000024c000000| Untracked |  0
|  50|0x000000024d000000, 0x000000024d000000, 0x000000024e000000|  0%| F|  |TAMS 0x000000024d000000| PB 0x000000024d000000| Untracked |  0
|  51|0x000000024e000000, 0x000000024e000000, 0x000000024f000000|  0%| F|  |TAMS 0x000000024e000000| PB 0x000000024e000000| Untracked |  0
|  52|0x000000024f000000, 0x000000024f000000, 0x0000000250000000|  0%| F|  |TAMS 0x000000024f000000| PB 0x000000024f000000| Untracked |  0
|  53|0x0000000250000000, 0x0000000250000000, 0x0000000251000000|  0%| F|  |TAMS 0x0000000250000000| PB 0x0000000250000000| Untracked |  0
|  54|0x0000000251000000, 0x0000000251000000, 0x0000000252000000|  0%| F|  |TAMS 0x0000000251000000| PB 0x0000000251000000| Untracked |  0
|  55|0x0000000252000000, 0x0000000252000000, 0x0000000253000000|  0%| F|  |TAMS 0x0000000252000000| PB 0x0000000252000000| Untracked |  0
|  56|0x0000000253000000, 0x0000000253000000, 0x0000000254000000|  0%| F|  |TAMS 0x0000000253000000| PB 0x0000000253000000| Untracked |  0
|  57|0x0000000254000000, 0x0000000254000000, 0x0000000255000000|  0%| F|  |TAMS 0x0000000254000000| PB 0x0000000254000000| Untracked |  0
|  58|0x0000000255000000, 0x0000000255000000, 0x0000000256000000|  0%| F|  |TAMS 0x0000000255000000| PB 0x0000000255000000| Untracked |  0
|  59|0x0000000256000000, 0x0000000256000000, 0x0000000257000000|  0%| F|  |TAMS 0x0000000256000000| PB 0x0000000256000000| Untracked |  0
|  60|0x0000000257000000, 0x0000000257000000, 0x0000000258000000|  0%| F|  |TAMS 0x0000000257000000| PB 0x0000000257000000| Untracked |  0
|  61|0x0000000258000000, 0x0000000258000000, 0x0000000259000000|  0%| F|  |TAMS 0x0000000258000000| PB 0x0000000258000000| Untracked |  0
|  62|0x0000000259000000, 0x0000000259000000, 0x000000025a000000|  0%| F|  |TAMS 0x0000000259000000| PB 0x0000000259000000| Untracked |  0
|  63|0x000000025a000000, 0x000000025a000000, 0x000000025b000000|  0%| F|  |TAMS 0x000000025a000000| PB 0x000000025a000000| Untracked |  0
|  64|0x000000025b000000, 0x000000025b000000, 0x000000025c000000|  0%| F|  |TAMS 0x000000025b000000| PB 0x000000025b000000| Untracked |  0
|  65|0x000000025c000000, 0x000000025c000000, 0x000000025d000000|  0%| F|  |TAMS 0x000000025c000000| PB 0x000000025c000000| Untracked |  0
|  66|0x000000025d000000, 0x000000025d000000, 0x000000025e000000|  0%| F|  |TAMS 0x000000025d000000| PB 0x000000025d000000| Untracked |  0
|  67|0x000000025e000000, 0x000000025e000000, 0x000000025f000000|  0%| F|  |TAMS 0x000000025e000000| PB 0x000000025e000000| Untracked |  0
|  68|0x000000025f000000, 0x000000025f000000, 0x0000000260000000|  0%| F|  |TAMS 0x000000025f000000| PB 0x000000025f000000| Untracked |  0
|  69|0x0000000260000000, 0x0000000260000000, 0x0000000261000000|  0%| F|  |TAMS 0x0000000260000000| PB 0x0000000260000000| Untracked |  0
|  70|0x0000000261000000, 0x0000000261000000, 0x0000000262000000|  0%| F|  |TAMS 0x0000000261000000| PB 0x0000000261000000| Untracked |  0
|  71|0x0000000262000000, 0x0000000262000000, 0x0000000263000000|  0%| F|  |TAMS 0x0000000262000000| PB 0x0000000262000000| Untracked |  0
|  72|0x0000000263000000, 0x0000000263000000, 0x0000000264000000|  0%| F|  |TAMS 0x0000000263000000| PB 0x0000000263000000| Untracked |  0
|  73|0x0000000264000000, 0x0000000264000000, 0x0000000265000000|  0%| F|  |TAMS 0x0000000264000000| PB 0x0000000264000000| Untracked |  0
|  74|0x0000000265000000, 0x0000000265000000, 0x0000000266000000|  0%| F|  |TAMS 0x0000000265000000| PB 0x0000000265000000| Untracked |  0
|  75|0x0000000266000000, 0x0000000266000000, 0x0000000267000000|  0%| F|  |TAMS 0x0000000266000000| PB 0x0000000266000000| Untracked |  0
|  76|0x0000000267000000, 0x0000000267000000, 0x0000000268000000|  0%| F|  |TAMS 0x0000000267000000| PB 0x0000000267000000| Untracked |  0
|  77|0x0000000268000000, 0x0000000268000000, 0x0000000269000000|  0%| F|  |TAMS 0x0000000268000000| PB 0x0000000268000000| Untracked |  0
|  78|0x0000000269000000, 0x0000000269000000, 0x000000026a000000|  0%| F|  |TAMS 0x0000000269000000| PB 0x0000000269000000| Untracked |  0
|  79|0x000000026a000000, 0x000000026a000000, 0x000000026b000000|  0%| F|  |TAMS 0x000000026a000000| PB 0x000000026a000000| Untracked |  0
|  80|0x000000026b000000, 0x000000026b000000, 0x000000026c000000|  0%| F|  |TAMS 0x000000026b000000| PB 0x000000026b000000| Untracked |  0
|  81|0x000000026c000000, 0x000000026c000000, 0x000000026d000000|  0%| F|  |TAMS 0x000000026c000000| PB 0x000000026c000000| Untracked |  0
|  82|0x000000026d000000, 0x000000026d000000, 0x000000026e000000|  0%| F|  |TAMS 0x000000026d000000| PB 0x000000026d000000| Untracked |  0
|  83|0x000000026e000000, 0x000000026e000000, 0x000000026f000000|  0%| F|  |TAMS 0x000000026e000000| PB 0x000000026e000000| Untracked |  0
|  84|0x000000026f000000, 0x000000026f000000, 0x0000000270000000|  0%| F|  |TAMS 0x000000026f000000| PB 0x000000026f000000| Untracked |  0
|  85|0x0000000270000000, 0x0000000270000000, 0x0000000271000000|  0%| F|  |TAMS 0x0000000270000000| PB 0x0000000270000000| Untracked |  0
|  86|0x0000000271000000, 0x0000000271000000, 0x0000000272000000|  0%| F|  |TAMS 0x0000000271000000| PB 0x0000000271000000| Untracked |  0
|  87|0x0000000272000000, 0x0000000272000000, 0x0000000273000000|  0%| F|  |TAMS 0x0000000272000000| PB 0x0000000272000000| Untracked |  0
|  88|0x0000000273000000, 0x0000000273000000, 0x0000000274000000|  0%| F|  |TAMS 0x0000000273000000| PB 0x0000000273000000| Untracked |  0
|  89|0x0000000274000000, 0x0000000274000000, 0x0000000275000000|  0%| F|  |TAMS 0x0000000274000000| PB 0x0000000274000000| Untracked |  0
|  90|0x0000000275000000, 0x0000000275000000, 0x0000000276000000|  0%| F|  |TAMS 0x0000000275000000| PB 0x0000000275000000| Untracked |  0
|  91|0x0000000276000000, 0x0000000276000000, 0x0000000277000000|  0%| F|  |TAMS 0x0000000276000000| PB 0x0000000276000000| Untracked |  0
|  92|0x0000000277000000, 0x0000000277000000, 0x0000000278000000|  0%| F|  |TAMS 0x0000000277000000| PB 0x0000000277000000| Untracked |  0
|  93|0x0000000278000000, 0x0000000278147b58, 0x0000000279000000|  8%| E|  |TAMS 0x0000000278000000| PB 0x0000000278000000| Complete |  0
|  94|0x0000000279000000, 0x000000027a000000, 0x000000027a000000|100%| E|CS|TAMS 0x0000000279000000| PB 0x0000000279000000| Complete |  0
|1508|0x00000007ff000000, 0x00000007ff108630, 0x0000000800000000|  6%| O|  |TAMS 0x00000007ff000000| PB 0x00000007ff000000| Untracked |  0

Card table byte_map: [0x000079e95e9b0000,0x000079e9618d8000] _byte_map_base: 0x000079e95d8d8000

Marking Bits: (CMBitMap*) 0x000079e97c057760
 Bits: [0x000079e947070000, 0x000079e95e9b0000)

Polling page: 0x000079e983c93000

Metaspace:

Usage:
  Non-class:      3.86 MB used.
      Class:    586.98 KB used.
       Both:      4.44 MB used.

Virtual space:
  Non-class space:       64.00 MB reserved,       4.19 MB (  7%) committed,  1 nodes.
      Class space:        1.00 GB reserved,     832.00 KB ( <1%) committed,  1 nodes.
             Both:        1.06 GB reserved,       5.00 MB ( <1%) committed. 

Chunk freelists:
   Non-Class:  11.08 MB
       Class:  15.22 MB
        Both:  26.29 MB

MaxMetaspaceSize: unlimited
CompressedClassSpaceSize: 1.00 GB
Initial GC threshold: 21.00 MB
Current GC threshold: 21.00 MB
CDS: on
 - commit_granule_bytes: 65536.
 - commit_granule_words: 8192.
 - virtual_space_node_default_size: 8388608.
 - enlarge_chunks_in_place: 1.
 - use_allocation_guard: 0.


Internal statistics:

num_allocs_failed_limit: 0.
num_arena_births: 788.
num_arena_deaths: 0.
num_vsnodes_births: 2.
num_vsnodes_deaths: 0.
num_space_committed: 80.
num_space_uncommitted: 0.
num_chunks_returned_to_freelist: 0.
num_chunks_taken_from_freelist: 942.
num_chunk_merges: 0.
num_chunk_splits: 600.
num_chunks_enlarged: 269.
num_inconsistent_stats: 0.

CodeHeap 'non-profiled nmethods': size=119168Kb used=393Kb max_used=393Kb free=118774Kb
 bounds [0x000079e96c3a0000, 0x000079e96c610000, 0x000079e973800000]
CodeHeap 'profiled nmethods': size=119164Kb used=2011Kb max_used=2011Kb free=117152Kb
 bounds [0x000079e964800000, 0x000079e964a70000, 0x000079e96bc5f000]
CodeHeap 'non-nmethods': size=7428Kb used=2561Kb max_used=2578Kb free=4866Kb
 bounds [0x000079e96bc5f000, 0x000079e96beef000, 0x000079e96c3a0000]
 total_blobs=1760 nmethods=1218 adapters=424
 compilation: enabled
              stopped_count=0, restarted_count=0
 full_count=0

Compilation events (20 events):
Event: 0.155 Thread 0x000079e97c13fe90 1195       4       java.util.concurrent.ConcurrentHashMap::get (162 bytes)
Event: 0.163 Thread 0x000079e97c13fe90 nmethod 1195 0x000079e96c3fcd10 code [0x000079e96c3fcfc0, 0x000079e96c3fdf68]
Event: 0.460 Thread 0x000079e97c1415a0 1201       3       java.lang.StringLatin1::indexOf (121 bytes)
Event: 0.460 Thread 0x000079e97c1415a0 nmethod 1201 0x000079e9649e0490 code [0x000079e9649e0660, 0x000079e9649e0b10]
Event: 0.461 Thread 0x000079e97c1415a0 1202       1       jdk.internal.classfile.impl.AbstractAttributeMapper::name (5 bytes)
Event: 0.461 Thread 0x000079e8bc001020 1203       3       jdk.internal.misc.Unsafe::getIntUnaligned (83 bytes)
Event: 0.461 Thread 0x000079e97c13fe90 1204       4       jdk.internal.classfile.impl.RawBytecodeHelper::rawNext (438 bytes)
Event: 0.461 Thread 0x000079e97c1415a0 nmethod 1202 0x000079e96c3ffa10 code [0x000079e96c3ffba0, 0x000079e96c3ffc68]
Event: 0.461 Thread 0x000079e8bc001020 nmethod 1203 0x000079e9649e0d90 code [0x000079e9649e0f60, 0x000079e9649e13d0]
Event: 0.461 Thread 0x000079e97c1415a0 1206       3       java.lang.invoke.MethodHandleNatives::findMethodHandleType (7 bytes)
Event: 0.461 Thread 0x000079e97c1415a0 nmethod 1206 0x000079e9649e1590 code [0x000079e9649e1720, 0x000079e9649e1840]
Event: 0.463 Thread 0x000079e97c13fe90 nmethod 1204 0x000079e96c400c10 code [0x000079e96c400e00, 0x000079e96c401290]
Event: 0.463 Thread 0x000079e97c13fe90 1205       4       jdk.internal.classfile.impl.RawBytecodeHelper::isLastBytecode (17 bytes)
Event: 0.463 Thread 0x000079e97c13fe90 nmethod 1205 0x000079e96c401690 code [0x000079e96c401800, 0x000079e96c4018a0]
Event: 0.463 Thread 0x000079e8bc001020 1212       3       java.util.ArrayList::toArray (12 bytes)
Event: 0.463 Thread 0x000079e97c1415a0 1213       3       java.lang.invoke.DirectMethodHandle$Holder::getReference (28 bytes)
Event: 0.463 Thread 0x000079e8bc001020 nmethod 1212 0x000079e9649e1910 code [0x000079e9649e1ac0, 0x000079e9649e1c98]
Event: 0.463 Thread 0x000079e97c1415a0 nmethod 1213 0x000079e9649e1d90 code [0x000079e9649e1f60, 0x000079e9649e25b0]
Event: 0.463 Thread 0x000079e97c13fe90 1216       4       java.util.ArrayList$Itr::hasNext (20 bytes)
Event: 0.463 Thread 0x000079e8c804b7b0 1217       3       jdk.internal.classfile.impl.StackMapGenerator::processBlock (2767 bytes)

GC Heap History (0 events):
No events

Dll operation events (6 events):
Event: 0.001 Loaded shared library /usr/lib/jvm/temurin-22-jdk-amd64/lib/libjava.so
Event: 0.021 Loaded shared library /usr/lib/jvm/temurin-22-jdk-amd64/lib/libjsvml.so
Event: 0.038 Loaded shared library /usr/lib/jvm/temurin-22-jdk-amd64/lib/libnio.so
Event: 0.040 Loaded shared library /home/hep7/project/kairos/zlink/core/build/linux-x64/lib/libzlink.so.5.2.5
Event: 0.143 Loaded shared library /usr/lib/jvm/temurin-22-jdk-amd64/lib/libnet.so
Event: 0.144 Loaded shared library /usr/lib/jvm/temurin-22-jdk-amd64/lib/libextnet.so

Deoptimization events (16 events):
Event: 0.081 Thread 0x000079e97c02ad20 DEOPT PACKING pc=0x000079e96481e8d0 sp=0x000079e982312a60
Event: 0.081 Thread 0x000079e97c02ad20 DEOPT UNPACKING pc=0x000079e96bcb372f sp=0x000079e982311ea0 mode 0
Event: 0.090 Thread 0x000079e97c02ad20 DEOPT PACKING pc=0x000079e96480f349 sp=0x000079e982313d90
Event: 0.090 Thread 0x000079e97c02ad20 DEOPT UNPACKING pc=0x000079e96bcb372f sp=0x000079e982313218 mode 0
Event: 0.099 Thread 0x000079e97c02ad20 Uncommon trap: trap_request=0xffffff45 fr.pc=0x000079e96c3c7c28 relative=0x00000000000004c8
Event: 0.099 Thread 0x000079e97c02ad20 Uncommon trap: reason=unstable_if action=reinterpret pc=0x000079e96c3c7c28 method=java.lang.StringLatin1.replace([BCC)Ljava/lang/String; @ 19 c2
Event: 0.099 Thread 0x000079e97c02ad20 DEOPT PACKING pc=0x000079e96c3c7c28 sp=0x000079e982313360
Event: 0.099 Thread 0x000079e97c02ad20 DEOPT UNPACKING pc=0x000079e96bcb2f99 sp=0x000079e982313300 mode 2
Event: 0.100 Thread 0x000079e97c02ad20 Uncommon trap: trap_request=0xffffff45 fr.pc=0x000079e96c3c0eb0 relative=0x0000000000000110
Event: 0.100 Thread 0x000079e97c02ad20 Uncommon trap: reason=unstable_if action=reinterpret pc=0x000079e96c3c0eb0 method=jdk.internal.org.objectweb.asm.ByteVector.putShort(I)Ljdk/internal/org/objectweb/asm/ByteVector; @ 13 c2
Event: 0.100 Thread 0x000079e97c02ad20 DEOPT PACKING pc=0x000079e96c3c0eb0 sp=0x000079e982313150
Event: 0.100 Thread 0x000079e97c02ad20 DEOPT UNPACKING pc=0x000079e96bcb2f99 sp=0x000079e982313108 mode 2
Event: 0.149 Thread 0x000079e97c02ad20 Uncommon trap: trap_request=0xffffff45 fr.pc=0x000079e96c3e4518 relative=0x0000000000000598
Event: 0.149 Thread 0x000079e97c02ad20 Uncommon trap: reason=unstable_if action=reinterpret pc=0x000079e96c3e4518 method=jdk.internal.org.objectweb.asm.Frame.getLocal(I)I @ 13 c2
Event: 0.149 Thread 0x000079e97c02ad20 DEOPT PACKING pc=0x000079e96c3e4518 sp=0x000079e9823143c0
Event: 0.149 Thread 0x000079e97c02ad20 DEOPT UNPACKING pc=0x000079e96bcb2f99 sp=0x000079e9823142b8 mode 2

Classes loaded (20 events):
Event: 0.156 Loading class jdk/internal/event/ThreadSleepEvent
Event: 0.156 Loading class jdk/internal/event/Event
Event: 0.156 Loading class jdk/internal/event/Event done
Event: 0.156 Loading class jdk/internal/event/ThreadSleepEvent done
Event: 0.459 Loading class jdk/internal/foreign/HeapMemorySegmentImpl$OfByte
Event: 0.459 Loading class jdk/internal/foreign/HeapMemorySegmentImpl
Event: 0.459 Loading class jdk/internal/foreign/HeapMemorySegmentImpl done
Event: 0.459 Loading class jdk/internal/foreign/HeapMemorySegmentImpl$OfByte done
Event: 0.459 Loading class jdk/internal/foreign/GlobalSession$HeapSession
Event: 0.459 Loading class jdk/internal/foreign/GlobalSession$HeapSession done
Event: 0.460 Loading class java/nio/DirectByteBuffer$Deallocator
Event: 0.460 Loading class java/nio/DirectByteBuffer$Deallocator done
Event: 0.460 Loading class java/nio/ShortBuffer
Event: 0.460 Loading class java/nio/ShortBuffer done
Event: 0.460 Loading class java/nio/FloatBuffer
Event: 0.460 Loading class java/nio/FloatBuffer done
Event: 0.460 Loading class java/nio/DoubleBuffer
Event: 0.460 Loading class java/nio/DoubleBuffer done
Event: 0.462 Loading class java/lang/Thread$ThreadNumbering
Event: 0.462 Loading class java/lang/Thread$ThreadNumbering done

Classes unloaded (0 events):
No events

Classes redefined (0 events):
No events

Internal exceptions (20 events):
Event: 0.138 Thread 0x000079e97c02ad20 Exception <a 'java/lang/NoSuchMethodError'{0x0000000279e40690}: 'int java.lang.invoke.DirectMethodHandle$Holder.invokeStaticInit(java.lang.Object, java.lang.Object, java.lang.Object, java.lang.Object, java.lang.Object, java.lang.Object, int, java.lang.Object, java.lang.Object)'> (0x0000000279e40690) 
thrown [src/hotspot/share/interpreter/linkResolver.cpp, line 773]
Event: 0.139 Thread 0x000079e97c02ad20 Exception <a 'java/lang/NoSuchMethodError'{0x0000000279e481b8}: 'int java.lang.invoke.DelegatingMethodHandle$Holder.reinvoke_L(java.lang.Object, java.lang.Object, java.lang.Object, java.lang.Object, java.lang.Object, java.lang.Object, int, java.lang.Object, java.lang.Object)'> (0x0000000279e481b8) 
thrown [src/hotspot/share/interpreter/linkResolver.cpp, line 773]
Event: 0.139 Thread 0x000079e97c02ad20 Exception <a 'java/lang/NoSuchMethodError'{0x0000000279e5a590}: 'java.lang.Object java.lang.invoke.Invokers$Holder.invoke_MT(java.lang.Object, java.lang.Object, java.lang.Object, java.lang.Object, java.lang.Object)'> (0x0000000279e5a590) 
thrown [src/hotspot/share/interpreter/linkResolver.cpp, line 773]
Event: 0.139 Thread 0x000079e97c02ad20 Exception <a 'java/lang/NoSuchMethodError'{0x0000000279e5e650}: 'long java.lang.invoke.Invokers$Holder.invokeExact_MT(java.lang.Object, long, java.lang.Object)'> (0x0000000279e5e650) 
thrown [src/hotspot/share/interpreter/linkResolver.cpp, line 773]
Event: 0.141 Thread 0x000079e97c02ad20 Exception <a 'java/lang/NoSuchMethodError'{0x0000000279e79820}: 'java.lang.Object java.lang.invoke.Invokers$Holder.invokeExact_MT(java.lang.Object, java.lang.Object, int, java.lang.Object)'> (0x0000000279e79820) 
thrown [src/hotspot/share/interpreter/linkResolver.cpp, line 773]
Event: 0.149 Thread 0x000079e97c02ad20 Exception <a 'java/lang/NoSuchMethodError'{0x0000000279ec7bd0}: 'int java.lang.invoke.DirectMethodHandle$Holder.invokeSpecial(java.lang.Object, java.lang.Object, java.lang.Object, int, java.lang.Object, long)'> (0x0000000279ec7bd0) 
thrown [src/hotspot/share/interpreter/linkResolver.cpp, line 773]
Event: 0.150 Thread 0x000079e97c02ad20 Exception <a 'java/lang/NoSuchMethodError'{0x0000000279ee71a0}: 'int java.lang.invoke.DelegatingMethodHandle$Holder.reinvoke_L(java.lang.Object, java.lang.Object, java.lang.Object, java.lang.Object, long)'> (0x0000000279ee71a0) 
thrown [src/hotspot/share/interpreter/linkResolver.cpp, line 773]
Event: 0.151 Thread 0x000079e97c02ad20 Exception <a 'java/lang/IncompatibleClassChangeError'{0x0000000279eedbb8}: Found class java.lang.Object, but interface was expected> (0x0000000279eedbb8) 
thrown [src/hotspot/share/interpreter/linkResolver.cpp, line 841]
Event: 0.153 Thread 0x000079e97c02ad20 Exception <a 'java/lang/NoSuchMethodError'{0x0000000279f20a10}: 'java.lang.Object java.lang.invoke.DirectMethodHandle$Holder.newInvokeSpecial(java.lang.Object, java.lang.Object, java.lang.Object, java.lang.Object, java.lang.Object, java.lang.Object)'> (0x0000000279f20a10) 
thrown [src/hotspot/share/interpreter/linkResolver.cpp, line 773]
Event: 0.154 Thread 0x000079e97c02ad20 Exception <a 'java/lang/NoSuchMethodError'{0x0000000279f28108}: 'int java.lang.invoke.DelegatingMethodHandle$Holder.reinvoke_L(java.lang.Object, java.lang.Object, long, long, long)'> (0x0000000279f28108) 
thrown [src/hotspot/share/interpreter/linkResolver.cpp, line 773]
Event: 0.154 Thread 0x000079e97c02ad20 Exception <a 'java/lang/NoSuchMethodError'{0x0000000279f30ab0}: 'int java.lang.invoke.DirectMethodHandle$Holder.invokeSpecial(java.lang.Object, java.lang.Object, long, long, long)'> (0x0000000279f30ab0) 
thrown [src/hotspot/share/interpreter/linkResolver.cpp, line 773]
Event: 0.154 Thread 0x000079e97c02ad20 Exception <a 'java/lang/NoSuchMethodError'{0x0000000279f33b88}: 'int java.lang.invoke.Invokers$Holder.exactInvoker(java.lang.Object, java.lang.Object, long, long, long)'> (0x0000000279f33b88) 
thrown [src/hotspot/share/interpreter/linkResolver.cpp, line 773]
Event: 0.154 Thread 0x000079e97c02ad20 Exception <a 'java/lang/NoSuchMethodError'{0x0000000279f37220}: 'int java.lang.invoke.DelegatingMethodHandle$Holder.delegate(java.lang.Object, java.lang.Object, long, long, long)'> (0x0000000279f37220) 
thrown [src/hotspot/share/interpreter/linkResolver.cpp, line 773]
Event: 0.154 Thread 0x000079e97c02ad20 Exception <a 'java/lang/NoSuchMethodError'{0x0000000279f3ece0}: 'int java.lang.invoke.DirectMethodHandle$Holder.invokeSpecial(java.lang.Object, java.lang.Object, java.lang.Object, java.lang.Object, int)'> (0x0000000279f3ece0) 
thrown [src/hotspot/share/interpreter/linkResolver.cpp, line 773]
Event: 0.154 Thread 0x000079e97c02ad20 Exception <a 'java/lang/NoSuchMethodError'{0x0000000279f41e80}: 'int java.lang.invoke.Invokers$Holder.invokeExact_MT(java.lang.Object, java.lang.Object, java.lang.Object, int, java.lang.Object)'> (0x0000000279f41e80) 
thrown [src/hotspot/share/interpreter/linkResolver.cpp, line 773]
Event: 0.156 Thread 0x000079e97c02ad20 Exception <a 'java/lang/NoSuchMethodError'{0x0000000279f57f48}: 'int java.lang.invoke.Invokers$Holder.invokeExact_MT(java.lang.Object, java.lang.Object, java.lang.Object, java.lang.Object)'> (0x0000000279f57f48) 
thrown [src/hotspot/share/interpreter/linkResolver.cpp, line 773]
Event: 0.458 Thread 0x000079e97c02ad20 Exception <a 'java/lang/NoSuchMethodError'{0x0000000279f5f5c8}: 'int java.lang.invoke.DirectMethodHandle$Holder.invokeSpecial(java.lang.Object, java.lang.Object, java.lang.Object, int, java.lang.Object)'> (0x0000000279f5f5c8) 
thrown [src/hotspot/share/interpreter/linkResolver.cpp, line 773]
Event: 0.459 Thread 0x000079e97c02ad20 Exception <a 'java/lang/NoSuchMethodError'{0x0000000279f62a28}: 'int java.lang.invoke.Invokers$Holder.invokeExact_MT(java.lang.Object, java.lang.Object, int, java.lang.Object, java.lang.Object)'> (0x0000000279f62a28) 
thrown [src/hotspot/share/interpreter/linkResolver.cpp, line 773]
Event: 0.461 Thread 0x000079e97c02ad20 Exception <a 'java/lang/NoSuchMethodError'{0x0000000279f794d8}: 'int java.lang.invoke.DirectMethodHandle$Holder.invokeSpecial(java.lang.Object, java.lang.Object, java.lang.Object, java.lang.Object, java.lang.Object, long, int)'> (0x0000000279f794d8) 
thrown [src/hotspot/share/interpreter/linkResolver.cpp, line 773]
Event: 0.463 Thread 0x000079e97c02ad20 Exception <a 'java/lang/NoSuchMethodError'{0x0000000279f87048}: 'int java.lang.invoke.Invokers$Holder.invokeExact_MT(java.lang.Object, java.lang.Object, java.lang.Object)'> (0x0000000279f87048) 
thrown [src/hotspot/share/interpreter/linkResolver.cpp, line 773]

ZGC Phase Switch (0 events):
No events

VM Operations (8 events):
Event: 0.460 Executing VM operation: HandshakeAllThreads (Deoptimize)
Event: 0.460 Executing VM operation: HandshakeAllThreads (Deoptimize) done
Event: 0.460 Executing VM operation: HandshakeAllThreads (Deoptimize)
Event: 0.460 Executing VM operation: HandshakeAllThreads (Deoptimize) done
Event: 0.463 Executing VM operation: HandshakeAllThreads (CloseScopedMemory)
Event: 0.463 Executing VM operation: HandshakeAllThreads (CloseScopedMemory) done
Event: 0.463 Executing VM operation: HandshakeAllThreads (CloseScopedMemory)
Event: 0.463 Executing VM operation: HandshakeAllThreads (CloseScopedMemory) done

Memory protections (14 events):
Event: 0.001 Protecting memory [0x000079e982217000,0x000079e98221b000] with protection modes 0
Event: 0.019 Protecting memory [0x000079e944911000,0x000079e944915000] with protection modes 0
Event: 0.019 Protecting memory [0x000079e944811000,0x000079e944815000] with protection modes 0
Event: 0.019 Protecting memory [0x000079e944711000,0x000079e944715000] with protection modes 0
Event: 0.019 Protecting memory [0x000079e944611000,0x000079e944615000] with protection modes 0
Event: 0.019 Protecting memory [0x000079e944511000,0x000079e944515000] with protection modes 0
Event: 0.020 Protecting memory [0x000079e944411000,0x000079e944415000] with protection modes 0
Event: 0.020 Protecting memory [0x000079e944311000,0x000079e944315000] with protection modes 0
Event: 0.023 Protecting memory [0x000079e944141000,0x000079e944145000] with protection modes 0
Event: 0.023 Protecting memory [0x000079e944041000,0x000079e944045000] with protection modes 0
Event: 0.024 Protecting memory [0x000079e92ff00000,0x000079e92ff04000] with protection modes 0
Event: 0.025 Protecting memory [0x000079e92fe00000,0x000079e92fe04000] with protection modes 0
Event: 0.094 Protecting memory [0x000079e92f300000,0x000079e92f304000] with protection modes 0
Event: 0.462 Protecting memory [0x000079e8ec3fe000,0x000079e8ec402000] with protection modes 0

Nmethod flushes (0 events):
No events

Events (15 events):
Event: 0.014 Thread 0x000079e97c02ad20 Thread added: 0x000079e97c02ad20
Event: 0.019 Thread 0x000079e97c02ad20 Thread added: 0x000079e97c1385e0
Event: 0.019 Thread 0x000079e97c02ad20 Thread added: 0x000079e97c139c30
Event: 0.019 Thread 0x000079e97c02ad20 Thread added: 0x000079e97c13b710
Event: 0.019 Thread 0x000079e97c02ad20 Thread added: 0x000079e97c13cd50
Event: 0.019 Thread 0x000079e97c02ad20 Thread added: 0x000079e97c13e2f0
Event: 0.020 Thread 0x000079e97c02ad20 Thread added: 0x000079e97c13fe90
Event: 0.020 Thread 0x000079e97c02ad20 Thread added: 0x000079e97c1415a0
Event: 0.023 Thread 0x000079e97c1415a0 Thread added: 0x000079e8c804b7b0
Event: 0.023 Thread 0x000079e8c804b7b0 Thread added: 0x000079e8bc001020
Event: 0.024 Thread 0x000079e97c02ad20 Thread added: 0x000079e97c17d240
Event: 0.025 Thread 0x000079e97c02ad20 Thread added: 0x000079e97c180e90
Event: 0.094 Thread 0x000079e97c1415a0 Thread added: 0x000079e8c81a64a0
Event: 0.460 Thread 0x000079e8c81a64a0 Thread exited: 0x000079e8c81a64a0
Event: 0.462 Thread 0x000079e8a80145f0 Thread added: 0x000079e8a80145f0


Dynamic libraries:
21b000000-27a000000 rw-p 00000000 00:00 0 
27a000000-7ff000000 ---p 00000000 00:00 0 
7ff000000-7ff109000 rw-p 00cb4000 08:30 106585                           /usr/lib/jvm/temurin-22-jdk-amd64/lib/server/classes.jsa
7ff109000-800000000 rw-p 00000000 00:00 0 
5ead00af1000-5ead00af2000 r-xp 00000000 08:30 106291                     /usr/lib/jvm/temurin-22-jdk-amd64/bin/java
5ead00af3000-5ead00af4000 r--p 00001000 08:30 106291                     /usr/lib/jvm/temurin-22-jdk-amd64/bin/java
5ead00af4000-5ead00af5000 rw-p 00002000 08:30 106291                     /usr/lib/jvm/temurin-22-jdk-amd64/bin/java
5ead05b90000-5ead05bd7000 rw-p 00000000 00:00 0                          [heap]
79e8a4000000-79e8a4021000 rw-p 00000000 00:00 0 
79e8a4021000-79e8a8000000 ---p 00000000 00:00 0 
79e8a8000000-79e8a8032000 rw-p 00000000 00:00 0 
79e8a8032000-79e8ac000000 ---p 00000000 00:00 0 
79e8ac000000-79e8ac0de000 rw-p 00000000 00:00 0 
79e8ac0de000-79e8b0000000 ---p 00000000 00:00 0 
79e8b0000000-79e8b0021000 rw-p 00000000 00:00 0 
79e8b0021000-79e8b4000000 ---p 00000000 00:00 0 
79e8b4000000-79e8b4021000 rw-p 00000000 00:00 0 
79e8b4021000-79e8b8000000 ---p 00000000 00:00 0 
79e8b8000000-79e8b8021000 rw-p 00000000 00:00 0 
79e8b8021000-79e8bc000000 ---p 00000000 00:00 0 
79e8bc000000-79e8bc1af000 rw-p 00000000 00:00 0 
79e8bc1af000-79e8c0000000 ---p 00000000 00:00 0 
79e8c0000000-79e8c0265000 rw-p 00000000 00:00 0 
79e8c0265000-79e8c4000000 ---p 00000000 00:00 0 
79e8c4000000-79e8c443c000 rw-p 00000000 00:00 0 
79e8c443c000-79e8c8000000 ---p 00000000 00:00 0 
79e8c8000000-79e8c81fa000 rw-p 00000000 00:00 0 
79e8c81fa000-79e8cc000000 ---p 00000000 00:00 0 
79e8cc000000-79e8cc021000 rw-p 00000000 00:00 0 
79e8cc021000-79e8d0000000 ---p 00000000 00:00 0 
79e8d0000000-79e8d0021000 rw-p 00000000 00:00 0 
79e8d0021000-79e8d4000000 ---p 00000000 00:00 0 
79e8d4000000-79e8d4021000 rw-p 00000000 00:00 0 
79e8d4021000-79e8d8000000 ---p 00000000 00:00 0 
79e8d8000000-79e8d8021000 rw-p 00000000 00:00 0 
79e8d8021000-79e8dc000000 ---p 00000000 00:00 0 
79e8dc000000-79e8dc021000 rw-p 00000000 00:00 0 
79e8dc021000-79e8e0000000 ---p 00000000 00:00 0 
79e8e0000000-79e8e0021000 rw-p 00000000 00:00 0 
79e8e0021000-79e8e4000000 ---p 00000000 00:00 0 
79e8e4000000-79e8e4340000 rw-p 00000000 00:00 0 
79e8e4340000-79e8e4400000 ---p 00000000 00:00 0 
79e8e4400000-79e8e44f0000 rw-p 00000000 00:00 0 
79e8e44f0000-79e8e8000000 ---p 00000000 00:00 0 
79e8e8000000-79e8e8021000 rw-p 00000000 00:00 0 
79e8e8021000-79e8ec000000 ---p 00000000 00:00 0 
79e8ec112000-79e8ec3fd000 rw-p 00000000 00:00 0 
79e8ec3fd000-79e8ec3fe000 ---p 00000000 00:00 0 
79e8ec3fe000-79e8ec402000 ---p 00000000 00:00 0 
79e8ec402000-79e8ecbfe000 rw-p 00000000 00:00 0 
79e8ecbfe000-79e8ecbff000 ---p 00000000 00:00 0 
79e8ecbff000-79e8ed3ff000 rw-p 00000000 00:00 0 
79e8ed3ff000-79e8ed400000 ---p 00000000 00:00 0 
79e8ed400000-79e8edc00000 rw-p 00000000 00:00 0 
79e8edc00000-79e8edc9d000 r--p 00000000 08:30 13062                      /usr/lib/x86_64-linux-gnu/libstdc++.so.6.0.33
79e8edc9d000-79e8edde5000 r-xp 0009d000 08:30 13062                      /usr/lib/x86_64-linux-gnu/libstdc++.so.6.0.33
79e8edde5000-79e8ede6c000 r--p 001e5000 08:30 13062                      /usr/lib/x86_64-linux-gnu/libstdc++.so.6.0.33
79e8ede6c000-79e8ede77000 r--p 0026b000 08:30 13062                      /usr/lib/x86_64-linux-gnu/libstdc++.so.6.0.33
79e8ede77000-79e8ede7a000 rw-p 00276000 08:30 13062                      /usr/lib/x86_64-linux-gnu/libstdc++.so.6.0.33
79e8ede7a000-79e8ede7e000 rw-p 00000000 00:00 0 
79e8ee000000-79e8eec75000 rw-p 00001000 08:30 106585                     /usr/lib/jvm/temurin-22-jdk-amd64/lib/server/classes.jsa
79e8eec75000-79e8ef000000 ---p 00000000 00:00 0 
79e8ef000000-79e8ef030000 rw-p 00000000 00:00 0 
79e8ef030000-79e8ef0d0000 rw-p 00000000 00:00 0 
79e8ef0d0000-79e92f000000 ---p 00000000 00:00 0 
79e92f17a000-79e92f300000 rw-p 00000000 00:00 0 
79e92f300000-79e92f304000 ---p 00000000 00:00 0 
79e92f304000-79e92f400000 rw-p 00000000 00:00 0 
79e92f400000-79e92f4b3000 r--p 00000000 08:30 12298                      /usr/lib/x86_64-linux-gnu/libcrypto.so.3
79e92f4b3000-79e92f7e7000 r-xp 000b3000 08:30 12298                      /usr/lib/x86_64-linux-gnu/libcrypto.so.3
79e92f7e7000-79e92f8b2000 r--p 003e7000 08:30 12298                      /usr/lib/x86_64-linux-gnu/libcrypto.so.3
79e92f8b2000-79e92f90e000 r--p 004b1000 08:30 12298                      /usr/lib/x86_64-linux-gnu/libcrypto.so.3
79e92f90e000-79e92f911000 rw-p 0050d000 08:30 12298                      /usr/lib/x86_64-linux-gnu/libcrypto.so.3
79e92f911000-79e92f914000 rw-p 00000000 00:00 0 
79e92fa00000-79e92fa5f000 r--p 00000000 08:30 342294                     /home/hep7/project/kairos/zlink/core/build/linux-x64/lib/libzlink.so.5.2.5
79e92fa5f000-79e92fcbf000 r-xp 0005f000 08:30 342294                     /home/hep7/project/kairos/zlink/core/build/linux-x64/lib/libzlink.so.5.2.5
79e92fcbf000-79e92fd38000 r--p 002bf000 08:30 342294                     /home/hep7/project/kairos/zlink/core/build/linux-x64/lib/libzlink.so.5.2.5
79e92fd38000-79e92fd42000 r--p 00337000 08:30 342294                     /home/hep7/project/kairos/zlink/core/build/linux-x64/lib/libzlink.so.5.2.5
79e92fd42000-79e92fd45000 rw-p 00341000 08:30 342294                     /home/hep7/project/kairos/zlink/core/build/linux-x64/lib/libzlink.so.5.2.5
79e92fd45000-79e92fd4a000 rw-p 00000000 00:00 0 
79e92fd56000-79e92fd74000 r--p 00000000 08:30 12299                      /usr/lib/x86_64-linux-gnu/libssl.so.3
79e92fd74000-79e92fdd6000 r-xp 0001e000 08:30 12299                      /usr/lib/x86_64-linux-gnu/libssl.so.3
79e92fdd6000-79e92fdf2000 r--p 00080000 08:30 12299                      /usr/lib/x86_64-linux-gnu/libssl.so.3
79e92fdf2000-79e92fdfc000 r--p 0009c000 08:30 12299                      /usr/lib/x86_64-linux-gnu/libssl.so.3
79e92fdfc000-79e92fe00000 rw-p 000a6000 08:30 12299                      /usr/lib/x86_64-linux-gnu/libssl.so.3
79e92fe00000-79e92fe04000 ---p 00000000 00:00 0 
79e92fe04000-79e92ff00000 rw-p 00000000 00:00 0 
79e92ff00000-79e92ff04000 ---p 00000000 00:00 0 
79e92ff04000-79e930021000 rw-p 00000000 00:00 0 
79e930021000-79e934000000 ---p 00000000 00:00 0 
79e934000000-79e934021000 rw-p 00000000 00:00 0 
79e934021000-79e938000000 ---p 00000000 00:00 0 
79e938000000-79e938021000 rw-p 00000000 00:00 0 
79e938021000-79e93c000000 ---p 00000000 00:00 0 
79e93c000000-79e93c021000 rw-p 00000000 00:00 0 
79e93c021000-79e940000000 ---p 00000000 00:00 0 
79e940000000-79e940021000 rw-p 00000000 00:00 0 
79e940021000-79e944000000 ---p 00000000 00:00 0 
79e944013000-79e944017000 r--p 00000000 08:30 12845                      /usr/lib/x86_64-linux-gnu/libgcc_s.so.1
79e944017000-79e94403b000 r-xp 00004000 08:30 12845                      /usr/lib/x86_64-linux-gnu/libgcc_s.so.1
79e94403b000-79e94403f000 r--p 00028000 08:30 12845                      /usr/lib/x86_64-linux-gnu/libgcc_s.so.1
79e94403f000-79e944040000 r--p 0002b000 08:30 12845                      /usr/lib/x86_64-linux-gnu/libgcc_s.so.1
79e944040000-79e944041000 rw-p 0002c000 08:30 12845                      /usr/lib/x86_64-linux-gnu/libgcc_s.so.1
79e944041000-79e944045000 ---p 00000000 00:00 0 
79e944045000-79e944141000 rw-p 00000000 00:00 0 
79e944141000-79e944145000 ---p 00000000 00:00 0 
79e944145000-79e944241000 rw-p 00000000 00:00 0 
79e944241000-79e94430f000 r-xp 00000000 08:30 106559                     /usr/lib/jvm/temurin-22-jdk-amd64/lib/libjsvml.so
79e94430f000-79e944310000 r--p 000cd000 08:30 106559                     /usr/lib/jvm/temurin-22-jdk-amd64/lib/libjsvml.so
79e944310000-79e944311000 rw-p 000ce000 08:30 106559                     /usr/lib/jvm/temurin-22-jdk-amd64/lib/libjsvml.so
79e944311000-79e944315000 ---p 00000000 00:00 0 
79e944315000-79e944411000 rw-p 00000000 00:00 0 
79e944411000-79e944415000 ---p 00000000 00:00 0 
79e944415000-79e944511000 rw-p 00000000 00:00 0 
79e944511000-79e944515000 ---p 00000000 00:00 0 
79e944515000-79e944611000 rw-p 00000000 00:00 0 
79e944611000-79e944615000 ---p 00000000 00:00 0 
79e944615000-79e944711000 rw-p 00000000 00:00 0 
79e944711000-79e944715000 ---p 00000000 00:00 0 
79e944715000-79e944811000 rw-p 00000000 00:00 0 
79e944811000-79e944815000 ---p 00000000 00:00 0 
79e944815000-79e944911000 rw-p 00000000 00:00 0 
79e944911000-79e944915000 ---p 00000000 00:00 0 
79e944915000-79e944a11000 rw-p 00000000 00:00 0 
79e944a11000-79e944a6a000 r--p 00000000 08:30 12233                      /usr/lib/locale/C.utf8/LC_CTYPE
79e944a6a000-79e944a6b000 ---p 00000000 00:00 0 
79e944a6b000-79e944b6b000 rw-p 00000000 00:00 0 
79e944b6b000-79e944b6c000 ---p 00000000 00:00 0 
79e944b6c000-79e944c6c000 rw-p 00000000 00:00 0 
79e944c6c000-79e944c6d000 ---p 00000000 00:00 0 
79e944c6d000-79e944d6d000 rw-p 00000000 00:00 0 
79e944d6d000-79e944d6e000 ---p 00000000 00:00 0 
79e944d6e000-79e948830000 rw-p 00000000 00:00 0 
79e948830000-79e95e970000 ---p 00000000 00:00 0 
79e95e970000-79e95eca8000 rw-p 00000000 00:00 0 
79e95eca8000-79e9618d0000 ---p 00000000 00:00 0 
79e9618d0000-79e961bd0000 rw-p 00000000 00:00 0 
79e961bd0000-79e9647f8000 ---p 00000000 00:00 0 
79e9647f8000-79e964800000 rw-p 00000000 00:00 0 
79e964800000-79e964a70000 rwxp 00000000 00:00 0 
79e964a70000-79e96bc5f000 ---p 00000000 00:00 0 
79e96bc5f000-79e96beef000 rwxp 00000000 00:00 0 
79e96beef000-79e96c3a0000 ---p 00000000 00:00 0 
79e96c3a0000-79e96c610000 rwxp 00000000 00:00 0 
79e96c610000-79e973800000 ---p 00000000 00:00 0 
79e973800000-79e97be12000 r--s 00000000 08:30 106577                     /usr/lib/jvm/temurin-22-jdk-amd64/lib/modules
79e97be23000-79e97c39e000 rw-p 00000000 00:00 0 
79e97c39e000-79e980000000 ---p 00000000 00:00 0 
79e980035000-79e980049000 r-xp 00000000 08:30 106567                     /usr/lib/jvm/temurin-22-jdk-amd64/lib/libnio.so
79e980049000-79e98004a000 r--p 00013000 08:30 106567                     /usr/lib/jvm/temurin-22-jdk-amd64/lib/libnio.so
79e98004a000-79e98004b000 rw-p 00014000 08:30 106567                     /usr/lib/jvm/temurin-22-jdk-amd64/lib/libnio.so
79e98004b000-79e980c57000 rw-p 00000000 00:00 0 
79e980c57000-79e980c58000 ---p 00000000 00:00 0 
79e980c58000-79e980d58000 rw-p 00000000 00:00 0 
79e980d58000-79e980d59000 ---p 00000000 00:00 0 
79e980d59000-79e980e59000 rw-p 00000000 00:00 0 
79e980e59000-79e980e5a000 ---p 00000000 00:00 0 
79e980e5a000-79e98204a000 rw-p 00000000 00:00 0 
79e98204a000-79e98212e000 ---p 00000000 00:00 0 
79e98212e000-79e982133000 rw-p 00000000 00:00 0 
79e982133000-79e982217000 ---p 00000000 00:00 0 
79e982217000-79e98221b000 ---p 00000000 00:00 0 
79e98221b000-79e982317000 rw-p 00000000 00:00 0 
79e982317000-79e982327000 r--p 00000000 08:30 38876                      /usr/lib/x86_64-linux-gnu/libm.so.6
79e982327000-79e9823a6000 r-xp 00010000 08:30 38876                      /usr/lib/x86_64-linux-gnu/libm.so.6
79e9823a6000-79e9823fe000 r--p 0008f000 08:30 38876                      /usr/lib/x86_64-linux-gnu/libm.so.6
79e9823fe000-79e9823ff000 r--p 000e7000 08:30 38876                      /usr/lib/x86_64-linux-gnu/libm.so.6
79e9823ff000-79e982400000 rw-p 000e8000 08:30 38876                      /usr/lib/x86_64-linux-gnu/libm.so.6
79e982400000-79e983837000 r-xp 00000000 08:30 106588                     /usr/lib/jvm/temurin-22-jdk-amd64/lib/server/libjvm.so
79e983837000-79e983838000 ---p 01437000 08:30 106588                     /usr/lib/jvm/temurin-22-jdk-amd64/lib/server/libjvm.so
79e983838000-79e983908000 r--p 01437000 08:30 106588                     /usr/lib/jvm/temurin-22-jdk-amd64/lib/server/libjvm.so
79e983908000-79e983937000 rw-p 01507000 08:30 106588                     /usr/lib/jvm/temurin-22-jdk-amd64/lib/server/libjvm.so
79e983937000-79e9839ae000 rw-p 00000000 00:00 0 
79e9839b1000-79e9839bc000 r-xp 00000000 08:30 106566                     /usr/lib/jvm/temurin-22-jdk-amd64/lib/libnet.so
79e9839bc000-79e9839bd000 ---p 0000b000 08:30 106566                     /usr/lib/jvm/temurin-22-jdk-amd64/lib/libnet.so
79e9839bd000-79e9839be000 r--p 0000b000 08:30 106566                     /usr/lib/jvm/temurin-22-jdk-amd64/lib/libnet.so
79e9839be000-79e9839bf000 rw-p 0000c000 08:30 106566                     /usr/lib/jvm/temurin-22-jdk-amd64/lib/libnet.so
79e9839bf000-79e983a00000 rw-p 00000000 00:00 0 
79e983a00000-79e983a28000 r--p 00000000 08:30 38863                      /usr/lib/x86_64-linux-gnu/libc.so.6
79e983a28000-79e983bb0000 r-xp 00028000 08:30 38863                      /usr/lib/x86_64-linux-gnu/libc.so.6
79e983bb0000-79e983bff000 r--p 001b0000 08:30 38863                      /usr/lib/x86_64-linux-gnu/libc.so.6
79e983bff000-79e983c03000 r--p 001fe000 08:30 38863                      /usr/lib/x86_64-linux-gnu/libc.so.6
79e983c03000-79e983c05000 rw-p 00202000 08:30 38863                      /usr/lib/x86_64-linux-gnu/libc.so.6
79e983c05000-79e983c12000 rw-p 00000000 00:00 0 
79e983c12000-79e983c14000 r-xp 00000000 08:30 106543                     /usr/lib/jvm/temurin-22-jdk-amd64/lib/libextnet.so
79e983c14000-79e983c15000 r--p 00001000 08:30 106543                     /usr/lib/jvm/temurin-22-jdk-amd64/lib/libextnet.so
79e983c15000-79e983c16000 rw-p 00002000 08:30 106543                     /usr/lib/jvm/temurin-22-jdk-amd64/lib/libextnet.so
79e983c16000-79e983c17000 r--p 00000000 08:30 12239                      /usr/lib/locale/C.utf8/LC_NUMERIC
79e983c17000-79e983c18000 r--p 00000000 08:30 12242                      /usr/lib/locale/C.utf8/LC_TIME
79e983c18000-79e983c19000 r--p 00000000 08:30 12232                      /usr/lib/locale/C.utf8/LC_COLLATE
79e983c19000-79e983c1a000 r--p 00000000 08:30 12237                      /usr/lib/locale/C.utf8/LC_MONETARY
79e983c1a000-79e983c21000 r--s 00000000 08:30 38752                      /usr/lib/x86_64-linux-gnu/gconv/gconv-modules.cache
79e983c21000-79e983c27000 rw-p 00000000 00:00 0 
79e983c27000-79e983c30000 ---p 00000000 00:00 0 
79e983c30000-79e983c50000 r-xp 00000000 08:30 106551                     /usr/lib/jvm/temurin-22-jdk-amd64/lib/libjava.so
79e983c50000-79e983c51000 ---p 00020000 08:30 106551                     /usr/lib/jvm/temurin-22-jdk-amd64/lib/libjava.so
79e983c51000-79e983c52000 r--p 00020000 08:30 106551                     /usr/lib/jvm/temurin-22-jdk-amd64/lib/libjava.so
79e983c52000-79e983c53000 rw-p 00021000 08:30 106551                     /usr/lib/jvm/temurin-22-jdk-amd64/lib/libjava.so
79e983c53000-79e983c54000 rw-p 00000000 00:00 0 
79e983c54000-79e983c5c000 rw-s 00000000 00:43 86265                      /tmp/hsperfdata_hep7/35671
79e983c5c000-79e983c77000 r-xp 00000000 08:30 106555                     /usr/lib/jvm/temurin-22-jdk-amd64/lib/libjimage.so
79e983c77000-79e983c78000 ---p 0001b000 08:30 106555                     /usr/lib/jvm/temurin-22-jdk-amd64/lib/libjimage.so
79e983c78000-79e983c7a000 r--p 0001b000 08:30 106555                     /usr/lib/jvm/temurin-22-jdk-amd64/lib/libjimage.so
79e983c7a000-79e983c7b000 rw-p 0001d000 08:30 106555                     /usr/lib/jvm/temurin-22-jdk-amd64/lib/libjimage.so
79e983c7b000-79e983c7c000 r--p 00000000 08:30 38994                      /usr/lib/x86_64-linux-gnu/librt.so.1
79e983c7c000-79e983c7d000 r-xp 00001000 08:30 38994                      /usr/lib/x86_64-linux-gnu/librt.so.1
79e983c7d000-79e983c7e000 r--p 00002000 08:30 38994                      /usr/lib/x86_64-linux-gnu/librt.so.1
79e983c7e000-79e983c7f000 r--p 00002000 08:30 38994                      /usr/lib/x86_64-linux-gnu/librt.so.1
79e983c7f000-79e983c80000 rw-p 00003000 08:30 38994                      /usr/lib/x86_64-linux-gnu/librt.so.1
79e983c80000-79e983c82000 rw-p 00000000 00:00 0 
79e983c82000-79e983c83000 r--p 00000000 08:30 38875                      /usr/lib/x86_64-linux-gnu/libdl.so.2
79e983c83000-79e983c84000 r-xp 00001000 08:30 38875                      /usr/lib/x86_64-linux-gnu/libdl.so.2
79e983c84000-79e983c85000 r--p 00002000 08:30 38875                      /usr/lib/x86_64-linux-gnu/libdl.so.2
79e983c85000-79e983c86000 r--p 00002000 08:30 38875                      /usr/lib/x86_64-linux-gnu/libdl.so.2
79e983c86000-79e983c87000 rw-p 00003000 08:30 38875                      /usr/lib/x86_64-linux-gnu/libdl.so.2
79e983c87000-79e983c88000 r--p 00000000 08:30 38974                      /usr/lib/x86_64-linux-gnu/libpthread.so.0
79e983c88000-79e983c89000 r-xp 00001000 08:30 38974                      /usr/lib/x86_64-linux-gnu/libpthread.so.0
79e983c89000-79e983c8a000 r--p 00002000 08:30 38974                      /usr/lib/x86_64-linux-gnu/libpthread.so.0
79e983c8a000-79e983c8b000 r--p 00002000 08:30 38974                      /usr/lib/x86_64-linux-gnu/libpthread.so.0
79e983c8b000-79e983c8c000 rw-p 00003000 08:30 38974                      /usr/lib/x86_64-linux-gnu/libpthread.so.0
79e983c8c000-79e983c8d000 r--p 00000000 08:30 12236                      /usr/lib/locale/C.utf8/LC_MESSAGES/SYS_LC_MESSAGES
79e983c8d000-79e983c8e000 r--p 00000000 08:30 12240                      /usr/lib/locale/C.utf8/LC_PAPER
79e983c8e000-79e983c8f000 r--p 00000000 08:30 12238                      /usr/lib/locale/C.utf8/LC_NAME
79e983c8f000-79e983c90000 r--p 00000000 08:30 12231                      /usr/lib/locale/C.utf8/LC_ADDRESS
79e983c90000-79e983c91000 r--p 00000000 08:30 12241                      /usr/lib/locale/C.utf8/LC_TELEPHONE
79e983c91000-79e983c92000 r--p 00000000 08:30 12235                      /usr/lib/locale/C.utf8/LC_MEASUREMENT
79e983c92000-79e983c93000 r--p 00000000 08:30 12234                      /usr/lib/locale/C.utf8/LC_IDENTIFICATION
79e983c93000-79e983c94000 ---p 00000000 00:00 0 
79e983c94000-79e983c95000 r--p 00000000 00:00 0 
79e983c95000-79e983c96000 ---p 00000000 00:00 0 
79e983c96000-79e983caf000 r-xp 00000000 08:30 106556                     /usr/lib/jvm/temurin-22-jdk-amd64/lib/libjli.so
79e983caf000-79e983cb0000 r--p 00018000 08:30 106556                     /usr/lib/jvm/temurin-22-jdk-amd64/lib/libjli.so
79e983cb0000-79e983cb1000 rw-p 00019000 08:30 106556                     /usr/lib/jvm/temurin-22-jdk-amd64/lib/libjli.so
79e983cb1000-79e983cb3000 rw-p 00000000 00:00 0 
79e983cb3000-79e983cb4000 r--p 00000000 08:30 38814                      /usr/lib/x86_64-linux-gnu/ld-linux-x86-64.so.2
79e983cb4000-79e983cdf000 r-xp 00001000 08:30 38814                      /usr/lib/x86_64-linux-gnu/ld-linux-x86-64.so.2
79e983cdf000-79e983ce9000 r--p 0002c000 08:30 38814                      /usr/lib/x86_64-linux-gnu/ld-linux-x86-64.so.2
79e983ce9000-79e983ceb000 r--p 00036000 08:30 38814                      /usr/lib/x86_64-linux-gnu/ld-linux-x86-64.so.2
79e983ceb000-79e983ced000 rw-p 00038000 08:30 38814                      /usr/lib/x86_64-linux-gnu/ld-linux-x86-64.so.2
7ffc13e4c000-7ffc13e6e000 rw-p 00000000 00:00 0                          [stack]
7ffc13fd8000-7ffc13fdc000 r--p 00000000 00:00 0                          [vvar]
7ffc13fdc000-7ffc13fde000 r-xp 00000000 00:00 0                          [vdso]
Total number of mappings: 242


VM Arguments:
jvm_args: --enable-native-access=ALL-UNNAMED 
java_command: dev.kairoscode.zlink.integration.bench.PairBenchMain STREAM_LEN32BE tcp 1024
java_class_path (initial): build/classes/java/main:build/classes/java/test
Launcher Type: SUN_STANDARD

[Global flags]
     intx CICompilerCount                          = 12                                        {product} {ergonomic}
     uint ConcGCThreads                            = 4                                         {product} {ergonomic}
     uint G1ConcRefinementThreads                  = 15                                        {product} {ergonomic}
   size_t G1HeapRegionSize                         = 16777216                                  {product} {ergonomic}
   size_t InitialHeapSize                          = 1593835520                                {product} {ergonomic}
   size_t MarkStackSize                            = 4194304                                   {product} {ergonomic}
   size_t MaxHeapSize                              = 25316818944                               {product} {ergonomic}
   size_t MaxNewSize                               = 15183380480                               {product} {ergonomic}
   size_t MinHeapDeltaBytes                        = 16777216                                  {product} {ergonomic}
   size_t MinHeapSize                              = 16777216                                  {product} {ergonomic}
    uintx NonNMethodCodeHeapSize                   = 7602480                                {pd product} {ergonomic}
    uintx NonProfiledCodeHeapSize                  = 122027880                              {pd product} {ergonomic}
    uintx ProfiledCodeHeapSize                     = 122027880                              {pd product} {ergonomic}
    uintx ReservedCodeCacheSize                    = 251658240                              {pd product} {ergonomic}
     bool SegmentedCodeCache                       = true                                      {product} {ergonomic}
   size_t SoftMaxHeapSize                          = 25316818944                            {manageable} {ergonomic}
     bool UseCompressedOops                        = true                           {product lp64_product} {ergonomic}
     bool UseG1GC                                  = true                                      {product} {ergonomic}

Logging:
Log output configuration:
 #0: stdout all=warning uptime,level,tags foldmultilines=false
 #1: stderr all=off uptime,level,tags foldmultilines=false

Environment Variables:
PATH=/home/hep7/.local/bin:/home/hep7/.codex/tmp/arg0/codex-arg0fkocS2:/usr/lib/node_modules/@openai/codex/node_modules/@openai/codex-linux-x64/vendor/x86_64-unknown-linux-musl/path:/home/hep7/project/kairos/zlink/.venv-bindings/bin:/home/hep7/.local/bin:/home/hep7/.vscode-server/bin/072586267e68ece9a47aa43f8c108e0dcbf44622/bin/remote-cli:/home/hep7/.local/bin:/home/hep7/.local/bin:/usr/local/sbin:/usr/local/bin:/usr/sbin:/usr/bin:/sbin:/bin:/usr/games:/usr/local/games:/usr/lib/wsl/lib:/mnt/c/Program Files/Eclipse Adoptium/jdk-22.0.2.9-hotspot/bin:/mnt/c/WINDOWS/system32:/mnt/c/WINDOWS:/mnt/c/WINDOWS/System32/Wbem:/mnt/c/WINDOWS/System32/WindowsPowerShell/v1.0/:/mnt/c/WINDOWS/System32/OpenSSH/:/mnt/c/Program Files/nodejs/:/mnt/c/Program Files/Git/cmd:/mnt/c/Program Files (x86)/Windows Kits/10/Windows Performance Toolkit/:/mnt/c/Program Files/GitHub CLI/:/mnt/c/Program Files/dotnet/:/mnt/c/Program Files/CMake/bin:/Docker/host/bin:/mnt/c/Users/hep7/AppData/Local/Programs/Python/Python312:/mnt/c/Users/hep7/AppData/Local/Programs/Python/Python312/Scripts:/mnt/c/Program Files/Microsoft Visual Studio/2022/Community/Common7/IDE/CommonExtensions/Microsoft/CMake/CMake/bin:/mnt/c/Users/hep7/.codex/tmp/arg0/codex-arg0tuaUCJ:/mnt/c/WINDOWS/system32:/mnt/c/WINDOWS:/mnt/c/WINDOWS/System32/Wbem:/mnt/c/WINDOWS/System32/WindowsPowerShell/v1.0/:/mnt/c/WINDOWS/System32/OpenSSH/:/mnt/c/Program Files/nodejs/:/mnt/c/Program Files/Git/cmd:/mnt/c/Program Files (x86)/Windows Kits/10/Windows Performance Toolkit/:/mnt/c/Program Files/GitHub CLI/:/mnt/c/Users/hep7/AppData/Local/Microsoft/WindowsApps:/mnt/c/Users/hep7/AppData/Local/Microsoft/WinGet/Links:/mnt/c/Users/hep7/AppData/Roaming/npm:/mnt/c/Users/hep7/AppData/Local/Programs/Microsoft VS Code/bin:/mnt/c/Users/hep7/AppData/Local/Programs/Warp/bin:/mnt/c/Users/hep7/.vscode/extensions/openai.chatgpt-0.5.72-win32-x64/bin/windows-x86_64:/mnt/c/Tools/gradle-9.3.1/bin:/mnt/c/Program Files/dotnet:/mnt/c/Program Files/Eclipse Adoptium/jdk-22.0.2.9-hotspot/bin:/mnt/c/Users/hep7/AppData/Local/Microsoft/WinGet/Packages/Ninja-build.Ninja_Microsoft.Winget.Source_8wekyb3d8bbwe:/mnt/c/Users/hep7/.dotnet/tools:/mnt/c/Users/hep7/.dotnet/tools:/snap/bin:/home/hep7/.dotnet/tools
SHELL=/bin/bash
DISPLAY=:0
HOSTTYPE=x86_64
LANG=C.UTF-8
LC_ALL=C.UTF-8
LC_CTYPE=C.UTF-8
TERM=xterm-256color

Active Locale:
LC_ALL=C.UTF-8
LC_COLLATE=C.UTF-8
LC_CTYPE=C.UTF-8
LC_MESSAGES=C.UTF-8
LC_MONETARY=C.UTF-8
LC_NUMERIC=C.UTF-8
LC_TIME=C.UTF-8

Signal Handlers:
   SIGSEGV: crash_handler in libjvm.so, mask=11100100010111111101111111111110, flags=SA_RESTART|SA_SIGINFO, unblocked
    SIGBUS: crash_handler in libjvm.so, mask=11100100010111111101111111111110, flags=SA_RESTART|SA_SIGINFO, unblocked
    SIGFPE: crash_handler in libjvm.so, mask=11100100010111111101111111111110, flags=SA_RESTART|SA_SIGINFO, unblocked
   SIGPIPE: javaSignalHandler in libjvm.so, mask=11100100010111111101111111111110, flags=SA_RESTART|SA_SIGINFO, blocked
   SIGXFSZ: javaSignalHandler in libjvm.so, mask=11100100010111111101111111111110, flags=SA_RESTART|SA_SIGINFO, blocked
    SIGILL: crash_handler in libjvm.so, mask=11100100010111111101111111111110, flags=SA_RESTART|SA_SIGINFO, unblocked
   SIGUSR2: SR_handler in libjvm.so, mask=00000000000000000000000000000000, flags=SA_RESTART|SA_SIGINFO, blocked
    SIGHUP: UserHandler in libjvm.so, mask=11100100010111111101111111111110, flags=SA_RESTART|SA_SIGINFO, blocked
    SIGINT: UserHandler in libjvm.so, mask=11100100010111111101111111111110, flags=SA_RESTART|SA_SIGINFO, blocked
   SIGTERM: UserHandler in libjvm.so, mask=11100100010111111101111111111110, flags=SA_RESTART|SA_SIGINFO, blocked
   SIGQUIT: UserHandler in libjvm.so, mask=11100100010111111101111111111110, flags=SA_RESTART|SA_SIGINFO, blocked
   SIGTRAP: crash_handler in libjvm.so, mask=11100100010111111101111111111110, flags=SA_RESTART|SA_SIGINFO, unblocked


Periodic native trim disabled

---------------  S Y S T E M  ---------------

OS:
DISTRIB_ID=Ubuntu
DISTRIB_RELEASE=24.04
DISTRIB_CODENAME=noble
DISTRIB_DESCRIPTION="Ubuntu 24.04.3 LTS"
uname: Linux 6.6.87.2-microsoft-standard-WSL2 #1 SMP PREEMPT_DYNAMIC Thu Jun  5 18:30:46 UTC 2025 x86_64
OS uptime: 1 days 21:41 hours
libc: glibc 2.39 NPTL 2.39 
rlimit (soft/hard): STACK 8192k/infinity , CORE 0k/infinity , NPROC 386189/386189 , NOFILE 1048576/1048576 , AS infinity/infinity , CPU infinity/infinity , DATA infinity/infinity , FSIZE infinity/infinity , MEMLOCK 65536k/65536k
load average: 4.03 2.66 2.08

/proc/meminfo:
MemTotal:       98874496 kB
MemFree:        91083240 kB
MemAvailable:   91518396 kB
Buffers:           50712 kB
Cached:          1465644 kB
SwapCached:       221856 kB
Active:          3491364 kB
Inactive:        3403072 kB
Active(anon):    2576184 kB
Inactive(anon):  3242784 kB
Active(file):     915180 kB
Inactive(file):   160288 kB
Unevictable:           0 kB
Mlocked:               0 kB
SwapTotal:      16777216 kB
SwapFree:        7339152 kB
Dirty:                36 kB
Writeback:             0 kB
AnonPages:       5274356 kB
Mapped:           477164 kB
Shmem:            440420 kB
KReclaimable:     234176 kB
Slab:             398208 kB
SReclaimable:     234176 kB
SUnreclaim:       164032 kB
KernelStack:       22928 kB
PageTables:       136800 kB
SecPageTables:         0 kB
NFS_Unstable:          0 kB
Bounce:                0 kB
WritebackTmp:          0 kB
CommitLimit:    66214464 kB
Committed_AS:   23211816 kB
VmallocTotal:   34359738367 kB
VmallocUsed:       54776 kB
VmallocChunk:          0 kB
Percpu:            11904 kB
HardwareCorrupted:     0 kB
AnonHugePages:         0 kB
ShmemHugePages:        0 kB
ShmemPmdMapped:        0 kB
FileHugePages:         0 kB
FilePmdMapped:         0 kB
Unaccepted:            0 kB
HugePages_Total:       0
HugePages_Free:        0
HugePages_Rsvd:        0
HugePages_Surp:        0
Hugepagesize:       2048 kB
Hugetlb:               0 kB
DirectMap4k:      115712 kB
DirectMap2M:    21903360 kB
DirectMap1G:    88080384 kB

/sys/kernel/mm/transparent_hugepage/enabled: always [madvise] never
/sys/kernel/mm/transparent_hugepage/hpage_pmd_size: 2097152
/sys/kernel/mm/transparent_hugepage/shmem_enabled: always within_size advise [never] deny force
/sys/kernel/mm/transparent_hugepage/defrag (defrag/compaction efforts parameter): always defer defer+madvise [madvise] never

Process Memory:
Virtual Size: 28385268K (peak: 28385308K)
Resident Set Size: 81272K (peak: 81272K) (anon: 54760K, file: 26512K, shmem: 0K)
Swapped out: 0K
C-Heap outstanding allocations: 50232K, retained: 3739K
glibc malloc tunables: (default)

/proc/sys/kernel/threads-max (system-wide limit on the number of threads): 772378
/proc/sys/vm/max_map_count (maximum number of memory map areas a process may have): 262144
/proc/sys/vm/swappiness (control to define how aggressively the kernel swaps out anonymous memory): 10
/proc/sys/kernel/pid_max (system-wide limit on number of process identifiers): 99999

container (cgroup) information:
container_type: cgroupv2
cpu_cpuset_cpus: not supported
cpu_memory_nodes: not supported
active_processor_count: 20
cpu_quota: no quota
cpu_period: 100000
cpu_shares: no shares
memory_limit_in_bytes: unlimited
memory_and_swap_limit_in_bytes: unlimited
memory_soft_limit_in_bytes: unlimited
memory_usage_in_bytes: 6499548 k
memory_max_usage_in_bytes: not supported
memory_swap_current_in_bytes: 9323668 k
memory_swap_max_limit_in_bytes: unlimited
maximum number of tasks: 115856
current number of tasks: 885

Hyper-V virtualization detected
Steal ticks since vm start: 0
Steal ticks percentage since vm start:  0.000

CPU: total 20 (initial active 20) (32 cores per cpu, 1 threads per core) family 6 model 198 stepping 2 microcode 0xffffffff, cx8, cmov, fxsr, mmx, 3dnowpref, sse, sse2, sse3, ssse3, sse4.1, sse4.2, popcnt, lzcnt, tsc, tscinvbit, avx, avx2, aes, erms, clmul, bmi1, bmi2, adx, sha, fma, vzeroupper, clflush, clflushopt, clwb, hv, serialize, rdtscp, rdpid, fsrm, f16c, cet_ibt, cet_ss
CPU Model and flags from /proc/cpuinfo:
model name	: Intel(R) Core(TM) Ultra 7 265K
flags		: fpu vme de pse tsc msr pae mce cx8 apic sep mtrr pge mca cmov pat pse36 clflush mmx fxsr sse sse2 ss ht syscall nx pdpe1gb rdtscp lm constant_tsc rep_good nopl xtopology tsc_reliable nonstop_tsc cpuid tsc_known_freq pni pclmulqdq vmx ssse3 fma cx16 pcid sse4_1 sse4_2 x2apic movbe popcnt tsc_deadline_timer aes xsave avx f16c rdrand hypervisor lahf_lm abm 3dnowprefetch ssbd ibrs ibpb stibp ibrs_enhanced tpr_shadow ept vpid ept_ad fsgsbase tsc_adjust bmi1 avx2 smep bmi2 erms invpcid rdseed adx smap clflushopt clwb sha_ni xsaveopt xsavec xgetbv1 xsaves avx_vnni vnmi umip waitpkg gfni vaes vpclmulqdq rdpid movdiri movdir64b fsrm md_clear serialize flush_l1d arch_capabilities

Online cpus: 0-19
Offline cpus: 
BIOS frequency limitation: <Not Available>
Frequency switch latency (ns): <Not Available>
Available cpu frequencies: <Not Available>
Current governor: <Not Available>
Core performance/turbo boost: <Not Available>

Memory: 4k page, physical 98874496k(91518396k free), swap 16777216k(7339152k free)
Page Sizes: 4k

vm_info: OpenJDK 64-Bit Server VM (22.0.2+9) for linux-amd64 JRE (22.0.2+9), built on 2024-07-16T00:00:00Z by "admin" with gcc 11.3.0

END.
