#
# A fatal error has been detected by the Java Runtime Environment:
#
#  SIGSEGV (0xb) at pc=0x000078ffb656d53d, pid=35562, tid=35585
#
# JRE version: OpenJDK Runtime Environment Temurin-22.0.2+9 (22.0.2+9) (build 22.0.2+9)
# Java VM: OpenJDK 64-Bit Server VM Temurin-22.0.2+9 (22.0.2+9, mixed mode, sharing, tiered, compressed oops, compressed class ptrs, g1 gc, linux-amd64)
# Problematic frame:
# V  [libjvm.so+0x56d53d]  frame::sender(RegisterMap*) const+0x1ed
#
# Core dump will be written. Default location: Core dumps may be processed with "/wsl-capture-crash %t %E %p %s" (or dumping to /home/hep7/project/kairos/zlink/bindings/java/core.35562)
#
# If you would like to submit a bug report, please visit:
#   https://github.com/adoptium/adoptium-support/issues
#

---------------  S U M M A R Y ------------

Command Line: --enable-native-access=ALL-UNNAMED dev.kairoscode.zlink.integration.bench.PairBenchMain STREAM tcp 1024

Host: Intel(R) Core(TM) Ultra 7 265K, 20 cores, 94G, Ubuntu 24.04.3 LTS
Time: Mon Feb 23 19:19:49 2026 KST elapsed time: 0.469279 seconds (0d 0h 0m 0s)

---------------  T H R E A D  ---------------

Current thread (0x000078fedc0145f0):  JavaThread "Thread-0"  daemon [_thread_in_vm, id=35585, stack(0x000078ff201fe000,0x000078ff209fe000) (8192K)]

Stack: [0x000078ff201fe000,0x000078ff209fe000],  sp=0x000078ff209f89c0,  free space=8170k
Native frames: (J=compiled Java code, j=interpreted, Vv=VM code, C=native code)
V  [libjvm.so+0x56d53d]  frame::sender(RegisterMap*) const+0x1ed
V  [libjvm.so+0x928c54]  java_lang_Throwable::fill_in_stack_trace(Handle, methodHandle const&, JavaThread*)+0xaa4
V  [libjvm.so+0x92905f]  java_lang_Throwable::fill_in_stack_trace(Handle, methodHandle const&)+0x5f
V  [libjvm.so+0x9ff148]  JVM_FillInStackTrace+0x88
C  [libjava.so+0x13d52]  Java_java_lang_Throwable_fillInStackTrace+0x12
j  java.lang.Throwable.fillInStackTrace(I)Ljava/lang/Throwable;+0 java.base@22.0.2
j  java.lang.Throwable.fillInStackTrace()Ljava/lang/Throwable;+16 java.base@22.0.2
j  java.lang.Throwable.<init>(Ljava/lang/String;)V+24 java.base@22.0.2
j  java.lang.Error.<init>(Ljava/lang/String;)V+2 java.base@22.0.2
j  java.lang.LinkageError.<init>(Ljava/lang/String;)V+2 java.base@22.0.2
j  java.lang.IncompatibleClassChangeError.<init>(Ljava/lang/String;)V+2 java.base@22.0.2
j  java.lang.NoSuchMethodError.<init>(Ljava/lang/String;)V+2 java.base@22.0.2
v  ~StubRoutines::call_stub 0x000078ff9fc5fcc6
V  [libjvm.so+0x917856]  JavaCalls::call_helper(JavaValue*, methodHandle const&, JavaCallArguments*, JavaThread*)+0x2f6
V  [libjvm.so+0x917d8b]  JavaCalls::call_special(JavaValue*, Klass*, Symbol*, Symbol*, JavaCallArguments*, JavaThread*)+0x11b
V  [libjvm.so+0x917e91]  JavaCalls::construct_new_instance(InstanceKlass*, Symbol*, JavaCallArguments*, JavaThread*)+0xc1
V  [libjvm.so+0x78cf49]  Exceptions::new_exception(JavaThread*, Symbol*, Symbol*, JavaCallArguments*, Handle, Handle, Handle)+0x1e9
V  [libjvm.so+0x78d300]  Exceptions::new_exception(JavaThread*, Symbol*, char const*, Handle, Handle, Handle, Exceptions::ExceptionMsgToUtf8Mode)+0x220
V  [libjvm.so+0x78ed0e]  Exceptions::_throw_msg_cause(JavaThread*, char const*, int, Symbol*, char const*, Handle)+0x5e
V  [libjvm.so+0xba6984]  LinkResolver::resolve_method(LinkInfo const&, Bytecodes::Code, JavaThread*)+0x1e4
V  [libjvm.so+0xbab27d]  LinkResolver::resolve_static_call(CallInfo&, LinkInfo const&, bool, JavaThread*)+0x4d
V  [libjvm.so+0xcb673d]  MethodHandles::resolve_MemberName(Handle, Klass*, int, bool, JavaThread*)+0x8fd
V  [libjvm.so+0xcb6a16]  MHN_resolve_Mem+0x1f6
J 243  java.lang.invoke.MethodHandleNatives.resolve(Ljava/lang/invoke/MemberName;Ljava/lang/Class;IZ)Ljava/lang/invoke/MemberName; java.base@22.0.2 (0 bytes) @ 0x000078ffa03b2b9c [0x000078ffa03b2aa0+0x00000000000000fc]
J 242 c1 java.lang.invoke.MemberName$Factory.resolve(BLjava/lang/invoke/MemberName;Ljava/lang/Class;IZ)Ljava/lang/invoke/MemberName; java.base@22.0.2 (159 bytes) @ 0x000078ff9884b4ac [0x000078ff9884b2c0+0x00000000000001ec]
J 1126 c1 java.lang.invoke.MemberName$Factory.resolveOrNull(BLjava/lang/invoke/MemberName;Ljava/lang/Class;I)Ljava/lang/invoke/MemberName; java.base@22.0.2 (54 bytes) @ 0x000078ff989c48d4 [0x000078ff989c4840+0x0000000000000094]
j  java.lang.invoke.InvokerBytecodeGenerator.resolveFrom(Ljava/lang/String;Ljava/lang/invoke/MethodType;Ljava/lang/Class;)Ljava/lang/invoke/MemberName;+65 java.base@22.0.2
J 737 c1 java.lang.invoke.InvokerBytecodeGenerator.lookupPregenerated(Ljava/lang/invoke/LambdaForm;Ljava/lang/invoke/MethodType;)Ljava/lang/invoke/MemberName; java.base@22.0.2 (294 bytes) @ 0x000078ff9892441c [0x000078ff98923400+0x000000000000101c]
J 1039 c1 java.lang.invoke.InvokerBytecodeGenerator.generateCustomizedCode(Ljava/lang/invoke/LambdaForm;Ljava/lang/invoke/MethodType;)Ljava/lang/invoke/MemberName; java.base@22.0.2 (34 bytes) @ 0x000078ff9899e1d4 [0x000078ff9899e160+0x0000000000000074]
J 656 c1 java.lang.invoke.LambdaForm.compileToBytecode()V java.base@22.0.2 (164 bytes) @ 0x000078ff98906954 [0x000078ff98906760+0x00000000000001f4]
j  java.lang.invoke.DirectMethodHandle.makePreparedLambdaForm(Ljava/lang/invoke/MethodType;I)Ljava/lang/invoke/LambdaForm;+750 java.base@22.0.2
J 832 c1 java.lang.invoke.DirectMethodHandle.preparedLambdaForm(Ljava/lang/invoke/MemberName;Z)Ljava/lang/invoke/LambdaForm; java.base@22.0.2 (244 bytes) @ 0x000078ff98947464 [0x000078ff98946e80+0x00000000000005e4]
J 1123 c1 java.lang.invoke.DirectMethodHandle.make(BLjava/lang/Class;Ljava/lang/invoke/MemberName;Ljava/lang/Class;)Ljava/lang/invoke/DirectMethodHandle; java.base@22.0.2 (275 bytes) @ 0x000078ff989c6144 [0x000078ff989c55a0+0x0000000000000ba4]
j  java.lang.invoke.MethodHandles$Lookup.getDirectMethodCommon(BLjava/lang/Class;Ljava/lang/invoke/MemberName;ZZLjava/lang/invoke/MethodHandles$Lookup;)Ljava/lang/invoke/MethodHandle;+220 java.base@22.0.2
j  java.lang.invoke.MethodHandles$Lookup.getDirectMethod(BLjava/lang/Class;Ljava/lang/invoke/MemberName;Ljava/lang/invoke/MethodHandles$Lookup;)Ljava/lang/invoke/MethodHandle;+14 java.base@22.0.2
j  java.lang.invoke.MethodHandles$Lookup.findStatic(Ljava/lang/Class;Ljava/lang/String;Ljava/lang/invoke/MethodType;)Ljava/lang/invoke/MethodHandle;+23 java.base@22.0.2
j  jdk.internal.foreign.abi.BindingSpecializer.specializeDowncall(Ljava/lang/invoke/MethodHandle;Ljdk/internal/foreign/abi/CallingSequence;Ljdk/internal/foreign/abi/ABIDescriptor;)Ljava/lang/invoke/MethodHandle;+72 java.base@22.0.2
j  jdk.internal.foreign.abi.DowncallLinker.getBoundMethodHandle()Ljava/lang/invoke/MethodHandle;+108 java.base@22.0.2
j  jdk.internal.foreign.abi.x64.sysv.CallArranger.arrangeDowncall(Ljava/lang/invoke/MethodType;Ljava/lang/foreign/FunctionDescriptor;Ljdk/internal/foreign/abi/LinkerOptions;)Ljava/lang/invoke/MethodHandle;+22 java.base@22.0.2
j  jdk.internal.foreign.abi.x64.sysv.SysVx64Linker.arrangeDowncall(Ljava/lang/invoke/MethodType;Ljava/lang/foreign/FunctionDescriptor;Ljdk/internal/foreign/abi/LinkerOptions;)Ljava/lang/invoke/MethodHandle;+3 java.base@22.0.2
j  jdk.internal.foreign.abi.AbstractLinker.lambda$downcallHandle0$0(Ljdk/internal/foreign/abi/AbstractLinker$LinkRequest;)Ljava/lang/invoke/MethodHandle;+19 java.base@22.0.2
j  jdk.internal.foreign.abi.AbstractLinker$$Lambda+0x000078ff23070c08.apply(Ljava/lang/Object;)Ljava/lang/Object;+8 java.base@22.0.2
j  jdk.internal.foreign.abi.SoftReferenceCache$Node.get(Ljava/lang/Object;Ljava/util/function/Function;)Ljava/lang/Object;+45 java.base@22.0.2
j  jdk.internal.foreign.abi.SoftReferenceCache.get(Ljava/lang/Object;Ljava/util/function/Function;)Ljava/lang/Object;+21 java.base@22.0.2
j  jdk.internal.foreign.abi.AbstractLinker.downcallHandle0(Ljava/lang/foreign/FunctionDescriptor;[Ljava/lang/foreign/Linker$Option;)Ljava/lang/invoke/MethodHandle;+51 java.base@22.0.2
j  jdk.internal.foreign.abi.AbstractLinker.downcallHandle(Ljava/lang/foreign/MemorySegment;Ljava/lang/foreign/FunctionDescriptor;[Ljava/lang/foreign/Linker$Option;)Ljava/lang/invoke/MethodHandle;+17 java.base@22.0.2
j  dev.kairoscode.zlink.internal.NativeMsg.downcall(Ljava/lang/String;Ljava/lang/foreign/FunctionDescriptor;)Ljava/lang/invoke/MethodHandle;+23
j  dev.kairoscode.zlink.internal.NativeMsg.<clinit>()V+54
v  ~StubRoutines::call_stub 0x000078ff9fc5fcc6
V  [libjvm.so+0x917856]  JavaCalls::call_helper(JavaValue*, methodHandle const&, JavaCallArguments*, JavaThread*)+0x2f6
V  [libjvm.so+0x8ef2df]  InstanceKlass::call_class_initializer(JavaThread*)+0x31f
V  [libjvm.so+0x8f02fa]  InstanceKlass::initialize_impl(JavaThread*)+0x68a
V  [libjvm.so+0xbab3aa]  LinkResolver::resolve_static_call(CallInfo&, LinkInfo const&, bool, JavaThread*)+0x17a
V  [libjvm.so+0xbabc93]  LinkResolver::resolve_invoke(CallInfo&, Handle, constantPoolHandle const&, int, Bytecodes::Code, JavaThread*)+0x203
V  [libjvm.so+0x90f621]  InterpreterRuntime::resolve_invoke(JavaThread*, Bytecodes::Code)+0x1b1
V  [libjvm.so+0x90fd15]  InterpreterRuntime::resolve_from_cache(JavaThread*, Bytecodes::Code)+0x105
j  dev.kairoscode.zlink.Socket.onStreamPackets(Ljava/lang/foreign/MemorySegment;Ljava/lang/foreign/MemorySegment;J)I+161
j  java.lang.invoke.LambdaForm$DMH+0x000078ff230c0400.invokeSpecial(Ljava/lang/Object;Ljava/lang/Object;Ljava/lang/Object;Ljava/lang/Object;J)I+16 java.base@22.0.2
j  java.lang.invoke.LambdaForm$MH+0x000078ff230c1000.invoke(Ljava/lang/Object;Ljava/lang/Object;Ljava/lang/Object;J)I+27 java.base@22.0.2
j  java.lang.invoke.LambdaForm$MH+0x000078ff230c7400.invokeExact_MT(Ljava/lang/Object;Ljava/lang/Object;Ljava/lang/Object;JLjava/lang/Object;)I+22 java.base@22.0.2
j  jdk.internal.foreign.abi.UpcallStub+0x000078ff230c1400.invoke(Ljava/lang/invoke/MethodHandle;JJJ)I+35 java.base@22.0.2
j  java.lang.invoke.LambdaForm$DMH+0x000078ff230c1800.invokeStatic(Ljava/lang/Object;Ljava/lang/Object;JJJ)I+17 java.base@22.0.2
j  java.lang.invoke.LambdaForm$MH+0x000078ff230c2800.invoke(Ljava/lang/Object;JJJ)I+28 java.base@22.0.2
j  java.lang.invoke.LambdaForm$MH+0x000078ff230c3800.invoke(Ljava/lang/Object;JJJ)I+44 java.base@22.0.2
C  0x000078ff9fed2ee1
Java frames: (J=compiled Java code, j=interpreted, Vv=VM code)
j  java.lang.Throwable.fillInStackTrace(I)Ljava/lang/Throwable;+0 java.base@22.0.2
j  java.lang.Throwable.fillInStackTrace()Ljava/lang/Throwable;+16 java.base@22.0.2
j  java.lang.Throwable.<init>(Ljava/lang/String;)V+24 java.base@22.0.2
j  java.lang.Error.<init>(Ljava/lang/String;)V+2 java.base@22.0.2
j  java.lang.LinkageError.<init>(Ljava/lang/String;)V+2 java.base@22.0.2
j  java.lang.IncompatibleClassChangeError.<init>(Ljava/lang/String;)V+2 java.base@22.0.2
j  java.lang.NoSuchMethodError.<init>(Ljava/lang/String;)V+2 java.base@22.0.2
v  ~StubRoutines::call_stub 0x000078ff9fc5fcc6
J 243  java.lang.invoke.MethodHandleNatives.resolve(Ljava/lang/invoke/MemberName;Ljava/lang/Class;IZ)Ljava/lang/invoke/MemberName; java.base@22.0.2 (0 bytes) @ 0x000078ffa03b2b21 [0x000078ffa03b2aa0+0x0000000000000081]
J 242 c1 java.lang.invoke.MemberName$Factory.resolve(BLjava/lang/invoke/MemberName;Ljava/lang/Class;IZ)Ljava/lang/invoke/MemberName; java.base@22.0.2 (159 bytes) @ 0x000078ff9884b4ac [0x000078ff9884b2c0+0x00000000000001ec]
J 1126 c1 java.lang.invoke.MemberName$Factory.resolveOrNull(BLjava/lang/invoke/MemberName;Ljava/lang/Class;I)Ljava/lang/invoke/MemberName; java.base@22.0.2 (54 bytes) @ 0x000078ff989c48d4 [0x000078ff989c4840+0x0000000000000094]
j  java.lang.invoke.InvokerBytecodeGenerator.resolveFrom(Ljava/lang/String;Ljava/lang/invoke/MethodType;Ljava/lang/Class;)Ljava/lang/invoke/MemberName;+65 java.base@22.0.2
J 737 c1 java.lang.invoke.InvokerBytecodeGenerator.lookupPregenerated(Ljava/lang/invoke/LambdaForm;Ljava/lang/invoke/MethodType;)Ljava/lang/invoke/MemberName; java.base@22.0.2 (294 bytes) @ 0x000078ff9892441c [0x000078ff98923400+0x000000000000101c]
J 1039 c1 java.lang.invoke.InvokerBytecodeGenerator.generateCustomizedCode(Ljava/lang/invoke/LambdaForm;Ljava/lang/invoke/MethodType;)Ljava/lang/invoke/MemberName; java.base@22.0.2 (34 bytes) @ 0x000078ff9899e1d4 [0x000078ff9899e160+0x0000000000000074]
J 656 c1 java.lang.invoke.LambdaForm.compileToBytecode()V java.base@22.0.2 (164 bytes) @ 0x000078ff98906954 [0x000078ff98906760+0x00000000000001f4]
j  java.lang.invoke.DirectMethodHandle.makePreparedLambdaForm(Ljava/lang/invoke/MethodType;I)Ljava/lang/invoke/LambdaForm;+750 java.base@22.0.2
J 832 c1 java.lang.invoke.DirectMethodHandle.preparedLambdaForm(Ljava/lang/invoke/MemberName;Z)Ljava/lang/invoke/LambdaForm; java.base@22.0.2 (244 bytes) @ 0x000078ff98947464 [0x000078ff98946e80+0x00000000000005e4]
J 1123 c1 java.lang.invoke.DirectMethodHandle.make(BLjava/lang/Class;Ljava/lang/invoke/MemberName;Ljava/lang/Class;)Ljava/lang/invoke/DirectMethodHandle; java.base@22.0.2 (275 bytes) @ 0x000078ff989c6144 [0x000078ff989c55a0+0x0000000000000ba4]
j  java.lang.invoke.MethodHandles$Lookup.getDirectMethodCommon(BLjava/lang/Class;Ljava/lang/invoke/MemberName;ZZLjava/lang/invoke/MethodHandles$Lookup;)Ljava/lang/invoke/MethodHandle;+220 java.base@22.0.2
j  java.lang.invoke.MethodHandles$Lookup.getDirectMethod(BLjava/lang/Class;Ljava/lang/invoke/MemberName;Ljava/lang/invoke/MethodHandles$Lookup;)Ljava/lang/invoke/MethodHandle;+14 java.base@22.0.2
j  java.lang.invoke.MethodHandles$Lookup.findStatic(Ljava/lang/Class;Ljava/lang/String;Ljava/lang/invoke/MethodType;)Ljava/lang/invoke/MethodHandle;+23 java.base@22.0.2
j  jdk.internal.foreign.abi.BindingSpecializer.specializeDowncall(Ljava/lang/invoke/MethodHandle;Ljdk/internal/foreign/abi/CallingSequence;Ljdk/internal/foreign/abi/ABIDescriptor;)Ljava/lang/invoke/MethodHandle;+72 java.base@22.0.2
j  jdk.internal.foreign.abi.DowncallLinker.getBoundMethodHandle()Ljava/lang/invoke/MethodHandle;+108 java.base@22.0.2
j  jdk.internal.foreign.abi.x64.sysv.CallArranger.arrangeDowncall(Ljava/lang/invoke/MethodType;Ljava/lang/foreign/FunctionDescriptor;Ljdk/internal/foreign/abi/LinkerOptions;)Ljava/lang/invoke/MethodHandle;+22 java.base@22.0.2
j  jdk.internal.foreign.abi.x64.sysv.SysVx64Linker.arrangeDowncall(Ljava/lang/invoke/MethodType;Ljava/lang/foreign/FunctionDescriptor;Ljdk/internal/foreign/abi/LinkerOptions;)Ljava/lang/invoke/MethodHandle;+3 java.base@22.0.2
j  jdk.internal.foreign.abi.AbstractLinker.lambda$downcallHandle0$0(Ljdk/internal/foreign/abi/AbstractLinker$LinkRequest;)Ljava/lang/invoke/MethodHandle;+19 java.base@22.0.2
j  jdk.internal.foreign.abi.AbstractLinker$$Lambda+0x000078ff23070c08.apply(Ljava/lang/Object;)Ljava/lang/Object;+8 java.base@22.0.2
j  jdk.internal.foreign.abi.SoftReferenceCache$Node.get(Ljava/lang/Object;Ljava/util/function/Function;)Ljava/lang/Object;+45 java.base@22.0.2
j  jdk.internal.foreign.abi.SoftReferenceCache.get(Ljava/lang/Object;Ljava/util/function/Function;)Ljava/lang/Object;+21 java.base@22.0.2
j  jdk.internal.foreign.abi.AbstractLinker.downcallHandle0(Ljava/lang/foreign/FunctionDescriptor;[Ljava/lang/foreign/Linker$Option;)Ljava/lang/invoke/MethodHandle;+51 java.base@22.0.2
j  jdk.internal.foreign.abi.AbstractLinker.downcallHandle(Ljava/lang/foreign/MemorySegment;Ljava/lang/foreign/FunctionDescriptor;[Ljava/lang/foreign/Linker$Option;)Ljava/lang/invoke/MethodHandle;+17 java.base@22.0.2
j  dev.kairoscode.zlink.internal.NativeMsg.downcall(Ljava/lang/String;Ljava/lang/foreign/FunctionDescriptor;)Ljava/lang/invoke/MethodHandle;+23
j  dev.kairoscode.zlink.internal.NativeMsg.<clinit>()V+54
v  ~StubRoutines::call_stub 0x000078ff9fc5fcc6
j  dev.kairoscode.zlink.Socket.onStreamPackets(Ljava/lang/foreign/MemorySegment;Ljava/lang/foreign/MemorySegment;J)I+161
j  java.lang.invoke.LambdaForm$DMH+0x000078ff230c0400.invokeSpecial(Ljava/lang/Object;Ljava/lang/Object;Ljava/lang/Object;Ljava/lang/Object;J)I+16 java.base@22.0.2
j  java.lang.invoke.LambdaForm$MH+0x000078ff230c1000.invoke(Ljava/lang/Object;Ljava/lang/Object;Ljava/lang/Object;J)I+27 java.base@22.0.2
j  java.lang.invoke.LambdaForm$MH+0x000078ff230c7400.invokeExact_MT(Ljava/lang/Object;Ljava/lang/Object;Ljava/lang/Object;JLjava/lang/Object;)I+22 java.base@22.0.2
j  jdk.internal.foreign.abi.UpcallStub+0x000078ff230c1400.invoke(Ljava/lang/invoke/MethodHandle;JJJ)I+35 java.base@22.0.2
j  java.lang.invoke.LambdaForm$DMH+0x000078ff230c1800.invokeStatic(Ljava/lang/Object;Ljava/lang/Object;JJJ)I+17 java.base@22.0.2
j  java.lang.invoke.LambdaForm$MH+0x000078ff230c2800.invoke(Ljava/lang/Object;JJJ)I+28 java.base@22.0.2
j  java.lang.invoke.LambdaForm$MH+0x000078ff230c3800.invoke(Ljava/lang/Object;JJJ)I+44 java.base@22.0.2
C  0x000078ff9fed2ee1
C  [libzlink.so.5.2.5+0xe7b6b]  zlink::stream_t::xstream_dispatch_msg(zlink::msg_t*, zlink::pipe_t*)+0x12b
C  0x000078fedc0144c8
C  0x0000000000000000

[error occurred during error reporting (printing Java stack), id 0xb, SIGSEGV (0xb) at pc=0x000078ffb665ece4]

siginfo: si_signo: 11 (SIGSEGV), si_code: 1 (SEGV_MAPERR), si_addr: 0x000000000000000a

Registers:
RAX=0x0000000000000002, RBX=0x000078ff209f8be0, RCX=0x000078ff9fc66b00, RDX=0x000078ffb010c8a0
RSP=0x000078ff209f89c0, RBP=0x000078ff209f8a00, RSI=0x000078ff209f8ae0, RDI=0x0000000000000000
R8 =0x000078ff184ddf18, R9 =0x0000000000000000, R10=0x000078ffb75f1000, R11=0x000078ffb7500900
R12=0x000078ff209f8ae0, R13=0x000078ff209f8a70, R14=0x000000000000002c, R15=0x0000000000000000
RIP=0x000078ffb656d53d, EFLAGS=0x0000000000010287, CSGSFS=0x002b000000000033, ERR=0x0000000000000004
  TRAPNO=0x000000000000000e


Register to memory mapping:

RAX=0x0000000000000002 is an unknown value
RBX=0x000078ff209f8be0 is pointing into the stack for thread: 0x000078fedc0145f0
RCX=0x000078ff9fc66b00 is pointing into interpreter code (not bytecode specific)
RDX=0x000078ffb010c8a0 points into unknown readable memory: 0x000078ffb0004760 | 60 47 00 b0 ff 78 00 00
RSP=0x000078ff209f89c0 is pointing into the stack for thread: 0x000078fedc0145f0
RBP=0x000078ff209f8a00 is pointing into the stack for thread: 0x000078fedc0145f0
RSI=0x000078ff209f8ae0 is pointing into the stack for thread: 0x000078fedc0145f0
RDI=0x0 is null
R8 ={method} {0x000078ff184ddf18} 'invoke' '(Ljava/lang/Object;JJJ)I' in 'java/lang/invoke/LambdaForm$MH+0x000078ff230c3800'
R9 =0x0 is null
R10=0x000078ffb75f1000 points into unknown readable memory: 0x0100050403020100 | 00 01 02 03 04 05 00 01
R11=0x000078ffb7500900: <offset 0x0000000001500900> in /usr/lib/jvm/temurin-22-jdk-amd64/lib/server/libjvm.so at 0x000078ffb6000000
R12=0x000078ff209f8ae0 is pointing into the stack for thread: 0x000078fedc0145f0
R13=0x000078ff209f8a70 is pointing into the stack for thread: 0x000078fedc0145f0
R14=0x000000000000002c is an unknown value
R15=0x0 is null

Top of Stack: (sp=0x000078ff209f89c0)
0x000078ff209f89c0:   000078ff209fb280 000078ff9fc6737a
0x000078ff209f89d0:   000078ff989e33a0 0000000000000000
0x000078ff209f89e0:   000078fedc0145f0 000078ff209f8ae0
0x000078ff209f89f0:   000000000000002c 0000000000000000
0x000078ff209f8a00:   000078ff209f9e90 000078ffb6928c54
0x000078ff209f8a10:   000078ff209f8ab0 0000003000000010
0x000078ff209f8a20:   000078ff209f8be0 000078ffb03bc8b0
0x000078ff209f8a30:   000078fef40ca600 0000000000000000
0x000078ff209f8a40:   0000000000000000 000078ff209f8ba0
0x000078ff209f8a50:   0101010000000400 000078ff989c5210
0x000078ff209f8a60:   000078fe0000001b 000078fee000a000
0x000078ff209f8a70:   000078fedc009e30 0000000000000000
0x000078ff209f8a80:   0000000000000000 0000000000000000
0x000078ff209f8a90:   0003000000000000 0000000000000002
0x000078ff209f8aa0:   000078fedc009e30 000078ff209f8af0
0x000078ff209f8ab0:   000078ffb03bc8b0 000078fee0009f20
0x000078ff209f8ac0:   000078fee000a000 000078fee000a308
0x000078ff209f8ad0:   00000000000003d8 000078fee0009f30
0x000078ff209f8ae0:   000078fedc009e30 0000000000000000
0x000078ff209f8af0:   0000000000000000 0000000000000000
0x000078ff209f8b00:   0003000000000000 0000000000000002
0x000078ff209f8b10:   000078fedc009e30 000078fedc0145f0
0x000078ff209f8b20:   00000000000000b7 000078ff209f8c00
0x000078ff209f8b30:   000078ff209f8c10 000078ff209f8bf0
0x000078ff209f8b40:   000078ff209f9f40 000078ffb6de177b
0x000078ff209f8b50:   000078fedc0145f0 0000000000000001
0x000078ff209f8b60:   000078ff989c55a0 000078ff989c6cd0
0x000078ff209f8b70:   000078ff989c6ff0 00000000000003d8
0x000078ff209f8b80:   000078fee0009f20 000078fee0009f30
0x000078ff209f8b90:   000078fee000a308 000078fee0009f30
0x000078ff209f8ba0:   000078fef40ca630 00000002780191f0
0x000078ff209f8bb0:   0000000278019220 0000000278019270 

Instructions: (pc=0x000078ffb656d53d)
0x000078ffb656d43d:   8b 77 f8 66 49 0f 6e d7 66 49 0f 6e de 66 0f 6c
0x000078ffb656d44d:   d3 0f 29 55 c0 74 26 80 78 5d 00 0f 84 42 02 00
0x000078ffb656d45d:   00 48 81 8b 08 12 00 00 00 0c 00 00 49 8d 47 f0
0x000078ffb656d46d:   66 48 0f 6e c0 66 0f 6c c0 0f 11 43 50 4c 89 f7
0x000078ffb656d47d:   e8 ce 56 13 00 84 c0 0f 84 6e 01 00 00 80 bb 76
0x000078ffb656d48d:   12 00 00 00 0f 84 41 01 00 00 48 89 da 4c 89 e6
0x000078ffb656d49d:   4c 89 ef e8 3b 5b 13 00 e9 e6 fe ff ff 66 0f 1f
0x000078ffb656d4ad:   44 00 00 48 8b bb 60 12 00 00 4c 89 ee e8 f1 7b
0x000078ffb656d4bd:   93 00 e9 ef fe ff ff 0f 1f 40 00 48 89 da 4c 89
0x000078ffb656d4cd:   e6 4c 89 ef e8 3a c2 23 00 e9 b5 fe ff ff 0f 1f
0x000078ffb656d4dd:   44 00 00 48 89 da 4c 89 e6 4c 89 ef e8 b2 c0 23
0x000078ffb656d4ed:   00 e9 9d fe ff ff 0f 1f 44 00 00 48 8d 15 39 99
0x000078ffb656d4fd:   fc 00 48 8b 12 48 85 d2 74 31 48 8b 4a 08 48 39
0x000078ffb656d50d:   c8 72 28 48 63 52 14 48 01 d1 48 39 c8 0f 83 fa
0x000078ffb656d51d:   fe ff ff 48 89 da 4c 89 e6 4c 89 ef e8 22 c3 23
0x000078ffb656d52d:   00 e9 5d fe ff ff 0f 1f 44 00 00 49 8b 44 24 28
0x000078ffb656d53d:   48 8b 78 08 f3 0f 7e 08 48 8d 48 10 49 c7 45 18
0x000078ffb656d54d:   00 00 00 00 66 48 0f 6e c1 41 c6 45 24 00 66 48
0x000078ffb656d55d:   0f 6e e7 66 0f 6c c8 66 0f 6c c4 41 0f 11 4d 28
0x000078ffb656d56d:   41 0f 11 45 00 e8 49 5c 0d 00 49 89 45 10 48 89
0x000078ffb656d57d:   c7 48 85 c0 74 31 80 7f 5d 00 74 2b 49 8b 45 08
0x000078ffb656d58d:   48 8b 97 80 00 00 00 48 39 d0 0f 84 db 00 00 00
0x000078ffb656d59d:   80 7f 5e 03 0f 84 a9 00 00 00 48 3b 87 88 00 00
0x000078ffb656d5ad:   00 0f 84 c4 00 00 00 48 8d 05 dd 3d 01 01 48 39
0x000078ffb656d5bd:   38 0f 84 cc 00 00 00 41 c7 45 20 00 00 00 00 e9
0x000078ffb656d5cd:   bf fd ff ff 0f 1f 80 00 00 00 00 48 8b b3 60 12
0x000078ffb656d5dd:   00 00 4c 89 f9 4c 89 e2 4c 89 ef e8 13 62 13 00
0x000078ffb656d5ed:   e9 9e fd ff ff 66 0f 1f 44 00 00 f3 41 0f 7e 47
0x000078ffb656d5fd:   f0 66 0f 6f 75 c0 66 49 0f 6e ef 66 0f 6c c5 41
0x000078ffb656d60d:   0f 11 75 00 41 0f 11 45 28 41 81 3e 0f 1f 84 00
0x000078ffb656d61d:   0f 84 a5 00 00 00 4c 89 f7 e8 95 5b 0d 00 49 c7
0x000078ffb656d62d:   45 18 00 00 00 00 49 89 45 10 48 89 c7 41 c6 45 


Stack slot to memory mapping:

stack at sp + 0 slots: 0x000078ff209fb280 is pointing into the stack for thread: 0x000078fedc0145f0
stack at sp + 1 slots: 0x000078ff9fc6737a is at code_begin+1690 in an Interpreter codelet
return entry points  [0x000078ff9fc66ce0, 0x000078ff9fc67970]  3216 bytes
stack at sp + 2 slots: 0x000078ff989e33a0 is at entry_point+0 in (nmethod*)0x000078ff989e3210
Compiled method (c1) 473 1218       3       jdk.internal.classfile.impl.AbstractPoolEntry$AbstractNamedEntry::<init> (10 bytes)
 total in heap  [0x000078ff989e3210,0x000078ff989e3550] = 832
 relocation     [0x000078ff989e3360,0x000078ff989e33a0] = 64
 main code      [0x000078ff989e33a0,0x000078ff989e3498] = 248
 stub code      [0x000078ff989e3498,0x000078ff989e34d8] = 64
 metadata       [0x000078ff989e34d8,0x000078ff989e34e0] = 8
 scopes data    [0x000078ff989e34e0,0x000078ff989e3508] = 40
 scopes pcs     [0x000078ff989e3508,0x000078ff989e3548] = 64
 dependencies   [0x000078ff989e3548,0x000078ff989e3550] = 8
stack at sp + 3 slots: 0x0 is null
stack at sp + 4 slots: 0x000078fedc0145f0 is a thread
stack at sp + 5 slots: 0x000078ff209f8ae0 is pointing into the stack for thread: 0x000078fedc0145f0
stack at sp + 6 slots: 0x000000000000002c is an unknown value
stack at sp + 7 slots: 0x0 is null


Compiled method (n/a) 473  243     n 0       java.lang.invoke.MethodHandleNatives::resolve (native)
 total in heap  [0x000078ffa03b2910,0x000078ffa03b2ea0] = 1424
 relocation     [0x000078ffa03b2a60,0x000078ffa03b2a98] = 56
 main code      [0x000078ffa03b2aa0,0x000078ffa03b2e9e] = 1022
 stub code      [0x000078ffa03b2e9e,0x000078ffa03b2ea0] = 2

[Constant Pool (empty)]

[MachCode]
[Entry Point]
  # {method} {0x000078ff2208b478} 'resolve' '(Ljava/lang/invoke/MemberName;Ljava/lang/Class;IZ)Ljava/lang/invoke/MemberName;' in 'java/lang/invoke/MethodHandleNatives'
  # parm0:    rsi:rsi   = 'java/lang/invoke/MemberName'
  # parm1:    rdx:rdx   = 'java/lang/Class'
  # parm2:    rcx       = int
  # parm3:    r8        = boolean
  #           [sp+0x50]  (sp of caller)
  0x000078ffa03b2aa0: 448b 5608 | 49bb 0000 | 0022 ff78 | 0000 4d03 | d349 3bc2 | 0f84 0600 

  0x000078ffa03b2ab8: ;   {runtime_call ic_miss_stub}
  0x000078ffa03b2ab8: 0000 e9c1 | a58f ff90 
[Verified Entry Point]
  0x000078ffa03b2ac0: 8984 2400 | c0fe ff55 | 488b ec48 | 83ec 4090 | 4181 7f20 | 0100 0000 

  0x000078ffa03b2ad8: ;   {runtime_call StubRoutines (final stubs)}
  0x000078ffa03b2ad8: 7405 e8c1 | 098e ff4d | 8bc8 4c8b | c148 8954 | 2408 4883 | fa00 488d | 4c24 0848 | 0f44 4c24 
  0x000078ffa03b2af8: 0848 8934 | 2448 83fe | 0048 8d14 | 2448 0f44 

  0x000078ffa03b2b08: ;   {oop(a 'java/lang/Class'{0x00000007ff086d20} = 'java/lang/invoke/MethodHandleNatives')}
  0x000078ffa03b2b08: 1424 49be | 206d 08ff | 0700 0000 | 4c89 7424 | 304c 8d74 | 2430 498b | f6c5 f877 

  0x000078ffa03b2b24: ;   {internal_word}
  0x000078ffa03b2b24: 49ba 212b | 3ba0 ff78 | 0000 4d89 | 97a8 0300 | 0049 89a7 | a003 0000 

  0x000078ffa03b2b3c: ;   {external_word}
  0x000078ffa03b2b3c: 803d 6ab3 | 1917 000f | 843c 0000 | 0056 5251 | 4150 4151 

  0x000078ffa03b2b50: ;   {metadata({method} {0x000078ff2208b478} 'resolve' '(Ljava/lang/invoke/MemberName;Ljava/lang/Class;IZ)Ljava/lang/invoke/MemberName;' in 'java/lang/invoke/MethodHandleNatives')}
  0x000078ffa03b2b50: 48be 78b4 | 0822 ff78 | 0000 498b | ff40 f6c4 | 0f0f 8412 | 0000 0048 

  0x000078ffa03b2b68: ;   {runtime_call SharedRuntime::dtrace_method_entry(JavaThread*, Method*)}
  0x000078ffa03b2b68: 83ec 08e8 | 40a2 a216 | 4883 c408 | e905 0000 

  0x000078ffa03b2b78: ;   {runtime_call SharedRuntime::dtrace_method_entry(JavaThread*, Method*)}
  0x000078ffa03b2b78: 00e8 32a2 | a216 4159 | 4158 595a | 5e49 8dbf | c003 0000 | 41c7 8754 | 0400 0004 

  0x000078ffa03b2b94: ;   {runtime_call MHN_resolve_Mem}
  0x000078ffa03b2b94: 0000 00e8 | 843c 9016 | c5f8 7741 | c787 5404 | 0000 0500 | 0000 f083 | 4424 c000 | 493b af58 
  0x000078ffa03b2bb4: 0400 000f | 870e 0000 | 0041 83bf | 5004 0000 | 000f 8424 | 0000 00c5 | f877 4889 | 45f8 498b 
  0x000078ffa03b2bd4: ff4c 8be4 | 4883 ec00 | 4883 e4f0 

  0x000078ffa03b2be0: ;   {runtime_call JavaThread::check_special_condition_for_native_trans(JavaThread*)}
  0x000078ffa03b2be0: e8cb d457 | 1649 8be4 | 4d33 e448 | 8b45 f841 | c787 5404 | 0000 0800 | 0000 4183 | bfd0 0400 
  0x000078ffa03b2c00: 0002 0f84 | 7002 0000 

  0x000078ffa03b2c08: ;   {external_word}
  0x000078ffa03b2c08: 803d 9eb2 | 1917 000f | 8436 0000 | 0048 8945 

  0x000078ffa03b2c18: ;   {metadata({method} {0x000078ff2208b478} 'resolve' '(Ljava/lang/invoke/MemberName;Ljava/lang/Class;IZ)Ljava/lang/invoke/MemberName;' in 'java/lang/invoke/MethodHandleNatives')}
  0x000078ffa03b2c18: f848 be78 | b408 22ff | 7800 0049 | 8bff 40f6 | c40f 0f84 | 1200 0000 | 4883 ec08 

  0x000078ffa03b2c34: ;   {runtime_call SharedRuntime::dtrace_method_exit(JavaThread*, Method*)}
  0x000078ffa03b2c34: e867 a2a2 | 1648 83c4 | 08e9 0500 

  0x000078ffa03b2c40: ;   {runtime_call SharedRuntime::dtrace_method_exit(JavaThread*, Method*)}
  0x000078ffa03b2c40: 0000 e859 | a2a2 1648 | 8b45 f849 | c787 a003 | 0000 0000 | 0000 49c7 | 87a8 0300 | 0000 0000 
  0x000078ffa03b2c60: 00c5 f877 | 4885 c00f | 84e8 0100 | 00a8 030f | 8508 0000 | 0048 8b00 | e9d8 0100 | 00a8 010f 
  0x000078ffa03b2c80: 8509 0000 | 0048 8b40 | fee9 c701 | 0000 488b | 40ff 4180 | 7f38 000f | 84b8 0100 | 0048 83f8 
  0x000078ffa03b2ca0: 000f 84ae | 0100 0049 | 8b4f 2848 | 83f9 000f | 8414 0000 | 0048 83e9 | 0849 894f | 2849 034f 
  0x000078ffa03b2cc0: 3048 8901 | e98c 0100 | 0048 81ec | d000 0000 | 4889 0424 | 4889 4c24 | 0848 8954 | 2410 4889 
  0x000078ffa03b2ce0: 7424 1848 | 897c 2420 | 4c89 4424 | 284c 894c | 2430 4c89 | 5424 384c | 895c 2440 | c5fb 1144 
  0x000078ffa03b2d00: 2450 c5fb | 114c 2458 | c5fb 1154 | 2460 c5fb | 115c 2468 | c5fb 1164 | 2470 c5fb | 116c 2478 
  0x000078ffa03b2d20: c5fb 11b4 | 2480 0000 | 00c5 fb11 | bc24 8800 | 0000 c57b | 1184 2490 | 0000 00c5 | 7b11 8c24 
  0x000078ffa03b2d40: ;   {no_reloc}
  0x000078ffa03b2d40: 9800 0000 | c57b 1194 | 24a0 0000 | 00c5 7b11 | 9c24 a800 | 0000 c57b | 11a4 24b0 | 0000 00c5 
  0x000078ffa03b2d60: 7b11 ac24 | b800 0000 | c57b 11b4 | 24c0 0000 | 00c5 7b11 | bc24 c800 | 0000 498b | f748 8bf8 
  0x000078ffa03b2d80: 40f6 c40f | 0f84 1200 | 0000 4883 

  0x000078ffa03b2d8c: ;   {runtime_call G1BarrierSetRuntime::write_ref_field_pre_entry(oopDesc*, JavaThread*)}
  0x000078ffa03b2d8c: ec08 e83d | 1c41 1648 | 83c4 08e9 | 0500 0000 

  0x000078ffa03b2d9c: ;   {runtime_call G1BarrierSetRuntime::write_ref_field_pre_entry(oopDesc*, JavaThread*)}
  0x000078ffa03b2d9c: e82f 1c41 | 16c5 7b10 | bc24 c800 | 0000 c57b | 10b4 24c0 | 0000 00c5 | 7b10 ac24 | b800 0000 
  0x000078ffa03b2dbc: c57b 10a4 | 24b0 0000 | 00c5 7b10 | 9c24 a800 | 0000 c57b | 1094 24a0 | 0000 00c5 | 7b10 8c24 
  0x000078ffa03b2ddc: 9800 0000 | c57b 1084 | 2490 0000 | 00c5 fb10 | bc24 8800 | 0000 c5fb | 10b4 2480 | 0000 00c5 
  0x000078ffa03b2dfc: fb10 6c24 | 78c5 fb10 | 6424 70c5 | fb10 5c24 | 68c5 fb10 | 5424 60c5 | fb10 4c24 | 58c5 fb10 
  0x000078ffa03b2e1c: 4424 504c | 8b5c 2440 | 4c8b 5424 | 384c 8b4c | 2430 4c8b | 4424 2848 | 8b7c 2420 | 488b 7424 
  0x000078ffa03b2e3c: 1848 8b54 | 2410 488b | 4c24 0848 | 8b04 2448 | 81c4 d000 | 0000 c5f8 | 7749 8b8f | 3004 0000 
  0x000078ffa03b2e5c: c781 0001 | 0000 0000 | 0000 c949 | 837f 0800 | 0f85 0100 

  0x000078ffa03b2e70: ;   {runtime_call StubRoutines (initial stubs)}
  0x000078ffa03b2e70: 0000 c3e9 | 88cd 8aff | c5f8 7748 | 8945 f84c | 8be4 4883 | ec00 4883 

  0x000078ffa03b2e88: ;   {runtime_call SharedRuntime::reguard_yellow_pages()}
  0x000078ffa03b2e88: e4f0 e841 | b0a2 1649 | 8be4 4d33 | e448 8b45 | f8e9 6afd | ffff f4f4 
[/MachCode]


Compiled method (c1) 476  242   !   3       java.lang.invoke.MemberName$Factory::resolve (159 bytes)
 total in heap  [0x000078ff9884b090,0x000078ff9884bc50] = 3008
 relocation     [0x000078ff9884b1e0,0x000078ff9884b2a8] = 200
 main code      [0x000078ff9884b2c0,0x000078ff9884b910] = 1616
 stub code      [0x000078ff9884b910,0x000078ff9884b990] = 128
 metadata       [0x000078ff9884b990,0x000078ff9884b9a8] = 24
 scopes data    [0x000078ff9884b9a8,0x000078ff9884ba90] = 232
 scopes pcs     [0x000078ff9884ba90,0x000078ff9884bba0] = 272
 dependencies   [0x000078ff9884bba0,0x000078ff9884bba8] = 8
 handler table  [0x000078ff9884bba8,0x000078ff9884bc20] = 120
 nul chk table  [0x000078ff9884bc20,0x000078ff9884bc50] = 48

[Constant Pool (empty)]

[MachCode]
[Entry Point]
  # {method} {0x000078ff22111d10} 'resolve' '(BLjava/lang/invoke/MemberName;Ljava/lang/Class;IZ)Ljava/lang/invoke/MemberName;' in 'java/lang/invoke/MemberName$Factory'
  # this:     rsi:rsi   = 'java/lang/invoke/MemberName$Factory'
  # parm0:    rdx       = byte
  # parm1:    rcx:rcx   = 'java/lang/invoke/MemberName'
  # parm2:    r8:r8     = 'java/lang/Class'
  # parm3:    r9        = int
  # parm4:    rdi       = boolean
  #           [sp+0xa0]  (sp of caller)
  0x000078ff9884b2c0: 448b 5608 | 49bb 0000 | 0022 ff78 | 0000 4d03 | d34c 3bd0 

  0x000078ff9884b2d4: ;   {runtime_call ic_miss_stub}
  0x000078ff9884b2d4: 0f85 a61d | 4607 660f | 1f44 0000 
[Verified Entry Point]
  0x000078ff9884b2e0: 8984 2400 | c0fe ff55 | 4881 ec90 | 0000 0090 | 4181 7f20 | 0100 0000 

  0x000078ff9884b2f8: ;   {runtime_call StubRoutines (final stubs)}
  0x000078ff9884b2f8: 7405 e8a1 | 8144 0789 | 5424 684c | 8944 2458 | 4489 4c24 | 6089 7c24 

  0x000078ff9884b310: ;   {metadata(method data for {method} {0x000078ff22111d10} 'resolve' '(BLjava/lang/invoke/MemberName;Ljava/lang/Class;IZ)Ljava/lang/invoke/MemberName;' in 'java/lang/invoke/MemberName$Factory')}
  0x000078ff9884b310: 6448 bb60 | 601a 18ff | 7800 008b | 83f4 0000 | 0083 c002 | 8983 f400 | 0000 25fe | 0700 0085 
  0x000078ff9884b330: c00f 844a | 0400 0048 | 3b01 488b 

  0x000078ff9884b33c: ;   {metadata(method data for {method} {0x000078ff22111d10} 'resolve' '(BLjava/lang/invoke/MemberName;Ljava/lang/Class;IZ)Ljava/lang/invoke/MemberName;' in 'java/lang/invoke/MemberName$Factory')}
  0x000078ff9884b33c: f148 bb60 | 601a 18ff | 7800 0048 | 8383 4001 

  0x000078ff9884b34c: ;   {metadata(method data for {method} {0x000078ff223af3a0} 'clone' '()Ljava/lang/invoke/MemberName;' in 'java/lang/invoke/MemberName')}
  0x000078ff9884b34c: 0000 0148 | be98 2311 | 18ff 7800 | 008b 9ef4 | 0000 0083 | c302 899e | f400 0000 | 81e3 feff 
  0x000078ff9884b36c: 1f00 85db | 0f84 3104 | 0000 488b 

  0x000078ff9884b378: ;   {metadata(method data for {method} {0x000078ff223af3a0} 'clone' '()Ljava/lang/invoke/MemberName;' in 'java/lang/invoke/MemberName')}
  0x000078ff9884b378: f148 bb98 | 2311 18ff | 7800 0048 | 8383 4001 | 0000 0148 

  0x000078ff9884b38c: ;   {optimized virtual_call}
  0x000078ff9884b38c: 8bf1 90e8 

  0x000078ff9884b390: ; ImmutableOopMap {[88]=Oop }
                      ;*invokespecial clone {reexecute=0 rethrow=0 return_oop=0}
                      ; - java.lang.invoke.MemberName::clone@1 (line 691)
                      ; - java.lang.invoke.MemberName$Factory::resolve@1 (line 939)
  0x000078ff9884b390: 2ca6 b507 

  0x000078ff9884b394: ;   {other}
  0x000078ff9884b394: 0f1f 8400 | 0403 0000 

  0x000078ff9884b39c: ;   {metadata(method data for {method} {0x000078ff223af3a0} 'clone' '()Ljava/lang/invoke/MemberName;' in 'java/lang/invoke/MemberName')}
  0x000078ff9884b39c: 4885 c048 | ba98 2311 | 18ff 7800 | 0075 0c80 | 8a49 0100 | 0001 e9ae | 0000 008b | 4808 49ba 
  0x000078ff9884b3bc: 0000 0022 | ff78 0000 | 4903 ca48 | 3b8a 5801 | 0000 750d | 4883 8260 | 0100 0001 | e960 0000 
  0x000078ff9884b3dc: 0048 3b8a | 6801 0000 | 750d 4883 | 8270 0100 | 0001 e94a | 0000 0048 | 83ba 5801 | 0000 0075 
  0x000078ff9884b3fc: 1748 898a | 5801 0000 | 48c7 8260 | 0100 0001 | 0000 00e9 | 2900 0000 | 4883 ba68 | 0100 0000 
  0x000078ff9884b41c: 7517 4889 | 8a68 0100 | 0048 c782 | 7001 0000 | 0100 0000 | e908 0000 | 0048 8382 | 5001 0000 
  0x000078ff9884b43c: ;   {metadata('java/lang/invoke/MemberName')}
  0x000078ff9884b43c: 0148 b938 | d807 22ff | 7800 008b | 7008 49ba | 0000 0022 | ff78 0000 | 4903 f248 | 3bce 0f85 
  0x000078ff9884b45c: 6803 0000 | e900 0000 | 0048 8bf8 

  0x000078ff9884b468: ;   {metadata(method data for {method} {0x000078ff22111d10} 'resolve' '(BLjava/lang/invoke/MemberName;Ljava/lang/Class;IZ)Ljava/lang/invoke/MemberName;' in 'java/lang/invoke/MemberName$Factory')}
  0x000078ff9884b468: 48be 6060 | 1a18 ff78 | 0000 ff86 | 7001 0000 

  0x000078ff9884b478: ;   {metadata(method data for {method} {0x000078ff22111d10} 'resolve' '(BLjava/lang/invoke/MemberName;Ljava/lang/Class;IZ)Ljava/lang/invoke/MemberName;' in 'java/lang/invoke/MemberName$Factory')}
  0x000078ff9884b478: 48be 6060 | 1a18 ff78 | 0000 4883 | 86f0 0100 | 0001 488b | f748 8b54 | 2458 8b4c | 2460 448b 
  0x000078ff9884b498: 4424 6448 | 897c 2470 | 0f1f 8000 

  0x000078ff9884b4a4: ;   {static_call}
  0x000078ff9884b4a4: 0000 00e8 

  0x000078ff9884b4a8: ; ImmutableOopMap {[112]=Oop }
                      ;*invokestatic resolve {reexecute=0 rethrow=0 return_oop=0}
                      ; - java.lang.invoke.MemberName$Factory::resolve@36 (line 957)
  0x000078ff9884b4a8: 1476 b607 

  0x000078ff9884b4ac: ;   {other}
  0x000078ff9884b4ac: 0f1f 8400 | 1c04 0001 | 4889 4424 | 7848 85c0 

  0x000078ff9884b4bc: ;   {metadata(method data for {method} {0x000078ff22111d10} 'resolve' '(BLjava/lang/invoke/MemberName;Ljava/lang/Class;IZ)Ljava/lang/invoke/MemberName;' in 'java/lang/invoke/MemberName$Factory')}
  0x000078ff9884b4bc: 48ba 6060 | 1a18 ff78 | 0000 48c7 | c600 0200 | 0075 0748 | c7c6 1002 | 0000 488b | 3c32 488d 
  0x000078ff9884b4dc: 7f01 4889 | 3c32 0f85 | 3200 0000 | 8b7c 2464 

  0x000078ff9884b4ec: ;   {metadata(method data for {method} {0x000078ff22111d10} 'resolve' '(BLjava/lang/invoke/MemberName;Ljava/lang/Class;IZ)Ljava/lang/invoke/MemberName;' in 'java/lang/invoke/MemberName$Factory')}
  0x000078ff9884b4ec: 85ff 48ba | 6060 1a18 | ff78 0000 | 48c7 c630 | 0200 0075 | 0748 c7c6 | 2002 0000 | 488b 3c32 
  0x000078ff9884b50c: 488d 7f01 | 4889 3c32 | 0f85 dd00 | 0000 483b | 0048 8bd0 

  0x000078ff9884b520: ;   {metadata(method data for {method} {0x000078ff22111d10} 'resolve' '(BLjava/lang/invoke/MemberName;Ljava/lang/Class;IZ)Ljava/lang/invoke/MemberName;' in 'java/lang/invoke/MemberName$Factory')}
  0x000078ff9884b520: 48be 6060 | 1a18 ff78 | 0000 4883 | 8640 0200 | 0001 8b50 | 1848 c1e2 | 0348 8bf0 

  0x000078ff9884b53c: ;   {metadata(method data for {method} {0x000078ff22111d10} 'resolve' '(BLjava/lang/invoke/MemberName;Ljava/lang/Class;IZ)Ljava/lang/invoke/MemberName;' in 'java/lang/invoke/MemberName$Factory')}
  0x000078ff9884b53c: 48bf 6060 | 1a18 ff78 | 0000 4883 | 8770 0200 | 0001 488b | f066 0f1f 

  0x000078ff9884b554: ;   {optimized virtual_call}
  0x000078ff9884b554: 4400 00e8 

  0x000078ff9884b558: ; ImmutableOopMap {[120]=Oop }
                      ;*invokevirtual checkForTypeAlias {reexecute=0 rethrow=0 return_oop=0}
                      ; - java.lang.invoke.MemberName$Factory::resolve@60 (line 961)
  0x000078ff9884b558: 2470 0200 

  0x000078ff9884b55c: ;   {other}
  0x000078ff9884b55c: 0f1f 8400 | cc04 0002 | 410f be57 | 3885 d248 | 8b44 2478 | 0f85 6002 | 0000 c740 | 2800 0000 
  0x000078ff9884b57c: ;   {metadata(method data for {method} {0x000078ff22111d10} 'resolve' '(BLjava/lang/invoke/MemberName;Ljava/lang/Class;IZ)Ljava/lang/invoke/MemberName;' in 'java/lang/invoke/MemberName$Factory')}
  0x000078ff9884b57c: 0048 ba60 | 601a 18ff | 7800 00ff | 82a0 0200 

  0x000078ff9884b58c: ;   {metadata(method data for {method} {0x000078ff22111d10} 'resolve' '(BLjava/lang/invoke/MemberName;Ljava/lang/Class;IZ)Ljava/lang/invoke/MemberName;' in 'java/lang/invoke/MemberName$Factory')}
  0x000078ff9884b58c: 0048 ba60 | 601a 18ff | 7800 00ff | 8238 0300 | 0048 8bd0 

  0x000078ff9884b5a0: ;   {metadata(method data for {method} {0x000078ff22111d10} 'resolve' '(BLjava/lang/invoke/MemberName;Ljava/lang/Class;IZ)Ljava/lang/invoke/MemberName;' in 'java/lang/invoke/MemberName$Factory')}
  0x000078ff9884b5a0: 48be 6060 | 1a18 ff78 | 0000 4883 | 86b8 0300 | 0001 ba01 | 0000 0048 | 8bf0 0f1f 

  0x000078ff9884b5bc: ;   {optimized virtual_call}
  0x000078ff9884b5bc: 4400 00e8 

  0x000078ff9884b5c0: ; ImmutableOopMap {[120]=Oop }
                      ;*invokevirtual initResolved {reexecute=0 rethrow=0 return_oop=0}
                      ; - java.lang.invoke.MemberName$Factory::resolve@131 (line 970)
  0x000078ff9884b5c0: fc73 fdff 

  0x000078ff9884b5c4: ;   {other}
  0x000078ff9884b5c4: 0f1f 8400 | 3405 0003 

  0x000078ff9884b5cc: ;   {metadata(method data for {method} {0x000078ff22111d10} 'resolve' '(BLjava/lang/invoke/MemberName;Ljava/lang/Class;IZ)Ljava/lang/invoke/MemberName;' in 'java/lang/invoke/MemberName$Factory')}
  0x000078ff9884b5cc: 48b8 6060 | 1a18 ff78 | 0000 ff80 | e803 0000 | 488b 4424 | 7848 81c4 | 9000 0000 

  0x000078ff9884b5e8: ;   {poll_return}
  0x000078ff9884b5e8: 5d49 3ba7 | 5804 0000 | 0f87 ff01 

  0x000078ff9884b5f4: ;   {oop(nullptr)}
  0x000078ff9884b5f4: 0000 c348 | b800 0000 | 0000 0000 | 0048 81c4 | 9000 0000 

  0x000078ff9884b608: ;   {poll_return}
  0x000078ff9884b608: 5d49 3ba7 | 5804 0000 | 0f87 f501 | 0000 c349 | 8b87 0805 | 0000 4d33 | d24d 8997 | 0805 0000 
  0x000078ff9884b628: 4d33 d24d | 8997 1005 

  0x000078ff9884b630: ;   {metadata(method data for {method} {0x000078ff22111d10} 'resolve' '(BLjava/lang/invoke/MemberName;Ljava/lang/Class;IZ)Ljava/lang/invoke/MemberName;' in 'java/lang/invoke/MemberName$Factory')}
  0x000078ff9884b630: 0000 48be | 6060 1a18 | ff78 0000 | ff86 b802 | 0000 410f | be77 3885 | f60f 85d2 | 0100 004c 
  0x000078ff9884b650: 8bd0 49c1 | ea03 4489 | 5228 488b | f248 33f0 | 48c1 ee18 | 4883 fe00 | 0f85 d701 | 0000 488b 
  0x000078ff9884b670: c248 81c4 | 9000 0000 

  0x000078ff9884b678: ;   {poll_return}
  0x000078ff9884b678: 5d49 3ba7 | 5804 0000 | 0f87 d701 | 0000 c349 | 8b87 0805 | 0000 4d33 | d24d 8997 | 0805 0000 
  0x000078ff9884b698: 4d33 d24d | 8997 1005 | 0000 488b 

  0x000078ff9884b6a4: ;   {metadata(method data for {method} {0x000078ff223af3a0} 'clone' '()Ljava/lang/invoke/MemberName;' in 'java/lang/invoke/MemberName')}
  0x000078ff9884b6a4: d848 be98 | 2311 18ff | 7800 0048 | 8386 8001 

  0x000078ff9884b6b4: ;   {metadata(method data for {method} {0x000078ff223c3130} 'newInternalError' '(Ljava/lang/Exception;)Ljava/lang/InternalError;' in 'java/lang/invoke/MethodHandleStatics')}
  0x000078ff9884b6b4: 0000 0148 | be70 2511 | 18ff 7800 | 008b 86f4 | 0000 0083 | c002 8986 | f400 0000 | 25fe ff1f 
  0x000078ff9884b6d4: 0085 c00f | 8496 0100 

  0x000078ff9884b6dc: ;   {metadata('java/lang/InternalError')}
  0x000078ff9884b6dc: 0048 baf0 | 0201 22ff | 7800 0080 | ba20 0100 | 0005 0f85 | a501 0000 | 498b 87b8 | 0100 0048 
  0x000078ff9884b6fc: 8d78 2849 | 3bbf c801 | 0000 0f87 | 8d01 0000 | 4989 bfb8 | 0100 0048 | c700 0100 | 0000 488b 
  0x000078ff9884b71c: ca49 ba00 | 0000 22ff | 7800 0049 | 2bca 8948 | 0848 33c9 | 8948 0c48 | 33c9 4889 | 4810 4889 
  0x000078ff9884b73c: 4818 4889 | 4820 488b 

  0x000078ff9884b744: ;   {metadata(method data for {method} {0x000078ff223c3130} 'newInternalError' '(Ljava/lang/Exception;)Ljava/lang/InternalError;' in 'java/lang/invoke/MethodHandleStatics')}
  0x000078ff9884b744: d048 be70 | 2511 18ff | 7800 0048 | 8386 4001 | 0000 0148 | 8bd3 488b | f048 8984 | 2480 0000 
  0x000078ff9884b764: ;   {optimized virtual_call}
  0x000078ff9884b764: 0066 90e8 

  0x000078ff9884b768: ; ImmutableOopMap {[88]=Oop [128]=Oop }
                      ;*invokespecial <init> {reexecute=0 rethrow=0 return_oop=0}
                      ; - java.lang.invoke.MethodHandleStatics::newInternalError@5 (line 166)
                      ; - java.lang.invoke.MemberName::clone@10 (line 693)
                      ; - java.lang.invoke.MemberName$Factory::resolve@1 (line 939)
  0x000078ff9884b768: 141c 4607 

  0x000078ff9884b76c: ;   {other}
  0x000078ff9884b76c: 0f1f 8400 | dc06 0004 | 488b 8424 | 8000 0000 | e97f 0100 

  0x000078ff9884b780: ;   {metadata({method} {0x000078ff22111d10} 'resolve' '(BLjava/lang/invoke/MemberName;Ljava/lang/Class;IZ)Ljava/lang/invoke/MemberName;' in 'java/lang/invoke/MemberName$Factory')}
  0x000078ff9884b780: 0049 ba10 | 1d11 22ff | 7800 004c | 8954 2408 | 48c7 0424 | ffff ffff 

  0x000078ff9884b798: ;   {runtime_call counter_overflow Runtime1 stub}
  0x000078ff9884b798: e8e3 9852 

  0x000078ff9884b79c: ; ImmutableOopMap {rsi=Oop rcx=Oop r8=Oop [88]=Oop }
                      ;*synchronization entry
                      ; - java.lang.invoke.MemberName$Factory::resolve@-1 (line 939)
  0x000078ff9884b79c: 07e9 95fb 

  0x000078ff9884b7a0: ;   {runtime_call throw_null_pointer_exception Runtime1 stub}
  0x000078ff9884b7a0: ffff e8d9 

  0x000078ff9884b7a4: ; ImmutableOopMap {rcx=Oop [88]=Oop }
                      ;*invokevirtual clone {reexecute=0 rethrow=0 return_oop=0}
                      ; - java.lang.invoke.MemberName$Factory::resolve@1 (line 939)
                      ;   {metadata({method} {0x000078ff223af3a0} 'clone' '()Ljava/lang/invoke/MemberName;' in 'java/lang/invoke/MemberName')}
  0x000078ff9884b7a4: 2e52 0749 | baa0 f33a | 22ff 7800 | 004c 8954 | 2408 48c7 | 0424 ffff 

  0x000078ff9884b7bc: ;   {runtime_call counter_overflow Runtime1 stub}
  0x000078ff9884b7bc: ffff e8bd 

  0x000078ff9884b7c0: ; ImmutableOopMap {rcx=Oop [88]=Oop }
                      ;*synchronization entry
                      ; - java.lang.invoke.MemberName::clone@-1 (line 691)
                      ; - java.lang.invoke.MemberName$Factory::resolve@1 (line 939)
  0x000078ff9884b7c0: 9852 07e9 | aefb ffff | 4889 0424 

  0x000078ff9884b7cc: ;   {runtime_call throw_class_cast_exception Runtime1 stub}
  0x000078ff9884b7cc: e82f 6952 

  0x000078ff9884b7d0: ; ImmutableOopMap {[88]=Oop }
                      ;*checkcast {reexecute=0 rethrow=0 return_oop=0}
                      ; - java.lang.invoke.MemberName::clone@4 (line 691)
                      ; - java.lang.invoke.MemberName$Factory::resolve@1 (line 939)
                      ;   {runtime_call throw_null_pointer_exception Runtime1 stub}
  0x000078ff9884b7d0: 07e8 aa2e 

  0x000078ff9884b7d4: ; ImmutableOopMap {rax=Oop [120]=Oop }
                      ;*invokevirtual getDeclaringClass {reexecute=0 rethrow=0 return_oop=0}
                      ; - java.lang.invoke.MemberName$Factory::resolve@57 (line 961)
  0x000078ff9884b7d4: 5207 8b50 | 2848 c1e2 | 0348 83fa | 000f 848f | fdff ff48 

  0x000078ff9884b7e8: ;   {runtime_call g1_pre_barrier_slow}
  0x000078ff9884b7e8: 8914 24e8 | 909e 5207 | e981 fdff 

  0x000078ff9884b7f4: ;   {internal_word}
  0x000078ff9884b7f4: ff49 bae9 | b584 98ff | 7800 004d | 8997 7004 

  0x000078ff9884b804: ;   {runtime_call SafepointBlob}
  0x000078ff9884b804: 0000 e9f5 

  0x000078ff9884b808: ;   {internal_word}
  0x000078ff9884b808: 8746 0749 | ba09 b684 | 98ff 7800 | 004d 8997 | 7004 0000 

  0x000078ff9884b81c: ;   {runtime_call SafepointBlob}
  0x000078ff9884b81c: e9df 8746 | 078b 7228 | 48c1 e603 | 4883 fe00 | 0f84 1dfe | ffff 4889 

  0x000078ff9884b834: ;   {runtime_call g1_pre_barrier_slow}
  0x000078ff9884b834: 3424 e845 | 9e52 07e9 | 0ffe ffff 

  0x000078ff9884b840: ;   {runtime_call throw_null_pointer_exception Runtime1 stub}
  0x000078ff9884b840: e83b 2e52 

  0x000078ff9884b844: ; ImmutableOopMap {rdx=Oop rax=Oop }
                      ;*putfield resolution {reexecute=1 rethrow=0 return_oop=0}
                      ; - (reexecute) java.lang.invoke.MemberName$Factory::resolve@100 (line 966)
  0x000078ff9884b844: 0748 83f8 | 000f 841f | feff ff48 

  0x000078ff9884b850: ;   {runtime_call g1_post_barrier_slow}
  0x000078ff9884b850: 8914 24e8 | 28a6 5207 | e911 feff 

  0x000078ff9884b85c: ;   {internal_word}
  0x000078ff9884b85c: ff49 ba79 | b684 98ff | 7800 004d | 8997 7004 

  0x000078ff9884b86c: ;   {runtime_call SafepointBlob}
  0x000078ff9884b86c: 0000 e98d 

  0x000078ff9884b870: ;   {metadata({method} {0x000078ff223c3130} 'newInternalError' '(Ljava/lang/Exception;)Ljava/lang/InternalError;' in 'java/lang/invoke/MethodHandleStatics')}
  0x000078ff9884b870: 8746 0749 | ba30 313c | 22ff 7800 | 004c 8954 | 2408 48c7 | 0424 ffff 

  0x000078ff9884b888: ;   {runtime_call counter_overflow Runtime1 stub}
  0x000078ff9884b888: ffff e8f1 

  0x000078ff9884b88c: ; ImmutableOopMap {rbx=Oop [88]=Oop }
                      ;*synchronization entry
                      ; - java.lang.invoke.MethodHandleStatics::newInternalError@-1 (line 166)
                      ; - java.lang.invoke.MemberName::clone@10 (line 693)
                      ; - java.lang.invoke.MemberName$Factory::resolve@1 (line 939)
  0x000078ff9884b88c: 9752 07e9 | 49fe ffff 

  0x000078ff9884b894: ;   {runtime_call throw_null_pointer_exception Runtime1 stub}
  0x000078ff9884b894: e8e7 2d52 

  0x000078ff9884b898: ; ImmutableOopMap {rbx=Oop [88]=Oop }
                      ;*new {reexecute=0 rethrow=0 return_oop=0}
                      ; - java.lang.invoke.MethodHandleStatics::newInternalError@0 (line 166)
                      ; - java.lang.invoke.MemberName::clone@10 (line 693)
                      ; - java.lang.invoke.MemberName$Factory::resolve@1 (line 939)
  0x000078ff9884b898: 0748 8bd2 

  0x000078ff9884b89c: ;   {runtime_call fast_new_instance_init_check Runtime1 stub}
  0x000078ff9884b89c: e8df 4252 

  0x000078ff9884b8a0: ; ImmutableOopMap {rbx=Oop [88]=Oop }
                      ;*new {reexecute=0 rethrow=0 return_oop=0}
                      ; - java.lang.invoke.MethodHandleStatics::newInternalError@0 (line 166)
                      ; - java.lang.invoke.MemberName::clone@10 (line 693)
                      ; - java.lang.invoke.MemberName$Factory::resolve@1 (line 939)
  0x000078ff9884b8a0: 07e9 9cfe 

  0x000078ff9884b8a4: ;   {runtime_call throw_null_pointer_exception Runtime1 stub}
  0x000078ff9884b8a4: ffff e8d5 

  0x000078ff9884b8a8: ; ImmutableOopMap {rdx=Oop rax=Oop }
                      ;*putfield resolution {reexecute=1 rethrow=0 return_oop=0}
                      ; - (reexecute) java.lang.invoke.MemberName$Factory::resolve@100 (line 966)
  0x000078ff9884b8a8: 2d52 0748 | 8b54 2470 | e962 fdff | ff48 8b54 | 2470 e958 | fdff ff48 | 8b54 2478 | e94e fdff 
  0x000078ff9884b8c8: ff48 8b54 | 2478 e944 | fdff ff48 | 8bd0 e93c | fdff ff48 | 8bd0 e934 | fdff ff49 | 8b87 0805 
  0x000078ff9884b8e8: 0000 49c7 | 8708 0500 | 0000 0000 | 0049 c787 | 1005 0000 | 0000 0000 | 4881 c490 | 0000 005d 
  0x000078ff9884b908: ;   {runtime_call unwind_exception Runtime1 stub}
  0x000078ff9884b908: e9f3 1952 | 07f4 f4f4 
[Stub Code]
  0x000078ff9884b910: ;   {no_reloc}
  0x000078ff9884b910: 0f1f 4400 

  0x000078ff9884b914: ;   {static_stub}
  0x000078ff9884b914: 0048 bb00 | 0000 0000 

  0x000078ff9884b91c: ;   {runtime_call}
  0x000078ff9884b91c: 0000 00e9 | fbff ffff 

  0x000078ff9884b924: ;   {static_stub}
  0x000078ff9884b924: 9048 bb00 | 0000 0000 

  0x000078ff9884b92c: ;   {runtime_call}
  0x000078ff9884b92c: 0000 00e9 | fbff ffff 

  0x000078ff9884b934: ;   {static_stub}
  0x000078ff9884b934: 48bb 0000 | 0000 0000 

  0x000078ff9884b93c: ;   {runtime_call}
  0x000078ff9884b93c: 0000 e9fb 

  0x000078ff9884b940: ;   {static_stub}
  0x000078ff9884b940: ffff ff48 | bb58 df3a | 22ff 7800 

  0x000078ff9884b94c: ;   {runtime_call I2C/C2I adapters}
  0x000078ff9884b94c: 00e9 9571 

  0x000078ff9884b950: ;   {static_stub}
  0x000078ff9884b950: 4607 48bb | 0000 0000 | 0000 0000 

  0x000078ff9884b95c: ;   {runtime_call}
  0x000078ff9884b95c: e9fb ffff 

  0x000078ff9884b960: ;   {runtime_call handle_exception_from_callee Runtime1 stub}
  0x000078ff9884b960: ffe8 9a61 

  0x000078ff9884b964: ;   {external_word}
  0x000078ff9884b964: 5207 48bf | 93a5 13b7 | ff78 0000 | 4883 e4f0 

  0x000078ff9884b974: ;   {runtime_call MacroAssembler::debug64(char*, long, long*)}
  0x000078ff9884b974: e8c7 913c 

  0x000078ff9884b978: ;   {section_word}
  0x000078ff9884b978: 1ef4 49ba | 7ab9 8498 | ff78 0000 

  0x000078ff9884b984: ;   {runtime_call DeoptimizationBlob}
  0x000078ff9884b984: 4152 e915 | 7946 07f4 | f4f4 f4f4 
[/MachCode]


Compiled method (c1) 482 1126       3       java.lang.invoke.MemberName$Factory::resolveOrNull (54 bytes)
 total in heap  [0x000078ff989c4690,0x000078ff989c4bc0] = 1328
 relocation     [0x000078ff989c47e0,0x000078ff989c4840] = 96
 main code      [0x000078ff989c4840,0x000078ff989c4aa0] = 608
 stub code      [0x000078ff989c4aa0,0x000078ff989c4ae0] = 64
 metadata       [0x000078ff989c4ae0,0x000078ff989c4af8] = 24
 scopes data    [0x000078ff989c4af8,0x000078ff989c4b48] = 80
 scopes pcs     [0x000078ff989c4b48,0x000078ff989c4ba8] = 96
 dependencies   [0x000078ff989c4ba8,0x000078ff989c4bb0] = 8
 nul chk table  [0x000078ff989c4bb0,0x000078ff989c4bc0] = 16

[Constant Pool (empty)]

[MachCode]
[Entry Point]
  # {method} {0x000078ff22111a78} 'resolveOrNull' '(BLjava/lang/invoke/MemberName;Ljava/lang/Class;I)Ljava/lang/invoke/MemberName;' in 'java/lang/invoke/MemberName$Factory'
  # this:     rsi:rsi   = 'java/lang/invoke/MemberName$Factory'
  # parm0:    rdx       = byte
  # parm1:    rcx:rcx   = 'java/lang/invoke/MemberName'
  # parm2:    r8:r8     = 'java/lang/Class'
  # parm3:    r9        = int
  #           [sp+0x60]  (sp of caller)
  0x000078ff989c4840: 448b 5608 | 49bb 0000 | 0022 ff78 | 0000 4d03 | d34c 3bd0 

  0x000078ff989c4854: ;   {runtime_call ic_miss_stub}
  0x000078ff989c4854: 0f85 2688 | 2e07 660f | 1f44 0000 
[Verified Entry Point]
  0x000078ff989c4860: 8984 2400 | c0fe ff55 | 4883 ec50 | 4181 7f20 | 0100 0000 

  0x000078ff989c4874: ;   {runtime_call StubRoutines (final stubs)}
  0x000078ff989c4874: 7405 e825 

  0x000078ff989c4878: ;   {metadata(method data for {method} {0x000078ff22111a78} 'resolveOrNull' '(BLjava/lang/invoke/MemberName;Ljava/lang/Class;I)Ljava/lang/invoke/MemberName;' in 'java/lang/invoke/MemberName$Factory')}
  0x000078ff989c4878: ec2c 0748 | bfb0 f220 | 18ff 7800 | 008b 9ff4 | 0000 0083 | c302 899f | f400 0000 | 81e3 fe07 
  0x000078ff989c4898: 0000 85db | 0f84 5e01 

  0x000078ff989c48a0: ;   {metadata(method data for {method} {0x000078ff22111a78} 'resolveOrNull' '(BLjava/lang/invoke/MemberName;Ljava/lang/Class;I)Ljava/lang/invoke/MemberName;' in 'java/lang/invoke/MemberName$Factory')}
  0x000078ff989c48a0: 0000 48bf | b0f2 2018 | ff78 0000 | ff87 4001 | 0000 488b 

  0x000078ff989c48b4: ;   {metadata(method data for {method} {0x000078ff22111a78} 'resolveOrNull' '(BLjava/lang/invoke/MemberName;Ljava/lang/Class;I)Ljava/lang/invoke/MemberName;' in 'java/lang/invoke/MemberName$Factory')}
  0x000078ff989c48b4: fe48 bbb0 | f220 18ff | 7800 0048 | 8383 b001 | 0000 01bf | 0100 0000 

  0x000078ff989c48cc: ;   {optimized virtual_call}
  0x000078ff989c48cc: 6666 90e8 

  0x000078ff989c48d0: ; ImmutableOopMap {}
                      ;*invokevirtual resolve {reexecute=0 rethrow=0 return_oop=0}
                      ; - java.lang.invoke.MemberName$Factory::resolveOrNull@31 (line 1001)
  0x000078ff989c48d0: 0c6a e8ff 

  0x000078ff989c48d4: ;   {other}
  0x000078ff989c48d4: 0f1f 8400 | 4402 0000 

  0x000078ff989c48dc: ;   {metadata(method data for {method} {0x000078ff22111a78} 'resolveOrNull' '(BLjava/lang/invoke/MemberName;Ljava/lang/Class;I)Ljava/lang/invoke/MemberName;' in 'java/lang/invoke/MemberName$Factory')}
  0x000078ff989c48dc: 4885 c048 | beb0 f220 | 18ff 7800 | 0048 c7c7 | e001 0000 | 7407 48c7 | c7f0 0100 | 0048 8b1c 
  0x000078ff989c48fc: 3e48 8d5b | 0148 891c | 3e0f 84c5 | 0000 0048 | 3b00 488b 

  0x000078ff989c4910: ;   {metadata(method data for {method} {0x000078ff22111a78} 'resolveOrNull' '(BLjava/lang/invoke/MemberName;Ljava/lang/Class;I)Ljava/lang/invoke/MemberName;' in 'java/lang/invoke/MemberName$Factory')}
  0x000078ff989c4910: f048 bfb0 | f220 18ff | 7800 0048 | 8387 0002 

  0x000078ff989c4920: ;   {metadata(method data for {method} {0x000078ff223aeed0} 'isResolved' '()Z' in 'java/lang/invoke/MemberName')}
  0x000078ff989c4920: 0000 0148 | bef0 cd0a | 18ff 7800 | 008b bef4 | 0000 0083 | c702 89be | f400 0000 | 81e7 feff 
  0x000078ff989c4940: 1f00 85ff | 0f84 dc00 | 0000 8b70 | 2848 c1e6 | 0348 85f6 

  0x000078ff989c4954: ;   {metadata(method data for {method} {0x000078ff223aeed0} 'isResolved' '()Z' in 'java/lang/invoke/MemberName')}
  0x000078ff989c4954: 48be f0cd | 0a18 ff78 | 0000 48c7 | c740 0100 | 0075 0748 | c7c7 5001 | 0000 488b | 1c3e 488d 
  0x000078ff989c4974: 5b01 4889 | 1c3e 0f85 | 1a00 0000 

  0x000078ff989c4980: ;   {metadata(method data for {method} {0x000078ff223aeed0} 'isResolved' '()Z' in 'java/lang/invoke/MemberName')}
  0x000078ff989c4980: 48be f0cd | 0a18 ff78 | 0000 ff86 | 6001 0000 | be01 0000 | 00e9 0500 | 0000 be00 | 0000 0083 
  0x000078ff989c49a0: e601 85f6 

  0x000078ff989c49a4: ;   {metadata(method data for {method} {0x000078ff22111a78} 'resolveOrNull' '(BLjava/lang/invoke/MemberName;Ljava/lang/Class;I)Ljava/lang/invoke/MemberName;' in 'java/lang/invoke/MemberName$Factory')}
  0x000078ff989c49a4: 48be b0f2 | 2018 ff78 | 0000 48c7 | c740 0200 | 0075 0748 | c7c7 3002 | 0000 488b | 1c3e 488d 
  0x000078ff989c49c4: 5b01 4889 | 1c3e 0f85 | 1d00 0000 

  0x000078ff989c49d0: ;   {oop(nullptr)}
  0x000078ff989c49d0: 48b8 0000 | 0000 0000 | 0000 4883 

  0x000078ff989c49dc: ;   {poll_return}
  0x000078ff989c49dc: c450 5d49 | 3ba7 5804 | 0000 0f87 | 5b00 0000 | c348 83c4 

  0x000078ff989c49f0: ;   {poll_return}
  0x000078ff989c49f0: 505d 493b | a758 0400 | 000f 875e | 0000 00c3 

  0x000078ff989c4a00: ;   {metadata({method} {0x000078ff22111a78} 'resolveOrNull' '(BLjava/lang/invoke/MemberName;Ljava/lang/Class;I)Ljava/lang/invoke/MemberName;' in 'java/lang/invoke/MemberName$Factory')}
  0x000078ff989c4a00: 49ba 781a | 1122 ff78 | 0000 4c89 | 5424 0848 | c704 24ff 

  0x000078ff989c4a14: ;   {runtime_call counter_overflow Runtime1 stub}
  0x000078ff989c4a14: ffff ffe8 

  0x000078ff989c4a18: ; ImmutableOopMap {rsi=Oop rcx=Oop r8=Oop }
                      ;*synchronization entry
                      ; - java.lang.invoke.MemberName$Factory::resolveOrNull@-1 (line 1000)
  0x000078ff989c4a18: 6406 3b07 | e981 feff 

  0x000078ff989c4a20: ;   {runtime_call throw_null_pointer_exception Runtime1 stub}
  0x000078ff989c4a20: ffe8 5a9c 

  0x000078ff989c4a24: ; ImmutableOopMap {rax=Oop }
                      ;*invokevirtual isResolved {reexecute=0 rethrow=0 return_oop=0}
                      ; - java.lang.invoke.MemberName$Factory::resolveOrNull@43 (line 1002)
                      ;   {metadata({method} {0x000078ff223aeed0} 'isResolved' '()Z' in 'java/lang/invoke/MemberName')}
  0x000078ff989c4a24: 3a07 49ba | d0ee 3a22 | ff78 0000 | 4c89 5424 | 0848 c704 | 24ff ffff 

  0x000078ff989c4a3c: ;   {runtime_call counter_overflow Runtime1 stub}
  0x000078ff989c4a3c: ffe8 3e06 

  0x000078ff989c4a40: ; ImmutableOopMap {rax=Oop }
                      ;*synchronization entry
                      ; - java.lang.invoke.MemberName::isResolved@-1 (line 793)
                      ; - java.lang.invoke.MemberName$Factory::resolveOrNull@43 (line 1002)
  0x000078ff989c4a40: 3b07 e903 

  0x000078ff989c4a44: ;   {internal_word}
  0x000078ff989c4a44: ffff ff49 | badf 499c | 98ff 7800 | 004d 8997 | 7004 0000 

  0x000078ff989c4a58: ;   {runtime_call SafepointBlob}
  0x000078ff989c4a58: e9a3 f52e 

  0x000078ff989c4a5c: ;   {internal_word}
  0x000078ff989c4a5c: 0749 baf2 | 499c 98ff | 7800 004d | 8997 7004 

  0x000078ff989c4a6c: ;   {runtime_call SafepointBlob}
  0x000078ff989c4a6c: 0000 e98d | f52e 0749 | 8b87 0805 | 0000 49c7 | 8708 0500 | 0000 0000 | 0049 c787 | 1005 0000 
  0x000078ff989c4a8c: 0000 0000 | 4883 c450 

  0x000078ff989c4a94: ;   {runtime_call unwind_exception Runtime1 stub}
  0x000078ff989c4a94: 5de9 6688 | 3a07 f4f4 | f4f4 f4f4 
[Stub Code]
  0x000078ff989c4aa0: ;   {no_reloc}
  0x000078ff989c4aa0: 48bb 0000 | 0000 0000 

  0x000078ff989c4aa8: ;   {runtime_call}
  0x000078ff989c4aa8: 0000 e9fb 

  0x000078ff989c4aac: ;   {runtime_call handle_exception_from_callee Runtime1 stub}
  0x000078ff989c4aac: ffff ffe8 | 4cd0 3a07 

  0x000078ff989c4ab4: ;   {external_word}
  0x000078ff989c4ab4: 48bf 93a5 | 13b7 ff78 | 0000 4883 

  0x000078ff989c4ac0: ;   {runtime_call MacroAssembler::debug64(char*, long, long*)}
  0x000078ff989c4ac0: e4f0 e879 | 0025 1ef4 
[Deopt Handler Code]
  0x000078ff989c4ac8: ;   {section_word}
  0x000078ff989c4ac8: 49ba c84a | 9c98 ff78 | 0000 4152 

  0x000078ff989c4ad4: ;   {runtime_call DeoptimizationBlob}
  0x000078ff989c4ad4: e9c7 e72e | 07f4 f4f4 | f4f4 f4f4 
[/MachCode]


---------------  P R O C E S S  ---------------

Threads class SMR info:
_java_thread_list=0x000078fedc001110, length=13, elements={
0x000078ffb002ad00, 0x000078ffb01385c0, 0x000078ffb0139c10, 0x000078ffb013b6f0,
0x000078ffb013cd30, 0x000078ffb013e2d0, 0x000078ffb013fe70, 0x000078ffb0141580,
0x000078fef80b70e0, 0x000078fef0001070, 0x000078ffb017d000, 0x000078ffb0180c50,
0x000078fedc0145f0
}

Java Threads: ( => current thread )
  0x000078ffb002ad00 JavaThread "main"                              [_thread_blocked, id=35563, stack(0x000078ffb5f00000,0x000078ffb6000000) (1024K)]
  0x000078ffb01385c0 JavaThread "Reference Handler"          daemon [_thread_blocked, id=35571, stack(0x000078ff7860e000,0x000078ff7870e000) (1024K)]
  0x000078ffb0139c10 JavaThread "Finalizer"                  daemon [_thread_blocked, id=35572, stack(0x000078ff7850e000,0x000078ff7860e000) (1024K)]
  0x000078ffb013b6f0 JavaThread "Signal Dispatcher"          daemon [_thread_blocked, id=35573, stack(0x000078ff7840e000,0x000078ff7850e000) (1024K)]
  0x000078ffb013cd30 JavaThread "Service Thread"             daemon [_thread_blocked, id=35574, stack(0x000078ff7830e000,0x000078ff7840e000) (1024K)]
  0x000078ffb013e2d0 JavaThread "Monitor Deflation Thread"   daemon [_thread_blocked, id=35575, stack(0x000078ff7820e000,0x000078ff7830e000) (1024K)]
  0x000078ffb013fe70 JavaThread "C2 CompilerThread0"         daemon [_thread_blocked, id=35576, stack(0x000078ff7810e000,0x000078ff7820e000) (1024K)]
  0x000078ffb0141580 JavaThread "C1 CompilerThread0"         daemon [_thread_blocked, id=35577, stack(0x000078ff7800e000,0x000078ff7810e000) (1024K)]
  0x000078fef80b70e0 JavaThread "C1 CompilerThread1"         daemon [_thread_blocked, id=35578, stack(0x000078ff63e30000,0x000078ff63f30000) (1024K)]
  0x000078fef0001070 JavaThread "C1 CompilerThread2"         daemon [_thread_blocked, id=35579, stack(0x000078ff63d30000,0x000078ff63e30000) (1024K)]
  0x000078ffb017d000 JavaThread "Notification Thread"        daemon [_thread_blocked, id=35580, stack(0x000078ff63c30000,0x000078ff63d30000) (1024K)]
  0x000078ffb0180c50 JavaThread "Common-Cleaner"             daemon [_thread_blocked, id=35581, stack(0x000078ff63b30000,0x000078ff63c30000) (1024K)]
=>0x000078fedc0145f0 JavaThread "Thread-0"                   daemon [_thread_in_vm, id=35585, stack(0x000078ff201fe000,0x000078ff209fe000) (8192K)]
Total: 13

Other Threads:
  0x000078ffb0128420 VMThread "VM Thread"                           [id=35570, stack(0x000078ff78768000,0x000078ff78868000) (1024K)] _threads_hazard_ptr=0x000078fedc001110
  0x000078ffb010dd20 WatcherThread "VM Periodic Task Thread"        [id=35569, stack(0x000078ff78869000,0x000078ff78969000) (1024K)]
  0x000078ffb0056c10 WorkerThread "GC Thread#0"                     [id=35564, stack(0x000078ffb4b43000,0x000078ffb4c43000) (1024K)]
  0x000078ffb0063ef0 ConcurrentGCThread "G1 Main Marker"            [id=35565, stack(0x000078ffb4a42000,0x000078ffb4b42000) (1024K)]
  0x000078ffb0064ec0 WorkerThread "G1 Conc#0"                       [id=35566, stack(0x000078ffb4941000,0x000078ffb4a41000) (1024K)]
  0x000078ffb00fbef0 ConcurrentGCThread "G1 Refine#0"               [id=35567, stack(0x000078ff78a6b000,0x000078ff78b6b000) (1024K)]
  0x000078ffb00fceb0 ConcurrentGCThread "G1 Service"                [id=35568, stack(0x000078ff7896a000,0x000078ff78a6a000) (1024K)]
Total: 7

Threads with active compile tasks:
Total: 0

VM state: not at safepoint (normal execution)

VM Mutex/Monitor currently owned by a thread: None

Heap address: 0x000000021b000000, size: 24144 MB, Compressed Oops mode: Zero based, Oop shift amount: 3

CDS archive(s) mapped at: [0x000078ff22000000-0x000078ff22c75000-0x000078ff22c75000), size 13062144, SharedBaseAddress: 0x000078ff22000000, ArchiveRelocationMode: 1.
Compressed class space mapped at: 0x000078ff23000000-0x000078ff63000000, reserved size: 1073741824
Narrow klass base: 0x000078ff22000000, Narrow klass shift: 0, Narrow klass range: 0x100000000

GC Precious Log:
 CardTable entry size: 512
 Card Set container configuration: InlinePtr #cards 3 size 8 Array Of Cards #cards 128 size 272 Howl #buckets 8 coarsen threshold 29491 Howl Bitmap #cards 4096 size 528 coarsen threshold 3686 Card regions per heap region 1 cards per card region 32768
 CPUs: 20 total, 20 available
 Memory: 96557M
 Large Page Support: Disabled
 NUMA Support: Disabled
 Compressed Oops: Enabled (Zero based)
 Heap Region Size: 16M
 Heap Min Capacity: 16M
 Heap Initial Capacity: 1520M
 Heap Max Capacity: 24144M
 Pre-touch: Disabled
 Parallel Workers: 15
 Concurrent Workers: 4
 Concurrent Refinement Workers: 15
 Periodic GC: Disabled

Heap:
 garbage-first heap   total reserved 24723456K, committed 1572864K, used 17441K [0x000000021b000000, 0x0000000800000000)
  region size 16384K, 2 young (32768K), 0 survivors (0K)
 Metaspace       used 4544K, committed 5120K, reserved 1114112K
  class space    used 586K, committed 832K, reserved 1048576K

Heap Regions: E=young(eden), S=young(survivor), O=old, HS=humongous(starts), HC=humongous(continues), CS=collection set, F=free, TAMS=top-at-mark-start, PB=parsable bottom
|   0|0x000000021b000000, 0x000000021b000000, 0x000000021c000000|  0%| F|  |TAMS 0x000000021b000000| PB 0x000000021b000000| Untracked |  0
|   1|0x000000021c000000, 0x000000021c000000, 0x000000021d000000|  0%| F|  |TAMS 0x000000021c000000| PB 0x000000021c000000| Untracked |  0
|   2|0x000000021d000000, 0x000000021d000000, 0x000000021e000000|  0%| F|  |TAMS 0x000000021d000000| PB 0x000000021d000000| Untracked |  0
|   3|0x000000021e000000, 0x000000021e000000, 0x000000021f000000|  0%| F|  |TAMS 0x000000021e000000| PB 0x000000021e000000| Untracked |  0
|   4|0x000000021f000000, 0x000000021f000000, 0x0000000220000000|  0%| F|  |TAMS 0x000000021f000000| PB 0x000000021f000000| Untracked |  0
|   5|0x0000000220000000, 0x0000000220000000, 0x0000000221000000|  0%| F|  |TAMS 0x0000000220000000| PB 0x0000000220000000| Untracked |  0
|   6|0x0000000221000000, 0x0000000221000000, 0x0000000222000000|  0%| F|  |TAMS 0x0000000221000000| PB 0x0000000221000000| Untracked |  0
|   7|0x0000000222000000, 0x0000000222000000, 0x0000000223000000|  0%| F|  |TAMS 0x0000000222000000| PB 0x0000000222000000| Untracked |  0
|   8|0x0000000223000000, 0x0000000223000000, 0x0000000224000000|  0%| F|  |TAMS 0x0000000223000000| PB 0x0000000223000000| Untracked |  0
|   9|0x0000000224000000, 0x0000000224000000, 0x0000000225000000|  0%| F|  |TAMS 0x0000000224000000| PB 0x0000000224000000| Untracked |  0
|  10|0x0000000225000000, 0x0000000225000000, 0x0000000226000000|  0%| F|  |TAMS 0x0000000225000000| PB 0x0000000225000000| Untracked |  0
|  11|0x0000000226000000, 0x0000000226000000, 0x0000000227000000|  0%| F|  |TAMS 0x0000000226000000| PB 0x0000000226000000| Untracked |  0
|  12|0x0000000227000000, 0x0000000227000000, 0x0000000228000000|  0%| F|  |TAMS 0x0000000227000000| PB 0x0000000227000000| Untracked |  0
|  13|0x0000000228000000, 0x0000000228000000, 0x0000000229000000|  0%| F|  |TAMS 0x0000000228000000| PB 0x0000000228000000| Untracked |  0
|  14|0x0000000229000000, 0x0000000229000000, 0x000000022a000000|  0%| F|  |TAMS 0x0000000229000000| PB 0x0000000229000000| Untracked |  0
|  15|0x000000022a000000, 0x000000022a000000, 0x000000022b000000|  0%| F|  |TAMS 0x000000022a000000| PB 0x000000022a000000| Untracked |  0
|  16|0x000000022b000000, 0x000000022b000000, 0x000000022c000000|  0%| F|  |TAMS 0x000000022b000000| PB 0x000000022b000000| Untracked |  0
|  17|0x000000022c000000, 0x000000022c000000, 0x000000022d000000|  0%| F|  |TAMS 0x000000022c000000| PB 0x000000022c000000| Untracked |  0
|  18|0x000000022d000000, 0x000000022d000000, 0x000000022e000000|  0%| F|  |TAMS 0x000000022d000000| PB 0x000000022d000000| Untracked |  0
|  19|0x000000022e000000, 0x000000022e000000, 0x000000022f000000|  0%| F|  |TAMS 0x000000022e000000| PB 0x000000022e000000| Untracked |  0
|  20|0x000000022f000000, 0x000000022f000000, 0x0000000230000000|  0%| F|  |TAMS 0x000000022f000000| PB 0x000000022f000000| Untracked |  0
|  21|0x0000000230000000, 0x0000000230000000, 0x0000000231000000|  0%| F|  |TAMS 0x0000000230000000| PB 0x0000000230000000| Untracked |  0
|  22|0x0000000231000000, 0x0000000231000000, 0x0000000232000000|  0%| F|  |TAMS 0x0000000231000000| PB 0x0000000231000000| Untracked |  0
|  23|0x0000000232000000, 0x0000000232000000, 0x0000000233000000|  0%| F|  |TAMS 0x0000000232000000| PB 0x0000000232000000| Untracked |  0
|  24|0x0000000233000000, 0x0000000233000000, 0x0000000234000000|  0%| F|  |TAMS 0x0000000233000000| PB 0x0000000233000000| Untracked |  0
|  25|0x0000000234000000, 0x0000000234000000, 0x0000000235000000|  0%| F|  |TAMS 0x0000000234000000| PB 0x0000000234000000| Untracked |  0
|  26|0x0000000235000000, 0x0000000235000000, 0x0000000236000000|  0%| F|  |TAMS 0x0000000235000000| PB 0x0000000235000000| Untracked |  0
|  27|0x0000000236000000, 0x0000000236000000, 0x0000000237000000|  0%| F|  |TAMS 0x0000000236000000| PB 0x0000000236000000| Untracked |  0
|  28|0x0000000237000000, 0x0000000237000000, 0x0000000238000000|  0%| F|  |TAMS 0x0000000237000000| PB 0x0000000237000000| Untracked |  0
|  29|0x0000000238000000, 0x0000000238000000, 0x0000000239000000|  0%| F|  |TAMS 0x0000000238000000| PB 0x0000000238000000| Untracked |  0
|  30|0x0000000239000000, 0x0000000239000000, 0x000000023a000000|  0%| F|  |TAMS 0x0000000239000000| PB 0x0000000239000000| Untracked |  0
|  31|0x000000023a000000, 0x000000023a000000, 0x000000023b000000|  0%| F|  |TAMS 0x000000023a000000| PB 0x000000023a000000| Untracked |  0
|  32|0x000000023b000000, 0x000000023b000000, 0x000000023c000000|  0%| F|  |TAMS 0x000000023b000000| PB 0x000000023b000000| Untracked |  0
|  33|0x000000023c000000, 0x000000023c000000, 0x000000023d000000|  0%| F|  |TAMS 0x000000023c000000| PB 0x000000023c000000| Untracked |  0
|  34|0x000000023d000000, 0x000000023d000000, 0x000000023e000000|  0%| F|  |TAMS 0x000000023d000000| PB 0x000000023d000000| Untracked |  0
|  35|0x000000023e000000, 0x000000023e000000, 0x000000023f000000|  0%| F|  |TAMS 0x000000023e000000| PB 0x000000023e000000| Untracked |  0
|  36|0x000000023f000000, 0x000000023f000000, 0x0000000240000000|  0%| F|  |TAMS 0x000000023f000000| PB 0x000000023f000000| Untracked |  0
|  37|0x0000000240000000, 0x0000000240000000, 0x0000000241000000|  0%| F|  |TAMS 0x0000000240000000| PB 0x0000000240000000| Untracked |  0
|  38|0x0000000241000000, 0x0000000241000000, 0x0000000242000000|  0%| F|  |TAMS 0x0000000241000000| PB 0x0000000241000000| Untracked |  0
|  39|0x0000000242000000, 0x0000000242000000, 0x0000000243000000|  0%| F|  |TAMS 0x0000000242000000| PB 0x0000000242000000| Untracked |  0
|  40|0x0000000243000000, 0x0000000243000000, 0x0000000244000000|  0%| F|  |TAMS 0x0000000243000000| PB 0x0000000243000000| Untracked |  0
|  41|0x0000000244000000, 0x0000000244000000, 0x0000000245000000|  0%| F|  |TAMS 0x0000000244000000| PB 0x0000000244000000| Untracked |  0
|  42|0x0000000245000000, 0x0000000245000000, 0x0000000246000000|  0%| F|  |TAMS 0x0000000245000000| PB 0x0000000245000000| Untracked |  0
|  43|0x0000000246000000, 0x0000000246000000, 0x0000000247000000|  0%| F|  |TAMS 0x0000000246000000| PB 0x0000000246000000| Untracked |  0
|  44|0x0000000247000000, 0x0000000247000000, 0x0000000248000000|  0%| F|  |TAMS 0x0000000247000000| PB 0x0000000247000000| Untracked |  0
|  45|0x0000000248000000, 0x0000000248000000, 0x0000000249000000|  0%| F|  |TAMS 0x0000000248000000| PB 0x0000000248000000| Untracked |  0
|  46|0x0000000249000000, 0x0000000249000000, 0x000000024a000000|  0%| F|  |TAMS 0x0000000249000000| PB 0x0000000249000000| Untracked |  0
|  47|0x000000024a000000, 0x000000024a000000, 0x000000024b000000|  0%| F|  |TAMS 0x000000024a000000| PB 0x000000024a000000| Untracked |  0
|  48|0x000000024b000000, 0x000000024b000000, 0x000000024c000000|  0%| F|  |TAMS 0x000000024b000000| PB 0x000000024b000000| Untracked |  0
|  49|0x000000024c000000, 0x000000024c000000, 0x000000024d000000|  0%| F|  |TAMS 0x000000024c000000| PB 0x000000024c000000| Untracked |  0
|  50|0x000000024d000000, 0x000000024d000000, 0x000000024e000000|  0%| F|  |TAMS 0x000000024d000000| PB 0x000000024d000000| Untracked |  0
|  51|0x000000024e000000, 0x000000024e000000, 0x000000024f000000|  0%| F|  |TAMS 0x000000024e000000| PB 0x000000024e000000| Untracked |  0
|  52|0x000000024f000000, 0x000000024f000000, 0x0000000250000000|  0%| F|  |TAMS 0x000000024f000000| PB 0x000000024f000000| Untracked |  0
|  53|0x0000000250000000, 0x0000000250000000, 0x0000000251000000|  0%| F|  |TAMS 0x0000000250000000| PB 0x0000000250000000| Untracked |  0
|  54|0x0000000251000000, 0x0000000251000000, 0x0000000252000000|  0%| F|  |TAMS 0x0000000251000000| PB 0x0000000251000000| Untracked |  0
|  55|0x0000000252000000, 0x0000000252000000, 0x0000000253000000|  0%| F|  |TAMS 0x0000000252000000| PB 0x0000000252000000| Untracked |  0
|  56|0x0000000253000000, 0x0000000253000000, 0x0000000254000000|  0%| F|  |TAMS 0x0000000253000000| PB 0x0000000253000000| Untracked |  0
|  57|0x0000000254000000, 0x0000000254000000, 0x0000000255000000|  0%| F|  |TAMS 0x0000000254000000| PB 0x0000000254000000| Untracked |  0
|  58|0x0000000255000000, 0x0000000255000000, 0x0000000256000000|  0%| F|  |TAMS 0x0000000255000000| PB 0x0000000255000000| Untracked |  0
|  59|0x0000000256000000, 0x0000000256000000, 0x0000000257000000|  0%| F|  |TAMS 0x0000000256000000| PB 0x0000000256000000| Untracked |  0
|  60|0x0000000257000000, 0x0000000257000000, 0x0000000258000000|  0%| F|  |TAMS 0x0000000257000000| PB 0x0000000257000000| Untracked |  0
|  61|0x0000000258000000, 0x0000000258000000, 0x0000000259000000|  0%| F|  |TAMS 0x0000000258000000| PB 0x0000000258000000| Untracked |  0
|  62|0x0000000259000000, 0x0000000259000000, 0x000000025a000000|  0%| F|  |TAMS 0x0000000259000000| PB 0x0000000259000000| Untracked |  0
|  63|0x000000025a000000, 0x000000025a000000, 0x000000025b000000|  0%| F|  |TAMS 0x000000025a000000| PB 0x000000025a000000| Untracked |  0
|  64|0x000000025b000000, 0x000000025b000000, 0x000000025c000000|  0%| F|  |TAMS 0x000000025b000000| PB 0x000000025b000000| Untracked |  0
|  65|0x000000025c000000, 0x000000025c000000, 0x000000025d000000|  0%| F|  |TAMS 0x000000025c000000| PB 0x000000025c000000| Untracked |  0
|  66|0x000000025d000000, 0x000000025d000000, 0x000000025e000000|  0%| F|  |TAMS 0x000000025d000000| PB 0x000000025d000000| Untracked |  0
|  67|0x000000025e000000, 0x000000025e000000, 0x000000025f000000|  0%| F|  |TAMS 0x000000025e000000| PB 0x000000025e000000| Untracked |  0
|  68|0x000000025f000000, 0x000000025f000000, 0x0000000260000000|  0%| F|  |TAMS 0x000000025f000000| PB 0x000000025f000000| Untracked |  0
|  69|0x0000000260000000, 0x0000000260000000, 0x0000000261000000|  0%| F|  |TAMS 0x0000000260000000| PB 0x0000000260000000| Untracked |  0
|  70|0x0000000261000000, 0x0000000261000000, 0x0000000262000000|  0%| F|  |TAMS 0x0000000261000000| PB 0x0000000261000000| Untracked |  0
|  71|0x0000000262000000, 0x0000000262000000, 0x0000000263000000|  0%| F|  |TAMS 0x0000000262000000| PB 0x0000000262000000| Untracked |  0
|  72|0x0000000263000000, 0x0000000263000000, 0x0000000264000000|  0%| F|  |TAMS 0x0000000263000000| PB 0x0000000263000000| Untracked |  0
|  73|0x0000000264000000, 0x0000000264000000, 0x0000000265000000|  0%| F|  |TAMS 0x0000000264000000| PB 0x0000000264000000| Untracked |  0
|  74|0x0000000265000000, 0x0000000265000000, 0x0000000266000000|  0%| F|  |TAMS 0x0000000265000000| PB 0x0000000265000000| Untracked |  0
|  75|0x0000000266000000, 0x0000000266000000, 0x0000000267000000|  0%| F|  |TAMS 0x0000000266000000| PB 0x0000000266000000| Untracked |  0
|  76|0x0000000267000000, 0x0000000267000000, 0x0000000268000000|  0%| F|  |TAMS 0x0000000267000000| PB 0x0000000267000000| Untracked |  0
|  77|0x0000000268000000, 0x0000000268000000, 0x0000000269000000|  0%| F|  |TAMS 0x0000000268000000| PB 0x0000000268000000| Untracked |  0
|  78|0x0000000269000000, 0x0000000269000000, 0x000000026a000000|  0%| F|  |TAMS 0x0000000269000000| PB 0x0000000269000000| Untracked |  0
|  79|0x000000026a000000, 0x000000026a000000, 0x000000026b000000|  0%| F|  |TAMS 0x000000026a000000| PB 0x000000026a000000| Untracked |  0
|  80|0x000000026b000000, 0x000000026b000000, 0x000000026c000000|  0%| F|  |TAMS 0x000000026b000000| PB 0x000000026b000000| Untracked |  0
|  81|0x000000026c000000, 0x000000026c000000, 0x000000026d000000|  0%| F|  |TAMS 0x000000026c000000| PB 0x000000026c000000| Untracked |  0
|  82|0x000000026d000000, 0x000000026d000000, 0x000000026e000000|  0%| F|  |TAMS 0x000000026d000000| PB 0x000000026d000000| Untracked |  0
|  83|0x000000026e000000, 0x000000026e000000, 0x000000026f000000|  0%| F|  |TAMS 0x000000026e000000| PB 0x000000026e000000| Untracked |  0
|  84|0x000000026f000000, 0x000000026f000000, 0x0000000270000000|  0%| F|  |TAMS 0x000000026f000000| PB 0x000000026f000000| Untracked |  0
|  85|0x0000000270000000, 0x0000000270000000, 0x0000000271000000|  0%| F|  |TAMS 0x0000000270000000| PB 0x0000000270000000| Untracked |  0
|  86|0x0000000271000000, 0x0000000271000000, 0x0000000272000000|  0%| F|  |TAMS 0x0000000271000000| PB 0x0000000271000000| Untracked |  0
|  87|0x0000000272000000, 0x0000000272000000, 0x0000000273000000|  0%| F|  |TAMS 0x0000000272000000| PB 0x0000000272000000| Untracked |  0
|  88|0x0000000273000000, 0x0000000273000000, 0x0000000274000000|  0%| F|  |TAMS 0x0000000273000000| PB 0x0000000273000000| Untracked |  0
|  89|0x0000000274000000, 0x0000000274000000, 0x0000000275000000|  0%| F|  |TAMS 0x0000000274000000| PB 0x0000000274000000| Untracked |  0
|  90|0x0000000275000000, 0x0000000275000000, 0x0000000276000000|  0%| F|  |TAMS 0x0000000275000000| PB 0x0000000275000000| Untracked |  0
|  91|0x0000000276000000, 0x0000000276000000, 0x0000000277000000|  0%| F|  |TAMS 0x0000000276000000| PB 0x0000000276000000| Untracked |  0
|  92|0x0000000277000000, 0x0000000277000000, 0x0000000278000000|  0%| F|  |TAMS 0x0000000277000000| PB 0x0000000277000000| Untracked |  0
|  93|0x0000000278000000, 0x0000000278147b58, 0x0000000279000000|  8%| E|  |TAMS 0x0000000278000000| PB 0x0000000278000000| Complete |  0
|  94|0x0000000279000000, 0x000000027a000000, 0x000000027a000000|100%| E|CS|TAMS 0x0000000279000000| PB 0x0000000279000000| Complete |  0
|1508|0x00000007ff000000, 0x00000007ff108630, 0x0000000800000000|  6%| O|  |TAMS 0x00000007ff000000| PB 0x00000007ff000000| Untracked |  0

Card table byte_map: [0x000078ff929b0000,0x000078ff958d8000] _byte_map_base: 0x000078ff918d8000

Marking Bits: (CMBitMap*) 0x000078ffb0057740
 Bits: [0x000078ff7b070000, 0x000078ff929b0000)

Polling page: 0x000078ffb7967000

Metaspace:

Usage:
  Non-class:      3.86 MB used.
      Class:    586.98 KB used.
       Both:      4.44 MB used.

Virtual space:
  Non-class space:       64.00 MB reserved,       4.19 MB (  7%) committed,  1 nodes.
      Class space:        1.00 GB reserved,     832.00 KB ( <1%) committed,  1 nodes.
             Both:        1.06 GB reserved,       5.00 MB ( <1%) committed. 

Chunk freelists:
   Non-Class:  11.08 MB
       Class:  15.22 MB
        Both:  26.29 MB

MaxMetaspaceSize: unlimited
CompressedClassSpaceSize: 1.00 GB
Initial GC threshold: 21.00 MB
Current GC threshold: 21.00 MB
CDS: on
 - commit_granule_bytes: 65536.
 - commit_granule_words: 8192.
 - virtual_space_node_default_size: 8388608.
 - enlarge_chunks_in_place: 1.
 - use_allocation_guard: 0.


Internal statistics:

num_allocs_failed_limit: 0.
num_arena_births: 788.
num_arena_deaths: 0.
num_vsnodes_births: 2.
num_vsnodes_deaths: 0.
num_space_committed: 80.
num_space_uncommitted: 0.
num_chunks_returned_to_freelist: 0.
num_chunks_taken_from_freelist: 942.
num_chunk_merges: 0.
num_chunk_splits: 600.
num_chunks_enlarged: 269.
num_inconsistent_stats: 0.

CodeHeap 'non-profiled nmethods': size=119168Kb used=392Kb max_used=392Kb free=118775Kb
 bounds [0x000078ffa03a0000, 0x000078ffa0610000, 0x000078ffa7800000]
CodeHeap 'profiled nmethods': size=119164Kb used=2015Kb max_used=2015Kb free=117148Kb
 bounds [0x000078ff98800000, 0x000078ff98a70000, 0x000078ff9fc5f000]
CodeHeap 'non-nmethods': size=7428Kb used=2559Kb max_used=2575Kb free=4868Kb
 bounds [0x000078ff9fc5f000, 0x000078ff9feef000, 0x000078ffa03a0000]
 total_blobs=1763 nmethods=1221 adapters=424
 compilation: enabled
              stopped_count=0, restarted_count=0
 full_count=0

Compilation events (20 events):
Event: 0.155 Thread 0x000078fef40c9dd0 nmethod 1197 0x000078ffa03fc310 code [0x000078ffa03fc480, 0x000078ffa03fc550]
Event: 0.163 Thread 0x000078ffb013fe70 nmethod 1196 0x000078ffa03fc610 code [0x000078ffa03fc8e0, 0x000078ffa03fd920]
Event: 0.459 Thread 0x000078fef80b70e0 1203       3       java.lang.StringLatin1::indexOf (121 bytes)
Event: 0.460 Thread 0x000078fef80b70e0 nmethod 1203 0x000078ff989e0f10 code [0x000078ff989e10e0, 0x000078ff989e1590]
Event: 0.460 Thread 0x000078fef80b70e0 1204       1       jdk.internal.classfile.impl.AbstractAttributeMapper::name (5 bytes)
Event: 0.460 Thread 0x000078fef80b70e0 nmethod 1204 0x000078ffa03ff410 code [0x000078ffa03ff5a0, 0x000078ffa03ff668]
Event: 0.460 Thread 0x000078fef80b70e0 1205       3       jdk.internal.misc.Unsafe::getIntUnaligned (83 bytes)
Event: 0.460 Thread 0x000078ffb013fe70 1206       4       jdk.internal.classfile.impl.RawBytecodeHelper::rawNext (438 bytes)
Event: 0.460 Thread 0x000078ffb0141580 1207       3       jdk.internal.classfile.impl.StackMapGenerator::processBlock (2767 bytes)
Event: 0.460 Thread 0x000078fef80b70e0 nmethod 1205 0x000078ff989e1810 code [0x000078ff989e19e0, 0x000078ff989e1e50]
Event: 0.460 Thread 0x000078fef0001070 1208       3       java.lang.invoke.MethodHandleNatives::findMethodHandleType (7 bytes)
Event: 0.460 Thread 0x000078fef0001070 nmethod 1208 0x000078ff989e2010 code [0x000078ff989e21a0, 0x000078ff989e22c0]
Event: 0.462 Thread 0x000078ffb013fe70 nmethod 1206 0x000078ffa0400610 code [0x000078ffa0400800, 0x000078ffa0400c90]
Event: 0.462 Thread 0x000078fef80b70e0 1214       3       java.util.ArrayList::toArray (12 bytes)
Event: 0.462 Thread 0x000078fef80b70e0 nmethod 1214 0x000078ff989e2390 code [0x000078ff989e2540, 0x000078ff989e2718]
Event: 0.462 Thread 0x000078fef0001070 1216       3       java.lang.invoke.DirectMethodHandle$Holder::getReference (28 bytes)
Event: 0.462 Thread 0x000078fef0001070 nmethod 1216 0x000078ff989e2810 code [0x000078ff989e29e0, 0x000078ff989e3030]
Event: 0.462 Thread 0x000078fef0001070 1218       3       jdk.internal.classfile.impl.AbstractPoolEntry$AbstractNamedEntry::<init> (10 bytes)
Event: 0.463 Thread 0x000078fef0001070 nmethod 1218 0x000078ff989e3210 code [0x000078ff989e33a0, 0x000078ff989e34d8]
Event: 0.463 Thread 0x000078ffb013fe70 1219       4       jdk.internal.classfile.impl.BufWriterImpl::writeU2 (8 bytes)

GC Heap History (0 events):
No events

Dll operation events (6 events):
Event: 0.001 Loaded shared library /usr/lib/jvm/temurin-22-jdk-amd64/lib/libjava.so
Event: 0.020 Loaded shared library /usr/lib/jvm/temurin-22-jdk-amd64/lib/libjsvml.so
Event: 0.038 Loaded shared library /usr/lib/jvm/temurin-22-jdk-amd64/lib/libnio.so
Event: 0.040 Loaded shared library /home/hep7/project/kairos/zlink/core/build/linux-x64/lib/libzlink.so.5.2.5
Event: 0.143 Loaded shared library /usr/lib/jvm/temurin-22-jdk-amd64/lib/libnet.so
Event: 0.144 Loaded shared library /usr/lib/jvm/temurin-22-jdk-amd64/lib/libextnet.so

Deoptimization events (18 events):
Event: 0.081 Thread 0x000078ffb002ad00 DEOPT PACKING pc=0x000078ff9881e350 sp=0x000078ffb5ffba60
Event: 0.081 Thread 0x000078ffb002ad00 DEOPT UNPACKING pc=0x000078ff9fcb372f sp=0x000078ffb5ffaea0 mode 0
Event: 0.090 Thread 0x000078ffb002ad00 DEOPT PACKING pc=0x000078ff9880f2c9 sp=0x000078ffb5ffcd90
Event: 0.090 Thread 0x000078ffb002ad00 DEOPT UNPACKING pc=0x000078ff9fcb372f sp=0x000078ffb5ffc218 mode 0
Event: 0.099 Thread 0x000078ffb002ad00 Uncommon trap: trap_request=0xffffff45 fr.pc=0x000078ffa03c8228 relative=0x00000000000004c8
Event: 0.099 Thread 0x000078ffb002ad00 Uncommon trap: reason=unstable_if action=reinterpret pc=0x000078ffa03c8228 method=java.lang.StringLatin1.replace([BCC)Ljava/lang/String; @ 19 c2
Event: 0.099 Thread 0x000078ffb002ad00 DEOPT PACKING pc=0x000078ffa03c8228 sp=0x000078ffb5ffc360
Event: 0.099 Thread 0x000078ffb002ad00 DEOPT UNPACKING pc=0x000078ff9fcb2f99 sp=0x000078ffb5ffc300 mode 2
Event: 0.100 Thread 0x000078ffb002ad00 Uncommon trap: trap_request=0xffffff45 fr.pc=0x000078ffa03c11b0 relative=0x0000000000000110
Event: 0.100 Thread 0x000078ffb002ad00 Uncommon trap: reason=unstable_if action=reinterpret pc=0x000078ffa03c11b0 method=jdk.internal.org.objectweb.asm.ByteVector.putShort(I)Ljdk/internal/org/objectweb/asm/ByteVector; @ 13 c2
Event: 0.100 Thread 0x000078ffb002ad00 DEOPT PACKING pc=0x000078ffa03c11b0 sp=0x000078ffb5ffc180
Event: 0.100 Thread 0x000078ffb002ad00 DEOPT UNPACKING pc=0x000078ff9fcb2f99 sp=0x000078ffb5ffc138 mode 2
Event: 0.148 Thread 0x000078ffb002ad00 Uncommon trap: trap_request=0xffffff45 fr.pc=0x000078ffa03e3b98 relative=0x0000000000000598
Event: 0.148 Thread 0x000078ffb002ad00 Uncommon trap: reason=unstable_if action=reinterpret pc=0x000078ffa03e3b98 method=jdk.internal.org.objectweb.asm.Frame.getLocal(I)I @ 13 c2
Event: 0.148 Thread 0x000078ffb002ad00 DEOPT PACKING pc=0x000078ffa03e3b98 sp=0x000078ffb5ffd3c0
Event: 0.148 Thread 0x000078ffb002ad00 DEOPT UNPACKING pc=0x000078ff9fcb2f99 sp=0x000078ffb5ffd2b8 mode 2
Event: 0.463 Thread 0x000078fedc0145f0 DEOPT PACKING pc=0x000078ffa03edfbd sp=0x000078ff209fb120
Event: 0.463 Thread 0x000078fedc0145f0 DEOPT UNPACKING pc=0x000078ff9fcb372f sp=0x000078ff209fa5d0 mode 0

Classes loaded (20 events):
Event: 0.155 Loading class jdk/internal/event/ThreadSleepEvent
Event: 0.155 Loading class jdk/internal/event/Event
Event: 0.155 Loading class jdk/internal/event/Event done
Event: 0.155 Loading class jdk/internal/event/ThreadSleepEvent done
Event: 0.458 Loading class jdk/internal/foreign/HeapMemorySegmentImpl$OfByte
Event: 0.458 Loading class jdk/internal/foreign/HeapMemorySegmentImpl
Event: 0.458 Loading class jdk/internal/foreign/HeapMemorySegmentImpl done
Event: 0.458 Loading class jdk/internal/foreign/HeapMemorySegmentImpl$OfByte done
Event: 0.458 Loading class jdk/internal/foreign/GlobalSession$HeapSession
Event: 0.458 Loading class jdk/internal/foreign/GlobalSession$HeapSession done
Event: 0.459 Loading class java/nio/DirectByteBuffer$Deallocator
Event: 0.459 Loading class java/nio/DirectByteBuffer$Deallocator done
Event: 0.459 Loading class java/nio/ShortBuffer
Event: 0.460 Loading class java/nio/ShortBuffer done
Event: 0.460 Loading class java/nio/FloatBuffer
Event: 0.460 Loading class java/nio/FloatBuffer done
Event: 0.460 Loading class java/nio/DoubleBuffer
Event: 0.460 Loading class java/nio/DoubleBuffer done
Event: 0.461 Loading class java/lang/Thread$ThreadNumbering
Event: 0.461 Loading class java/lang/Thread$ThreadNumbering done

Classes unloaded (0 events):
No events

Classes redefined (0 events):
No events

Internal exceptions (20 events):
Event: 0.140 Thread 0x000078ffb002ad00 Exception <a 'java/lang/NoSuchMethodError'{0x0000000279e40620}: 'int java.lang.invoke.DirectMethodHandle$Holder.invokeStaticInit(java.lang.Object, java.lang.Object, java.lang.Object, java.lang.Object, java.lang.Object, java.lang.Object, int, java.lang.Object, java.lang.Object)'> (0x0000000279e40620) 
thrown [src/hotspot/share/interpreter/linkResolver.cpp, line 773]
Event: 0.140 Thread 0x000078ffb002ad00 Exception <a 'java/lang/NoSuchMethodError'{0x0000000279e48148}: 'int java.lang.invoke.DelegatingMethodHandle$Holder.reinvoke_L(java.lang.Object, java.lang.Object, java.lang.Object, java.lang.Object, java.lang.Object, java.lang.Object, int, java.lang.Object, java.lang.Object)'> (0x0000000279e48148) 
thrown [src/hotspot/share/interpreter/linkResolver.cpp, line 773]
Event: 0.140 Thread 0x000078ffb002ad00 Exception <a 'java/lang/NoSuchMethodError'{0x0000000279e5a520}: 'java.lang.Object java.lang.invoke.Invokers$Holder.invoke_MT(java.lang.Object, java.lang.Object, java.lang.Object, java.lang.Object, java.lang.Object)'> (0x0000000279e5a520) 
thrown [src/hotspot/share/interpreter/linkResolver.cpp, line 773]
Event: 0.141 Thread 0x000078ffb002ad00 Exception <a 'java/lang/NoSuchMethodError'{0x0000000279e5e5e0}: 'long java.lang.invoke.Invokers$Holder.invokeExact_MT(java.lang.Object, long, java.lang.Object)'> (0x0000000279e5e5e0) 
thrown [src/hotspot/share/interpreter/linkResolver.cpp, line 773]
Event: 0.142 Thread 0x000078ffb002ad00 Exception <a 'java/lang/NoSuchMethodError'{0x0000000279e797b0}: 'java.lang.Object java.lang.invoke.Invokers$Holder.invokeExact_MT(java.lang.Object, java.lang.Object, int, java.lang.Object)'> (0x0000000279e797b0) 
thrown [src/hotspot/share/interpreter/linkResolver.cpp, line 773]
Event: 0.148 Thread 0x000078ffb002ad00 Exception <a 'java/lang/NoSuchMethodError'{0x0000000279ec7b60}: 'int java.lang.invoke.DirectMethodHandle$Holder.invokeSpecial(java.lang.Object, java.lang.Object, java.lang.Object, int, java.lang.Object, long)'> (0x0000000279ec7b60) 
thrown [src/hotspot/share/interpreter/linkResolver.cpp, line 773]
Event: 0.149 Thread 0x000078ffb002ad00 Exception <a 'java/lang/NoSuchMethodError'{0x0000000279ee7130}: 'int java.lang.invoke.DelegatingMethodHandle$Holder.reinvoke_L(java.lang.Object, java.lang.Object, java.lang.Object, java.lang.Object, long)'> (0x0000000279ee7130) 
thrown [src/hotspot/share/interpreter/linkResolver.cpp, line 773]
Event: 0.149 Thread 0x000078ffb002ad00 Exception <a 'java/lang/IncompatibleClassChangeError'{0x0000000279eedb48}: Found class java.lang.Object, but interface was expected> (0x0000000279eedb48) 
thrown [src/hotspot/share/interpreter/linkResolver.cpp, line 841]
Event: 0.152 Thread 0x000078ffb002ad00 Exception <a 'java/lang/NoSuchMethodError'{0x0000000279f209a0}: 'java.lang.Object java.lang.invoke.DirectMethodHandle$Holder.newInvokeSpecial(java.lang.Object, java.lang.Object, java.lang.Object, java.lang.Object, java.lang.Object, java.lang.Object)'> (0x0000000279f209a0) 
thrown [src/hotspot/share/interpreter/linkResolver.cpp, line 773]
Event: 0.153 Thread 0x000078ffb002ad00 Exception <a 'java/lang/NoSuchMethodError'{0x0000000279f28098}: 'int java.lang.invoke.DelegatingMethodHandle$Holder.reinvoke_L(java.lang.Object, java.lang.Object, long, long, long)'> (0x0000000279f28098) 
thrown [src/hotspot/share/interpreter/linkResolver.cpp, line 773]
Event: 0.153 Thread 0x000078ffb002ad00 Exception <a 'java/lang/NoSuchMethodError'{0x0000000279f30a40}: 'int java.lang.invoke.DirectMethodHandle$Holder.invokeSpecial(java.lang.Object, java.lang.Object, long, long, long)'> (0x0000000279f30a40) 
thrown [src/hotspot/share/interpreter/linkResolver.cpp, line 773]
Event: 0.153 Thread 0x000078ffb002ad00 Exception <a 'java/lang/NoSuchMethodError'{0x0000000279f33b18}: 'int java.lang.invoke.Invokers$Holder.exactInvoker(java.lang.Object, java.lang.Object, long, long, long)'> (0x0000000279f33b18) 
thrown [src/hotspot/share/interpreter/linkResolver.cpp, line 773]
Event: 0.153 Thread 0x000078ffb002ad00 Exception <a 'java/lang/NoSuchMethodError'{0x0000000279f371b0}: 'int java.lang.invoke.DelegatingMethodHandle$Holder.delegate(java.lang.Object, java.lang.Object, long, long, long)'> (0x0000000279f371b0) 
thrown [src/hotspot/share/interpreter/linkResolver.cpp, line 773]
Event: 0.153 Thread 0x000078ffb002ad00 Exception <a 'java/lang/NoSuchMethodError'{0x0000000279f3ec70}: 'int java.lang.invoke.DirectMethodHandle$Holder.invokeSpecial(java.lang.Object, java.lang.Object, java.lang.Object, java.lang.Object, int)'> (0x0000000279f3ec70) 
thrown [src/hotspot/share/interpreter/linkResolver.cpp, line 773]
Event: 0.153 Thread 0x000078ffb002ad00 Exception <a 'java/lang/NoSuchMethodError'{0x0000000279f41e10}: 'int java.lang.invoke.Invokers$Holder.invokeExact_MT(java.lang.Object, java.lang.Object, java.lang.Object, int, java.lang.Object)'> (0x0000000279f41e10) 
thrown [src/hotspot/share/interpreter/linkResolver.cpp, line 773]
Event: 0.155 Thread 0x000078ffb002ad00 Exception <a 'java/lang/NoSuchMethodError'{0x0000000279f57ed8}: 'int java.lang.invoke.Invokers$Holder.invokeExact_MT(java.lang.Object, java.lang.Object, java.lang.Object, java.lang.Object)'> (0x0000000279f57ed8) 
thrown [src/hotspot/share/interpreter/linkResolver.cpp, line 773]
Event: 0.457 Thread 0x000078ffb002ad00 Exception <a 'java/lang/NoSuchMethodError'{0x0000000279f5f560}: 'int java.lang.invoke.DirectMethodHandle$Holder.invokeSpecial(java.lang.Object, java.lang.Object, java.lang.Object, int, java.lang.Object)'> (0x0000000279f5f560) 
thrown [src/hotspot/share/interpreter/linkResolver.cpp, line 773]
Event: 0.458 Thread 0x000078ffb002ad00 Exception <a 'java/lang/NoSuchMethodError'{0x0000000279f629c0}: 'int java.lang.invoke.Invokers$Holder.invokeExact_MT(java.lang.Object, java.lang.Object, int, java.lang.Object, java.lang.Object)'> (0x0000000279f629c0) 
thrown [src/hotspot/share/interpreter/linkResolver.cpp, line 773]
Event: 0.460 Thread 0x000078ffb002ad00 Exception <a 'java/lang/NoSuchMethodError'{0x0000000279f79888}: 'int java.lang.invoke.DirectMethodHandle$Holder.invokeSpecial(java.lang.Object, java.lang.Object, java.lang.Object, java.lang.Object, java.lang.Object, long, int)'> (0x0000000279f79888) 
thrown [src/hotspot/share/interpreter/linkResolver.cpp, line 773]
Event: 0.462 Thread 0x000078ffb002ad00 Exception <a 'java/lang/NoSuchMethodError'{0x0000000279f873f8}: 'int java.lang.invoke.Invokers$Holder.invokeExact_MT(java.lang.Object, java.lang.Object, java.lang.Object)'> (0x0000000279f873f8) 
thrown [src/hotspot/share/interpreter/linkResolver.cpp, line 773]

ZGC Phase Switch (0 events):
No events

VM Operations (8 events):
Event: 0.459 Executing VM operation: HandshakeAllThreads (Deoptimize)
Event: 0.459 Executing VM operation: HandshakeAllThreads (Deoptimize) done
Event: 0.459 Executing VM operation: HandshakeAllThreads (Deoptimize)
Event: 0.459 Executing VM operation: HandshakeAllThreads (Deoptimize) done
Event: 0.462 Executing VM operation: HandshakeAllThreads (CloseScopedMemory)
Event: 0.462 Executing VM operation: HandshakeAllThreads (CloseScopedMemory) done
Event: 0.463 Executing VM operation: HandshakeAllThreads (CloseScopedMemory)
Event: 0.463 Executing VM operation: HandshakeAllThreads (CloseScopedMemory) done

Memory protections (14 events):
Event: 0.001 Protecting memory [0x000078ffb5f00000,0x000078ffb5f04000] with protection modes 0
Event: 0.019 Protecting memory [0x000078ff7860e000,0x000078ff78612000] with protection modes 0
Event: 0.019 Protecting memory [0x000078ff7850e000,0x000078ff78512000] with protection modes 0
Event: 0.019 Protecting memory [0x000078ff7840e000,0x000078ff78412000] with protection modes 0
Event: 0.019 Protecting memory [0x000078ff7830e000,0x000078ff78312000] with protection modes 0
Event: 0.019 Protecting memory [0x000078ff7820e000,0x000078ff78212000] with protection modes 0
Event: 0.019 Protecting memory [0x000078ff7810e000,0x000078ff78112000] with protection modes 0
Event: 0.019 Protecting memory [0x000078ff7800e000,0x000078ff78012000] with protection modes 0
Event: 0.022 Protecting memory [0x000078ff63e30000,0x000078ff63e34000] with protection modes 0
Event: 0.023 Protecting memory [0x000078ff63d30000,0x000078ff63d34000] with protection modes 0
Event: 0.023 Protecting memory [0x000078ff63c30000,0x000078ff63c34000] with protection modes 0
Event: 0.024 Protecting memory [0x000078ff63b30000,0x000078ff63b34000] with protection modes 0
Event: 0.093 Protecting memory [0x000078ff63500000,0x000078ff63504000] with protection modes 0
Event: 0.461 Protecting memory [0x000078ff201fe000,0x000078ff20202000] with protection modes 0

Nmethod flushes (0 events):
No events

Events (15 events):
Event: 0.014 Thread 0x000078ffb002ad00 Thread added: 0x000078ffb002ad00
Event: 0.019 Thread 0x000078ffb002ad00 Thread added: 0x000078ffb01385c0
Event: 0.019 Thread 0x000078ffb002ad00 Thread added: 0x000078ffb0139c10
Event: 0.019 Thread 0x000078ffb002ad00 Thread added: 0x000078ffb013b6f0
Event: 0.019 Thread 0x000078ffb002ad00 Thread added: 0x000078ffb013cd30
Event: 0.019 Thread 0x000078ffb002ad00 Thread added: 0x000078ffb013e2d0
Event: 0.019 Thread 0x000078ffb002ad00 Thread added: 0x000078ffb013fe70
Event: 0.019 Thread 0x000078ffb002ad00 Thread added: 0x000078ffb0141580
Event: 0.022 Thread 0x000078ffb013fe70 Thread added: 0x000078fef80b70e0
Event: 0.023 Thread 0x000078fef80b70e0 Thread added: 0x000078fef0001070
Event: 0.023 Thread 0x000078ffb002ad00 Thread added: 0x000078ffb017d000
Event: 0.024 Thread 0x000078ffb002ad00 Thread added: 0x000078ffb0180c50
Event: 0.093 Thread 0x000078fef0001070 Thread added: 0x000078fef40c9dd0
Event: 0.459 Thread 0x000078fef40c9dd0 Thread exited: 0x000078fef40c9dd0
Event: 0.461 Thread 0x000078fedc0145f0 Thread added: 0x000078fedc0145f0


Dynamic libraries:
21b000000-27a000000 rw-p 00000000 00:00 0 
27a000000-7ff000000 ---p 00000000 00:00 0 
7ff000000-7ff109000 rw-p 00cb4000 08:30 106585                           /usr/lib/jvm/temurin-22-jdk-amd64/lib/server/classes.jsa
7ff109000-800000000 rw-p 00000000 00:00 0 
5d5f8be14000-5d5f8be15000 r-xp 00000000 08:30 106291                     /usr/lib/jvm/temurin-22-jdk-amd64/bin/java
5d5f8be16000-5d5f8be17000 r--p 00001000 08:30 106291                     /usr/lib/jvm/temurin-22-jdk-amd64/bin/java
5d5f8be17000-5d5f8be18000 rw-p 00002000 08:30 106291                     /usr/lib/jvm/temurin-22-jdk-amd64/bin/java
5d5f9c180000-5d5f9c1c7000 rw-p 00000000 00:00 0                          [heap]
78fed7d15000-78fed8021000 rw-p 00000000 00:00 0 
78fed8021000-78fedc000000 ---p 00000000 00:00 0 
78fedc000000-78fedc035000 rw-p 00000000 00:00 0 
78fedc035000-78fee0000000 ---p 00000000 00:00 0 
78fee0000000-78fee01cc000 rw-p 00000000 00:00 0 
78fee01cc000-78fee4000000 ---p 00000000 00:00 0 
78fee4000000-78fee4021000 rw-p 00000000 00:00 0 
78fee4021000-78fee8000000 ---p 00000000 00:00 0 
78fee8000000-78fee8021000 rw-p 00000000 00:00 0 
78fee8021000-78feec000000 ---p 00000000 00:00 0 
78feec000000-78feec021000 rw-p 00000000 00:00 0 
78feec021000-78fef0000000 ---p 00000000 00:00 0 
78fef0000000-78fef0140000 rw-p 00000000 00:00 0 
78fef0140000-78fef4000000 ---p 00000000 00:00 0 
78fef4000000-78fef4113000 rw-p 00000000 00:00 0 
78fef4113000-78fef8000000 ---p 00000000 00:00 0 
78fef8000000-78fef83d4000 rw-p 00000000 00:00 0 
78fef83d4000-78fefc000000 ---p 00000000 00:00 0 
78fefc000000-78fefc355000 rw-p 00000000 00:00 0 
78fefc355000-78ff00000000 ---p 00000000 00:00 0 
78ff00000000-78ff00021000 rw-p 00000000 00:00 0 
78ff00021000-78ff04000000 ---p 00000000 00:00 0 
78ff04000000-78ff04021000 rw-p 00000000 00:00 0 
78ff04021000-78ff08000000 ---p 00000000 00:00 0 
78ff08000000-78ff08021000 rw-p 00000000 00:00 0 
78ff08021000-78ff0c000000 ---p 00000000 00:00 0 
78ff0c000000-78ff0c021000 rw-p 00000000 00:00 0 
78ff0c021000-78ff10000000 ---p 00000000 00:00 0 
78ff10000000-78ff10021000 rw-p 00000000 00:00 0 
78ff10021000-78ff14000000 ---p 00000000 00:00 0 
78ff14000000-78ff14021000 rw-p 00000000 00:00 0 
78ff14021000-78ff18000000 ---p 00000000 00:00 0 
78ff18000000-78ff18340000 rw-p 00000000 00:00 0 
78ff18340000-78ff18400000 ---p 00000000 00:00 0 
78ff18400000-78ff184f0000 rw-p 00000000 00:00 0 
78ff184f0000-78ff1c000000 ---p 00000000 00:00 0 
78ff1c000000-78ff1c021000 rw-p 00000000 00:00 0 
78ff1c021000-78ff20000000 ---p 00000000 00:00 0 
78ff201fd000-78ff201fe000 ---p 00000000 00:00 0 
78ff201fe000-78ff20202000 ---p 00000000 00:00 0 
78ff20202000-78ff209fe000 rw-p 00000000 00:00 0 
78ff209fe000-78ff209ff000 ---p 00000000 00:00 0 
78ff209ff000-78ff211ff000 rw-p 00000000 00:00 0 
78ff211ff000-78ff21200000 ---p 00000000 00:00 0 
78ff21200000-78ff21a00000 rw-p 00000000 00:00 0 
78ff21a00000-78ff21ab3000 r--p 00000000 08:30 12298                      /usr/lib/x86_64-linux-gnu/libcrypto.so.3
78ff21ab3000-78ff21de7000 r-xp 000b3000 08:30 12298                      /usr/lib/x86_64-linux-gnu/libcrypto.so.3
78ff21de7000-78ff21eb2000 r--p 003e7000 08:30 12298                      /usr/lib/x86_64-linux-gnu/libcrypto.so.3
78ff21eb2000-78ff21f0e000 r--p 004b1000 08:30 12298                      /usr/lib/x86_64-linux-gnu/libcrypto.so.3
78ff21f0e000-78ff21f11000 rw-p 0050d000 08:30 12298                      /usr/lib/x86_64-linux-gnu/libcrypto.so.3
78ff21f11000-78ff21f14000 rw-p 00000000 00:00 0 
78ff22000000-78ff22c75000 rw-p 00001000 08:30 106585                     /usr/lib/jvm/temurin-22-jdk-amd64/lib/server/classes.jsa
78ff22c75000-78ff23000000 ---p 00000000 00:00 0 
78ff23000000-78ff23030000 rw-p 00000000 00:00 0 
78ff23030000-78ff230d0000 rw-p 00000000 00:00 0 
78ff230d0000-78ff63000000 ---p 00000000 00:00 0 
78ff6307a000-78ff63200000 rw-p 00000000 00:00 0 
78ff63200000-78ff6329d000 r--p 00000000 08:30 13062                      /usr/lib/x86_64-linux-gnu/libstdc++.so.6.0.33
78ff6329d000-78ff633e5000 r-xp 0009d000 08:30 13062                      /usr/lib/x86_64-linux-gnu/libstdc++.so.6.0.33
78ff633e5000-78ff6346c000 r--p 001e5000 08:30 13062                      /usr/lib/x86_64-linux-gnu/libstdc++.so.6.0.33
78ff6346c000-78ff63477000 r--p 0026b000 08:30 13062                      /usr/lib/x86_64-linux-gnu/libstdc++.so.6.0.33
78ff63477000-78ff6347a000 rw-p 00276000 08:30 13062                      /usr/lib/x86_64-linux-gnu/libstdc++.so.6.0.33
78ff6347a000-78ff6347e000 rw-p 00000000 00:00 0 
78ff63500000-78ff63504000 ---p 00000000 00:00 0 
78ff63504000-78ff63600000 rw-p 00000000 00:00 0 
78ff63600000-78ff6365f000 r--p 00000000 08:30 342294                     /home/hep7/project/kairos/zlink/core/build/linux-x64/lib/libzlink.so.5.2.5
78ff6365f000-78ff638bf000 r-xp 0005f000 08:30 342294                     /home/hep7/project/kairos/zlink/core/build/linux-x64/lib/libzlink.so.5.2.5
78ff638bf000-78ff63938000 r--p 002bf000 08:30 342294                     /home/hep7/project/kairos/zlink/core/build/linux-x64/lib/libzlink.so.5.2.5
78ff63938000-78ff63942000 r--p 00337000 08:30 342294                     /home/hep7/project/kairos/zlink/core/build/linux-x64/lib/libzlink.so.5.2.5
78ff63942000-78ff63945000 rw-p 00341000 08:30 342294                     /home/hep7/project/kairos/zlink/core/build/linux-x64/lib/libzlink.so.5.2.5
78ff63945000-78ff6394a000 rw-p 00000000 00:00 0 
78ff63a58000-78ff63a5c000 r--p 00000000 08:30 12845                      /usr/lib/x86_64-linux-gnu/libgcc_s.so.1
78ff63a5c000-78ff63a80000 r-xp 00004000 08:30 12845                      /usr/lib/x86_64-linux-gnu/libgcc_s.so.1
78ff63a80000-78ff63a84000 r--p 00028000 08:30 12845                      /usr/lib/x86_64-linux-gnu/libgcc_s.so.1
78ff63a84000-78ff63a85000 r--p 0002b000 08:30 12845                      /usr/lib/x86_64-linux-gnu/libgcc_s.so.1
78ff63a85000-78ff63a86000 rw-p 0002c000 08:30 12845                      /usr/lib/x86_64-linux-gnu/libgcc_s.so.1
78ff63a86000-78ff63aa4000 r--p 00000000 08:30 12299                      /usr/lib/x86_64-linux-gnu/libssl.so.3
78ff63aa4000-78ff63b06000 r-xp 0001e000 08:30 12299                      /usr/lib/x86_64-linux-gnu/libssl.so.3
78ff63b06000-78ff63b22000 r--p 00080000 08:30 12299                      /usr/lib/x86_64-linux-gnu/libssl.so.3
78ff63b22000-78ff63b2c000 r--p 0009c000 08:30 12299                      /usr/lib/x86_64-linux-gnu/libssl.so.3
78ff63b2c000-78ff63b30000 rw-p 000a6000 08:30 12299                      /usr/lib/x86_64-linux-gnu/libssl.so.3
78ff63b30000-78ff63b34000 ---p 00000000 00:00 0 
78ff63b34000-78ff63c30000 rw-p 00000000 00:00 0 
78ff63c30000-78ff63c34000 ---p 00000000 00:00 0 
78ff63c34000-78ff63d30000 rw-p 00000000 00:00 0 
78ff63d30000-78ff63d34000 ---p 00000000 00:00 0 
78ff63d34000-78ff63e30000 rw-p 00000000 00:00 0 
78ff63e30000-78ff63e34000 ---p 00000000 00:00 0 
78ff63e34000-78ff63f30000 rw-p 00000000 00:00 0 
78ff63f30000-78ff63ffe000 r-xp 00000000 08:30 106559                     /usr/lib/jvm/temurin-22-jdk-amd64/lib/libjsvml.so
78ff63ffe000-78ff63fff000 r--p 000cd000 08:30 106559                     /usr/lib/jvm/temurin-22-jdk-amd64/lib/libjsvml.so
78ff63fff000-78ff64000000 rw-p 000ce000 08:30 106559                     /usr/lib/jvm/temurin-22-jdk-amd64/lib/libjsvml.so
78ff64000000-78ff64021000 rw-p 00000000 00:00 0 
78ff64021000-78ff68000000 ---p 00000000 00:00 0 
78ff68000000-78ff68021000 rw-p 00000000 00:00 0 
78ff68021000-78ff6c000000 ---p 00000000 00:00 0 
78ff6c000000-78ff6c021000 rw-p 00000000 00:00 0 
78ff6c021000-78ff70000000 ---p 00000000 00:00 0 
78ff70000000-78ff70021000 rw-p 00000000 00:00 0 
78ff70021000-78ff74000000 ---p 00000000 00:00 0 
78ff74000000-78ff74021000 rw-p 00000000 00:00 0 
78ff74021000-78ff78000000 ---p 00000000 00:00 0 
78ff7800e000-78ff78012000 ---p 00000000 00:00 0 
78ff78012000-78ff7810e000 rw-p 00000000 00:00 0 
78ff7810e000-78ff78112000 ---p 00000000 00:00 0 
78ff78112000-78ff7820e000 rw-p 00000000 00:00 0 
78ff7820e000-78ff78212000 ---p 00000000 00:00 0 
78ff78212000-78ff7830e000 rw-p 00000000 00:00 0 
78ff7830e000-78ff78312000 ---p 00000000 00:00 0 
78ff78312000-78ff7840e000 rw-p 00000000 00:00 0 
78ff7840e000-78ff78412000 ---p 00000000 00:00 0 
78ff78412000-78ff7850e000 rw-p 00000000 00:00 0 
78ff7850e000-78ff78512000 ---p 00000000 00:00 0 
78ff78512000-78ff7860e000 rw-p 00000000 00:00 0 
78ff7860e000-78ff78612000 ---p 00000000 00:00 0 
78ff78612000-78ff7870e000 rw-p 00000000 00:00 0 
78ff7870e000-78ff78767000 r--p 00000000 08:30 12233                      /usr/lib/locale/C.utf8/LC_CTYPE
78ff78767000-78ff78768000 ---p 00000000 00:00 0 
78ff78768000-78ff78868000 rw-p 00000000 00:00 0 
78ff78868000-78ff78869000 ---p 00000000 00:00 0 
78ff78869000-78ff78969000 rw-p 00000000 00:00 0 
78ff78969000-78ff7896a000 ---p 00000000 00:00 0 
78ff7896a000-78ff78a6a000 rw-p 00000000 00:00 0 
78ff78a6a000-78ff78a6b000 ---p 00000000 00:00 0 
78ff78a6b000-78ff7c830000 rw-p 00000000 00:00 0 
78ff7c830000-78ff92970000 ---p 00000000 00:00 0 
78ff92970000-78ff92ca8000 rw-p 00000000 00:00 0 
78ff92ca8000-78ff958d0000 ---p 00000000 00:00 0 
78ff958d0000-78ff95bd0000 rw-p 00000000 00:00 0 
78ff95bd0000-78ff987f8000 ---p 00000000 00:00 0 
78ff987f8000-78ff98800000 rw-p 00000000 00:00 0 
78ff98800000-78ff98a70000 rwxp 00000000 00:00 0 
78ff98a70000-78ff9fc5f000 ---p 00000000 00:00 0 
78ff9fc5f000-78ff9feef000 rwxp 00000000 00:00 0 
78ff9feef000-78ffa03a0000 ---p 00000000 00:00 0 
78ffa03a0000-78ffa0610000 rwxp 00000000 00:00 0 
78ffa0610000-78ffa7800000 ---p 00000000 00:00 0 
78ffa7800000-78ffafe12000 r--s 00000000 08:30 106577                     /usr/lib/jvm/temurin-22-jdk-amd64/lib/modules
78ffafe23000-78ffb03be000 rw-p 00000000 00:00 0 
78ffb03be000-78ffb4000000 ---p 00000000 00:00 0 
78ffb400f000-78ffb4011000 r-xp 00000000 08:30 106543                     /usr/lib/jvm/temurin-22-jdk-amd64/lib/libextnet.so
78ffb4011000-78ffb4012000 r--p 00001000 08:30 106543                     /usr/lib/jvm/temurin-22-jdk-amd64/lib/libextnet.so
78ffb4012000-78ffb4013000 rw-p 00002000 08:30 106543                     /usr/lib/jvm/temurin-22-jdk-amd64/lib/libextnet.so
78ffb4013000-78ffb401e000 r-xp 00000000 08:30 106566                     /usr/lib/jvm/temurin-22-jdk-amd64/lib/libnet.so
78ffb401e000-78ffb401f000 ---p 0000b000 08:30 106566                     /usr/lib/jvm/temurin-22-jdk-amd64/lib/libnet.so
78ffb401f000-78ffb4020000 r--p 0000b000 08:30 106566                     /usr/lib/jvm/temurin-22-jdk-amd64/lib/libnet.so
78ffb4020000-78ffb4021000 rw-p 0000c000 08:30 106566                     /usr/lib/jvm/temurin-22-jdk-amd64/lib/libnet.so
78ffb4021000-78ffb4035000 r-xp 00000000 08:30 106567                     /usr/lib/jvm/temurin-22-jdk-amd64/lib/libnio.so
78ffb4035000-78ffb4036000 r--p 00013000 08:30 106567                     /usr/lib/jvm/temurin-22-jdk-amd64/lib/libnio.so
78ffb4036000-78ffb4037000 rw-p 00014000 08:30 106567                     /usr/lib/jvm/temurin-22-jdk-amd64/lib/libnio.so
78ffb4037000-78ffb4940000 rw-p 00000000 00:00 0 
78ffb4940000-78ffb4941000 ---p 00000000 00:00 0 
78ffb4941000-78ffb4a41000 rw-p 00000000 00:00 0 
78ffb4a41000-78ffb4a42000 ---p 00000000 00:00 0 
78ffb4a42000-78ffb4b42000 rw-p 00000000 00:00 0 
78ffb4b42000-78ffb4b43000 ---p 00000000 00:00 0 
78ffb4b43000-78ffb5d33000 rw-p 00000000 00:00 0 
78ffb5d33000-78ffb5e17000 ---p 00000000 00:00 0 
78ffb5e17000-78ffb5e1c000 rw-p 00000000 00:00 0 
78ffb5e1c000-78ffb5f00000 ---p 00000000 00:00 0 
78ffb5f00000-78ffb5f04000 ---p 00000000 00:00 0 
78ffb5f04000-78ffb6000000 rw-p 00000000 00:00 0 
78ffb6000000-78ffb7437000 r-xp 00000000 08:30 106588                     /usr/lib/jvm/temurin-22-jdk-amd64/lib/server/libjvm.so
78ffb7437000-78ffb7438000 ---p 01437000 08:30 106588                     /usr/lib/jvm/temurin-22-jdk-amd64/lib/server/libjvm.so
78ffb7438000-78ffb7508000 r--p 01437000 08:30 106588                     /usr/lib/jvm/temurin-22-jdk-amd64/lib/server/libjvm.so
78ffb7508000-78ffb7537000 rw-p 01507000 08:30 106588                     /usr/lib/jvm/temurin-22-jdk-amd64/lib/server/libjvm.so
78ffb7537000-78ffb75ae000 rw-p 00000000 00:00 0 
78ffb75ae000-78ffb75af000 r--p 00000000 08:30 12239                      /usr/lib/locale/C.utf8/LC_NUMERIC
78ffb75af000-78ffb75b0000 r--p 00000000 08:30 12242                      /usr/lib/locale/C.utf8/LC_TIME
78ffb75b0000-78ffb75f7000 rw-p 00000000 00:00 0 
78ffb75f7000-78ffb7600000 ---p 00000000 00:00 0 
78ffb7600000-78ffb7628000 r--p 00000000 08:30 38863                      /usr/lib/x86_64-linux-gnu/libc.so.6
78ffb7628000-78ffb77b0000 r-xp 00028000 08:30 38863                      /usr/lib/x86_64-linux-gnu/libc.so.6
78ffb77b0000-78ffb77ff000 r--p 001b0000 08:30 38863                      /usr/lib/x86_64-linux-gnu/libc.so.6
78ffb77ff000-78ffb7803000 r--p 001fe000 08:30 38863                      /usr/lib/x86_64-linux-gnu/libc.so.6
78ffb7803000-78ffb7805000 rw-p 00202000 08:30 38863                      /usr/lib/x86_64-linux-gnu/libc.so.6
78ffb7805000-78ffb7812000 rw-p 00000000 00:00 0 
78ffb7812000-78ffb7813000 r--p 00000000 08:30 12232                      /usr/lib/locale/C.utf8/LC_COLLATE
78ffb7813000-78ffb7814000 r--p 00000000 08:30 12237                      /usr/lib/locale/C.utf8/LC_MONETARY
78ffb7814000-78ffb781b000 r--s 00000000 08:30 38752                      /usr/lib/x86_64-linux-gnu/gconv/gconv-modules.cache
78ffb781b000-78ffb783b000 r-xp 00000000 08:30 106551                     /usr/lib/jvm/temurin-22-jdk-amd64/lib/libjava.so
78ffb783b000-78ffb783c000 ---p 00020000 08:30 106551                     /usr/lib/jvm/temurin-22-jdk-amd64/lib/libjava.so
78ffb783c000-78ffb783d000 r--p 00020000 08:30 106551                     /usr/lib/jvm/temurin-22-jdk-amd64/lib/libjava.so
78ffb783d000-78ffb783e000 rw-p 00021000 08:30 106551                     /usr/lib/jvm/temurin-22-jdk-amd64/lib/libjava.so
78ffb783e000-78ffb783f000 rw-p 00000000 00:00 0 
78ffb783f000-78ffb7847000 rw-s 00000000 00:43 86264                      /tmp/hsperfdata_hep7/35562
78ffb7847000-78ffb7862000 r-xp 00000000 08:30 106555                     /usr/lib/jvm/temurin-22-jdk-amd64/lib/libjimage.so
78ffb7862000-78ffb7863000 ---p 0001b000 08:30 106555                     /usr/lib/jvm/temurin-22-jdk-amd64/lib/libjimage.so
78ffb7863000-78ffb7865000 r--p 0001b000 08:30 106555                     /usr/lib/jvm/temurin-22-jdk-amd64/lib/libjimage.so
78ffb7865000-78ffb7866000 rw-p 0001d000 08:30 106555                     /usr/lib/jvm/temurin-22-jdk-amd64/lib/libjimage.so
78ffb7866000-78ffb7876000 r--p 00000000 08:30 38876                      /usr/lib/x86_64-linux-gnu/libm.so.6
78ffb7876000-78ffb78f5000 r-xp 00010000 08:30 38876                      /usr/lib/x86_64-linux-gnu/libm.so.6
78ffb78f5000-78ffb794d000 r--p 0008f000 08:30 38876                      /usr/lib/x86_64-linux-gnu/libm.so.6
78ffb794d000-78ffb794e000 r--p 000e7000 08:30 38876                      /usr/lib/x86_64-linux-gnu/libm.so.6
78ffb794e000-78ffb794f000 rw-p 000e8000 08:30 38876                      /usr/lib/x86_64-linux-gnu/libm.so.6
78ffb794f000-78ffb7950000 r--p 00000000 08:30 38994                      /usr/lib/x86_64-linux-gnu/librt.so.1
78ffb7950000-78ffb7951000 r-xp 00001000 08:30 38994                      /usr/lib/x86_64-linux-gnu/librt.so.1
78ffb7951000-78ffb7952000 r--p 00002000 08:30 38994                      /usr/lib/x86_64-linux-gnu/librt.so.1
78ffb7952000-78ffb7953000 r--p 00002000 08:30 38994                      /usr/lib/x86_64-linux-gnu/librt.so.1
78ffb7953000-78ffb7954000 rw-p 00003000 08:30 38994                      /usr/lib/x86_64-linux-gnu/librt.so.1
78ffb7954000-78ffb7956000 rw-p 00000000 00:00 0 
78ffb7956000-78ffb7957000 r--p 00000000 08:30 38875                      /usr/lib/x86_64-linux-gnu/libdl.so.2
78ffb7957000-78ffb7958000 r-xp 00001000 08:30 38875                      /usr/lib/x86_64-linux-gnu/libdl.so.2
78ffb7958000-78ffb7959000 r--p 00002000 08:30 38875                      /usr/lib/x86_64-linux-gnu/libdl.so.2
78ffb7959000-78ffb795a000 r--p 00002000 08:30 38875                      /usr/lib/x86_64-linux-gnu/libdl.so.2
78ffb795a000-78ffb795b000 rw-p 00003000 08:30 38875                      /usr/lib/x86_64-linux-gnu/libdl.so.2
78ffb795b000-78ffb795c000 r--p 00000000 08:30 38974                      /usr/lib/x86_64-linux-gnu/libpthread.so.0
78ffb795c000-78ffb795d000 r-xp 00001000 08:30 38974                      /usr/lib/x86_64-linux-gnu/libpthread.so.0
78ffb795d000-78ffb795e000 r--p 00002000 08:30 38974                      /usr/lib/x86_64-linux-gnu/libpthread.so.0
78ffb795e000-78ffb795f000 r--p 00002000 08:30 38974                      /usr/lib/x86_64-linux-gnu/libpthread.so.0
78ffb795f000-78ffb7960000 rw-p 00003000 08:30 38974                      /usr/lib/x86_64-linux-gnu/libpthread.so.0
78ffb7960000-78ffb7961000 r--p 00000000 08:30 12236                      /usr/lib/locale/C.utf8/LC_MESSAGES/SYS_LC_MESSAGES
78ffb7961000-78ffb7962000 r--p 00000000 08:30 12240                      /usr/lib/locale/C.utf8/LC_PAPER
78ffb7962000-78ffb7963000 r--p 00000000 08:30 12238                      /usr/lib/locale/C.utf8/LC_NAME
78ffb7963000-78ffb7964000 r--p 00000000 08:30 12231                      /usr/lib/locale/C.utf8/LC_ADDRESS
78ffb7964000-78ffb7965000 r--p 00000000 08:30 12241                      /usr/lib/locale/C.utf8/LC_TELEPHONE
78ffb7965000-78ffb7966000 r--p 00000000 08:30 12235                      /usr/lib/locale/C.utf8/LC_MEASUREMENT
78ffb7966000-78ffb7967000 r--p 00000000 08:30 12234                      /usr/lib/locale/C.utf8/LC_IDENTIFICATION
78ffb7967000-78ffb7968000 ---p 00000000 00:00 0 
78ffb7968000-78ffb7969000 r--p 00000000 00:00 0 
78ffb7969000-78ffb796a000 ---p 00000000 00:00 0 
78ffb796a000-78ffb7983000 r-xp 00000000 08:30 106556                     /usr/lib/jvm/temurin-22-jdk-amd64/lib/libjli.so
78ffb7983000-78ffb7984000 r--p 00018000 08:30 106556                     /usr/lib/jvm/temurin-22-jdk-amd64/lib/libjli.so
78ffb7984000-78ffb7985000 rw-p 00019000 08:30 106556                     /usr/lib/jvm/temurin-22-jdk-amd64/lib/libjli.so
78ffb7985000-78ffb7987000 rw-p 00000000 00:00 0 
78ffb7987000-78ffb7988000 r--p 00000000 08:30 38814                      /usr/lib/x86_64-linux-gnu/ld-linux-x86-64.so.2
78ffb7988000-78ffb79b3000 r-xp 00001000 08:30 38814                      /usr/lib/x86_64-linux-gnu/ld-linux-x86-64.so.2
78ffb79b3000-78ffb79bd000 r--p 0002c000 08:30 38814                      /usr/lib/x86_64-linux-gnu/ld-linux-x86-64.so.2
78ffb79bd000-78ffb79bf000 r--p 00036000 08:30 38814                      /usr/lib/x86_64-linux-gnu/ld-linux-x86-64.so.2
78ffb79bf000-78ffb79c1000 rw-p 00038000 08:30 38814                      /usr/lib/x86_64-linux-gnu/ld-linux-x86-64.so.2
7fffbe86e000-7fffbe890000 rw-p 00000000 00:00 0                          [stack]
7fffbe98e000-7fffbe992000 r--p 00000000 00:00 0                          [vvar]
7fffbe992000-7fffbe994000 r-xp 00000000 00:00 0                          [vdso]
Total number of mappings: 241


VM Arguments:
jvm_args: --enable-native-access=ALL-UNNAMED 
java_command: dev.kairoscode.zlink.integration.bench.PairBenchMain STREAM tcp 1024
java_class_path (initial): build/classes/java/main:build/classes/java/test
Launcher Type: SUN_STANDARD

[Global flags]
     intx CICompilerCount                          = 12                                        {product} {ergonomic}
     uint ConcGCThreads                            = 4                                         {product} {ergonomic}
     uint G1ConcRefinementThreads                  = 15                                        {product} {ergonomic}
   size_t G1HeapRegionSize                         = 16777216                                  {product} {ergonomic}
   size_t InitialHeapSize                          = 1593835520                                {product} {ergonomic}
   size_t MarkStackSize                            = 4194304                                   {product} {ergonomic}
   size_t MaxHeapSize                              = 25316818944                               {product} {ergonomic}
   size_t MaxNewSize                               = 15183380480                               {product} {ergonomic}
   size_t MinHeapDeltaBytes                        = 16777216                                  {product} {ergonomic}
   size_t MinHeapSize                              = 16777216                                  {product} {ergonomic}
    uintx NonNMethodCodeHeapSize                   = 7602480                                {pd product} {ergonomic}
    uintx NonProfiledCodeHeapSize                  = 122027880                              {pd product} {ergonomic}
    uintx ProfiledCodeHeapSize                     = 122027880                              {pd product} {ergonomic}
    uintx ReservedCodeCacheSize                    = 251658240                              {pd product} {ergonomic}
     bool SegmentedCodeCache                       = true                                      {product} {ergonomic}
   size_t SoftMaxHeapSize                          = 25316818944                            {manageable} {ergonomic}
     bool UseCompressedOops                        = true                           {product lp64_product} {ergonomic}
     bool UseG1GC                                  = true                                      {product} {ergonomic}

Logging:
Log output configuration:
 #0: stdout all=warning uptime,level,tags foldmultilines=false
 #1: stderr all=off uptime,level,tags foldmultilines=false

Environment Variables:
PATH=/home/hep7/.local/bin:/home/hep7/.codex/tmp/arg0/codex-arg0fkocS2:/usr/lib/node_modules/@openai/codex/node_modules/@openai/codex-linux-x64/vendor/x86_64-unknown-linux-musl/path:/home/hep7/project/kairos/zlink/.venv-bindings/bin:/home/hep7/.local/bin:/home/hep7/.vscode-server/bin/072586267e68ece9a47aa43f8c108e0dcbf44622/bin/remote-cli:/home/hep7/.local/bin:/home/hep7/.local/bin:/usr/local/sbin:/usr/local/bin:/usr/sbin:/usr/bin:/sbin:/bin:/usr/games:/usr/local/games:/usr/lib/wsl/lib:/mnt/c/Program Files/Eclipse Adoptium/jdk-22.0.2.9-hotspot/bin:/mnt/c/WINDOWS/system32:/mnt/c/WINDOWS:/mnt/c/WINDOWS/System32/Wbem:/mnt/c/WINDOWS/System32/WindowsPowerShell/v1.0/:/mnt/c/WINDOWS/System32/OpenSSH/:/mnt/c/Program Files/nodejs/:/mnt/c/Program Files/Git/cmd:/mnt/c/Program Files (x86)/Windows Kits/10/Windows Performance Toolkit/:/mnt/c/Program Files/GitHub CLI/:/mnt/c/Program Files/dotnet/:/mnt/c/Program Files/CMake/bin:/Docker/host/bin:/mnt/c/Users/hep7/AppData/Local/Programs/Python/Python312:/mnt/c/Users/hep7/AppData/Local/Programs/Python/Python312/Scripts:/mnt/c/Program Files/Microsoft Visual Studio/2022/Community/Common7/IDE/CommonExtensions/Microsoft/CMake/CMake/bin:/mnt/c/Users/hep7/.codex/tmp/arg0/codex-arg0tuaUCJ:/mnt/c/WINDOWS/system32:/mnt/c/WINDOWS:/mnt/c/WINDOWS/System32/Wbem:/mnt/c/WINDOWS/System32/WindowsPowerShell/v1.0/:/mnt/c/WINDOWS/System32/OpenSSH/:/mnt/c/Program Files/nodejs/:/mnt/c/Program Files/Git/cmd:/mnt/c/Program Files (x86)/Windows Kits/10/Windows Performance Toolkit/:/mnt/c/Program Files/GitHub CLI/:/mnt/c/Users/hep7/AppData/Local/Microsoft/WindowsApps:/mnt/c/Users/hep7/AppData/Local/Microsoft/WinGet/Links:/mnt/c/Users/hep7/AppData/Roaming/npm:/mnt/c/Users/hep7/AppData/Local/Programs/Microsoft VS Code/bin:/mnt/c/Users/hep7/AppData/Local/Programs/Warp/bin:/mnt/c/Users/hep7/.vscode/extensions/openai.chatgpt-0.5.72-win32-x64/bin/windows-x86_64:/mnt/c/Tools/gradle-9.3.1/bin:/mnt/c/Program Files/dotnet:/mnt/c/Program Files/Eclipse Adoptium/jdk-22.0.2.9-hotspot/bin:/mnt/c/Users/hep7/AppData/Local/Microsoft/WinGet/Packages/Ninja-build.Ninja_Microsoft.Winget.Source_8wekyb3d8bbwe:/mnt/c/Users/hep7/.dotnet/tools:/mnt/c/Users/hep7/.dotnet/tools:/snap/bin:/home/hep7/.dotnet/tools
SHELL=/bin/bash
DISPLAY=:0
HOSTTYPE=x86_64
LANG=C.UTF-8
LC_ALL=C.UTF-8
LC_CTYPE=C.UTF-8
TERM=xterm-256color

Active Locale:
LC_ALL=C.UTF-8
LC_COLLATE=C.UTF-8
LC_CTYPE=C.UTF-8
LC_MESSAGES=C.UTF-8
LC_MONETARY=C.UTF-8
LC_NUMERIC=C.UTF-8
LC_TIME=C.UTF-8

Signal Handlers:
   SIGSEGV: crash_handler in libjvm.so, mask=11100100010111111101111111111110, flags=SA_RESTART|SA_SIGINFO, unblocked
    SIGBUS: crash_handler in libjvm.so, mask=11100100010111111101111111111110, flags=SA_RESTART|SA_SIGINFO, unblocked
    SIGFPE: crash_handler in libjvm.so, mask=11100100010111111101111111111110, flags=SA_RESTART|SA_SIGINFO, unblocked
   SIGPIPE: javaSignalHandler in libjvm.so, mask=11100100010111111101111111111110, flags=SA_RESTART|SA_SIGINFO, blocked
   SIGXFSZ: javaSignalHandler in libjvm.so, mask=11100100010111111101111111111110, flags=SA_RESTART|SA_SIGINFO, blocked
    SIGILL: crash_handler in libjvm.so, mask=11100100010111111101111111111110, flags=SA_RESTART|SA_SIGINFO, unblocked
   SIGUSR2: SR_handler in libjvm.so, mask=00000000000000000000000000000000, flags=SA_RESTART|SA_SIGINFO, blocked
    SIGHUP: UserHandler in libjvm.so, mask=11100100010111111101111111111110, flags=SA_RESTART|SA_SIGINFO, blocked
    SIGINT: UserHandler in libjvm.so, mask=11100100010111111101111111111110, flags=SA_RESTART|SA_SIGINFO, blocked
   SIGTERM: UserHandler in libjvm.so, mask=11100100010111111101111111111110, flags=SA_RESTART|SA_SIGINFO, blocked
   SIGQUIT: UserHandler in libjvm.so, mask=11100100010111111101111111111110, flags=SA_RESTART|SA_SIGINFO, blocked
   SIGTRAP: crash_handler in libjvm.so, mask=11100100010111111101111111111110, flags=SA_RESTART|SA_SIGINFO, unblocked


Periodic native trim disabled

---------------  S Y S T E M  ---------------

OS:
DISTRIB_ID=Ubuntu
DISTRIB_RELEASE=24.04
DISTRIB_CODENAME=noble
DISTRIB_DESCRIPTION="Ubuntu 24.04.3 LTS"
uname: Linux 6.6.87.2-microsoft-standard-WSL2 #1 SMP PREEMPT_DYNAMIC Thu Jun  5 18:30:46 UTC 2025 x86_64
OS uptime: 1 days 21:41 hours
libc: glibc 2.39 NPTL 2.39 
rlimit (soft/hard): STACK 8192k/infinity , CORE 0k/infinity , NPROC 386189/386189 , NOFILE 1048576/1048576 , AS infinity/infinity , CPU infinity/infinity , DATA infinity/infinity , FSIZE infinity/infinity , MEMLOCK 65536k/65536k
load average: 2.46 2.33 1.97

/proc/meminfo:
MemTotal:       98874496 kB
MemFree:        90973812 kB
MemAvailable:   91402100 kB
Buffers:           50704 kB
Cached:          1458340 kB
SwapCached:       221816 kB
Active:          3486488 kB
Inactive:        3510760 kB
Active(anon):    2576192 kB
Inactive(anon):  3352456 kB
Active(file):     910296 kB
Inactive(file):   158304 kB
Unevictable:           0 kB
Mlocked:               0 kB
SwapTotal:      16777216 kB
SwapFree:        7337616 kB
Dirty:                36 kB
Writeback:             0 kB
AnonPages:       5383980 kB
Mapped:           476136 kB
Shmem:            440420 kB
KReclaimable:     234176 kB
Slab:             398304 kB
SReclaimable:     234176 kB
SUnreclaim:       164128 kB
KernelStack:       22640 kB
PageTables:       139520 kB
SecPageTables:         0 kB
NFS_Unstable:          0 kB
Bounce:                0 kB
WritebackTmp:          0 kB
CommitLimit:    66214464 kB
Committed_AS:   23203732 kB
VmallocTotal:   34359738367 kB
VmallocUsed:       54664 kB
VmallocChunk:          0 kB
Percpu:            11904 kB
HardwareCorrupted:     0 kB
AnonHugePages:         0 kB
ShmemHugePages:        0 kB
ShmemPmdMapped:        0 kB
FileHugePages:         0 kB
FilePmdMapped:         0 kB
Unaccepted:            0 kB
HugePages_Total:       0
HugePages_Free:        0
HugePages_Rsvd:        0
HugePages_Surp:        0
Hugepagesize:       2048 kB
Hugetlb:               0 kB
DirectMap4k:      115712 kB
DirectMap2M:    21903360 kB
DirectMap1G:    88080384 kB

/sys/kernel/mm/transparent_hugepage/enabled: always [madvise] never
/sys/kernel/mm/transparent_hugepage/hpage_pmd_size: 2097152
/sys/kernel/mm/transparent_hugepage/shmem_enabled: always within_size advise [never] deny force
/sys/kernel/mm/transparent_hugepage/defrag (defrag/compaction efforts parameter): always defer defer+madvise [madvise] never

Process Memory:
Virtual Size: 28385268K (peak: 28385308K)
Resident Set Size: 80780K (peak: 80780K) (anon: 55036K, file: 25744K, shmem: 0K)
Swapped out: 0K
C-Heap outstanding allocations: 49927K, retained: 4564K
glibc malloc tunables: (default)

/proc/sys/kernel/threads-max (system-wide limit on the number of threads): 772378
/proc/sys/vm/max_map_count (maximum number of memory map areas a process may have): 262144
/proc/sys/vm/swappiness (control to define how aggressively the kernel swaps out anonymous memory): 10
/proc/sys/kernel/pid_max (system-wide limit on number of process identifiers): 99999

container (cgroup) information:
container_type: cgroupv2
cpu_cpuset_cpus: not supported
cpu_memory_nodes: not supported
active_processor_count: 20
cpu_quota: no quota
cpu_period: 100000
cpu_shares: no shares
memory_limit_in_bytes: unlimited
memory_and_swap_limit_in_bytes: unlimited
memory_soft_limit_in_bytes: unlimited
memory_usage_in_bytes: 6605848 k
memory_max_usage_in_bytes: not supported
memory_swap_current_in_bytes: 9325188 k
memory_swap_max_limit_in_bytes: unlimited
maximum number of tasks: 115856
current number of tasks: 887

Hyper-V virtualization detected
Steal ticks since vm start: 0
Steal ticks percentage since vm start:  0.000

CPU: total 20 (initial active 20) (32 cores per cpu, 1 threads per core) family 6 model 198 stepping 2 microcode 0xffffffff, cx8, cmov, fxsr, mmx, 3dnowpref, sse, sse2, sse3, ssse3, sse4.1, sse4.2, popcnt, lzcnt, tsc, tscinvbit, avx, avx2, aes, erms, clmul, bmi1, bmi2, adx, sha, fma, vzeroupper, clflush, clflushopt, clwb, hv, serialize, rdtscp, rdpid, fsrm, f16c, cet_ibt, cet_ss
CPU Model and flags from /proc/cpuinfo:
model name	: Intel(R) Core(TM) Ultra 7 265K
flags		: fpu vme de pse tsc msr pae mce cx8 apic sep mtrr pge mca cmov pat pse36 clflush mmx fxsr sse sse2 ss ht syscall nx pdpe1gb rdtscp lm constant_tsc rep_good nopl xtopology tsc_reliable nonstop_tsc cpuid tsc_known_freq pni pclmulqdq vmx ssse3 fma cx16 pcid sse4_1 sse4_2 x2apic movbe popcnt tsc_deadline_timer aes xsave avx f16c rdrand hypervisor lahf_lm abm 3dnowprefetch ssbd ibrs ibpb stibp ibrs_enhanced tpr_shadow ept vpid ept_ad fsgsbase tsc_adjust bmi1 avx2 smep bmi2 erms invpcid rdseed adx smap clflushopt clwb sha_ni xsaveopt xsavec xgetbv1 xsaves avx_vnni vnmi umip waitpkg gfni vaes vpclmulqdq rdpid movdiri movdir64b fsrm md_clear serialize flush_l1d arch_capabilities

Online cpus: 0-19
Offline cpus: 
BIOS frequency limitation: <Not Available>
Frequency switch latency (ns): <Not Available>
Available cpu frequencies: <Not Available>
Current governor: <Not Available>
Core performance/turbo boost: <Not Available>

Memory: 4k page, physical 98874496k(91402100k free), swap 16777216k(7337616k free)
Page Sizes: 4k

vm_info: OpenJDK 64-Bit Server VM (22.0.2+9) for linux-amd64 JRE (22.0.2+9), built on 2024-07-16T00:00:00Z by "admin" with gcc 11.3.0

END.
