# callgrind format
version: 1
creator: callgrind-3.22.0
pid: 946492
cmd:  core/build/bin/comp_std_zmq_pubsub standard tcp 64
part: 1


desc: I1 cache: 
desc: D1 cache: 
desc: LL cache: 

desc: Timerange: Basic block 0 - 107597521
desc: Trigger: Program termination

positions: line
events: Ir
summary: 417975000


ob=(8) /home/hep7/project/kairos/zlink/core/bench/with_zmq/libzmq/libzmq_dist/linux-x64/lib/libzmq.so
fl=(211) ???
fn=(3578) zmq::io_object_t::add_timer(int, int)
0 12
cob=(4) ???
cfi=(175) ???
cfn=(3580) 0x000000000488e410
calls=2 0 
0 2337

fn=(4210) zmq::socket_base_t::send(zmq::msg_t*, int)
0 2270020
cob=(4)
cfi=(175)
cfn=(2132) 0x000000000488eba0
calls=113501 0 
0 908008
0 681006
cob=(4)
cfi=(175)
cfn=(2228) 0x000000000488f020
calls=113501 0 
0 5846910
0 681006
cob=(4)
cfi=(175)
cfn=(4270) 0x000000000488f580
calls=113501 0 
0 681724
0 454004
cob=(4)
cfi=(175)
cfn=(4276) 0x000000000488eda0
calls=113501 0 
0 2043756
0 2156519
cfn=(4282) zmq::xpub_t::xsend(zmq::msg_t*)
calls=113501 0 
0 69773114
0 227395
cob=(4)
cfi=(175)
cfn=(1532) 0x000000000488da40
calls=131 0 
0 786
0 1965
cob=(4)
cfi=(175)
cfn=(2228)
calls=131 0 
0 79592
0 1310
cfn=(4282)
calls=131 0 
0 180092
0 524
cob=(4)
cfi=(175)
cfn=(3586) 0x0000000004890590
calls=131 0 
0 9563
0 524

fn=(4244) zmq::msg_t::command_body()
0 4
cob=(4)
cfi=(175)
cfn=(4124) 0x000000000488db50
calls=1 0 
0 8
0 4
cob=(4)
cfi=(175)
cfn=(4130) 0x000000000488e220
calls=1 0 
0 8
0 4
cob=(4)
cfi=(175)
cfn=(2144) 0x000000000488f550
calls=1 0 
0 5
0 8
cob=(4)
cfi=(175)
cfn=(2138) 0x000000000488f1f0
calls=1 0 
0 30
0 3

fn=(1386) zmq_ctx_new
0 5
cob=(4)
cfi=(175)
cfn=(1388) 0x000000000488f1c0
calls=1 0 
0 725
0 5
cob=(4)
cfi=(175)
cfn=(1396) 0x0000000004892190
calls=1 0 
0 1684
0 5
cob=(4)
cfi=(175)
cfn=(1406) 0x0000000004891570
calls=1 0 
0 23614
0 2
cob=(4)
cfi=(175)
cfn=(1620) 0x000000000488e490
calls=1 0 
0 2160
0 7

fn=(1544) _sodium_alloc_init
0 4
cob=(4)
cfi=(175)
cfn=(1546) 0x000000000488ef00
calls=1 0 
0 887
0 8
cob=(4)
cfi=(175)
cfn=(1558) 0x0000000004891bb0
calls=1 0 
0 717
0 3

fn=(1600) _crypto_stream_chacha20_pick_best_implementation
0 5
cob=(4)
cfi=(175)
cfn=(1574) 0x0000000004891020
calls=1 0 
0 5
0 7

fn=(1670) zmq::ctx_t::create_socket(int)
0 30
cob=(4)
cfi=(175)
cfn=(1514) 0x0000000004890d30
calls=2 0 
0 92
0 44
cob=(4)
cfi=(175)
cfn=(1952) 0x0000000004890b20
calls=2 0 
0 17723
0 30
cob=(4)
cfi=(175)
cfn=(2024) 0x000000000488f050
calls=2 0 
0 796
0 6
cob=(4)
cfi=(175)
cfn=(1614) 0x000000000488f2a0
calls=2 0 
0 78
0 32
cob=(4)
cfi=(175)
cfn=(2018) 0x00000000048915a0
calls=2 0 
0 4387
0 4
cob=(4)
cfi=(175)
cfn=(1672) 0x00000000048917c0
calls=1 0 
0 51952
0 2

fn=(1686) std::vector<zmq::i_mailbox*, std::allocator<zmq::i_mailbox*> >::_M_default_append(unsigned long)
0 37
cob=(4)
cfi=(175)
cfn=(1688) 0x000000000488eaf0
calls=1 0 
0 908
0 11

fn=(1974) zmq::socket_base_t::socket_base_t(zmq::ctx_t*, unsigned int, int, bool)
0 42
cob=(4)
cfi=(175)
cfn=(1976) 0x000000000488e730
calls=2 0 
0 1768
0 20
cob=(4)
cfi=(175)
cfn=(1418) 0x000000000488da70
calls=2 0 
0 12
0 10
cob=(4)
cfi=(175)
cfn=(1424) 0x0000000004890df0
calls=2 0 
0 30
0 10
cob=(4)
cfi=(175)
cfn=(1430) 0x0000000004890e50
calls=2 0 
0 110
0 52
cob=(4)
cfi=(175)
cfn=(1720) 0x000000000488ed30
calls=2 0 
0 130
0 26
cob=(4)
cfi=(175)
cfn=(1418)
calls=2 0 
0 12
0 10
cob=(4)
cfi=(175)
cfn=(1424)
calls=2 0 
0 30
0 10
cob=(4)
cfi=(175)
cfn=(1430)
calls=2 0 
0 110
0 14
cob=(4)
cfi=(175)
cfn=(1988) 0x000000000488e850
calls=2 0 
0 1668
0 10
cob=(4)
cfi=(175)
cfn=(1988)
calls=2 0 
0 278
0 12
cob=(4)
cfi=(175)
cfn=(1988)
calls=2 0 
0 292
0 16
cob=(4)
cfi=(175)
cfn=(1396)
calls=2 0 
0 458
0 10
cob=(4)
cfi=(175)
cfn=(1438) 0x00000000048910e0
calls=2 0 
0 1858
0 4
cob=(4)
cfi=(175)
cfn=(1750) 0x000000000488e610
calls=2 0 
0 20
0 22

fn=(1980) zmq::own_t::own_t(zmq::ctx_t*, unsigned int)
0 12
cob=(4)
cfi=(175)
cfn=(1702) 0x000000000488f640
calls=2 0 
0 18
0 10
cob=(4)
cfi=(175)
cfn=(1982) 0x00000000048908b0
calls=2 0 
0 976
0 30

fn=(1992) zmq::ctx_t::get(int)
0 60
cob=(4)
cfi=(175)
cfn=(1994) 0x0000000004890410
calls=6 0 
0 1436
0 48

fn=(2142) zmq::msg_t::data()
0 4086942
cob=(4)
cfi=(175)
cfn=(2132)
calls=681157 0 
0 5449256
0 11247490

fn=(2292) zmq::socket_base_t::check_protocol(std::__cxx11::basic_string<char, std::char_traits<char>, std::allocator<char> > const&) const
0 20
cob=(4)
cfi=(175)
cfn=(2294) 0x000000000488e0e0
calls=2 0 
0 2144
0 12
cob=(4)
cfi=(175)
cfn=(2294)
calls=2 0 
0 142
0 10
cob=(4)
cfi=(175)
cfn=(2294)
calls=2 0 
0 142
0 20
cob=(4)
cfi=(175)
cfn=(2294)
calls=2 0 
0 150
0 4

fn=(2356) zmq::io_object_t::plug(zmq::io_thread_t*)
0 84
cob=(4)
cfi=(175)
cfn=(2358) 0x000000000488fc70
calls=6 0 
0 804
0 42

fn=(2380) zmq::tcp_listener_t::create_socket(char const*)
0 17
cob=(4)
cfi=(175)
cfn=(2382) 0x000000000488fca0
calls=1 0 
0 39519
0 5
cob=(4)
cfi=(175)
cfn=(2618) 0x000000000488f800
calls=1 0 
0 4
0 7
cob=(4)
cfi=(175)
cfn=(2630) 0x0000000004891a60
calls=1 0 
0 950
0 4
cob=(4)
cfi=(175)
cfn=(2636) 0x000000000488e6c0
calls=1 0 
0 1532
0 3
cob=(4)
cfi=(175)
cfn=(2648) 0x0000000004891910
calls=1 0 
0 1497
0 4
cob=(4)
cfi=(175)
cfn=(2660) 0x000000000488dc50
calls=1 0 
0 872
0 5
cob=(4)
cfi=(175)
cfn=(2664) 0x0000000004890070
calls=1 0 
0 866
0 11

fn=(2540) zmq::ip_resolver_options_t::ipv6()
0 27

fn=(2594) zmq::ip_addr_t::set_port(unsigned short)
0 16
cob=(4)
cfi=(175)
cfn=(2596) 0x0000000004890eb0
calls=2 0 
0 724
0 10

fn=(2622) zmq::make_socket_noninheritable(int)
0 8

fn=(2628) zmq::set_nosigpipe(int)
0 9

fn=(2640) zmq::tcp_address_t::addrlen() const
0 14
cob=(4)
cfi=(175)
cfn=(2642) 0x0000000004891620
calls=7 0 
0 874

fn=(2690) zmq::tcp_address_t::tcp_address_t(sockaddr const*, unsigned int)
0 170

fn=(2738) zmq::socket_base_t::event(zmq::endpoint_uri_pair_t const&, unsigned long*, unsigned long, unsigned long)
0 112
cob=(4)
cfi=(175)
cfn=(1514)
calls=7 0 
0 322
0 49
cob=(4)
cfi=(175)
cfn=(1614)
calls=7 0 
0 273
0 70

fn=(2830) zmq::xpub_t::xgetsockopt(int, void*, unsigned long*)
0 15
cob=(4)
cfi=(175)
cfn=(1532)
calls=1 0 
0 6
0 3

fn=(2872) zmq::socket_base_t::connect(char const*)
0 11
cob=(4)
cfi=(175)
cfn=(2874) 0x0000000004891cc0
calls=1 0 
0 55926
0 8

fn=(2884) std::_Rb_tree<std::__cxx11::basic_string<char, std::char_traits<char>, std::allocator<char> >, std::pair<std::__cxx11::basic_string<char, std::char_traits<char>, std::allocator<char> > const, std::pair<zmq::own_t*, zmq::pipe_t*> >, std::_Select1st<std::pair<std::__cxx11::basic_string<char, std::char_traits<char>, std::allocator<char> > const, std::pair<zmq::own_t*, zmq::pipe_t*> > >, std::less<std::__cxx11::basic_string<char, std::char_traits<char>, std::allocator<char> > >, std::allocator<std::pair<std::__cxx11::basic_string<char, std::char_traits<char>, std::allocator<char> > const, std::pair<zmq::own_t*, zmq::pipe_t*> > > >::equal_range(std::__cxx11::basic_string<char, std::char_traits<char>, std::allocator<char> > const&) const
0 24

fn=(2934) zmq::pipe_t::pipe_t(zmq::object_t*, zmq::ypipe_base_t<zmq::msg_t>*, zmq::ypipe_base_t<zmq::msg_t>*, int, int, bool)
0 60
cob=(4)
cfi=(175)
cfn=(2340) 0x000000000488ea70
calls=4 0 
0 44
0 76
cob=(4)
cfi=(175)
cfn=(2936) 0x0000000004890040
calls=4 0 
0 770
0 96
cob=(4)
cfi=(175)
cfn=(2012) 0x0000000004890190
calls=4 0 
0 32
0 24

fn=(2984) zmq::trie_t::apply(void (*)(unsigned char*, unsigned long, void*), void*)
0 12
cob=(4)
cfi=(175)
cfn=(2986) 0x0000000004891c80
calls=1 0 
0 5082
0 2
cob=(4)
cfi=(175)
cfn=(3026) 0x00000000048902b0
calls=1 0 
0 977
0 5

fn=(3034) zmq::pipe_t::flush()
0 1145560
cfn=(3036) zmq::ypipe_t<zmq::msg_t, 256>::flush()
calls=114556 0 
0 1489780
0 458818
cob=(4)
cfi=(175)
cfn=(4328) 0x000000000488f6c0
calls=297 0 
0 164316

fn=(3036)
0 1489780

fn=(3042) zmq::own_t::is_terminating() const
0 24

fn=(3462) zmq::zmtp_engine_t::zmtp_engine_t(int, zmq::options_t const&, zmq::endpoint_uri_pair_t const&)
0 14
cob=(4)
cfi=(175)
cfn=(3464) 0x0000000004891710
calls=2 0 
0 7938
0 34
cob=(4)
cfi=(175)
cfn=(2012)
calls=2 0 
0 16
0 8
cob=(4)
cfi=(175)
cfn=(2012)
calls=2 0 
0 16
0 18

fn=(3470) get_peer_address(int)
0 38
cob=(4)
cfi=(175)
cfn=(3472) 0x00000000048913f0
calls=2 0 
0 4562
0 48

fn=(3492) zmq::tcp_connecter_t::out_event()
0 15
cob=(4)
cfi=(175)
cfn=(3494) 0x0000000004890c10
calls=1 0 
0 3779
0 2
cob=(4)
cfi=(175)
cfn=(3518) 0x00000000048908c0
calls=1 0 
0 1822
0 6
cob=(4)
cfi=(175)
cfn=(3530) 0x00000000048917b0
calls=1 0 
0 901
0 7
cob=(4)
cfi=(175)
cfn=(2676) 0x0000000004890800
calls=1 0 
0 30
0 6
cob=(4)
cfi=(175)
cfn=(3536) 0x0000000004890cf0
calls=1 0 
0 8440
0 4
cob=(4)
cfi=(175)
cfn=(2058) 0x000000000488f9b0
calls=1 0 
0 99
0 16
cob=(4)
cfi=(175)
cfn=(2686) 0x00000000048905f0
calls=1 0 
0 36
0 6
cob=(4)
cfi=(175)
cfn=(2692) 0x000000000488f1b0
calls=1 0 
0 2414
0 11

fn=(3674) zmq::object_t::send_term_ack(zmq::own_t*)
0 48
cob=(4)
cfi=(175)
cfn=(2776) 0x0000000004891400
calls=4 0 
0 904
0 20

fn=(3714) zmq::stream_engine_base_t::out_event()
0 28202
cfn=(3820) zmq::encoder_base_t<zmq::v3_1_encoder_t>::encode(unsigned char**, unsigned long)
calls=1124 0 
0 220970
0 806156
cfn=(4082) zmq::stream_engine_base_t::pull_and_encode(zmq::msg_t*)
calls=113714 0 
0 20690084
cfn=(3822) zmq::stream_engine_base_t::next_handshake_command(zmq::msg_t*)
calls=6 0 
0 7314
0 681456
cfn=(3870) zmq::encoder_base_t<zmq::v3_1_encoder_t>::load_msg(zmq::msg_t*)
calls=113504 0 
0 12485449
0 1135040
cfn=(3820)
calls=113504 0 
0 43749528
0 1145510
cob=(4)
cfi=(175)
cfn=(3716) 0x000000000488e160
calls=1021 0 
0 85241
0 20298
cob=(4)
cfi=(175)
cfn=(1532)
calls=216 0 
0 1296
0 2666
cob=(4)
cfi=(175)
cfn=(3728) 0x00000000048916d0
calls=115 0 
0 6029
0 18

fn=(3758) zmq::v3_1_encoder_t::v3_1_encoder_t(unsigned long)
0 32
cob=(4)
cfi=(175)
cfn=(3760) 0x0000000004890790
calls=2 0 
0 1507
0 34

fn=(3774) zmq::shared_message_memory_allocator::shared_message_memory_allocator(unsigned long)
0 24

fn=(3820)
0 4454890
cob=(4)
cfi=(175)
cfn=(2268) 0x000000000488f570
calls=227916 0 
0 3872596
0 3185376
cfn=(3874) zmq::v3_1_encoder_t::size_ready()
calls=113504 0 
0 9761323
0 1027198
cob=(4)
cfi=(175)
cfn=(2174) 0x0000000004891430
calls=113504 0 
0 18815135
0 454016
cob=(4)
cfi=(175)
cfn=(2012)
calls=113504 0 
0 908032
0 1491932

fn=(3862) zmq::mechanism_t::add_basic_properties(unsigned char*, unsigned long) const
0 26
cob=(4)
cfi=(175)
cfn=(3846) 0x000000000488dca0
calls=2 0 
0 30
0 6
cob=(4)
cfi=(175)
cfn=(2260) 0x000000000488e660
calls=2 0 
0 32
0 12
cob=(4)
cfi=(175)
cfn=(3864) 0x00000000048908d0
calls=2 0 
0 1028
0 42

fn=(3868) zmq::mechanism_t::add_property(unsigned char*, unsigned long, char const*, void const*, unsigned long)
0 30
cob=(4)
cfi=(175)
cfn=(2260)
calls=2 0 
0 32
0 26
cob=(4)
cfi=(175)
cfn=(2268)
calls=2 0 
0 30
0 18
cob=(4)
cfi=(175)
cfn=(2268)
calls=2 0 
0 40
0 18

fn=(3874)
0 794528
cob=(4)
cfi=(175)
cfn=(2126) 0x0000000004891800
calls=113504 0 
0 3632119
0 340512
cob=(4)
cfi=(175)
cfn=(2138)
calls=113504 0 
0 3859124
0 1135040

fn=(3894) zmq::shared_message_memory_allocator::data()
0 454016

fn=(3934) std::pair<std::_Rb_tree_iterator<std::pair<std::__cxx11::basic_string<char, std::char_traits<char>, std::allocator<char> > const, std::__cxx11::basic_string<char, std::char_traits<char>, std::allocator<char> > > >, bool> std::_Rb_tree<std::__cxx11::basic_string<char, std::char_traits<char>, std::allocator<char> >, std::pair<std::__cxx11::basic_string<char, std::char_traits<char>, std::allocator<char> > const, std::__cxx11::basic_string<char, std::char_traits<char>, std::allocator<char> > >, std::_Select1st<std::pair<std::__cxx11::basic_string<char, std::char_traits<char>, std::allocator<char> > const, std::__cxx11::basic_string<char, std::char_traits<char>, std::allocator<char> > > >, std::less<std::__cxx11::basic_string<char, std::char_traits<char>, std::allocator<char> > >, std::allocator<std::pair<std::__cxx11::basic_string<char, std::char_traits<char>, std::allocator<char> > const, std::__cxx11::basic_string<char, std::char_traits<char>, std::allocator<char> > > > >::_M_emplace_unique<std::__cxx11::basic_string<char, std::char_traits<char>, std::allocator<char> > const&, std::__cxx11::basic_string<char, std::char_traits<char>, std::allocator<char> > >(std::__cxx11::basic_string<char, std::char_traits<char>, std::allocator<char> > const&, std::__cxx11::basic_string<char, std::char_traits<char>, std::allocator<char> >&&)
0 32
cob=(4)
cfi=(175)
cfn=(1678) 0x000000000488fb70
calls=2 0 
0 470
0 66
cob=(4)
cfi=(175)
cfn=(3936) 0x0000000004891f60
calls=2 0 
0 1541
0 22
cob=(4)
cfi=(175)
cfn=(2814) 0x000000000488dcf0
calls=2 0 
0 36
0 38
cob=(4)
cfi=(175)
cfn=(2268)
calls=2 0 
0 30
0 20

fn=(4122) zmq::zmtp_engine_t::process_command_message(zmq::msg_t*)
0 10
cob=(4)
cfi=(175)
cfn=(2138)
calls=1 0 
0 30
0 3
cob=(4)
cfi=(175)
cfn=(2126)
calls=1 0 
0 29
0 7
cob=(4)
cfi=(175)
cfn=(2138)
calls=1 0 
0 30
0 11
cob=(4)
cfi=(175)
cfn=(4124)
calls=1 0 
0 702
0 4
cob=(4)
cfi=(175)
cfn=(4130)
calls=1 0 
0 702
0 14
cob=(4)
cfi=(175)
cfn=(2114) 0x000000000488f3f0
calls=1 0 
0 5
0 1

fn=(4388) zmq::socket_base_t::recv(zmq::msg_t*, int)
0 2273900
cob=(4)
cfi=(175)
cfn=(2132)
calls=113695 0 
0 909560
0 2619231
cob=(4)
cfi=(175)
cfn=(2228)
calls=1061 0 
0 234313
0 345329
cfn=(4390) zmq::xsub_t::xrecv(zmq::msg_t*)
calls=113695 0 
0 41111243
0 567320
cob=(4)
cfi=(175)
cfn=(4416) 0x000000000488f970
calls=113310 0 
0 3853398
0 227387
cob=(4)
cfi=(175)
cfn=(1532)
calls=385 0 
0 2310
0 4434
cob=(4)
cfi=(175)
cfn=(2228)
calls=193 0 
0 112860
0 1926
cob=(4)
cfi=(175)
cfn=(2228)
calls=192 0 
0 42048
0 1923
cfn=(4390)
calls=193 0 
0 71989
0 400
cob=(4)
cfi=(175)
cfn=(3586)
calls=2 0 
0 146
0 394
cob=(4)
cfi=(175)
cfn=(3586)
calls=193 0 
0 14089
0 1348
cfn=(4390)
calls=192 0 
0 25536
0 1532
cob=(4)
cfi=(175)
cfn=(4416)
calls=191 0 
0 6494
0 195

fn=(4426) zmq_msg_more
0 340503
cob=(4)
cfi=(175)
cfn=(4428) 0x000000000488f9e0
calls=113501 0 
0 2157145

fn=(4436) zmq_msg_data
0 227002
cob=(4)
cfi=(175)
cfn=(2138)
calls=113501 0 
0 3521282

fn=(4478) zmq::stream_engine_base_t::restart_input()
0 2340
cfn=(3904) zmq::v2_decoder_t::msg()
calls=90 0 
0 270
0 270
cfn=(4480) zmq::stream_engine_base_t::push_one_then_decode_and_push(zmq::msg_t*)
calls=90 0 
0 15930
0 134226
cfn=(3904)
calls=8311 0 
0 24933
0 24933
cfn=(4120) zmq::stream_engine_base_t::decode_and_push(zmq::msg_t*)
calls=8311 0 
0 1936801
0 91949
cfn=(3878) zmq::decoder_base_t<zmq::v2_decoder_t, zmq::shared_message_memory_allocator>::decode(unsigned char const*, unsigned long, unsigned long&)
calls=8399 0 
0 3898491
0 42711
cob=(4)
cfi=(175)
cfn=(3298) 0x000000000488dc80
calls=90 0 
0 3510
0 180
cob=(4)
cfi=(175)
cfn=(4094) 0x0000000004891410
calls=90 0 
0 25670
0 1080
cob=(4)
cfi=(175)
cfn=(3598) 0x000000000488ead0
calls=90 0 
0 7899476

fn=(4752) non-virtual thunk to zmq::reaper_t::in_event()
0 6
cfn=(4754) zmq::reaper_t::in_event()
calls=2 0 
0 14232

fn=(4764) zmq::socket_base_t::process_term(int)
0 20
cob=(4)
cfi=(175)
cfn=(4766) 0x000000000488dbc0
calls=2 0 
0 2068
0 18
cob=(4)
cfi=(175)
cfn=(4778) 0x00000000048921e0
calls=2 0 
0 872
0 10
cob=(4)
cfi=(175)
cfn=(4784) 0x000000000488dc30
calls=2 0 
0 4236
0 14
cob=(4)
cfi=(175)
cfn=(3644) 0x000000000488ea10
calls=2 0 
0 10
0 16
cob=(4)
cfi=(175)
cfn=(3664) 0x000000000488ddc0
calls=2 0 
0 822

fn=(4794) zmq::object_t::send_pipe_term(zmq::pipe_t*)
0 24
cob=(4)
cfi=(175)
cfn=(2776)
calls=2 0 
0 452
0 10

fn=(4860) non-virtual thunk to zmq::socket_base_t::pipe_terminated(zmq::pipe_t*)
0 6
cfn=(4862) zmq::socket_base_t::pipe_terminated(zmq::pipe_t*)
calls=2 0 
0 11827

fn=(4896) zmq::ypipe_t<zmq::msg_t, 256>::~ypipe_t()
0 48
cob=(4)
cfi=(175)
cfn=(3026)
calls=4 0 
0 874
0 12
cob=(4)
cfi=(175)
cfn=(3026)
calls=4 0 
0 633
0 12
cob=(4)
cfi=(175)
cfn=(2058)
calls=4 0 
0 410

fn=(4952) non-virtual thunk to zmq::stream_engine_base_t::terminate()
0 16
cob=(4)
cfi=(175)
cfn=(4954) 0x0000000004892140
calls=2 0 
0 1990
0 20
cfn=(4966) zmq::zmtp_engine_t::~zmtp_engine_t()
calls=2 0 
0 11132

fn=(4958) zmq::stream_engine_base_t::unplug()
0 40
cob=(4)
cfi=(175)
cfn=(4960) 0x0000000004891ca0
calls=2 0 
0 762
0 16
cob=(4)
cfi=(175)
cfn=(3500) 0x00000000048900d0
calls=2 0 
0 388
0 2

fn=(4976) zmq::stream_engine_base_t::~stream_engine_base_t()
0 38
cob=(4)
cfi=(175)
cfn=(4264) 0x000000000488ece0
calls=2 0 
0 12
0 14
cfn=(4978) zmq::v3_1_encoder_t::~v3_1_encoder_t()
calls=2 0 
0 1370
0 12
cfn=(4984) zmq::v2_decoder_t::~v2_decoder_t()
calls=2 0 
0 3341
0 12
cfn=(5002) virtual thunk to zmq::null_mechanism_t::~null_mechanism_t()
calls=2 0 
0 2519
0 20
cob=(4)
cfi=(175)
cfn=(2058)
calls=2 0 
0 198
0 10
cob=(4)
cfi=(175)
cfn=(2058)
calls=2 0 
0 198
0 162
cob=(4)
cfi=(175)
cfn=(3688) 0x000000000488e650
calls=2 0 
0 8
0 10
cfn=(4074) std::_Rb_tree<std::__cxx11::basic_string<char, std::char_traits<char>, std::allocator<char> >, std::pair<std::__cxx11::basic_string<char, std::char_traits<char>, std::allocator<char> > const, std::__cxx11::basic_string<char, std::char_traits<char>, std::allocator<char> > >, std::_Select1st<std::pair<std::__cxx11::basic_string<char, std::char_traits<char>, std::allocator<char> > const, std::__cxx11::basic_string<char, std::char_traits<char>, std::allocator<char> > > >, std::less<std::__cxx11::basic_string<char, std::char_traits<char>, std::allocator<char> > >, std::allocator<std::pair<std::__cxx11::basic_string<char, std::char_traits<char>, std::allocator<char> > const, std::__cxx11::basic_string<char, std::char_traits<char>, std::allocator<char> > > > >::_M_erase(std::_Rb_tree_node<std::pair<std::__cxx11::basic_string<char, std::char_traits<char>, std::allocator<char> > const, std::__cxx11::basic_string<char, std::char_traits<char>, std::allocator<char> > > >*) [clone .isra.0]
calls=2 0 
0 812
0 4
cob=(4)
cfi=(175)
cfn=(2058)
calls=2 0 
0 198
0 6
cob=(4)
cfi=(175)
cfn=(4846) 0x00000000048920a0
calls=2 0 
0 110
0 10
cob=(4)
cfi=(175)
cfn=(2174)
calls=2 0 
0 82
0 4

fn=(5028) zmq::stream_listener_base_t::~stream_listener_base_t()
0 19
cob=(4)
cfi=(175)
cfn=(2058)
calls=1 0 
0 119
0 2
cob=(4)
cfi=(175)
cfn=(3688)
calls=1 0 
0 4
0 5
cob=(4)
cfi=(175)
cfn=(3694) 0x0000000004890610
calls=1 0 
0 98

fn=(5036) zmq::object_t::destroy_socket(zmq::socket_base_t*)
0 6
cob=(4)
cfi=(175)
cfn=(5038) 0x000000000488f510
calls=2 0 
0 2062

fn=(5142) zmq::reaper_t::process_reaped()
0 12
cob=(4)
cfi=(175)
cfn=(5146) 0x000000000488e1e0
calls=1 0 
0 991
0 3
cob=(4)
cfi=(175)
cfn=(3506) 0x000000000488f210
calls=1 0 
0 316
0 3
cob=(4)
cfi=(175)
cfn=(5152) 0x00000000048914f0
calls=1 0 
0 698

fn=(5212) zmq::poller_base_t::~poller_base_t()
0 18
cob=(4)
cfi=(175)
cfn=(1810) 0x000000000488f1a0
calls=2 0 
0 10
0 18

fn=(5218) zmq::reaper_t::~reaper_t()
0 4
cob=(4)
cfi=(175)
cfn=(5220) 0x0000000004890c00
calls=1 0 
0 1600
0 3
cob=(4)
cfi=(175)
cfn=(2058)
calls=1 0 
0 91

fn=(5219) zmq::reaper_t::~reaper_t()'2
0 12
cob=(4)
cfi=(175)
cfn=(5180) 0x000000000488ed90
calls=1 0 
0 472
0 3
cob=(4)
cfi=(175)
cfn=(5094) 0x000000000488fe10
calls=1 0 
0 418
0 3
cob=(4)
cfi=(175)
cfn=(3700) 0x0000000004890950
calls=1 0 
0 4

fn=(5228) zmq::random_close()
0 2

fn=(3616) zmq::stream_engine_base_t::read(void*, unsigned long)
0 48
cob=(4)
cfi=(175)
cfn=(3618) 0x0000000004892110
calls=12 0 
0 2712
0 48

fn=(1506) zmq::random_open()
0 5
cob=(4)
cfi=(175)
cfn=(1508) 0x0000000004891aa0
calls=1 0 
0 10446
0 6

fn=(1598) sodium_runtime_has_avx
0 9

fn=(1660) zmq::ctx_t::set(int, void const*, unsigned long)
0 28
cob=(4)
cfi=(175)
cfn=(1514)
calls=1 0 
0 46
0 5
cob=(4)
cfi=(175)
cfn=(1614)
calls=1 0 
0 36
0 2

fn=(1676) zmq::ctx_t::start()
0 13
cob=(4)
cfi=(175)
cfn=(1514)
calls=1 0 
0 46
0 7
cob=(4)
cfi=(175)
cfn=(1614)
calls=1 0 
0 36
0 22
cob=(4)
cfi=(175)
cfn=(1678)
calls=1 0 
0 909
0 32
cob=(4)
cfi=(175)
cfn=(1678)
calls=1 0 
0 192
0 27
cob=(4)
cfi=(175)
cfn=(1396)
calls=1 0 
0 215
0 7
cob=(4)
cfi=(175)
cfn=(1696) 0x000000000488dd20
calls=1 0 
0 13931
0 3
cob=(4)
cfi=(175)
cfn=(1792) 0x000000000488de60
calls=1 0 
0 737
0 2
cob=(4)
cfi=(175)
cfn=(1626) 0x000000000488ff80
calls=1 0 
0 11
0 18
cob=(4)
cfi=(175)
cfn=(1792)
calls=1 0 
0 5
0 3
cob=(4)
cfi=(175)
cfn=(1798) 0x0000000004890af0
calls=1 0 
0 10171
0 22
cob=(4)
cfi=(175)
cfn=(1938) 0x0000000004891770
calls=1 0 
0 4277
0 5
cob=(4)
cfi=(175)
cfn=(1396)
calls=1 0 
0 229
0 7
cob=(4)
cfi=(175)
cfn=(1916) 0x000000000488df30
calls=1 0 
0 2528
0 3
cob=(4)
cfi=(175)
cfn=(1926) 0x000000000488e180
calls=1 0 
0 767
0 2
cob=(4)
cfi=(175)
cfn=(1626)
calls=1 0 
0 11
0 8
cob=(4)
cfi=(175)
cfn=(1932) 0x0000000004890340
calls=1 0 
0 1574
0 6
cob=(4)
cfi=(175)
cfn=(1926)
calls=1 0 
0 5
0 8
cob=(4)
cfi=(175)
cfn=(1682) 0x0000000004891670
calls=1 0 
0 1881
0 10250
cob=(4)
cfi=(175)
cfn=(1910) 0x000000000488f5e0
calls=1 0 
0 3291
0 1

fn=(1754) zmq::mailbox_t::get_fd() const
0 24
cob=(4)
cfi=(175)
cfn=(1756) 0x0000000004891370
calls=8 0 
0 760

fn=(1760) zmq::signaler_t::get_fd() const
0 24

fn=(1766) zmq::epoll_t::add_fd(int, zmq::i_poll_events*)
0 80
cob=(4)
cfi=(175)
cfn=(1768) 0x000000000488e170
calls=8 0 
0 852
0 24
cob=(4)
cfi=(175)
cfn=(1396)
calls=8 0 
0 3133
0 112
cob=(4)
cfi=(175)
cfn=(1774) 0x00000000048909d0
calls=8 0 
0 947
0 40
cob=(4)
cfi=(175)
cfn=(1780) 0x000000000488e7b0
calls=8 0 
0 824
0 56

fn=(1772) zmq::worker_poller_base_t::check_thread() const
0 872

fn=(1802) zmq::reaper_t::start()
0 7
cob=(4)
cfi=(175)
cfn=(1626)
calls=1 0 
0 11
0 8
cob=(4)
cfi=(175)
cfn=(1804) 0x0000000004890020
calls=1 0 
0 9447

fn=(1808) zmq::worker_poller_base_t::start(char const*)
0 18
cob=(4)
cfi=(175)
cfn=(1810)
calls=2 0 
0 766
0 26
cob=(4)
cfi=(175)
cfn=(1816) 0x0000000004891830
calls=2 0 
0 10159

fn=(1920) zmq::io_thread_t::io_thread_t(zmq::ctx_t*, unsigned int)
0 10
cob=(4)
cfi=(175)
cfn=(1702)
calls=1 0 
0 9
0 7
cob=(4)
cfi=(175)
cfn=(1438)
calls=1 0 
0 929
0 4
cob=(4)
cfi=(175)
cfn=(1396)
calls=1 0 
0 298
0 6
cob=(4)
cfi=(175)
cfn=(1708) 0x000000000488fac0
calls=1 0 
0 137
0 3
cob=(4)
cfi=(175)
cfn=(1750)
calls=1 0 
0 10
0 6
cob=(4)
cfi=(175)
cfn=(1750)
calls=1 0 
0 10
0 4
cob=(4)
cfi=(175)
cfn=(1762) 0x000000000488f820
calls=1 0 
0 287
0 4
cob=(4)
cfi=(175)
cfn=(1786) 0x000000000488e810
calls=1 0 
0 34
0 6

fn=(2088) zmq::socket_base_t::setsockopt(int, void const*, unsigned long)
0 207
cfn=(2100) zmq::sub_t::xsetsockopt(int, void const*, unsigned long)
calls=5 0 
0 10673
cfn=(2090) zmq::xpub_t::xsetsockopt(int, void const*, unsigned long)
calls=4 0 
0 140
0 34
cob=(4)
cfi=(175)
cfn=(1532)
calls=7 0 
0 42
0 148
cob=(4)
cfi=(175)
cfn=(2200) 0x000000000488dc70
calls=7 0 
0 1105
0 28
cob=(4)
cfi=(175)
cfn=(2206) 0x000000000488f1d0
calls=7 0 
0 919
0 7

fn=(2154) zmq::trie_t::add(unsigned char*, unsigned long)
0 26

fn=(2178) zmq::msg_t::close()
0 2728800
cob=(4)
cfi=(175)
cfn=(2132)
calls=454800 0 
0 3638400
0 2728800
cob=(4)
cfi=(175)
cfn=(2180) 0x0000000004890910
calls=454800 0 
0 2729502
0 1810272
cfn=(4442) zmq::shared_message_memory_allocator::call_dec_ref(void*, void*)
calls=112584 0 
0 1657602
0 1477902
cob=(4)
cfi=(175)
cfn=(4264)
calls=113502 0 
0 681758
0 4779832
cob=(4)
cfi=(175)
cfn=(3026)
calls=114418 0 
0 13360654
0 114418

fn=(2226) zmq::socket_base_t::bind(char const*)
0 22
cob=(4)
cfi=(175)
cfn=(2228)
calls=1 0 
0 2626
0 17
cob=(4)
cfi=(175)
cfn=(2254) 0x0000000004891010
calls=1 0 
0 7756
0 25
cob=(4)
cfi=(175)
cfn=(2288) 0x0000000004891380
calls=1 0 
0 3439
0 5
cob=(4)
cfi=(175)
cfn=(2294)
calls=1 0 
0 71
0 5
cob=(4)
cfi=(175)
cfn=(2294)
calls=1 0 
0 71
0 5
cob=(4)
cfi=(175)
cfn=(2304) 0x0000000004891ed0
calls=1 0 
0 2367
0 6
cob=(4)
cfi=(175)
cfn=(2294)
calls=1 0 
0 75
0 7
cob=(4)
cfi=(175)
cfn=(1396)
calls=1 0 
0 216
0 8
cob=(4)
cfi=(175)
cfn=(2322) 0x0000000004891980
calls=1 0 
0 7427
0 4
cob=(4)
cfi=(175)
cfn=(2370) 0x00000000048921f0
calls=1 0 
0 59513
0 7
cob=(4)
cfi=(175)
cfn=(2740) 0x00000000048920e0
calls=1 0 
0 3764
0 4
cob=(4)
cfi=(175)
cfn=(2722) 0x000000000488d9b0
calls=1 0 
0 322
0 5
cob=(4)
cfi=(175)
cfn=(2746) 0x000000000488e830
calls=1 0 
0 12381
0 9
cob=(4)
cfi=(175)
cfn=(2058)
calls=1 0 
0 91
0 2

fn=(2234) zmq::mailbox_t::recv(zmq::command_t*, int)
0 50911
cob=(4)
cfi=(175)
cfn=(3026)
calls=48 0 
0 288
0 8131
cob=(4)
cfi=(175)
cfn=(2236) 0x000000000488f880
calls=511 0 
0 57232
0 8037
cob=(4)
cfi=(175)
cfn=(2236)
calls=2679 0 
0 304197
0 10594
cob=(4)
cfi=(175)
cfn=(3258) 0x000000000488de80
calls=512 0 
0 48676
0 48832
cob=(4)
cfi=(175)
cfn=(1532)
calls=2678 0 
0 16068
0 13390

fn=(2308) zmq::object_t::choose_io_thread(unsigned long) const
0 12
cob=(4)
cfi=(175)
cfn=(2310) 0x000000000488e640
calls=4 0 
0 1756

fn=(2332) zmq::stream_listener_base_t::stream_listener_base_t(zmq::io_thread_t*, zmq::socket_base_t*, zmq::options_t const&)
0 9
cob=(4)
cfi=(175)
cfn=(2334) 0x0000000004890f10
calls=1 0 
0 2106
0 3
cob=(4)
cfi=(175)
cfn=(2346) 0x0000000004891e20
calls=1 0 
0 2438
0 16

fn=(2374) zmq::tcp_listener_t::set_local_address(char const*)
0 22
cob=(4)
cfi=(175)
cfn=(2670) 0x000000000488de40
calls=1 0 
0 8913
0 18
cob=(4)
cfi=(175)
cfn=(2722)
calls=1 0 
0 1468
0 4
cob=(4)
cfi=(175)
cfn=(2728) 0x00000000048917e0
calls=1 0 
0 2030
0 8
cob=(4)
cfi=(175)
cfn=(2058)
calls=1 0 
0 91
0 19
cob=(4)
cfi=(175)
cfn=(2376) 0x0000000004891f50
calls=1 0 
0 46108
0 4

fn=(2564) zmq::ip_resolver_options_t::allow_dns()
0 6

fn=(2612) zmq::open_socket(int, int, int)
0 12
cob=(4)
cfi=(175)
cfn=(2614) 0x000000000488dfa0
calls=2 0 
0 856
0 10
cob=(4)
cfi=(175)
cfn=(2618)
calls=2 0 
0 782
0 4
cob=(4)
cfi=(175)
cfn=(2624) 0x000000000488f990
calls=2 0 
0 720
0 14

fn=(1318) _GLOBAL__sub_I_ctx.cpp
0 4

fn=(2788) zmq::mailbox_t::send(zmq::command_t const&)
0 11790
cob=(4)
cfi=(175)
cfn=(1514)
calls=786 0 
0 36156
0 25462
cob=(4)
cfi=(175)
cfn=(1614)
calls=274 0 
0 10686
0 6975
cob=(4)
cfi=(175)
cfn=(1614)
calls=512 0 
0 19968
0 6656
cob=(4)
cfi=(175)
cfn=(2790) 0x000000000488eac0
calls=512 0 
0 49205
0 15
cob=(4)
cfi=(175)
cfn=(1444) 0x000000000488e880
calls=3 0 
0 79614
0 30

fn=(2828) zmq::socket_base_t::getsockopt(int, void*, unsigned long*)
0 50
cfn=(2830)
calls=1 0 
0 24
0 5
cob=(4)
cfi=(175)
cfn=(1532)
calls=1 0 
0 6
0 9
cob=(4)
cfi=(175)
cfn=(2832) 0x000000000488e1a0
calls=1 0 
0 1857
0 1

fn=(2896) zmq::address_t::address_t(std::__cxx11::basic_string<char, std::char_traits<char>, std::allocator<char> > const&, std::__cxx11::basic_string<char, std::char_traits<char>, std::allocator<char> > const&, zmq::ctx_t*)
0 67
cob=(4)
cfi=(175)
cfn=(2268)
calls=1 0 
0 20
0 6
cob=(4)
cfi=(175)
cfn=(2268)
calls=1 0 
0 15
0 5

fn=(2992) zmq::xsub_t::send_subscription(unsigned char*, unsigned long, void*)
0 14
cob=(4)
cfi=(175)
cfn=(2102) 0x000000000488e8a0
calls=1 0 
0 50
0 5
cob=(4)
cfi=(175)
cfn=(2994) 0x000000000488e960
calls=1 0 
0 3062
0 11

fn=(3054) zmq::address_t::to_string(std::__cxx11::basic_string<char, std::char_traits<char>, std::allocator<char> >&) const
0 44
cob=(4)
cfi=(175)
cfn=(2294)
calls=2 0 
0 150
0 16
cob=(4)
cfi=(175)
cfn=(2294)
calls=2 0 
0 142
0 10
cob=(4)
cfi=(175)
cfn=(2294)
calls=2 0 
0 142
0 10
cob=(4)
cfi=(175)
cfn=(2294)
calls=2 0 
0 142
0 22
cob=(4)
cfi=(175)
cfn=(3056) 0x000000000488e190
calls=2 0 
0 1122
0 42
cob=(4)
cfi=(175)
cfn=(3068) 0x0000000004890880
calls=2 0 
0 1604
0 24
cob=(4)
cfi=(175)
cfn=(3068)
calls=2 0 
0 398
0 42
cob=(4)
cfi=(175)
cfn=(3072) 0x0000000004892200
calls=2 0 
0 891
0 24
cob=(4)
cfi=(175)
cfn=(3068)
calls=2 0 
0 398
0 8
cob=(4)
cfi=(175)
cfn=(3076) 0x00000000048900c0
calls=2 0 
0 3595
0 10
cob=(4)
cfi=(175)
cfn=(3076)
calls=2 0 
0 290
0 8
cob=(4)
cfi=(175)
cfn=(3076)
calls=2 0 
0 5631
0 36
cob=(4)
cfi=(175)
cfn=(3118) 0x0000000004891090
calls=2 0 
0 1827
0 56
cob=(4)
cfi=(175)
cfn=(2058)
calls=2 0 
0 190
0 10
cob=(4)
cfi=(175)
cfn=(3122) 0x0000000004890b10
calls=2 0 
0 867
0 38
cob=(4)
cfi=(175)
cfn=(3126) 0x000000000488e370
calls=2 0 
0 2764
0 42

fn=(3236) zmq::epoll_t::loop()
0 28
cob=(4)
cfi=(175)
cfn=(3238) 0x000000000488f9a0
calls=2 0 
0 804
0 2552
cob=(4)
cfi=(175)
cfn=(3238)
calls=1276 0 
0 9582
0 5112
cob=(4)
cfi=(175)
cfn=(1810)
calls=1278 0 
0 6390
0 14064
cob=(4)
cfi=(175)
cfn=(3244) 0x000000000488e780
calls=1276 0 
0 79956
0 40421
cfn=(3714)
calls=1022 0 
0 72654423
cfn=(3490) non-virtual thunk to zmq::tcp_connecter_t::out_event()
calls=1 0 
0 17597
0 10443
cfn=(4816) non-virtual thunk to zmq::socket_base_t::in_event()
calls=6 0 
0 40318
cfn=(4752)
calls=2 0 
0 14238
cfn=(3596) zmq::stream_engine_base_t::in_event()
calls=879 0 
0 70272428
cfn=(3406) non-virtual thunk to zmq::tcp_listener_t::in_event()
calls=1 0 
0 22814
cfn=(3250) non-virtual thunk to zmq::io_thread_t::in_event()
calls=179 0 
0 22704089
0 11406
cob=(4)
cfi=(175)
cfn=(2058)
calls=8 0 
0 892
0 62

fn=(3340) zmq::tcp_connecter_t::start_connecting()
0 11
cob=(4)
cfi=(175)
cfn=(3342) 0x000000000488dde0
calls=1 0 
0 6201
0 6
cob=(4)
cfi=(175)
cfn=(1532)
calls=1 0 
0 6
0 6
cob=(4)
cfi=(175)
cfn=(3278) 0x00000000048901f0
calls=1 0 
0 308
0 5
cob=(4)
cfi=(175)
cfn=(3368) 0x000000000488da00
calls=1 0 
0 1543
0 2
cob=(4)
cfi=(175)
cfn=(3380) 0x0000000004890660
calls=1 0 
0 628
0 4
cob=(4)
cfi=(175)
cfn=(3144) 0x000000000488f770
calls=1 0 
0 324
0 4
cob=(4)
cfi=(175)
cfn=(3386) 0x000000000488fe50
calls=1 0 
0 1132
0 5
cob=(4)
cfi=(175)
cfn=(2058)
calls=1 0 
0 99
0 14
cob=(4)
cfi=(175)
cfn=(3392) 0x00000000048904b0
calls=1 0 
0 829

fn=(3390) zmq::socket_base_t::event_connect_delayed(zmq::endpoint_uri_pair_t const&, int)
0 11
cob=(4)
cfi=(175)
cfn=(2734) 0x0000000004890ff0
calls=1 0 
0 120
0 5

fn=(3438) zmq::tune_tcp_keepalives(int, int, int, int, int)
0 32

fn=(3490)
0 3
cfn=(3492)
calls=1 0 
0 17594

fn=(3636) std::_Rb_tree<zmq::own_t*, zmq::own_t*, std::_Identity<zmq::own_t*>, std::less<zmq::own_t*>, std::allocator<zmq::own_t*> >::erase(zmq::own_t* const&)
0 24
cob=(4)
cfi=(175)
cfn=(3638) 0x0000000004890c40
calls=1 0 
0 1296
0 25

fn=(3642) std::_Rb_tree<zmq::own_t*, zmq::own_t*, std::_Identity<zmq::own_t*>, std::less<zmq::own_t*>, std::allocator<zmq::own_t*> >::_M_erase(std::_Rb_tree_node<zmq::own_t*>*)
0 56
cob=(4)
cfi=(175)
cfn=(2058)
calls=1 0 
0 99
0 34

fn=(3654) zmq::object_t::send_term(zmq::own_t*, int)
0 52
cob=(4)
cfi=(175)
cfn=(2776)
calls=4 0 
0 712
0 20

fn=(3870)
0 2497088
cfn=(3872) zmq::v3_1_encoder_t::message_ready()
calls=113504 0 
0 9988361

fn=(3882) zmq::v2_decoder_t::one_byte_size_ready(unsigned char const*)
0 454016
cob=(4)
cfi=(175)
cfn=(3884) 0x000000000488f8c0
calls=113504 0 
0 29862644

fn=(3906) zmq::stream_engine_base_t::process_handshake_command(zmq::msg_t*)
0 28
cfn=(3908) virtual thunk to zmq::null_mechanism_t::process_handshake_command(zmq::msg_t*)
calls=2 0 
0 7451
0 12
cfn=(3824) virtual thunk to zmq::null_mechanism_t::status() const
calls=2 0 
0 20
0 12
cob=(4)
cfi=(175)
cfn=(4076) 0x000000000488e550
calls=2 0 
0 4288
0 18
cob=(4)
cfi=(175)
cfn=(3942) 0x000000000488e910
calls=2 0 
0 35541
0 2

fn=(3972) std::pair<std::_Rb_tree_iterator<std::pair<std::__cxx11::basic_string<char, std::char_traits<char>, std::allocator<char> > const, std::__cxx11::basic_string<char, std::char_traits<char>, std::allocator<char> > > >, bool> std::_Rb_tree<std::__cxx11::basic_string<char, std::char_traits<char>, std::allocator<char> >, std::pair<std::__cxx11::basic_string<char, std::char_traits<char>, std::allocator<char> > const, std::__cxx11::basic_string<char, std::char_traits<char>, std::allocator<char> > >, std::_Select1st<std::pair<std::__cxx11::basic_string<char, std::char_traits<char>, std::allocator<char> > const, std::__cxx11::basic_string<char, std::char_traits<char>, std::allocator<char> > > >, std::less<std::__cxx11::basic_string<char, std::char_traits<char>, std::allocator<char> > >, std::allocator<std::pair<std::__cxx11::basic_string<char, std::char_traits<char>, std::allocator<char> > const, std::__cxx11::basic_string<char, std::char_traits<char>, std::allocator<char> > > > >::_M_emplace_unique<std::__cxx11::basic_string<char, std::char_traits<char>, std::allocator<char> >, std::__cxx11::basic_string<char, std::char_traits<char>, std::allocator<char> > const&>(std::__cxx11::basic_string<char, std::char_traits<char>, std::allocator<char> >&&, std::__cxx11::basic_string<char, std::char_traits<char>, std::allocator<char> > const&)
0 32
cob=(4)
cfi=(175)
cfn=(1678)
calls=2 0 
0 365
0 68
cob=(4)
cfi=(175)
cfn=(3936)
calls=2 0 
0 64
0 22
cob=(4)
cfi=(175)
cfn=(2814)
calls=2 0 
0 36
0 38
cob=(4)
cfi=(175)
cfn=(2268)
calls=2 0 
0 30
0 20

fn=(4018) std::pair<std::_Rb_tree_iterator<std::pair<std::__cxx11::basic_string<char, std::char_traits<char>, std::allocator<char> > const, std::__cxx11::basic_string<char, std::char_traits<char>, std::allocator<char> > > >, bool> std::_Rb_tree<std::__cxx11::basic_string<char, std::char_traits<char>, std::allocator<char> >, std::pair<std::__cxx11::basic_string<char, std::char_traits<char>, std::allocator<char> > const, std::__cxx11::basic_string<char, std::char_traits<char>, std::allocator<char> > >, std::_Select1st<std::pair<std::__cxx11::basic_string<char, std::char_traits<char>, std::allocator<char> > const, std::__cxx11::basic_string<char, std::char_traits<char>, std::allocator<char> > > >, std::less<std::__cxx11::basic_string<char, std::char_traits<char>, std::allocator<char> > >, std::allocator<std::pair<std::__cxx11::basic_string<char, std::char_traits<char>, std::allocator<char> > const, std::__cxx11::basic_string<char, std::char_traits<char>, std::allocator<char> > > > >::_M_emplace_unique<std::__cxx11::basic_string<char, std::char_traits<char>, std::allocator<char> >, std::__cxx11::basic_string<char, std::char_traits<char>, std::allocator<char> > >(std::__cxx11::basic_string<char, std::char_traits<char>, std::allocator<char> >&&, std::__cxx11::basic_string<char, std::char_traits<char>, std::allocator<char> >&&)
0 26
cob=(4)
cfi=(175)
cfn=(1678)
calls=2 0 
0 289
0 52
cob=(4)
cfi=(175)
cfn=(3936)
calls=2 0 
0 1129
0 20
cob=(4)
cfi=(175)
cfn=(2814)
calls=2 0 
0 50
0 58
cob=(4)
cfi=(175)
cfn=(4020) 0x000000000488e690
calls=2 0 
0 48
0 12

fn=(4074)
0 162
cob=(4)
cfi=(175)
cfn=(2058)
calls=2 0 
0 198
0 86
cob=(4)
cfi=(175)
cfn=(2058)
calls=6 0 
0 652
0 60

fn=(4120)
0 2383542
cob=(4)
cfi=(175)
cfn=(2144)
calls=113502 0 
0 567510
0 794514
cob=(4)
cfi=(175)
cfn=(4136) 0x000000000488f080
calls=113502 0 
0 2271596
0 454008
cfn=(4148) zmq::session_base_t::push_msg(zmq::msg_t*)
calls=113502 0 
0 18906620
0 1248439
cfn=(4122)
calls=1 0 
0 1548
0 91
cob=(4)
cfi=(175)
cfn=(1532)
calls=90 0 
0 540
0 540

fn=(4186) zmq_send
0 2043018
cob=(4)
cfi=(175)
cfn=(2078) 0x000000000488ef80
calls=113501 0 
0 681006
0 794507
cob=(4)
cfi=(175)
cfn=(4188) 0x0000000004891d10
calls=113501 0 
0 31166188
0 454004
cob=(4)
cfi=(175)
cfn=(4200) 0x0000000004891fe0
calls=113501 0 
0 4086674
0 567505
cob=(4)
cfi=(175)
cfn=(4206) 0x000000000488fa50
calls=113501 0 
0 86225626
0 1816016

fn=(4336) non-virtual thunk to zmq::session_base_t::read_activated(zmq::pipe_t*)
0 1060
cfn=(4338) non-virtual thunk to zmq::stream_engine_base_t::restart_output()
calls=106 0 
0 8413809

fn=(4350) zmq::shared_message_memory_allocator::inc_ref()
0 450336

fn=(4378) zmq_msg_init
0 227390
cob=(4)
cfi=(175)
cfn=(2012)
calls=113695 0 
0 909560

fn=(4460) zmq::fq_t::activated(zmq::pipe_t*)
0 4202

fn=(4480)
0 540
cfn=(4148)
calls=90 0 
0 14850
0 540

fn=(4728) zmq::ctx_t::shutdown()
0 10
cob=(4)
cfi=(175)
cfn=(1514)
calls=1 0 
0 46
0 17
cob=(4)
cfi=(175)
cfn=(4730) 0x000000000488ddb0
calls=1 0 
0 1745
0 2
cob=(4)
cfi=(175)
cfn=(4730)
calls=1 0 
0 277
0 13
cob=(4)
cfi=(175)
cfn=(1614)
calls=1 0 
0 39
0 9

fn=(4740) zmq::object_t::send_stop()
0 56
cob=(4)
cfi=(175)
cfn=(2782) 0x0000000004891060
calls=4 0 
0 912
0 20

fn=(4750) zmq::ctx_t::terminate()
0 17
cob=(4)
cfi=(175)
cfn=(1514)
calls=1 0 
0 46
0 20
cob=(4)
cfi=(175)
cfn=(1490) 0x0000000004890d10
calls=1 0 
0 6
0 8
cob=(4)
cfi=(175)
cfn=(1614)
calls=1 0 
0 39
0 6
cob=(4)
cfi=(175)
cfn=(3254) 0x000000000488f3e0
calls=1 0 
0 280
0 9
cob=(4)
cfi=(175)
cfn=(1514)
calls=1 0 
0 46
0 7
cob=(4)
cfi=(175)
cfn=(1614)
calls=1 0 
0 39
0 5
cob=(4)
cfi=(175)
cfn=(5158) 0x0000000004890be0
calls=1 0 
0 13131
0 2
cob=(4)
cfi=(175)
cfn=(2058)
calls=1 0 
0 91
0 15

fn=(4824) zmq::socket_base_t::stop_monitor(bool)
0 88

fn=(4840) zmq::session_base_t::process_term(int)
0 40
cob=(4)
cfi=(175)
cfn=(4784)
calls=2 0 
0 46
0 22

fn=(4864) zmq::xsub_t::xpipe_terminated(zmq::pipe_t*)
0 8
cob=(4)
cfi=(175)
cfn=(4866) 0x0000000004890310
calls=1 0 
0 825
0 6
cob=(4)
cfi=(175)
cfn=(4872) 0x000000000488f590
calls=1 0 
0 884

fn=(4888) zmq::pipe_t::get_endpoint_pair() const
0 6

fn=(4994) zmq::shared_message_memory_allocator::deallocate()
0 34
cob=(4)
cfi=(175)
cfn=(4358) 0x0000000004892220
calls=2 0 
0 14
0 4
cob=(4)
cfi=(175)
cfn=(3026)
calls=2 0 
0 497
0 6
cob=(4)
cfi=(175)
cfn=(4358)
calls=2 0 
0 14

fn=(5048) zmq::object_t::send_reaped()
0 24
cob=(4)
cfi=(175)
cfn=(4714) 0x0000000004890970
calls=2 0 
0 10
0 10
cob=(4)
cfi=(175)
cfn=(2776)
calls=2 0 
0 452
0 12

fn=(5124) zmq::pub_t::~pub_t()
0 4
cob=(4)
cfi=(175)
cfn=(5126) 0x000000000488dda0
calls=1 0 
0 5276
0 3
cob=(4)
cfi=(175)
cfn=(2058)
calls=1 0 
0 185

fn=(5125) zmq::pub_t::~pub_t()'2
0 13
cob=(4)
cfi=(175)
cfn=(5130) 0x000000000488e280
calls=1 0 
0 4607

fn=(5292) 0x0000000000054150
0 9
cob=(4)
cfi=(175)
cfn=(5298) 0x000000000488d930
calls=1 0 
0 134
0 1
cfn=(5302) 0x00000000000540e0
calls=1 0 
0 5
0 3

fn=(3590) zmq::clock_t::now_ms()
0 1344
cob=(4)
cfi=(175)
cfn=(1726) 0x000000000488f9c0
calls=336 0 
0 2688
0 3030
cob=(4)
cfi=(175)
cfn=(1732) 0x0000000004891f00
calls=334 0 
0 14028
0 2672

fn=(3604) zmq::zmtp_engine_t::handshake()
0 88
cob=(4)
cfi=(175)
cfn=(3606) 0x00000000048909c0
calls=8 0 
0 6062
0 28
cob=(4)
cfi=(175)
cfn=(3746) 0x0000000004891300
calls=2 0 
0 866
0 8
cfn=(3752) zmq::zmtp_engine_t::handshake_v3_1()
calls=2 0 
0 13793
0 16
cob=(4)
cfi=(175)
cfn=(3368)
calls=2 0 
0 78
0 48

fn=(4212) zmq::socket_base_t::process_bind(zmq::pipe_t*)
0 4
cob=(4)
cfi=(175)
cfn=(2948) 0x00000000048913a0
calls=1 0 
0 8934

fn=(4220) zmq::pipe_t::set_nodelay()
0 3

fn=(4256) zmq::generic_mtrie_t<zmq::pipe_t>::add(unsigned char const*, unsigned long, zmq::pipe_t*)
0 18
cob=(4)
cfi=(175)
cfn=(4258) 0x000000000488db10
calls=1 0 
0 1630
0 12
cob=(4)
cfi=(175)
cfn=(1396)
calls=1 0 
0 73
0 15

fn=(4274) zmq::msg_t::reset_flags(unsigned char)
0 454004

fn=(4280) zmq::msg_t::reset_metadata()
0 1816016

fn=(1526) randombytes_stir
0 8
cob=(4)
cfi=(175)
cfn=(1523) 0x0000000004891170'2
calls=1 0 
0 1881
0 6
cfn=(1528) randombytes_sysrandom_stir
calls=1 0 
0 5

fn=(1527) randombytes_stir'2
0 8
cfn=(1528)
calls=1 0 
0 1871

fn=(1564) randombytes_sysrandom_buf
0 17
cfn=(1536) randombytes_linux_getrandom
calls=1 0 
0 39
0 8

fn=(1592) _crypto_scalarmult_curve25519_pick_best_implementation
0 5
cob=(4)
cfi=(175)
cfn=(1594) 0x000000000488dd30
calls=1 0 
0 680
0 7

fn=(1968) zmq::xpub_t::xpub_t(zmq::ctx_t*, unsigned int, int)
0 20
cob=(4)
cfi=(175)
cfn=(1970) 0x000000000488fc30
calls=1 0 
0 5704
0 8
cob=(4)
cfi=(175)
cfn=(2000) 0x000000000488fbe0
calls=1 0 
0 813
0 3
cob=(4)
cfi=(175)
cfn=(2000)
calls=1 0 
0 8
0 3
cob=(4)
cfi=(175)
cfn=(2006) 0x0000000004890740
calls=1 0 
0 668
0 12
cob=(4)
cfi=(175)
cfn=(1678)
calls=1 0 
0 293
0 7
cob=(4)
cfi=(175)
cfn=(1678)
calls=1 0 
0 215
0 25
cob=(4)
cfi=(175)
cfn=(1678)
calls=1 0 
0 224
0 7
cob=(4)
cfi=(175)
cfn=(1678)
calls=1 0 
0 215
0 20
cob=(4)
cfi=(175)
cfn=(1678)
calls=1 0 
0 224
0 7
cob=(4)
cfi=(175)
cfn=(1678)
calls=1 0 
0 215
0 20
cob=(4)
cfi=(175)
cfn=(1678)
calls=1 0 
0 224
0 7
cob=(4)
cfi=(175)
cfn=(1678)
calls=1 0 
0 215
0 15
cob=(4)
cfi=(175)
cfn=(2012)
calls=1 0 
0 686
0 8

fn=(1986) zmq::options_t::options_t()
0 294

fn=(2004) zmq::generic_mtrie_t<zmq::pipe_t>::generic_mtrie_t()
0 12

fn=(2028) zmq::socket_base_t::get_mailbox() const
0 6

fn=(2082) zmq::socket_base_t::check_tag() const
0 908840

fn=(2124) zmq::xsub_t::xsend(zmq::msg_t*)
0 10
cob=(4)
cfi=(175)
cfn=(2126)
calls=1 0 
0 1397
0 3
cob=(4)
cfi=(175)
cfn=(2138)
calls=1 0 
0 700
0 4
cob=(4)
cfi=(175)
cfn=(2144)
calls=1 0 
0 695
0 19
cob=(4)
cfi=(175)
cfn=(2156) 0x00000000048907a0
calls=1 0 
0 3892
0 4
cob=(4)
cfi=(175)
cfn=(2150) 0x000000000488da60
calls=1 0 
0 710
0 6

fn=(2314) zmq::ctx_t::choose_io_thread(unsigned long)
0 152
cob=(4)
cfi=(175)
cfn=(2316) 0x0000000004891f10
calls=4 0 
0 798
0 24

fn=(2606) zmq::tcp_address_t::family() const
0 12
cob=(4)
cfi=(175)
cfn=(2596)
calls=4 0 
0 20
0 8

fn=(2674) zmq::tcp_listener_t::get_socket_name[abi:cxx11](int, zmq::socket_end_t) const
0 56
cob=(4)
cfi=(175)
cfn=(2676)
calls=4 0 
0 2813
0 68
cob=(4)
cfi=(175)
cfn=(2686)
calls=4 0 
0 934
0 24
cob=(4)
cfi=(175)
cfn=(2692)
calls=4 0 
0 12648
0 44

fn=(2696) zmq::tcp_address_t::to_string(std::__cxx11::basic_string<char, std::char_traits<char>, std::allocator<char> >&) const
0 70
cob=(4)
cfi=(175)
cfn=(2596)
calls=5 0 
0 25
0 25
cob=(4)
cfi=(175)
cfn=(2636)
calls=5 0 
0 100
0 15
cob=(4)
cfi=(175)
cfn=(2648)
calls=5 0 
0 45
0 45
cob=(4)
cfi=(175)
cfn=(2698) 0x000000000488ee60
calls=5 0 
0 8803
0 130
cob=(4)
cfi=(175)
cfn=(2596)
calls=5 0 
0 25
0 50
cob=(4)
cfi=(175)
cfn=(2260)
calls=5 0 
0 80
0 30
cob=(4)
cfi=(175)
cfn=(2718) 0x0000000004891750
calls=5 0 
0 1002
0 65
cob=(4)
cfi=(175)
cfn=(1828) 0x000000000488edd0
calls=5 0 
0 2625
0 135
cob=(4)
cfi=(175)
cfn=(2264) 0x0000000004891ac0
calls=5 0 
0 563
0 35
cob=(4)
cfi=(175)
cfn=(2268)
calls=5 0 
0 65
0 45

fn=(2762) zmq::own_t::set_owner(zmq::own_t*)
0 68

fn=(2794) zmq::signaler_t::send()
0 5120
cob=(4)
cfi=(175)
cfn=(1490)
calls=512 0 
0 3072
0 3584
cob=(4)
cfi=(175)
cfn=(2796) 0x000000000488e420
calls=512 0 
0 31091
0 4608

fn=(2806) zmq::object_t::send_own(zmq::own_t*, zmq::own_t*)
0 64
cob=(4)
cfi=(175)
cfn=(2770) 0x0000000004891530
calls=4 0 
0 20
0 24
cob=(4)
cfi=(175)
cfn=(2776)
calls=4 0 
0 904
0 36

fn=(2890) zmq::object_t::get_ctx() const
0 3

fn=(2914) zmq::session_base_t::create(zmq::io_thread_t*, bool, zmq::socket_base_t*, zmq::options_t const&, zmq::address_t*)
0 48
cob=(4)
cfi=(175)
cfn=(1396)
calls=2 0 
0 667
0 20
cob=(4)
cfi=(175)
cfn=(2916) 0x00000000048916a0
calls=2 0 
0 2448
0 20

fn=(2920) zmq::session_base_t::session_base_t(zmq::io_thread_t*, bool, zmq::socket_base_t*, zmq::options_t const&, zmq::address_t*)
0 26
cob=(4)
cfi=(175)
cfn=(2334)
calls=2 0 
0 1132
0 6
cob=(4)
cfi=(175)
cfn=(2346)
calls=2 0 
0 80
0 58

fn=(2926) zmq::pipepair(zmq::object_t**, zmq::pipe_t**, int const*, bool const*)
0 48
cob=(4)
cfi=(175)
cfn=(1396)
calls=2 0 
0 792
0 30
cob=(4)
cfi=(175)
cfn=(2930) 0x0000000004891f30
calls=2 0 
0 1888
0 12
cob=(4)
cfi=(175)
cfn=(1396)
calls=2 0 
0 816
0 30
cob=(4)
cfi=(175)
cfn=(2930)
calls=2 0 
0 188
0 12
cob=(4)
cfi=(175)
cfn=(2942) 0x00000000048908a0
calls=2 0 
0 756
0 6
cob=(4)
cfi=(175)
cfn=(2942)
calls=2 0 
0 38
0 28
cob=(4)
cfi=(175)
cfn=(1396)
calls=2 0 
0 669
0 32
cob=(4)
cfi=(175)
cfn=(1444)
calls=2 0 
0 1088
0 70
cob=(4)
cfi=(175)
cfn=(1396)
calls=2 0 
0 833
0 32
cob=(4)
cfi=(175)
cfn=(1444)
calls=2 0 
0 1280
0 66

fn=(2958) zmq::pipe_t::set_event_sink(zmq::i_pipe_events*)
0 68

fn=(2964) void std::vector<zmq::pipe_t*, std::allocator<zmq::pipe_t*> >::_M_realloc_insert<zmq::pipe_t* const&>(__gnu_cxx::__normal_iterator<zmq::pipe_t**, std::vector<zmq::pipe_t*, std::allocator<zmq::pipe_t*> > >, zmq::pipe_t* const&)
0 300
cob=(4)
cfi=(175)
cfn=(1678)
calls=5 0 
0 404
0 45

fn=(2990) zmq::trie_t::apply_helper(unsigned char**, unsigned long, unsigned long, void (*)(unsigned char*, unsigned long, void*), void*) const
0 27
cfn=(2992)
calls=1 0 
0 3142
0 6
cob=(4)
cfi=(175)
cfn=(3020) 0x0000000004891500
calls=1 0 
0 1048
0 11

fn=(2998) zmq::pipe_t::write(zmq::msg_t const*)
0 2043846
cob=(4)
cfi=(175)
cfn=(3000) 0x000000000488e250
calls=227094 0 
0 6587256
0 1135290
cob=(4)
cfi=(175)
cfn=(2144)
calls=227004 0 
0 1135020
0 908016
cob=(4)
cfi=(175)
cfn=(3012) 0x00000000048904e0
calls=227004 0 
0 1589774
0 1589028
cfn=(3018) zmq::ypipe_t<zmq::msg_t, 256>::write(zmq::msg_t const&, bool)
calls=227004 0 
0 14376281
0 2951682

fn=(3282) zmq::io_object_t::add_fd(int)
0 16
cob=(4)
cfi=(175)
cfn=(1762)
calls=4 0 
0 2179

fn=(3444) zmq::tune_tcp_maxrt(int, int)
0 26

fn=(3482) zmq::object_t::send_attach(zmq::session_base_t*, zmq::i_engine*, bool)
0 44
cob=(4)
cfi=(175)
cfn=(2776)
calls=2 0 
0 356
0 20
cob=(4)
cfi=(175)
cfn=(2770)
calls=1 0 
0 5
0 1

fn=(3498) zmq::stream_connecter_base_t::rm_handle()
0 6
cob=(4)
cfi=(175)
cfn=(3500)
calls=1 0 
0 2946
0 3

fn=(3546) zmq::own_t::terminate()
0 20
cob=(4)
cfi=(175)
cfn=(3548) 0x00000000048906c0
calls=1 0 
0 1024
0 8
cfn=(4764)
calls=2 0 
0 8086

fn=(3692) zmq::io_object_t::~io_object_t()
0 12

fn=(3752)
0 18
cob=(4)
cfi=(175)
cfn=(1396)
calls=2 0 
0 725
0 12
cob=(4)
cfi=(175)
cfn=(3754) 0x000000000488f6e0
calls=2 0 
0 2291
0 8
cob=(4)
cfi=(175)
cfn=(1396)
calls=2 0 
0 620
0 16
cob=(4)
cfi=(175)
cfn=(3764) 0x000000000488f720
calls=2 0 
0 3147
0 14
cob=(4)
cfi=(175)
cfn=(3782) 0x0000000004891ff0
calls=2 0 
0 6942

fn=(3792) zmq::null_mechanism_t::null_mechanism_t(zmq::session_base_t*, std::__cxx11::basic_string<char, std::char_traits<char>, std::allocator<char> > const&, zmq::options_t const&)
0 28
cob=(4)
cfi=(175)
cfn=(3794) 0x0000000004890450
calls=2 0 
0 2892
0 14
cob=(4)
cfi=(175)
cfn=(3806) 0x0000000004891c20
calls=2 0 
0 1376
0 28

fn=(3818) zmq::shared_message_memory_allocator::size() const
0 346302

fn=(3832) zmq::mechanism_base_t::zap_required() const
0 8

fn=(3838) zmq::mechanism_t::make_command_with_basic_properties(zmq::msg_t*, char const*, unsigned long) const
0 26
cob=(4)
cfi=(175)
cfn=(3840) 0x0000000004890570
calls=2 0 
0 2648
0 8
cob=(4)
cfi=(175)
cfn=(2108) 0x000000000488f090
calls=2 0 
0 36
0 8
cob=(4)
cfi=(175)
cfn=(2138)
calls=2 0 
0 60
0 10
cob=(4)
cfi=(175)
cfn=(2268)
calls=2 0 
0 34
0 6
cob=(4)
cfi=(175)
cfn=(2138)
calls=2 0 
0 60
0 30
cob=(4)
cfi=(175)
cfn=(3858) 0x000000000488eaa0
calls=2 0 
0 2014

fn=(3908)
0 8
cfn=(3910) zmq::null_mechanism_t::process_handshake_command(zmq::msg_t*)
calls=2 0 
0 7443

fn=(3928) zmq::mechanism_t::check_socket_type(char const*, unsigned long) const
0 39

fn=(4082)
0 1591996
cfn=(4084) zmq::session_base_t::pull_msg(zmq::msg_t*)
calls=113714 0 
0 17507364
0 1590724

fn=(4308) zmq::dist_t::check_hwm()
0 1704087
cob=(4)
cfi=(175)
cfn=(3006) 0x00000000048903a0
calls=113632 0 
0 1477216
0 795293

fn=(4338)
0 1375
cob=(4)
cfi=(175)
cfn=(3368)
calls=105 0 
0 4095
0 840
cfn=(3714)
calls=105 0 
0 8320015
0 7
cfn=(3714)
calls=1 0 
0 87477

fn=(4420) zmq::socket_base_t::extract_flags(zmq::msg_t const*)
0 1135010
cob=(4)
cfi=(175)
cfn=(2144)
calls=113501 0 
0 567505
0 454004
cob=(4)
cfi=(175)
cfn=(2144)
calls=113501 0 
0 567505
0 908008

fn=(4762) zmq::socket_base_t::start_reaping(zmq::epoll_t*)
0 24
cob=(4)
cfi=(175)
cfn=(1750)
calls=2 0 
0 20
0 10
cob=(4)
cfi=(175)
cfn=(1762)
calls=2 0 
0 876
0 8
cob=(4)
cfi=(175)
cfn=(1786)
calls=2 0 
0 68
0 4
cob=(4)
cfi=(175)
cfn=(3542) 0x0000000004890360
calls=2 0 
0 8110
0 14
cob=(4)
cfi=(175)
cfn=(4810) 0x000000000488faa0
calls=2 0 
0 798

fn=(4782) zmq::pipe_t::send_disconnect_msg()
0 16
cob=(4)
cfi=(175)
cfn=(2126)
calls=2 0 
0 58
0 12

fn=(4800) zmq::pipe_t::rollback() const
0 88
cfn=(4802) zmq::ypipe_t<zmq::msg_t, 256>::unwrite(zmq::msg_t*)
calls=4 0 
0 40
0 52

fn=(4936) zmq::xpub_t::send_unsubscription(unsigned char const*, unsigned long, zmq::xpub_t*)
0 22

fn=(4964) zmq::io_object_t::unplug()
0 24

fn=(5000) zmq::shared_message_memory_allocator::~shared_message_memory_allocator()
0 6
cob=(4)
cfi=(175)
cfn=(4990) 0x0000000004891080
calls=2 0 
0 36
0 4

fn=(5020) zmq::address_t::~address_t()
0 7
cob=(4)
cfi=(175)
cfn=(2294)
calls=1 0 
0 75
0 6
cob=(4)
cfi=(175)
cfn=(2058)
calls=1 0 
0 99
0 13

fn=(5114) zmq::signaler_t::~signaler_t()
0 55
cob=(4)
cfi=(175)
cfn=(4846)
calls=5 0 
0 275
0 50

fn=(5116) std::_Rb_tree<std::__cxx11::basic_string<char, std::char_traits<char>, std::allocator<char> >, std::pair<std::__cxx11::basic_string<char, std::char_traits<char>, std::allocator<char> > const, std::pair<zmq::own_t*, zmq::pipe_t*> >, std::_Select1st<std::pair<std::__cxx11::basic_string<char, std::char_traits<char>, std::allocator<char> > const, std::pair<zmq::own_t*, zmq::pipe_t*> > >, std::less<std::__cxx11::basic_string<char, std::char_traits<char>, std::allocator<char> > >, std::allocator<std::pair<std::__cxx11::basic_string<char, std::char_traits<char>, std::allocator<char> > const, std::pair<zmq::own_t*, zmq::pipe_t*> > > >::_M_erase(std::_Rb_tree_node<std::pair<std::__cxx11::basic_string<char, std::char_traits<char>, std::allocator<char> > const, std::pair<zmq::own_t*, zmq::pipe_t*> > >*) [clone .isra.0]
0 36

fn=(5156) zmq::epoll_t::stop()
0 4
cob=(4)
cfi=(175)
cfn=(1768)
calls=2 0 
0 8

fn=(3562) non-virtual thunk to zmq::stream_engine_base_t::has_handshake_stage()
0 6

fn=(3630) zmq::own_t::process_term_req(zmq::own_t*)
0 10
cob=(4)
cfi=(175)
cfn=(3632) 0x0000000004890730
calls=1 0 
0 2376
0 5
cob=(4)
cfi=(175)
cfn=(3644)
calls=1 0 
0 767
0 4
cob=(4)
cfi=(175)
cfn=(3650) 0x000000000488f1e0
calls=1 0 
0 984
0 3

fn=(4232) zmq::xpub_t::xread_activated(zmq::pipe_t*)
0 17
cob=(4)
cfi=(175)
cfn=(2174)
calls=1 0 
0 797
0 6
cob=(4)
cfi=(175)
cfn=(4086) 0x000000000488e930
calls=2 0 
0 187
0 6
cob=(4)
cfi=(175)
cfn=(4234) 0x000000000488f440
calls=1 0 
0 707
0 4
cob=(4)
cfi=(175)
cfn=(2138)
calls=1 0 
0 30
0 4
cob=(4)
cfi=(175)
cfn=(2144)
calls=1 0 
0 5
0 12
cob=(4)
cfi=(175)
cfn=(4240) 0x000000000488dd40
calls=1 0 
0 802
0 3
cob=(4)
cfi=(175)
cfn=(4246) 0x0000000004890650
calls=1 0 
0 837
0 22
cob=(4)
cfi=(175)
cfn=(4252) 0x0000000004890080
calls=1 0 
0 2599
0 14

fn=(4268) zmq::metadata_t::drop_ref()
0 454016

fn=(4282)
0 1477216
cob=(4)
cfi=(175)
cfn=(2144)
calls=113632 0 
0 568160
0 909056
cob=(4)
cfi=(175)
cfn=(4304) 0x000000000488f8f0
calls=113632 0 
0 4204574
0 567767
cob=(4)
cfi=(175)
cfn=(2162) 0x00000000048912d0
calls=113501 0 
0 38475543
0 1817457
cob=(4)
cfi=(175)
cfn=(4284) 0x0000000004890030
calls=113632 0 
0 568854
0 454528
cob=(4)
cfi=(175)
cfn=(2126)
calls=113632 0 
0 3636224
0 340896
cob=(4)
cfi=(175)
cfn=(2138)
calls=113632 0 
0 3863488
0 681792
cob=(4)
cfi=(175)
cfn=(4290) 0x00000000048914d0
calls=113632 0 
0 11024067
0 567767
cob=(4)
cfi=(175)
cfn=(4284)
calls=113501 0 
0 567505
0 227133
cob=(4)
cfi=(175)
cfn=(1532)
calls=131 0 
0 786
0 393

fn=(4296) zmq::xpub_t::mark_as_matching(zmq::pipe_t*, zmq::xpub_t*)
0 568160
cob=(4)
cfi=(175)
cfn=(4298) 0x000000000488dad0
calls=113632 0 
0 3182446

fn=(1394) zmq::initialize_network()
0 3

fn=(1566) _crypto_pwhash_argon2_pick_best_implementation
0 3
cob=(4)
cfi=(175)
cfn=(1568) 0x0000000004890770
calls=1 0 
0 712
0 3
cob=(4)
cfi=(175)
cfn=(1574)
calls=1 0 
0 688
0 7

fn=(1590) sodium_runtime_has_sse2
0 3

fn=(1706) zmq::object_t::object_t(zmq::ctx_t*, unsigned int)
0 28

fn=(1718) zmq::worker_poller_base_t::worker_poller_base_t(zmq::thread_ctx_t const&)
0 22
cob=(4)
cfi=(175)
cfn=(1720)
calls=2 0 
0 3098
0 56

fn=(1914) std::vector<zmq::i_mailbox*, std::allocator<zmq::i_mailbox*> >::_M_fill_insert(__gnu_cxx::__normal_iterator<zmq::i_mailbox**, std::vector<zmq::i_mailbox*, std::allocator<zmq::i_mailbox*> > >, unsigned long, zmq::i_mailbox* const&)
0 2116

fn=(1948) zmq::object_t::get_tid() const
0 2352

fn=(1962) zmq::pub_t::pub_t(zmq::ctx_t*, unsigned int, int)
0 14
cob=(4)
cfi=(175)
cfn=(1964) 0x000000000488fc90
calls=1 0 
0 10598
0 11

fn=(2106) zmq::msg_t::init_subscribe(unsigned long, unsigned char const*)
0 20
cob=(4)
cfi=(175)
cfn=(2108)
calls=2 0 
0 738
0 26
cob=(4)
cfi=(175)
cfn=(2114)
calls=2 0 
0 720
0 4

fn=(2368) zmq::tcp_address_t::tcp_address_t()
0 20

fn=(2402) zmq::ip_resolver_options_t::ip_resolver_options_t()
0 10

fn=(2420) zmq::ip_resolver_options_t::allow_nic_name(bool)
0 8

fn=(2480) zmq::ip_resolver_t::resolve_nic_name(zmq::ip_addr_t*, char const*)
0 21
cob=(4)
cfi=(175)
cfn=(2482) 0x0000000004891e60
calls=1 0 
0 10945
0 70
cob=(4)
cfi=(175)
cfn=(2536) 0x0000000004890aa0
calls=7 0 
0 817
0 51
cob=(4)
cfi=(175)
cfn=(2542) 0x0000000004890a80
calls=3 0 
0 968
0 9
cob=(4)
cfi=(175)
cfn=(2548) 0x00000000048918c0
calls=1 0 
0 1085
0 1
cob=(4)
cfi=(175)
cfn=(1532)
calls=1 0 
0 6
0 13

fn=(1312) 0x0000000000054190
0 12

fn=(2680) zmq::get_socket_address(int, zmq::socket_end_t, sockaddr_storage*)
0 81
cob=(4)
cfi=(175)
cfn=(2682) 0x000000000488f960
calls=4 0 
0 881
0 59
cob=(4)
cfi=(175)
cfn=(3452) 0x000000000488f170
calls=3 0 
0 905
0 3

fn=(2768) zmq::object_t::send_plug(zmq::own_t*, bool)
0 76
cob=(4)
cfi=(175)
cfn=(2776)
calls=4 0 
0 4173
0 40
cob=(4)
cfi=(175)
cfn=(2770)
calls=4 0 
0 742
0 4

fn=(2786) zmq::ctx_t::send_command(unsigned int, zmq::command_t const&)
0 5502
cfn=(2788)
calls=786 0 
0 246557

fn=(2822) zmq_getsockopt
0 13
cob=(4)
cfi=(175)
cfn=(2078)
calls=1 0 
0 6
0 12
cob=(4)
cfi=(175)
cfn=(2824) 0x00000000048919b0
calls=1 0 
0 2744

fn=(2978) zmq::dist_t::attach(zmq::pipe_t*)
0 104
cob=(4)
cfi=(175)
cfn=(2960) 0x000000000488f540
calls=2 0 
0 360
0 4

fn=(3154) zmq::pipe_t::set_endpoint_pair(zmq::endpoint_uri_pair_t)
0 146

fn=(3262) zmq::signaler_t::recv_failable()
0 6656
cob=(4)
cfi=(175)
cfn=(3264) 0x0000000004890c50
calls=512 0 
0 31014
0 9216

fn=(3324) zmq::tcp_connecter_t::tcp_connecter_t(zmq::io_thread_t*, zmq::session_base_t*, zmq::options_t const&, zmq::address_t*, bool)
0 7
cob=(4)
cfi=(175)
cfn=(3326) 0x00000000048920b0
calls=1 0 
0 5587
0 9
cob=(4)
cfi=(175)
cfn=(2294)
calls=1 0 
0 75
0 6

fn=(3398) zmq::own_t::process_own(zmq::own_t*)
0 40
cob=(4)
cfi=(175)
cfn=(3400) 0x00000000048921b0
calls=4 0 
0 3650
0 12

fn=(3404) std::pair<std::_Rb_tree_iterator<zmq::own_t*>, bool> std::_Rb_tree<zmq::own_t*, zmq::own_t*, std::_Identity<zmq::own_t*>, std::less<zmq::own_t*>, std::allocator<zmq::own_t*> >::_M_insert_unique<zmq::own_t* const&>(zmq::own_t* const&)
0 64
cob=(4)
cfi=(175)
cfn=(1678)
calls=4 0 
0 2061
0 32
cob=(4)
cfi=(175)
cfn=(2814)
calls=4 0 
0 72
0 64

fn=(3426) zmq::tune_tcp_socket(int)
0 28
cob=(4)
cfi=(175)
cfn=(2630)
calls=2 0 
0 18
0 8
cob=(4)
cfi=(175)
cfn=(3428) 0x000000000488fd60
calls=2 0 
0 834
0 16

fn=(3668) zmq::own_t::process_term(int)
0 99
cob=(4)
cfi=(175)
cfn=(3650)
calls=3 0 
0 594
0 6
cob=(4)
cfi=(175)
cfn=(4036) 0x0000000004890170
calls=3 0 
0 54
0 33
cob=(4)
cfi=(175)
cfn=(3644)
calls=6 0 
0 30
0 27
cob=(4)
cfi=(175)
cfn=(3638)
calls=3 0 
0 66
0 9
cob=(4)
cfi=(175)
cfn=(2058)
calls=3 0 
0 289
0 78
cob=(4)
cfi=(175)
cfn=(3306) 0x000000000488e1b0
calls=6 0 
0 21238

fn=(3686) zmq::stream_connecter_base_t::~stream_connecter_base_t()
0 21
cob=(4)
cfi=(175)
cfn=(2058)
calls=1 0 
0 99
0 2
cob=(4)
cfi=(175)
cfn=(3688)
calls=1 0 
0 698
0 5
cob=(4)
cfi=(175)
cfn=(3694)
calls=1 0 
0 1462

fn=(3698) zmq::own_t::~own_t()
0 552
cob=(4)
cfi=(175)
cfn=(3700)
calls=6 0 
0 718

fn=(3704) zmq::object_t::~object_t()
0 24

fn=(3712) zmq::own_t::unregister_term_ack()
0 90
cob=(4)
cfi=(175)
cfn=(3306)
calls=6 0 
0 1660

fn=(3720) zmq::tcp_write(int, void const*, unsigned long)
0 6126
cob=(4)
cfi=(175)
cfn=(3722) 0x000000000488e7f0
calls=1021 0 
0 68215
0 8168

fn=(3744) zmq::zmtp_engine_t::receive_greeting_versioned()
0 152
cob=(4)
cfi=(175)
cfn=(3368)
calls=2 0 
0 78
0 68
cob=(4)
cfi=(175)
cfn=(3368)
calls=2 0 
0 78
0 8

fn=(3824)
0 192

fn=(3850) zmq::mechanism_t::socket_type_string(int)
0 52

fn=(3900) zmq::msg_t::init(void*, unsigned long, void (*)(void*, void*), void*, zmq::msg_t::content_t*)
0 2139120
cob=(4)
cfi=(175)
cfn=(4340) 0x0000000004891b00
calls=112584 0 
0 4616910
0 9
cob=(4)
cfi=(175)
cfn=(2108)
calls=3 0 
0 54
0 12
cob=(4)
cfi=(175)
cfn=(2138)
calls=3 0 
0 90
0 12
cob=(4)
cfi=(175)
cfn=(2268)
calls=3 0 
0 41
0 15

fn=(3966) zmq::stream_engine_base_t::init_properties(std::map<std::__cxx11::basic_string<char, std::char_traits<char>, std::allocator<char> >, std::__cxx11::basic_string<char, std::char_traits<char>, std::allocator<char> >, std::less<std::__cxx11::basic_string<char, std::char_traits<char>, std::allocator<char> > >, std::allocator<std::pair<std::__cxx11::basic_string<char, std::char_traits<char>, std::allocator<char> > const, std::__cxx11::basic_string<char, std::char_traits<char>, std::allocator<char> > > > >&)
0 76
cob=(4)
cfi=(175)
cfn=(3968) 0x0000000004891ba0
calls=2 0 
0 2384
0 30
cob=(4)
cfi=(175)
cfn=(3056)
calls=2 0 
0 216
0 38
cob=(4)
cfi=(175)
cfn=(3068)
calls=2 0 
0 398
0 28
cob=(4)
cfi=(175)
cfn=(3072)
calls=2 0 
0 92
0 24
cob=(4)
cfi=(175)
cfn=(3068)
calls=2 0 
0 398
0 6
cob=(4)
cfi=(175)
cfn=(3974) 0x0000000004891850
calls=2 0 
0 5260
0 34
cob=(4)
cfi=(175)
cfn=(3118)
calls=2 0 
0 158
0 20
cob=(4)
cfi=(175)
cfn=(4014) 0x00000000048911b0
calls=2 0 
0 3373
0 50
cob=(4)
cfi=(175)
cfn=(3122)
calls=2 0 
0 28
0 18
cob=(4)
cfi=(175)
cfn=(3126)
calls=2 0 
0 150
0 8

fn=(4046) zmq::metadata_t::metadata_t(std::map<std::__cxx11::basic_string<char, std::char_traits<char>, std::allocator<char> >, std::__cxx11::basic_string<char, std::char_traits<char>, std::allocator<char> >, std::less<std::__cxx11::basic_string<char, std::char_traits<char>, std::allocator<char> > >, std::allocator<std::pair<std::__cxx11::basic_string<char, std::char_traits<char>, std::allocator<char> > const, std::__cxx11::basic_string<char, std::char_traits<char>, std::allocator<char> > > > > const&)
0 34
cfn=(4048) std::_Rb_tree_node<std::pair<std::__cxx11::basic_string<char, std::char_traits<char>, std::allocator<char> > const, std::__cxx11::basic_string<char, std::char_traits<char>, std::allocator<char> > > >* std::_Rb_tree<std::__cxx11::basic_string<char, std::char_traits<char>, std::allocator<char> >, std::pair<std::__cxx11::basic_string<char, std::char_traits<char>, std::allocator<char> > const, std::__cxx11::basic_string<char, std::char_traits<char>, std::allocator<char> > >, std::_Select1st<std::pair<std::__cxx11::basic_string<char, std::char_traits<char>, std::allocator<char> > const, std::__cxx11::basic_string<char, std::char_traits<char>, std::allocator<char> > > >, std::less<std::__cxx11::basic_string<char, std::char_traits<char>, std::allocator<char> > >, std::allocator<std::pair<std::__cxx11::basic_string<char, std::char_traits<char>, std::allocator<char> > const, std::__cxx11::basic_string<char, std::char_traits<char>, std::allocator<char> > > > >::_M_copy<false, std::_Rb_tree<std::__cxx11::basic_string<char, std::char_traits<char>, std::allocator<char> >, std::pair<std::__cxx11::basic_string<char, std::char_traits<char>, std::allocator<char> > const, std::__cxx11::basic_string<char, std::char_traits<char>, std::allocator<char> > >, std::_Select1st<std::pair<std::__cxx11::basic_string<char, std::char_traits<char>, std::allocator<char> > const, std::__cxx11::basic_string<char, std::char_traits<char>, std::allocator<char> > > >, std::less<std::__cxx11::basic_string<char, std::char_traits<char>, std::allocator<char> > >, std::allocator<std::pair<std::__cxx11::basic_string<char, std::char_traits<char>, std::allocator<char> > const, std::__cxx11::basic_string<char, std::char_traits<char>, std::allocator<char> > > > >::_Alloc_node>(std::_Rb_tree_node<std::pair<std::__cxx11::basic_string<char, std::char_traits<char>, std::allocator<char> > const, std::__cxx11::basic_string<char, std::char_traits<char>, std::allocator<char> > > >*, std::_Rb_tree_node_base*, std::_Rb_tree<std::__cxx11::basic_string<char, std::char_traits<char>, std::allocator<char> >, std::pair<std::__cxx11::basic_string<char, std::char_traits<char>, std::allocator<char> > const, std::__cxx11::basic_string<char, std::char_traits<char>, std::allocator<char> > >, std::_Select1st<std::pair<std::__cxx11::basic_string<char, std::char_traits<char>, std::allocator<char> > const, std::__cxx11::basic_string<char, std::char_traits<char>, std::allocator<char> > > >, std::less<std::__cxx11::basic_string<char, std::char_traits<char>, std::allocator<char> > >, std::allocator<std::pair<std::__cxx11::basic_string<char, std::char_traits<char>, std::allocator<char> > const, std::__cxx11::basic_string<char, std::char_traits<char>, std::allocator<char> > > > >::_Alloc_node&) [clone .isra.0]
calls=2 0 
0 2112
0 58

fn=(4712) zmq::object_t::send_reap(zmq::socket_base_t*)
0 28
cob=(4)
cfi=(175)
cfn=(4714)
calls=2 0 
0 736
0 12
cob=(4)
cfi=(175)
cfn=(2776)
calls=2 0 
0 452
0 16

fn=(4788) zmq::pipe_t::terminate(bool)
0 96
cob=(4)
cfi=(175)
cfn=(4790) 0x000000000488e030
calls=2 0 
0 1312
0 14
cob=(4)
cfi=(175)
cfn=(4796) 0x000000000488e290
calls=2 0 
0 800
0 4
cob=(4)
cfi=(175)
cfn=(4804) 0x0000000004890680
calls=2 0 
0 776
0 10
cfn=(3018)
calls=2 0 
0 90
0 4
cob=(4)
cfi=(175)
cfn=(3030) 0x000000000488f3b0
calls=2 0 
0 460
0 2

fn=(4814) zmq::socket_base_t::check_destroy()
0 40
cob=(4)
cfi=(175)
cfn=(3506)
calls=2 0 
0 258
0 6
cob=(4)
cfi=(175)
cfn=(5032) 0x000000000488f3a0
calls=2 0 
0 2950
0 4
cob=(4)
cfi=(175)
cfn=(5044) 0x00000000048918f0
calls=2 0 
0 1250
0 6
cob=(4)
cfi=(175)
cfn=(5050) 0x000000000488ebd0
calls=2 0 
0 15722

fn=(4914) void zmq::generic_mtrie_t<zmq::pipe_t>::rm<zmq::xpub_t*>(zmq::pipe_t*, void (*)(unsigned char const*, unsigned long, zmq::xpub_t*), zmq::xpub_t*, bool)
0 26
cob=(4)
cfi=(175)
cfn=(1678)
calls=1 0 
0 233
0 10
cob=(4)
cfi=(175)
cfn=(4916) 0x000000000488db00
calls=1 0 
0 1092
0 26
cob=(4)
cfi=(175)
cfn=(4922) 0x0000000004891490
calls=1 0 
0 1038
0 2
cob=(4)
cfi=(175)
cfn=(2058)
calls=1 0 
0 99
0 7
cob=(4)
cfi=(175)
cfn=(4928) 0x0000000004890260
calls=1 0 
0 1205
0 9
cfn=(4936)
calls=1 0 
0 22
0 6
cfn=(4934) std::_Rb_tree<zmq::pipe_t*, zmq::pipe_t*, std::_Identity<zmq::pipe_t*>, std::less<zmq::pipe_t*>, std::allocator<zmq::pipe_t*> >::_M_erase(std::_Rb_tree_node<zmq::pipe_t*>*) [clone .isra.0]
calls=1 0 
0 18
0 2
cob=(4)
cfi=(175)
cfn=(2058)
calls=1 0 
0 91
0 11
cob=(4)
cfi=(175)
cfn=(3026)
calls=1 0 
0 95
0 16
cob=(4)
cfi=(175)
cfn=(3020)
calls=1 0 
0 238
0 7

fn=(5002)
0 14
cob=(4)
cfi=(175)
cfn=(5004) 0x000000000488f7f0
calls=2 0 
0 2030
0 6
cob=(4)
cfi=(175)
cfn=(2058)
calls=2 0 
0 469

fn=(5022) zmq::tcp_listener_t::~tcp_listener_t()
0 9
cob=(4)
cfi=(175)
cfn=(5024) 0x000000000488ede0
calls=1 0 
0 1019
0 3
cob=(4)
cfi=(175)
cfn=(2058)
calls=1 0 
0 185

fn=(5144) zmq::reaper_t::process_stop()
0 6

fn=(5168) zmq::io_thread_t::stop()
0 2
cob=(4)
cfi=(175)
cfn=(4736) 0x0000000004891cf0
calls=1 0 
0 273

fn=(5174) zmq::io_thread_t::~io_thread_t()
0 4
cob=(4)
cfi=(175)
cfn=(5176) 0x000000000488e460
calls=1 0 
0 6415
0 3
cob=(4)
cfi=(175)
cfn=(2058)
calls=1 0 
0 91

fn=(5175) zmq::io_thread_t::~io_thread_t()'2
0 12
cob=(4)
cfi=(175)
cfn=(5180)
calls=1 0 
0 5035
0 3
cob=(4)
cfi=(175)
cfn=(5094)
calls=1 0 
0 662
0 3
cob=(4)
cfi=(175)
cfn=(3700)
calls=1 0 
0 4

fn=(3572) zmq::stream_engine_base_t::set_handshake_timer()
0 26
cob=(4)
cfi=(175)
cfn=(3574) 0x00000000048906b0
calls=2 0 
0 3103
0 10

fn=(3584) zmq::poller_base_t::add_timer(int, zmq::i_poll_events*, int)
0 30
cob=(4)
cfi=(175)
cfn=(3586)
calls=2 0 
0 848
0 24
cob=(4)
cfi=(175)
cfn=(1678)
calls=1 0 
0 233
0 3
cob=(4)
cfi=(175)
cfn=(1678)
calls=1 0 
0 233
0 16
cob=(4)
cfi=(175)
cfn=(2814)
calls=2 0 
0 43
0 21

fn=(3596)
0 1762
cob=(4)
cfi=(175)
cfn=(3598)
calls=881 0 
0 70275056

fn=(3602) zmq::stream_engine_base_t::in_event_internal()
0 1715146
cfn=(3904)
calls=105189 0 
0 315567
0 12
cfn=(3904)
calls=4 0 
0 12
0 315579
cfn=(4120)
calls=105189 0 
0 24688564
cfn=(4112) zmq::stream_engine_base_t::write_credential(zmq::msg_t*)
calls=2 0 
0 4439
cfn=(3906)
calls=2 0 
0 47372
0 1057729
cfn=(3878)
calls=106022 0 
0 48856421
0 535900
cfn=(3812) zmq::decoder_base_t<zmq::v2_decoder_t, zmq::shared_message_memory_allocator>::get_buffer(unsigned char**, unsigned long*)
calls=965 0 
0 411642
0 8685
cob=(4)
cfi=(175)
cfn=(3618)
calls=965 0 
0 83077
0 12518
cfn=(3876) zmq::decoder_base_t<zmq::v2_decoder_t, zmq::shared_message_memory_allocator>::resize_buffer(unsigned long)
calls=962 0 
0 2886
0 2284
cob=(4)
cfi=(175)
cfn=(4462) 0x0000000004890380
calls=90 0 
0 5026
0 1924
cob=(4)
cfi=(175)
cfn=(4094)
calls=962 0 
0 70778
0 14365
cob=(4)
cfi=(175)
cfn=(1532)
calls=90 0 
0 540
0 183
cob=(4)
cfi=(175)
cfn=(1532)
calls=3 0 
0 18
0 60
cfn=(3604)
calls=8 0 
0 20987
0 26

fn=(3610) zmq::zmtp_engine_t::receive_greeting()
0 104
cob=(4)
cfi=(175)
cfn=(3612) 0x0000000004890ba0
calls=12 0 
0 3618
0 96
cob=(4)
cfi=(175)
cfn=(3740) 0x0000000004891a50
calls=6 0 
0 1266
0 104
cob=(4)
cfi=(175)
cfn=(1532)
calls=6 0 
0 36
0 12

fn=(4226) zmq::xpub_t::xattach_pipe(zmq::pipe_t*, bool, bool)
0 18
cob=(4)
cfi=(175)
cfn=(2974) 0x0000000004891180
calls=1 0 
0 189
0 5
cob=(4)
cfi=(175)
cfn=(2126)
calls=1 0 
0 29
0 14
cob=(4)
cfi=(175)
cfn=(4228) 0x0000000004891ce0
calls=1 0 
0 6892

fn=(4288) zmq::dist_t::unmatch()
0 681399

fn=(1442) zmq::mailbox_t::mailbox_t()
0 145
cob=(4)
cfi=(175)
cfn=(1444)
calls=5 0 
0 2943
0 165
cob=(4)
cfi=(175)
cfn=(1458) 0x0000000004890540
calls=5 0 
0 5962
0 20
cob=(4)
cfi=(175)
cfn=(1418)
calls=5 0 
0 30
0 25
cob=(4)
cfi=(175)
cfn=(1424)
calls=5 0 
0 75
0 25
cob=(4)
cfi=(175)
cfn=(1430)
calls=5 0 
0 275
0 150

fn=(1480) zmq::unblock_socket(int)
0 117
cob=(4)
cfi=(175)
cfn=(1482) 0x000000000488ec50
calls=13 0 
0 1382
0 117
cob=(4)
cfi=(175)
cfn=(1482)
calls=13 0 
0 559
0 78

fn=(1512) sodium_init
0 5
cob=(4)
cfi=(175)
cfn=(1514)
calls=1 0 
0 980
0 10
cfn=(1520) _sodium_runtime_get_cpu_features
calls=1 0 
0 77
0 1
cob=(4)
cfi=(175)
cfn=(1522) 0x0000000004891170
calls=1 0 
0 2542
0 1
cfn=(1544)
calls=1 0 
0 1619
0 1
cfn=(1566)
calls=1 0 
0 1413
0 1
cfn=(1580) _crypto_generichash_blake2b_pick_best_implementation
calls=1 0 
0 17
0 1
cfn=(1584) _crypto_onetimeauth_poly1305_pick_best_implementation
calls=1 0 
0 700
0 1
cfn=(1592)
calls=1 0 
0 692
0 1
cfn=(1600)
calls=1 0 
0 17
0 1
cfn=(1602) _crypto_stream_salsa20_pick_best_implementation
calls=1 0 
0 17
0 1
cfn=(1604) _crypto_aead_aegis128l_pick_best_implementation
calls=1 0 
0 719
0 1
cfn=(1612) _crypto_aead_aegis256_pick_best_implementation
calls=1 0 
0 24
0 7
cob=(4)
cfi=(175)
cfn=(1614)
calls=1 0 
0 979
0 4

fn=(1582) blake2b_pick_best_implementation
0 3
cob=(4)
cfi=(175)
cfn=(1574)
calls=1 0 
0 5
0 7

fn=(1584)
0 5
cob=(4)
cfi=(175)
cfn=(1586) 0x00000000048901b0
calls=1 0 
0 688
0 7

fn=(1602)
0 5
cob=(4)
cfi=(175)
cfn=(1574)
calls=1 0 
0 5
0 7

fn=(1604)
0 5
cob=(4)
cfi=(175)
cfn=(1606) 0x0000000004891d00
calls=1 0 
0 700
0 2
cob=(4)
cfi=(175)
cfn=(1594)
calls=1 0 
0 5
0 7

fn=(1642) zmq_ctx_set
0 6
cob=(4)
cfi=(175)
cfn=(1644) 0x00000000048913e0
calls=1 0 
0 2244
0 2

fn=(1664) zmq_socket
0 18
cob=(4)
cfi=(175)
cfn=(1650) 0x0000000004890b40
calls=2 0 
0 12
0 16
cob=(4)
cfi=(175)
cfn=(1666) 0x000000000488e4a0
calls=2 0 
0 75904

fn=(1796) zmq::reaper_t::get_mailbox()
0 9

fn=(1820) zmq::thread_ctx_t::start_thread(zmq::thread_t&, void (*)(void*), void*, char const*) const
0 42
cob=(4)
cfi=(175)
cfn=(1822) 0x000000000488da10
calls=2 0 
0 1064
0 42
cob=(4)
cfi=(175)
cfn=(1828)
calls=2 0 
0 2749
0 12
cob=(4)
cfi=(175)
cfn=(1852) 0x00000000048904c0
calls=2 0 
0 5292
0 22

fn=(1930) zmq::io_thread_t::get_mailbox()
0 6

fn=(2010) zmq::dist_t::dist_t()
0 16

fn=(2076) zmq_setsockopt
0 117
cob=(4)
cfi=(175)
cfn=(2078)
calls=9 0 
0 816
0 108
cob=(4)
cfi=(175)
cfn=(2084) 0x000000000488f130
calls=9 0 
0 14119

fn=(2090)
0 113
cob=(4)
cfi=(175)
cfn=(1532)
calls=3 0 
0 18
0 9

fn=(2130) zmq::msg_t::size() const
0 5448936
cob=(4)
cfi=(175)
cfn=(2132)
calls=908156 0 
0 7265930
0 13629773

fn=(2160) zmq::dist_t::send_to_all(zmq::msg_t*)
0 4
cob=(4)
cfi=(175)
cfn=(2162)
calls=1 0 
0 3092

fn=(2166) zmq::dist_t::send_to_matching(zmq::msg_t*)
0 908016
cob=(4)
cfi=(175)
cfn=(2144)
calls=113502 0 
0 567510
0 567510
cob=(4)
cfi=(175)
cfn=(2168) 0x000000000488fb40
calls=113502 0 
0 35072761
0 1135020

fn=(2204) zmq::options_t::setsockopt(int, void const*, unsigned long)
0 329

fn=(2258) zmq::socket_base_t::parse_uri(char const*, std::__cxx11::basic_string<char, std::char_traits<char>, std::allocator<char> >&, std::__cxx11::basic_string<char, std::char_traits<char>, std::allocator<char> >&)
0 42
cob=(4)
cfi=(175)
cfn=(2260)
calls=2 0 
0 932
0 22
cob=(4)
cfi=(175)
cfn=(2272) 0x0000000004891880
calls=2 0 
0 3003
0 136
cob=(4)
cfi=(175)
cfn=(2058)
calls=2 0 
0 182
0 40
cob=(4)
cfi=(175)
cfn=(2264)
calls=2 0 
0 1491
0 14
cob=(4)
cfi=(175)
cfn=(2268)
calls=2 0 
0 1078
0 12
cob=(4)
cfi=(175)
cfn=(2268)
calls=2 0 
0 40
0 12
cob=(4)
cfi=(175)
cfn=(2268)
calls=2 0 
0 30
0 20
cob=(4)
cfi=(175)
cfn=(2268)
calls=2 0 
0 40
0 26
cob=(4)
cfi=(175)
cfn=(2268)
calls=2 0 
0 30
0 20

fn=(2320) zmq::io_thread_t::get_load() const
0 12
cob=(4)
cfi=(175)
cfn=(1810)
calls=4 0 
0 20

fn=(2362) zmq::io_thread_t::get_poller() const
0 30

fn=(2414) zmq::ip_resolver_options_t::allow_dns(bool)
0 8

fn=(2462) zmq::ip_resolver_options_t::allow_path()
0 6

fn=(2558) zmq::ip_resolver_t::resolve_getaddrinfo(zmq::ip_addr_t*, char const*)
0 44
cob=(4)
cfi=(175)
cfn=(2536)
calls=2 0 
0 10
0 18
cob=(4)
cfi=(175)
cfn=(2452) 0x0000000004890fd0
calls=2 0 
0 10
0 7
cob=(4)
cfi=(175)
cfn=(2560) 0x000000000488fb30
calls=1 0 
0 815
0 2
cob=(4)
cfi=(175)
cfn=(2560)
calls=1 0 
0 5
0 36
cob=(4)
cfi=(175)
cfn=(2566) 0x0000000004890510
calls=2 0 
0 3394
0 32
cob=(4)
cfi=(175)
cfn=(2268)
calls=2 0 
0 26
0 14
cob=(4)
cfi=(175)
cfn=(2584) 0x0000000004890630
calls=2 0 
0 1094
0 24

fn=(2600) zmq::ip_addr_t::family() const
0 75

fn=(2646) zmq::ip_addr_t::sockaddr_len() const
0 21
cob=(4)
cfi=(175)
cfn=(2596)
calls=7 0 
0 35
0 42

fn=(2652) zmq::tcp_address_t::addr() const
0 14
cob=(4)
cfi=(175)
cfn=(2654) 0x000000000488e330
calls=7 0 
0 785

fn=(2952) zmq::socket_base_t::attach_pipe(zmq::pipe_t*, bool, bool)
0 32
cob=(4)
cfi=(175)
cfn=(2954) 0x000000000488eb10
calls=2 0 
0 896
0 32
cfn=(4214) zmq::pub_t::xattach_pipe(zmq::pipe_t*, bool, bool)
calls=1 0 
0 8726
cfn=(2966) zmq::xsub_t::xattach_pipe(zmq::pipe_t*, bool, bool)
calls=1 0 
0 9547
0 4
cob=(4)
cfi=(175)
cfn=(3038) 0x000000000488f9d0
calls=2 0 
0 760
0 28
cob=(4)
cfi=(175)
cfn=(2960)
calls=2 0 
0 1475
0 2

fn=(3018)
0 10227375
cob=(4)
cfi=(175)
cfn=(1444)
calls=587 0 
0 4143713
0 5283

fn=(3252) zmq::io_thread_t::in_event()
0 2864
cob=(4)
cfi=(175)
cfn=(3254)
calls=179 0 
0 52594
0 1238
cob=(4)
cfi=(175)
cfn=(3270) 0x0000000004890940
calls=353 0 
0 22601543
0 1412
cob=(4)
cfi=(175)
cfn=(3254)
calls=353 0 
0 39257
0 1243
cob=(4)
cfi=(175)
cfn=(1532)
calls=179 0 
0 1074
0 2327

fn=(3304) zmq::own_t::process_seqnum()
0 33
cob=(4)
cfi=(175)
cfn=(3306)
calls=11 0 
0 816

fn=(3336) zmq::session_base_t::get_socket() const
0 9

fn=(3360) zmq::tcp_address_t::has_src_addr() const
0 3

fn=(3384) zmq_errno
0 585
cob=(4)
cfi=(175)
cfn=(1532)
calls=195 0 
0 1170
0 585

fn=(3468) zmq::stream_engine_base_t::stream_engine_base_t(int, zmq::options_t const&, zmq::endpoint_uri_pair_t const&, bool)
0 38
cob=(4)
cfi=(175)
cfn=(2346)
calls=2 0 
0 20
0 1014
cfn=(3470)
calls=2 0 
0 4648
0 24
cob=(4)
cfi=(175)
cfn=(2012)
calls=2 0 
0 16
0 8
cob=(4)
cfi=(175)
cfn=(1476) 0x0000000004891a00
calls=2 0 
0 224
0 148
cob=(4)
cfi=(175)
cfn=(2264)
calls=2 0 
0 326
0 14
cob=(4)
cfi=(175)
cfn=(2268)
calls=2 0 
0 26
0 14
cob=(4)
cfi=(175)
cfn=(2264)
calls=2 0 
0 326
0 14
cob=(4)
cfi=(175)
cfn=(2268)
calls=2 0 
0 26
0 10

fn=(3488) zmq::socket_base_t::event_accepted(zmq::endpoint_uri_pair_t const&, int)
0 11
cob=(4)
cfi=(175)
cfn=(2734)
calls=1 0 
0 120
0 5

fn=(3656) zmq::tcp_connecter_t::process_term(int)
0 14
cob=(4)
cfi=(175)
cfn=(3658) 0x000000000488f4a0
calls=1 0 
0 6671

fn=(3676) zmq::tcp_connecter_t::~tcp_connecter_t()
0 4
cob=(4)
cfi=(175)
cfn=(3678) 0x000000000488e3d0
calls=1 0 
0 3808
0 3
cob=(4)
cfi=(175)
cfn=(2058)
calls=1 0 
0 188

fn=(3677) zmq::tcp_connecter_t::~tcp_connecter_t()'2
0 17
cob=(4)
cfi=(175)
cfn=(3682) 0x0000000004891070
calls=1 0 
0 3071

fn=(3732) zmq::io_object_t::reset_pollout(void*)
0 345
cob=(4)
cfi=(175)
cfn=(3734) 0x000000000488ff50
calls=115 0 
0 4668

fn=(3780) zmq::shared_message_memory_allocator::allocate()
0 21434
cob=(4)
cfi=(175)
cfn=(4352) 0x000000000488e630
calls=922 0 
0 16456
0 6466
cob=(4)
cfi=(175)
cfn=(3760)
calls=924 0 
0 322860
0 4620

fn=(3812)
0 11580
cob=(4)
cfi=(175)
cfn=(3776) 0x000000000488db80
calls=965 0 
0 373161
0 3860
cob=(4)
cfi=(175)
cfn=(3814) 0x0000000004891e50
calls=965 0 
0 5671
0 5790
cob=(4)
cfi=(175)
cfn=(3814)
calls=965 0 
0 4825
0 6755

fn=(3952) zmq::session_base_t::engine_ready()
0 50
cob=(4)
cfi=(175)
cfn=(3038)
calls=1 0 
0 5
0 23
cob=(4)
cfi=(175)
cfn=(2922) 0x000000000488f300
calls=1 0 
0 3099
0 5
cob=(4)
cfi=(175)
cfn=(2954)
calls=1 0 
0 19
0 8
cfn=(3954) non-virtual thunk to zmq::stream_engine_base_t::get_endpoint() const
calls=1 0 
0 3
0 35
cob=(4)
cfi=(175)
cfn=(3150) 0x000000000488dd00
calls=1 0 
0 51
0 12
cfn=(3954)
calls=1 0 
0 3
0 34
cob=(4)
cfi=(175)
cfn=(3150)
calls=1 0 
0 51
0 11
cob=(4)
cfi=(175)
cfn=(3956) 0x000000000488f380
calls=1 0 
0 1077
0 5
cob=(4)
cfi=(175)
cfn=(2264)
calls=1 0 
0 79
0 7
cob=(4)
cfi=(175)
cfn=(2268)
calls=1 0 
0 13
0 7
cob=(4)
cfi=(175)
cfn=(2264)
calls=1 0 
0 79
0 7
cob=(4)
cfi=(175)
cfn=(2268)
calls=1 0 
0 13
0 7
cob=(4)
cfi=(175)
cfn=(2264)
calls=1 0 
0 186
0 7
cob=(4)
cfi=(175)
cfn=(2268)
calls=1 0 
0 13
0 7
cob=(4)
cfi=(175)
cfn=(2264)
calls=1 0 
0 243
0 7
cob=(4)
cfi=(175)
cfn=(2268)
calls=1 0 
0 13
0 3

fn=(3960) zmq::object_t::send_bind(zmq::own_t*, zmq::pipe_t*, bool)
0 22
cob=(4)
cfi=(175)
cfn=(2776)
calls=1 0 
0 178
0 11
cob=(4)
cfi=(175)
cfn=(2770)
calls=1 0 
0 5
0 1

fn=(4080) zmq::stream_engine_base_t::restart_output()
0 18
cob=(4)
cfi=(175)
cfn=(3368)
calls=2 0 
0 78
0 12
cfn=(3714)
calls=2 0 
0 3342

fn=(4084)
0 1137140
cob=(4)
cfi=(175)
cfn=(4086)
calls=113714 0 
0 14550800
0 454432
cob=(4)
cfi=(175)
cfn=(2144)
calls=113502 0 
0 567510
0 795574
cob=(4)
cfi=(175)
cfn=(1532)
calls=212 0 
0 1272
0 636

fn=(4092) zmq::ypipe_t<zmq::msg_t, 256>::read(zmq::msg_t*)
0 7282284
cob=(4)
cfi=(175)
cfn=(3026)
calls=886 0 
0 1375743
0 2658

fn=(4134) zmq::msg_t::is_pong() const
0 18

fn=(4146) zmq::metadata_t::add_ref()
0 340506

fn=(4332) zmq::object_t::send_activate_read(zmq::pipe_t*)
0 3564
cob=(4)
cfi=(175)
cfn=(2776)
calls=297 0 
0 157827
0 1485

fn=(4334) zmq::pipe_t::process_activate_read()
0 2970
cfn=(4452) non-virtual thunk to zmq::socket_base_t::read_activated(zmq::pipe_t*)
calls=191 0 
0 7638
cfn=(4336)
calls=106 0 
0 8414869

fn=(4370) zmq::object_t::send_activate_write(zmq::pipe_t*, unsigned long)
0 5902
cob=(4)
cfi=(175)
cfn=(2776)
calls=454 0 
0 103728
0 2270

fn=(4402) zmq::fq_t::recvpipe(zmq::msg_t*, zmq::pipe_t**)
0 1483040
cob=(4)
cfi=(175)
cfn=(2174)
calls=114080 0 
0 4677280
0 1481105
cob=(4)
cfi=(175)
cfn=(4086)
calls=113693 0 
0 13310279
0 232570
cob=(4)
cfi=(175)
cfn=(2012)
calls=192 0 
0 1536
0 774
cob=(4)
cfi=(175)
cfn=(2012)
calls=387 0 
0 3096
0 1158
cob=(4)
cfi=(175)
cfn=(1532)
calls=579 0 
0 3474
0 1483619
cob=(4)
cfi=(175)
cfn=(2144)
calls=113501 0 
0 567505
0 1248511

fn=(4432) zmq_msg_get
0 1021509
cob=(4)
cfi=(175)
cfn=(2144)
calls=113501 0 
0 567505
0 340503

fn=(4442)
0 1464514
cob=(4)
cfi=(175)
cfn=(3026)
calls=922 0 
0 193088

fn=(4448) zmq::pipe_t::process_activate_write(unsigned long)
0 2716
cfn=(4474) non-virtual thunk to zmq::session_base_t::write_activated(zmq::pipe_t*)
calls=90 0 
0 14103760
0 364

fn=(4474)
0 720
cfn=(4476) non-virtual thunk to zmq::stream_engine_base_t::restart_input()
calls=90 0 
0 14103040

fn=(4756) zmq::reaper_t::process_reap(zmq::socket_base_t*)
0 12
cob=(4)
cfi=(175)
cfn=(4758) 0x000000000488fea0
calls=2 0 
0 10802
0 6

fn=(4770) zmq::object_t::unregister_endpoints(zmq::socket_base_t*)
0 6
cob=(4)
cfi=(175)
cfn=(4772) 0x0000000004891550
calls=2 0 
0 1152

fn=(4844) zmq::stream_listener_base_t::close()
0 14
cob=(4)
cfi=(175)
cfn=(4846)
calls=1 0 
0 876
0 8
cob=(4)
cfi=(175)
cfn=(2722)
calls=1 0 
0 693
0 4
cob=(4)
cfi=(175)
cfn=(4852) 0x000000000488dc90
calls=1 0 
0 1080
0 9
cob=(4)
cfi=(175)
cfn=(2058)
calls=1 0 
0 99
0 11

fn=(4870) zmq::fq_t::pipe_terminated(zmq::pipe_t*)
0 21

fn=(4932) std::_Rb_tree<zmq::pipe_t*, zmq::pipe_t*, std::_Identity<zmq::pipe_t*>, std::less<zmq::pipe_t*>, std::allocator<zmq::pipe_t*> >::erase(zmq::pipe_t* const&)
0 23
cfn=(4934)
calls=1 0 
0 118
0 25

fn=(4984)
0 8
cob=(4)
cfi=(175)
cfn=(4986) 0x0000000004890ea0
calls=2 0 
0 3129
0 6
cob=(4)
cfi=(175)
cfn=(2058)
calls=2 0 
0 198

fn=(4985) zmq::v2_decoder_t::~v2_decoder_t()'2
0 20
cob=(4)
cfi=(175)
cfn=(2174)
calls=2 0 
0 82
0 16
cob=(4)
cfi=(175)
cfn=(4990)
calls=2 0 
0 1415
0 10
cob=(4)
cfi=(175)
cfn=(4996) 0x000000000488fc80
calls=2 0 
0 872

fn=(5030) zmq::socket_base_t::process_destroy()
0 6

fn=(5054) zmq::own_t::process_destroy()
0 20
cfn=(5124)
calls=1 0 
0 5468
cfn=(5056) zmq::sub_t::~sub_t()
calls=1 0 
0 9480

fn=(5066) zmq::xsub_t::~xsub_t()
0 18
cob=(4)
cfi=(175)
cfn=(2174)
calls=1 0 
0 41
0 4
cob=(4)
cfi=(175)
cfn=(5068) 0x00000000048900e0
calls=1 0 
0 677
0 2
cob=(4)
cfi=(175)
cfn=(5074) 0x000000000488ea00
calls=1 0 
0 765
0 2
cob=(4)
cfi=(175)
cfn=(5080) 0x0000000004890150
calls=1 0 
0 761
0 5
cob=(4)
cfi=(175)
cfn=(5086) 0x000000000488efb0
calls=1 0 
0 5684

fn=(5084) zmq::fq_t::~fq_t()
0 14
cob=(4)
cfi=(175)
cfn=(2058)
calls=1 0 
0 91

fn=(5134) zmq::xpub_t::~xpub_t()
0 22
cob=(4)
cfi=(175)
cfn=(2174)
calls=1 0 
0 41
0 22
cob=(4)
cfi=(175)
cfn=(2058)
calls=1 0 
0 91
0 4
cob=(4)
cfi=(175)
cfn=(2058)
calls=1 0 
0 91
0 12
cob=(4)
cfi=(175)
cfn=(2058)
calls=1 0 
0 91
0 4
cob=(4)
cfi=(175)
cfn=(2058)
calls=1 0 
0 91
0 28
cob=(4)
cfi=(175)
cfn=(2058)
calls=1 0 
0 91
0 4
cob=(4)
cfi=(175)
cfn=(2058)
calls=1 0 
0 91
0 12
cob=(4)
cfi=(175)
cfn=(2058)
calls=1 0 
0 91
0 4
cob=(4)
cfi=(175)
cfn=(2058)
calls=1 0 
0 91
0 2
cob=(4)
cfi=(175)
cfn=(5074)
calls=1 0 
0 107
0 2
cob=(4)
cfi=(175)
cfn=(5136) 0x0000000004891760
calls=1 0 
0 828
0 2
cob=(4)
cfi=(175)
cfn=(5136)
calls=1 0 
0 23
0 9
cob=(4)
cfi=(175)
cfn=(5086)
calls=1 0 
0 2091
0 2

fn=(5200) zmq::thread_t::stop()
0 18
cob=(4)
cfi=(175)
cfn=(5202) 0x000000000488f810
calls=2 0 
0 1301
0 12

fn=(3564) non-virtual thunk to zmq::stream_engine_base_t::plug(zmq::io_thread_t*, zmq::session_base_t*)
0 44
cob=(4)
cfi=(175)
cfn=(3332) 0x000000000488fe00
calls=2 0 
0 10
0 8
cob=(4)
cfi=(175)
cfn=(2352) 0x0000000004891790
calls=2 0 
0 60
0 6
cob=(4)
cfi=(175)
cfn=(3278)
calls=2 0 
0 280
0 30
cfn=(3566) zmq::zmtp_engine_t::plug_internal()
calls=2 0 
0 9415

fn=(3622) zmq::tcp_read(int, void*, unsigned long)
0 7816
cob=(4)
cfi=(175)
cfn=(3624) 0x000000000488e350
calls=977 0 
0 65355
0 9716
cob=(4)
cfi=(175)
cfn=(1532)
calls=9 0 
0 54
0 216

fn=(4250) zmq::msg_t::command_body_size() const
0 4
cob=(4)
cfi=(175)
cfn=(4124)
calls=1 0 
0 8
0 4
cob=(4)
cfi=(175)
cfn=(4130)
calls=1 0 
0 8
0 4
cob=(4)
cfi=(175)
cfn=(2144)
calls=1 0 
0 5
0 8
cob=(4)
cfi=(175)
cfn=(2126)
calls=1 0 
0 29
0 3

fn=(1462) zmq::signaler_t::signaler_t()
0 30
cob=(4)
cfi=(175)
cfn=(1464) 0x000000000488f620
calls=5 0 
0 1676
0 20
cob=(4)
cfi=(175)
cfn=(1476)
calls=5 0 
0 2087
0 10
cob=(4)
cfi=(175)
cfn=(1476)
calls=5 0 
0 560
0 5
cob=(4)
cfi=(175)
cfn=(1490)
calls=5 0 
0 857
0 15

fn=(1528)
0 11
cfn=(1530) randombytes_sysrandom_init
calls=1 0 
0 1862
0 3

fn=(1578) sodium_runtime_has_avx2
0 12

fn=(1612)
0 5
cob=(4)
cfi=(175)
cfn=(1606)
calls=1 0 
0 5
0 2
cob=(4)
cfi=(175)
cfn=(1594)
calls=1 0 
0 5
0 7

fn=(1636) zmq::signaler_t::valid() const
0 24

fn=(1648) zmq_ctx_set_ext(void*, int, void const*, unsigned long)
0 13
cob=(4)
cfi=(175)
cfn=(1650)
calls=1 0 
0 706
0 12
cob=(4)
cfi=(175)
cfn=(1656) 0x000000000488ec80
calls=1 0 
0 803

fn=(1712) zmq::epoll_t::epoll_t(zmq::thread_ctx_t const&)
0 12
cob=(4)
cfi=(175)
cfn=(1714) 0x000000000488e540
calls=2 0 
0 4036
0 16
cob=(4)
cfi=(175)
cfn=(1744) 0x0000000004890700
calls=2 0 
0 913
0 14

fn=(1724) zmq::clock_t::clock_t()
0 16
cob=(4)
cfi=(175)
cfn=(1726)
calls=4 0 
0 732
0 8
cob=(4)
cfi=(175)
cfn=(1732)
calls=4 0 
0 1776
0 28

fn=(1814) zmq::poller_base_t::get_load() const
0 3858

fn=(1856) zmq::thread_t::start(void (*)(void*), void*, char const*)
0 26
cob=(4)
cfi=(175)
cfn=(1858) 0x000000000488e990
calls=2 0 
0 954
0 10
cob=(4)
cfi=(175)
cfn=(1864) 0x0000000004891b80
calls=2 0 
0 3520
0 14

fn=(1936) void std::vector<zmq::io_thread_t*, std::allocator<zmq::io_thread_t*> >::_M_realloc_insert<zmq::io_thread_t* const&>(__gnu_cxx::__normal_iterator<zmq::io_thread_t**, std::vector<zmq::io_thread_t*, std::allocator<zmq::io_thread_t*> > >, zmq::io_thread_t* const&)
0 60
cob=(4)
cfi=(175)
cfn=(1678)
calls=1 0 
0 234
0 9

fn=(2100)
0 75
cob=(4)
cfi=(175)
cfn=(1532)
calls=5 0 
0 30
0 31
cob=(4)
cfi=(175)
cfn=(2120) 0x000000000488f980
calls=1 0 
0 8192
0 4
cob=(4)
cfi=(175)
cfn=(2174)
calls=1 0 
0 41
0 63
cob=(4)
cfi=(175)
cfn=(2102)
calls=1 0 
0 2224
0 13

fn=(2148) zmq::msg_t::flags() const
0 5789268

fn=(2210) zmq::socket_base_t::update_pipe_options(int)
0 83

fn=(2350) zmq::io_object_t::io_object_t(zmq::io_thread_t*)
0 46
cob=(4)
cfi=(175)
cfn=(2352)
calls=4 0 
0 1696
0 2

fn=(2408) zmq::ip_resolver_options_t::bindable(bool)
0 8

fn=(2432) zmq::ip_resolver_options_t::expect_port(bool)
0 8

fn=(2438) zmq::ip_resolver_t::ip_resolver_t(zmq::ip_resolver_options_t)
0 18

fn=(2456) zmq::ip_resolver_options_t::bindable()
0 15

fn=(2866) zmq_connect
0 9
cob=(4)
cfi=(175)
cfn=(2078)
calls=1 0 
0 6
0 8
cob=(4)
cfi=(175)
cfn=(2868) 0x0000000004890120
calls=1 0 
0 56701

fn=(2878) zmq::socket_base_t::connect_internal(char const*)
0 20
cob=(4)
cfi=(175)
cfn=(2228)
calls=1 0 
0 219
0 18
cob=(4)
cfi=(175)
cfn=(2254)
calls=1 0 
0 543
0 24
cob=(4)
cfi=(175)
cfn=(2288)
calls=1 0 
0 323
0 5
cob=(4)
cfi=(175)
cfn=(2294)
calls=1 0 
0 71
0 18
cob=(4)
cfi=(175)
cfn=(2304)
calls=1 0 
0 61
0 5
cob=(4)
cfi=(175)
cfn=(2886) 0x000000000488eb50
calls=1 0 
0 719
0 4
cob=(4)
cfi=(175)
cfn=(1396)
calls=1 0 
0 225
0 8
cob=(4)
cfi=(175)
cfn=(2892) 0x0000000004890810
calls=1 0 
0 1193
0 3
cob=(4)
cfi=(175)
cfn=(2294)
calls=1 0 
0 75
0 8
cob=(4)
cfi=(175)
cfn=(2898) 0x000000000488fcd0
calls=1 0 
0 879
0 7
cob=(4)
cfi=(175)
cfn=(2394) 0x000000000488ffb0
calls=1 0 
0 24
0 12
cob=(4)
cfi=(175)
cfn=(2294)
calls=1 0 
0 71
0 9
cob=(4)
cfi=(175)
cfn=(2898)
calls=1 0 
0 9
0 56
cob=(4)
cfi=(175)
cfn=(2898)
calls=14 0 
0 126
0 40
cob=(4)
cfi=(175)
cfn=(2904) 0x000000000488df50
calls=5 0 
0 890
0 67
cob=(4)
cfi=(175)
cfn=(2260)
calls=1 0 
0 16
0 9
cob=(4)
cfi=(175)
cfn=(2880) 0x000000000488edf0
calls=1 0 
0 1591
0 3
cob=(4)
cfi=(175)
cfn=(2058)
calls=1 0 
0 91
0 7
cob=(4)
cfi=(175)
cfn=(2294)
calls=1 0 
0 71
0 8
cob=(4)
cfi=(175)
cfn=(2910) 0x000000000488e100
calls=1 0 
0 3441
0 10
cob=(4)
cfi=(175)
cfn=(2294)
calls=1 0 
0 71
0 23
cob=(4)
cfi=(175)
cfn=(2922)
calls=1 0 
0 6477
0 7
cob=(4)
cfi=(175)
cfn=(2948)
calls=1 0 
0 13462
0 4
cob=(4)
cfi=(175)
cfn=(3044) 0x000000000488e800
calls=1 0 
0 896
0 3
cob=(4)
cfi=(175)
cfn=(3050) 0x0000000004890780
calls=1 0 
0 18683
0 7
cob=(4)
cfi=(175)
cfn=(2260)
calls=1 0 
0 16
0 10
cob=(4)
cfi=(175)
cfn=(3144)
calls=1 0 
0 1470
0 5
cob=(4)
cfi=(175)
cfn=(2746)
calls=1 0 
0 2429
0 5
cob=(4)
cfi=(175)
cfn=(2058)
calls=1 0 
0 91
0 11
cob=(4)
cfi=(175)
cfn=(2264)
calls=1 0 
0 231
0 7
cob=(4)
cfi=(175)
cfn=(2268)
calls=1 0 
0 13
0 7
cob=(4)
cfi=(175)
cfn=(2264)
calls=1 0 
0 79
0 7
cob=(4)
cfi=(175)
cfn=(2268)
calls=1 0 
0 13
0 4
cob=(4)
cfi=(175)
cfn=(2058)
calls=1 0 
0 91
0 1

fn=(2940) zmq::pipe_t::compute_lwm(int)
0 28

fn=(3004) zmq::pipe_t::check_write()
0 2270940
cob=(4)
cfi=(175)
cfn=(3006)
calls=227094 0 
0 2952936
0 908466

fn=(3242) zmq::poller_base_t::execute_timers()
0 6446
cob=(4)
cfi=(175)
cfn=(3586)
calls=8 0 
0 490
0 104

fn=(3302) zmq::io_object_t::set_pollin(void*)
0 279
cob=(4)
cfi=(175)
cfn=(1786)
calls=93 0 
0 3162

fn=(3648) zmq::own_t::register_term_acks(int)
0 27

fn=(3738) zmq::epoll_t::reset_pollout(void*)
0 805
cob=(4)
cfi=(175)
cfn=(1768)
calls=115 0 
0 460
0 690
cob=(4)
cfi=(175)
cfn=(1774)
calls=115 0 
0 1035
0 690

fn=(3786) zmq::zmtp_engine_t::handshake_v3_x(bool)
0 44
cob=(4)
cfi=(175)
cfn=(1396)
calls=2 0 
0 450
0 16
cob=(4)
cfi=(175)
cfn=(3788) 0x000000000488e440
calls=2 0 
0 5608
0 30

fn=(3826) virtual thunk to zmq::null_mechanism_t::next_handshake_command(zmq::msg_t*)
0 78
cob=(4)
cfi=(175)
cfn=(3828) 0x000000000488ffa0
calls=2 0 
0 814
0 16
cob=(4)
cfi=(175)
cfn=(3834) 0x000000000488e8c0
calls=2 0 
0 5934
0 52
cob=(4)
cfi=(175)
cfn=(1532)
calls=4 0 
0 24
0 12

fn=(3888) zmq::v2_decoder_t::size_ready(unsigned long, unsigned char const*)
0 2043072
cob=(4)
cfi=(175)
cfn=(2174)
calls=113504 0 
0 4653664
0 454016
cob=(4)
cfi=(175)
cfn=(3890) 0x000000000488ef90
calls=113504 0 
0 681858
0 340512
cob=(4)
cfi=(175)
cfn=(3814)
calls=113504 0 
0 567520
0 1242125
cob=(4)
cfi=(175)
cfn=(3896) 0x0000000004891940
calls=112587 0 
0 6982311
0 337761
cob=(4)
cfi=(175)
cfn=(2180)
calls=112587 0 
0 675522
0 792694
cob=(4)
cfi=(175)
cfn=(2114)
calls=113504 0 
0 567520
0 227008
cob=(4)
cfi=(175)
cfn=(2126)
calls=113504 0 
0 3406951
0 340512
cob=(4)
cfi=(175)
cfn=(2138)
calls=113504 0 
0 3521372
0 1926808
cob=(4)
cfi=(175)
cfn=(4346) 0x000000000488dba0
calls=112584 0 
0 676354
0 115335
cob=(4)
cfi=(175)
cfn=(2108)
calls=917 0 
0 80109
0 1834

fn=(3910)
0 24
cob=(4)
cfi=(175)
cfn=(2138)
calls=2 0 
0 60
0 6
cob=(4)
cfi=(175)
cfn=(2126)
calls=2 0 
0 58
0 26
cob=(4)
cfi=(175)
cfn=(2174)
calls=2 0 
0 82
0 8
cob=(4)
cfi=(175)
cfn=(2012)
calls=2 0 
0 16
0 18
cob=(4)
cfi=(175)
cfn=(3912) 0x000000000488f270
calls=2 0 
0 7141
0 4

fn=(4054) zmq::io_object_t::cancel_timer(int)
0 12
cob=(4)
cfi=(175)
cfn=(4056) 0x0000000004891240
calls=2 0 
0 2325

fn=(4098) zmq::session_base_t::flush()
0 5260
cob=(4)
cfi=(175)
cfn=(3030)
calls=1052 0 
0 88330

fn=(4112)
0 38
cob=(4)
cfi=(175)
cfn=(4114) 0x0000000004890a00
calls=2 0 
0 776
0 42
cfn=(4120)
calls=2 0 
0 3583

fn=(4118) zmq::mechanism_t::get_user_id() const
0 6

fn=(4128) zmq::msg_t::is_ping() const
0 18

fn=(4140) zmq::msg_t::set_metadata(zmq::metadata_t*)
0 908016
cob=(4)
cfi=(175)
cfn=(4142) 0x00000000048902a0
calls=113502 0 
0 568236
0 567510

fn=(4204) zmq_msg_size
0 681006
cob=(4)
cfi=(175)
cfn=(2126)
calls=340503 0 
0 10445760

fn=(4408) zmq::xsub_t::match(zmq::msg_t*)
0 908008
cob=(4)
cfi=(175)
cfn=(2126)
calls=113501 0 
0 3406864
0 340503
cob=(4)
cfi=(175)
cfn=(2138)
calls=113501 0 
0 3521282
0 454004
cob=(4)
cfi=(175)
cfn=(4410) 0x000000000488dbe0
calls=113501 0 
0 1022215
0 567505

fn=(4452)
0 1719
cfn=(4454) zmq::xsub_t::xread_activated(zmq::pipe_t*)
calls=191 0 
0 5919

fn=(4734) zmq::socket_base_t::stop()
0 4
cob=(4)
cfi=(175)
cfn=(4736)
calls=2 0 
0 1288

fn=(4754)
0 36
cob=(4)
cfi=(175)
cfn=(1490)
calls=2 0 
0 12
0 10
cob=(4)
cfi=(175)
cfn=(1490)
calls=5 0 
0 30
0 49
cob=(4)
cfi=(175)
cfn=(3254)
calls=7 0 
0 1044
0 16
cob=(4)
cfi=(175)
cfn=(1532)
calls=2 0 
0 12
0 25
cob=(4)
cfi=(175)
cfn=(3270)
calls=5 0 
0 12971
0 27

fn=(4894) std::_Rb_tree<std::__cxx11::basic_string<char, std::char_traits<char>, std::allocator<char> >, std::pair<std::__cxx11::basic_string<char, std::char_traits<char>, std::allocator<char> > const, std::pair<zmq::own_t*, zmq::pipe_t*> >, std::_Select1st<std::pair<std::__cxx11::basic_string<char, std::char_traits<char>, std::allocator<char> > const, std::pair<zmq::own_t*, zmq::pipe_t*> > >, std::less<std::__cxx11::basic_string<char, std::char_traits<char>, std::allocator<char> > >, std::allocator<std::pair<std::__cxx11::basic_string<char, std::char_traits<char>, std::allocator<char> > const, std::pair<zmq::own_t*, zmq::pipe_t*> > > >::equal_range(std::__cxx11::basic_string<char, std::char_traits<char>, std::allocator<char> > const&)
0 40
cob=(4)
cfi=(175)
cfn=(4020)
calls=2 0 
0 42
0 36
cob=(4)
cfi=(175)
cfn=(4020)
calls=2 0 
0 42
0 70

fn=(4934)
0 17
cob=(4)
cfi=(175)
cfn=(2058)
calls=1 0 
0 91
0 28

fn=(4978)
0 8
cob=(4)
cfi=(175)
cfn=(4980) 0x000000000488f160
calls=2 0 
0 1128
0 6
cob=(4)
cfi=(175)
cfn=(2058)
calls=2 0 
0 228

fn=(4979) zmq::v3_1_encoder_t::~v3_1_encoder_t()'2
0 6
cob=(4)
cfi=(175)
cfn=(3026)
calls=2 0 
0 404

fn=(5014) zmq::mechanism_t::~mechanism_t()
0 40
cfn=(4074)
calls=2 0 
0 36
0 22
cob=(4)
cfi=(175)
cfn=(2058)
calls=2 0 
0 228
0 168
cob=(4)
cfi=(175)
cfn=(3026)
calls=2 0 
0 12
0 6
cob=(4)
cfi=(175)
cfn=(3026)
calls=2 0 
0 12
0 2

fn=(5140) zmq::generic_mtrie_t<zmq::pipe_t>::~generic_mtrie_t()
0 42

fn=(5194) zmq::worker_poller_base_t::stop_worker()
0 6
cob=(4)
cfi=(175)
cfn=(5196) 0x0000000004891040
calls=2 0 
0 2025

fn=(3560) zmq::session_base_t::process_attach(zmq::i_engine*)
0 56
cfn=(3564)
calls=2 0 
0 9853
0 4
cfn=(3562)
calls=2 0 
0 6
0 4

fn=(4238) zmq::msg_t::metadata() const
0 3

fn=(4262) std::pair<std::_Rb_tree_iterator<zmq::pipe_t*>, bool> std::_Rb_tree<zmq::pipe_t*, zmq::pipe_t*, std::_Identity<zmq::pipe_t*>, std::less<zmq::pipe_t*>, std::allocator<zmq::pipe_t*> >::_M_insert_unique<zmq::pipe_t* const&>(zmq::pipe_t* const&)
0 16
cob=(4)
cfi=(175)
cfn=(1678)
calls=1 0 
0 217
0 8
cob=(4)
cfi=(175)
cfn=(2814)
calls=1 0 
0 18
0 16

fn=(4302) zmq::dist_t::match(zmq::pipe_t*)
0 2954432

fn=(1580)
0 2
cfn=(1582)
calls=1 0 
0 15

fn=(1624) zmq::ctx_t::valid() const
0 3
cob=(4)
cfi=(175)
cfn=(1626)
calls=1 0 
0 1471

fn=(1630) zmq::mailbox_t::valid() const
0 18
cob=(4)
cfi=(175)
cfn=(1632) 0x0000000004890200
calls=6 0 
0 764

fn=(1654) zmq::ctx_t::check_tag() const
0 20

fn=(1790) zmq::epoll_t::set_pollin(void*)
0 679
cob=(4)
cfi=(175)
cfn=(1768)
calls=97 0 
0 388
0 582
cob=(4)
cfi=(175)
cfn=(1774)
calls=97 0 
0 873
0 582

fn=(1826) zmq::thread_t::setSchedulingParameters(int, int, std::set<int, std::less<int>, std::allocator<int> > const&)
0 88

fn=(2016) zmq::msg_t::init()
0 2728788

fn=(2040) zmq::xsub_t::xsub_t(zmq::ctx_t*, unsigned int, int)
0 20
cob=(4)
cfi=(175)
cfn=(1970)
calls=1 0 
0 2138
0 8
cob=(4)
cfi=(175)
cfn=(2042) 0x000000000488ef30
calls=1 0 
0 663
0 3
cob=(4)
cfi=(175)
cfn=(2006)
calls=1 0 
0 10
0 4
cob=(4)
cfi=(175)
cfn=(2048) 0x0000000004891ef0
calls=1 0 
0 665
0 7
cob=(4)
cfi=(175)
cfn=(2012)
calls=1 0 
0 8
0 10

fn=(2136) zmq::msg_t::check() const
0 13627854

fn=(2220) zmq_bind
0 9
cob=(4)
cfi=(175)
cfn=(2078)
calls=1 0 
0 6
0 8
cob=(4)
cfi=(175)
cfn=(2222) 0x000000000488dcd0
calls=1 0 
0 100990

fn=(2344) zmq::object_t::object_t(zmq::object_t*)
0 72

fn=(2386) zmq::tcp_open_socket(char const*, zmq::options_t const&, bool, bool, zmq::tcp_address_t*)
0 36
cob=(4)
cfi=(175)
cfn=(2388) 0x000000000488eeb0
calls=2 0 
0 37752
0 8
cob=(4)
cfi=(175)
cfn=(2602) 0x000000000488fe60
calls=2 0 
0 766
0 8
cob=(4)
cfi=(175)
cfn=(2608) 0x000000000488f4f0
calls=2 0 
0 3096
0 10
cob=(4)
cfi=(175)
cfn=(2602)
calls=2 0 
0 24
0 60

fn=(2392) zmq::tcp_address_t::resolve(char const*, bool, bool)
0 36
cob=(4)
cfi=(175)
cfn=(2394)
calls=2 0 
0 898
0 8
cob=(4)
cfi=(175)
cfn=(2398) 0x00000000048920d0
calls=2 0 
0 776
0 8
cob=(4)
cfi=(175)
cfn=(2404) 0x000000000488ec20
calls=2 0 
0 826
0 6
cob=(4)
cfi=(175)
cfn=(2410) 0x000000000488e7a0
calls=2 0 
0 814
0 6
cob=(4)
cfi=(175)
cfn=(2416) 0x000000000488db30
calls=2 0 
0 850
0 6
cob=(4)
cfi=(175)
cfn=(2422) 0x0000000004892150
calls=2 0 
0 802
0 6
cob=(4)
cfi=(175)
cfn=(2428) 0x000000000488f480
calls=2 0 
0 834
0 18
cob=(4)
cfi=(175)
cfn=(2434) 0x000000000488e150
calls=2 0 
0 884
0 8
cob=(4)
cfi=(175)
cfn=(2440) 0x000000000488e9c0
calls=2 0 
0 30166
0 30

fn=(2426) zmq::ip_resolver_options_t::ipv6(bool)
0 8

fn=(2726) zmq::make_unconnected_bind_endpoint_pair(std::__cxx11::basic_string<char, std::char_traits<char>, std::allocator<char> > const&)
0 198
cob=(4)
cfi=(175)
cfn=(2264)
calls=3 0 
0 1064
0 21
cob=(4)
cfi=(175)
cfn=(2268)
calls=3 0 
0 39
0 9

fn=(2750) zmq::socket_base_t::add_endpoint(zmq::endpoint_uri_pair_t const&, zmq::own_t*, zmq::pipe_t*)
0 42
cob=(4)
cfi=(175)
cfn=(2752) 0x0000000004891730
calls=2 0 
0 8291
0 16
cob=(4)
cfi=(175)
cfn=(2808) 0x0000000004891e70
calls=2 0 
0 4096
0 41
cob=(4)
cfi=(175)
cfn=(3150)
calls=1 0 
0 956
0 36
cob=(4)
cfi=(175)
cfn=(2264)
calls=1 0 
0 231
0 7
cob=(4)
cfi=(175)
cfn=(2268)
calls=1 0 
0 13
0 3

fn=(2836) zmq::do_getsockopt(void*, unsigned long*, std::__cxx11::basic_string<char, std::char_traits<char>, std::allocator<char> > const&)
0 5
cob=(4)
cfi=(175)
cfn=(2838) 0x0000000004891b10
calls=1 0 
0 812

fn=(2966)
0 13
cob=(4)
cfi=(175)
cfn=(2968) 0x0000000004891320
calls=1 0 
0 926
0 3
cob=(4)
cfi=(175)
cfn=(2974)
calls=1 0 
0 1045
0 4
cob=(4)
cfi=(175)
cfn=(2980) 0x0000000004890a40
calls=1 0 
0 6838
0 7
cob=(4)
cfi=(175)
cfn=(3030)
calls=1 0 
0 711

fn=(3016) zmq::msg_t::is_routing_id() const
0 2270040

fn=(3048) zmq::session_base_t::attach_pipe(zmq::pipe_t*)
0 9
cob=(4)
cfi=(175)
cfn=(3038)
calls=1 0 
0 5
0 15
cob=(4)
cfi=(175)
cfn=(2954)
calls=1 0 
0 19

fn=(3174) thread_routine
0 26
cob=(4)
cfi=(175)
cfn=(3176) 0x000000000488e2e0
calls=2 0 
0 903
0 12
cob=(4)
cfi=(175)
cfn=(3184) 0x000000000488e0a0
calls=2 0 
0 1157
0 8
cob=(4)
cfi=(175)
cfn=(3190) 0x0000000004891b70
calls=2 0 
0 4011
0 4
cob=(4)
cfi=(175)
cfn=(3220) 0x000000000488e6a0
calls=2 0 
0 2077
0 4
cfn=(3234) zmq::worker_poller_base_t::worker_routine(void*)
calls=2 0 
0 165907625
0 20

fn=(3194) zmq::thread_t::applySchedulingParameters()
0 28
cob=(4)
cfi=(175)
cfn=(3196) 0x000000000488f7d0
calls=2 0 
0 872
0 10
cob=(4)
cfi=(175)
cfn=(3202) 0x00000000048919d0
calls=2 0 
0 1119
0 24
cob=(4)
cfi=(175)
cfn=(3212) 0x000000000488ef70
calls=2 0 
0 1086
0 38

fn=(3224) zmq::thread_t::applyThreadName()
0 12
cob=(4)
cfi=(175)
cfn=(3196)
calls=2 0 
0 10
0 8
cob=(4)
cfi=(175)
cfn=(3226) 0x00000000048901d0
calls=2 0 
0 1281

fn=(3372) zmq::io_object_t::set_pollout(void*)
0 348
cob=(4)
cfi=(175)
cfn=(3374) 0x000000000488e3a0
calls=116 0 
0 4682

fn=(3406)
0 3
cfn=(3408) zmq::tcp_listener_t::in_event()
calls=1 0 
0 22811

fn=(3408)
0 12
cob=(4)
cfi=(175)
cfn=(3410) 0x00000000048920c0
calls=1 0 
0 1774
0 5
cob=(4)
cfi=(175)
cfn=(3422) 0x000000000488ee50
calls=1 0 
0 1567
0 7
cob=(4)
cfi=(175)
cfn=(3434) 0x000000000488e210
calls=1 0 
0 780
0 4
cob=(4)
cfi=(175)
cfn=(3440) 0x0000000004890dd0
calls=1 0 
0 729
0 14
cob=(4)
cfi=(175)
cfn=(3446) 0x000000000488f460
calls=1 0 
0 17919

fn=(3476) zmq::get_peer_ip_address(int, std::__cxx11::basic_string<char, std::char_traits<char>, std::allocator<char> >&)
0 26
cob=(4)
cfi=(175)
cfn=(2676)
calls=2 0 
0 62
0 40
cob=(4)
cfi=(175)
cfn=(2698)
calls=2 0 
0 3178
0 12
cob=(4)
cfi=(175)
cfn=(2260)
calls=2 0 
0 32
0 12
cob=(4)
cfi=(175)
cfn=(3118)
calls=2 0 
0 142
0 4

fn=(3504) zmq::io_object_t::rm_fd(void*)
0 12
cob=(4)
cfi=(175)
cfn=(3506)
calls=4 0 
0 2639

fn=(3522) zmq::tcp_connecter_t::connect()
0 16
cob=(4)
cfi=(175)
cfn=(3524) 0x000000000488f290
calls=1 0 
0 1036
0 14

fn=(3534) zmq::tcp_connecter_t::tune_socket(int)
0 8
cob=(4)
cfi=(175)
cfn=(3422)
calls=1 0 
0 55
0 7
cob=(4)
cfi=(175)
cfn=(3434)
calls=1 0 
0 18
0 4
cob=(4)
cfi=(175)
cfn=(3440)
calls=1 0 
0 15
0 6

fn=(3540) zmq::stream_connecter_base_t::create_engine(int, std::__cxx11::basic_string<char, std::char_traits<char>, std::allocator<char> > const&)
0 50
cob=(4)
cfi=(175)
cfn=(3478) 0x000000000488f740
calls=1 0 
0 219
0 2
cob=(4)
cfi=(175)
cfn=(3542)
calls=1 0 
0 1744
0 4
cob=(4)
cfi=(175)
cfn=(3554) 0x000000000488fdd0
calls=1 0 
0 1096
0 4
cob=(4)
cfi=(175)
cfn=(2058)
calls=1 0 
0 99
0 4
cob=(4)
cfi=(175)
cfn=(2058)
calls=1 0 
0 99
0 15
cob=(4)
cfi=(175)
cfn=(1396)
calls=1 0 
0 225
0 9
cob=(4)
cfi=(175)
cfn=(3458) 0x000000000488ec60
calls=1 0 
0 3148
0 6
cob=(4)
cfi=(175)
cfn=(2264)
calls=1 0 
0 247
0 7
cob=(4)
cfi=(175)
cfn=(2268)
calls=1 0 
0 13
0 7
cob=(4)
cfi=(175)
cfn=(2264)
calls=1 0 
0 247
0 7
cob=(4)
cfi=(175)
cfn=(2268)
calls=1 0 
0 13
0 3

fn=(3662) zmq::stream_connecter_base_t::process_term(int)
0 18
cob=(4)
cfi=(175)
cfn=(3664)
calls=1 0 
0 5813

fn=(3750) zmq::zmtp_engine_t::select_handshake_fun(bool, unsigned char, unsigned char)
0 24

fn=(3880) zmq::v2_decoder_t::flags_ready(unsigned char const*)
0 2156579

fn=(3902) zmq::v2_decoder_t::message_ready(unsigned char const*)
0 1021536

fn=(3916) zmq::null_mechanism_t::process_ready_command(unsigned char const*, unsigned long)
0 14
cob=(4)
cfi=(175)
cfn=(3918) 0x00000000048902f0
calls=2 0 
0 6245

fn=(4148)
0 908736
cob=(4)
cfi=(175)
cfn=(2144)
calls=113592 0 
0 567960
0 795149
cob=(4)
cfi=(175)
cfn=(2994)
calls=113592 0 
0 14491647
0 454188
cob=(4)
cfi=(175)
cfn=(2012)
calls=113502 0 
0 908016
0 794964
cob=(4)
cfi=(175)
cfn=(1532)
calls=90 0 
0 540
0 270

fn=(4192) zmq_msg_init_buffer(zmq_msg_t*, void const*, unsigned long)
0 227002
cob=(4)
cfi=(175)
cfn=(4194) 0x00000000048907e0
calls=113501 0 
0 30711398

fn=(4320) zmq::msg_t::add_refs(int)
0 2270020

fn=(4362) zmq::shared_message_memory_allocator::clear()
0 4630

fn=(4414) zmq::trie_t::check(unsigned char const*, unsigned long) const
0 794507

fn=(4440) zmq_msg_close
0 227390
cob=(4)
cfi=(175)
cfn=(2174)
calls=113695 0 
0 8469306

fn=(4476)
0 270
cfn=(4478)
calls=90 0 
0 14102770

fn=(4744) zmq_ctx_term
0 6
cob=(4)
cfi=(175)
cfn=(1532)
calls=1 0 
0 6
0 5
cob=(4)
cfi=(175)
cfn=(1650)
calls=1 0 
0 6
0 4
cob=(4)
cfi=(175)
cfn=(4746) 0x0000000004891a80
calls=1 0 
0 14471
0 5
cob=(4)
cfi=(175)
cfn=(5230) 0x000000000488f370
calls=1 0 
0 718
0 6

fn=(4802)
0 40

fn=(4808) zmq::msg_t::init_delimiter()
0 10

fn=(4838) zmq::object_t::send_pipe_term_ack(zmq::pipe_t*)
0 48
cob=(4)
cfi=(175)
cfn=(2776)
calls=4 0 
0 1013
0 20

fn=(4842) zmq::stream_listener_base_t::process_term(int)
0 9
cob=(4)
cfi=(175)
cfn=(3500)
calls=1 0 
0 67
0 4
cfn=(4844)
calls=1 0 
0 2794
0 6
cob=(4)
cfi=(175)
cfn=(3664)
calls=1 0 
0 415

fn=(4856) zmq::socket_base_t::event_closed(zmq::endpoint_uri_pair_t const&, int)
0 11
cob=(4)
cfi=(175)
cfn=(2734)
calls=1 0 
0 120
0 5

fn=(4858) zmq::pipe_t::process_pipe_term_ack()
0 68
cfn=(4944) non-virtual thunk to zmq::session_base_t::pipe_terminated(zmq::pipe_t*)
calls=2 0 
0 16307
cfn=(4860)
calls=2 0 
0 11833
0 54
cfn=(4896)
calls=4 0 
0 1989
0 48
cob=(4)
cfi=(175)
cfn=(4898) 0x000000000488fde0
calls=4 0 
0 2552
0 16
cfn=(4092)
calls=4 0 
0 108
0 16
cob=(4)
cfi=(175)
cfn=(4834) 0x000000000488f600
calls=2 0 
0 503
0 2

fn=(4908) zmq::xpub_t::xpipe_terminated(zmq::pipe_t*)
0 15
cob=(4)
cfi=(175)
cfn=(4872)
calls=1 0 
0 62
0 7
cob=(4)
cfi=(175)
cfn=(4910) 0x0000000004892030
calls=1 0 
0 5264
0 1

fn=(4944)
0 38
cob=(4)
cfi=(175)
cfn=(3038)
calls=2 0 
0 10
0 48
cob=(4)
cfi=(175)
cfn=(3664)
calls=2 0 
0 16211

fn=(5072) zmq::trie_t::~trie_t()
0 17

fn=(5078) zmq::dist_t::~dist_t()
0 28
cob=(4)
cfi=(175)
cfn=(2058)
calls=2 0 
0 182

fn=(5092) zmq::mailbox_t::~mailbox_t()
0 39
cob=(4)
cfi=(175)
cfn=(1514)
calls=3 0 
0 138
0 12
cob=(4)
cfi=(175)
cfn=(1614)
calls=3 0 
0 117
0 12
cob=(4)
cfi=(175)
cfn=(5098) 0x0000000004890210
calls=3 0 
0 42
0 12
cob=(4)
cfi=(175)
cfn=(5104) 0x0000000004890e10
calls=3 0 
0 15
0 12
cob=(4)
cfi=(175)
cfn=(5110) 0x0000000004890180
calls=3 0 
0 234
0 24
cob=(4)
cfi=(175)
cfn=(3026)
calls=3 0 
0 543
0 24
cob=(4)
cfi=(175)
cfn=(3026)
calls=3 0 
0 262
0 14
cob=(4)
cfi=(175)
cfn=(5094)
calls=2 0 
0 5343
0 6
cob=(4)
cfi=(175)
cfn=(2058)
calls=2 0 
0 182

fn=(5093) zmq::mailbox_t::~mailbox_t()'2
0 26
cob=(4)
cfi=(175)
cfn=(1514)
calls=2 0 
0 92
0 8
cob=(4)
cfi=(175)
cfn=(1614)
calls=2 0 
0 78
0 8
cob=(4)
cfi=(175)
cfn=(5098)
calls=2 0 
0 1004
0 8
cob=(4)
cfi=(175)
cfn=(5104)
calls=2 0 
0 1203
0 8
cob=(4)
cfi=(175)
cfn=(5110)
calls=2 0 
0 846
0 16
cob=(4)
cfi=(175)
cfn=(3026)
calls=2 0 
0 362
0 16
cob=(4)
cfi=(175)
cfn=(3026)
calls=2 0 
0 982
0 4

fn=(5150) zmq::object_t::send_done()
0 14
cob=(4)
cfi=(175)
cfn=(2782)
calls=1 0 
0 252
0 5

fn=(5162) zmq::ctx_t::~ctx_t()
0 20
cob=(4)
cfi=(175)
cfn=(5164) 0x000000000488f0a0
calls=1 0 
0 991
0 9
cob=(4)
cfi=(175)
cfn=(5170) 0x000000000488f120
calls=1 0 
0 7217
0 9
cob=(4)
cfi=(175)
cfn=(5214) 0x000000000488dfc0
calls=1 0 
0 2370
0 2
cob=(4)
cfi=(175)
cfn=(5224) 0x000000000488ed40
calls=1 0 
0 702
0 3
cob=(4)
cfi=(175)
cfn=(5098)
calls=1 0 
0 14
0 4
cob=(4)
cfi=(175)
cfn=(5104)
calls=1 0 
0 5
0 10
cob=(4)
cfi=(175)
cfn=(5094)
calls=1 0 
0 418
0 4
cob=(4)
cfi=(175)
cfn=(2058)
calls=1 0 
0 218
0 4
cob=(4)
cfi=(175)
cfn=(2058)
calls=1 0 
0 91
0 2
cob=(4)
cfi=(175)
cfn=(5098)
calls=1 0 
0 14
0 4
cob=(4)
cfi=(175)
cfn=(5104)
calls=1 0 
0 5
0 6
cob=(4)
cfi=(175)
cfn=(2058)
calls=1 0 
0 218
0 4
cob=(4)
cfi=(175)
cfn=(2058)
calls=1 0 
0 91
0 9
cob=(4)
cfi=(175)
cfn=(5098)
calls=1 0 
0 14
0 4
cob=(4)
cfi=(175)
cfn=(5104)
calls=1 0 
0 5
0 8

fn=(5302)
0 5

fn=(4214)
0 16
cob=(4)
cfi=(175)
cfn=(4216) 0x000000000488e260
calls=1 0 
0 739
0 12
cob=(4)
cfi=(175)
cfn=(4222) 0x0000000004891100
calls=1 0 
0 7959

fn=(4294) void zmq::generic_mtrie_t<zmq::pipe_t>::match<zmq::xpub_t*>(unsigned char const*, unsigned long, void (*)(zmq::pipe_t*, zmq::xpub_t*), zmq::xpub_t*)
0 3295328
cfn=(4296)
calls=113632 0 
0 3750606
0 227264
cob=(4)
cfi=(175)
cfn=(4036)
calls=113632 0 
0 2045376
0 1477216

fn=(1416) zmq::thread_ctx_t::thread_ctx_t()
0 10
cob=(4)
cfi=(175)
cfn=(1418)
calls=1 0 
0 1177
0 5
cob=(4)
cfi=(175)
cfn=(1424)
calls=1 0 
0 988
0 5
cob=(4)
cfi=(175)
cfn=(1430)
calls=1 0 
0 1014
0 20

fn=(1520)
0 77

fn=(1572) sodium_runtime_has_avx512f
0 3

fn=(1700) zmq::reaper_t::reaper_t(zmq::ctx_t*, unsigned int)
0 10
cob=(4)
cfi=(175)
cfn=(1702)
calls=1 0 
0 741
0 7
cob=(4)
cfi=(175)
cfn=(1438)
calls=1 0 
0 779
0 6
cob=(4)
cfi=(175)
cfn=(1626)
calls=1 0 
0 11
0 5
cob=(4)
cfi=(175)
cfn=(1396)
calls=1 0 
0 215
0 6
cob=(4)
cfi=(175)
cfn=(1708)
calls=1 0 
0 5630
0 3
cob=(4)
cfi=(175)
cfn=(1750)
calls=1 0 
0 1438
0 6
cob=(4)
cfi=(175)
cfn=(1750)
calls=1 0 
0 10
0 4
cob=(4)
cfi=(175)
cfn=(1762)
calls=1 0 
0 3550
0 4
cob=(4)
cfi=(175)
cfn=(1786)
calls=1 0 
0 758
0 1
cob=(4)
cfi=(175)
cfn=(1490)
calls=1 0 
0 6
0 7

fn=(1730) zmq::clock_t::rdtsc()
0 690612

fn=(1736) zmq::clock_t::now_us()
0 3380
cob=(4)
cfi=(175)
cfn=(1738) 0x000000000488f8e0
calls=338 0 
0 5306
0 5746

fn=(1998) zmq::ctx_t::get(int, void*, unsigned long const*)
0 112
cob=(4)
cfi=(175)
cfn=(1514)
calls=2 0 
0 92
0 12
cob=(4)
cfi=(175)
cfn=(1614)
calls=2 0 
0 78
0 56
cob=(4)
cfi=(175)
cfn=(1514)
calls=2 0 
0 92
0 12
cob=(4)
cfi=(175)
cfn=(1614)
calls=2 0 
0 78
0 12
cob=(4)
cfi=(175)
cfn=(1514)
calls=2 0 
0 92
0 12
cob=(4)
cfi=(175)
cfn=(1614)
calls=2 0 
0 78
0 4

fn=(2034) zmq::sub_t::sub_t(zmq::ctx_t*, unsigned int, int)
0 14
cob=(4)
cfi=(175)
cfn=(2036) 0x0000000004891470
calls=1 0 
0 4268
0 12

fn=(2112) zmq::msg_t::init_size(unsigned long)
0 1716382
cob=(4)
cfi=(175)
cfn=(3760)
calls=114418 0 
0 18277232
0 1601852

fn=(2118) zmq::msg_t::set_flags(unsigned char)
0 340527

fn=(2240) zmq::signaler_t::wait(int) const
0 38280
cob=(4)
cfi=(175)
cfn=(1490)
calls=3190 0 
0 19140
0 31900
cob=(4)
cfi=(175)
cfn=(2242) 0x0000000004890ef0
calls=3190 0 
0 189085
0 13784
cob=(4)
cfi=(175)
cfn=(1490)
calls=512 0 
0 3072
0 34972
cob=(4)
cfi=(175)
cfn=(1532)
calls=2678 0 
0 16068
0 8034

fn=(2338) zmq::own_t::own_t(zmq::io_thread_t*, zmq::options_t const&)
0 60
cob=(4)
cfi=(175)
cfn=(2340)
calls=4 0 
0 734
0 2152

fn=(2450) zmq::ip_resolver_options_t::expect_port()
0 6

fn=(2732) zmq::socket_base_t::event_listening(zmq::endpoint_uri_pair_t const&, int)
0 11
cob=(4)
cfi=(175)
cfn=(2734)
calls=1 0 
0 1046
0 5

fn=(2774) zmq::own_t::inc_seqnum()
0 33

fn=(2812) std::_Rb_tree_iterator<std::pair<std::__cxx11::basic_string<char, std::char_traits<char>, std::allocator<char> > const, std::pair<zmq::own_t*, zmq::pipe_t*> > > std::_Rb_tree<std::__cxx11::basic_string<char, std::char_traits<char>, std::allocator<char> >, std::pair<std::__cxx11::basic_string<char, std::char_traits<char>, std::allocator<char> > const, std::pair<zmq::own_t*, zmq::pipe_t*> >, std::_Select1st<std::pair<std::__cxx11::basic_string<char, std::char_traits<char>, std::allocator<char> > const, std::pair<zmq::own_t*, zmq::pipe_t*> > >, std::less<std::__cxx11::basic_string<char, std::char_traits<char>, std::allocator<char> > >, std::allocator<std::pair<std::__cxx11::basic_string<char, std::char_traits<char>, std::allocator<char> > const, std::pair<zmq::own_t*, zmq::pipe_t*> > > >::_M_emplace_equal<std::__cxx11::basic_string<char, std::char_traits<char>, std::allocator<char> > const&, std::pair<zmq::own_t*, zmq::pipe_t*> >(std::__cxx11::basic_string<char, std::char_traits<char>, std::allocator<char> > const&, std::pair<zmq::own_t*, zmq::pipe_t*>&&)
0 32
cob=(4)
cfi=(175)
cfn=(1678)
calls=2 0 
0 434
0 56
cob=(4)
cfi=(175)
cfn=(2814)
calls=2 0 
0 1195
0 36
cob=(4)
cfi=(175)
cfn=(2264)
calls=2 0 
0 462
0 14
cob=(4)
cfi=(175)
cfn=(2268)
calls=2 0 
0 26
0 12

fn=(2946) zmq::pipe_t::set_peer(zmq::pipe_t*)
0 68

fn=(2972) zmq::fq_t::attach(zmq::pipe_t*)
0 47
cob=(4)
cfi=(175)
cfn=(2960)
calls=1 0 
0 133
0 2

fn=(3010) zmq::pipe_t::check_hwm() const
0 3747986

fn=(3234)
0 6
cfn=(3236)
calls=2 0 
0 165907619

fn=(3250)
0 537
cfn=(3252)
calls=179 0 
0 22703552

fn=(3318) zmq::session_base_t::start_connecting(bool)
0 19
cob=(4)
cfi=(175)
cfn=(2304)
calls=1 0 
0 61
0 7
cob=(4)
cfi=(175)
cfn=(2294)
calls=1 0 
0 84
0 8
cob=(4)
cfi=(175)
cfn=(1396)
calls=1 0 
0 225
0 11
cob=(4)
cfi=(175)
cfn=(3320) 0x00000000048918d0
calls=1 0 
0 6824
0 15
cob=(4)
cfi=(175)
cfn=(2752)
calls=1 0 
0 472

fn=(3346) zmq::tcp_connecter_t::open()
0 19
cob=(4)
cfi=(175)
cfn=(1396)
calls=1 0 
0 241
0 5
cob=(4)
cfi=(175)
cfn=(2364) 0x000000000488db20
calls=1 0 
0 12
0 11
cob=(4)
cfi=(175)
cfn=(2382)
calls=1 0 
0 3199
0 8
cob=(4)
cfi=(175)
cfn=(1476)
calls=1 0 
0 112
0 4
cob=(4)
cfi=(175)
cfn=(3356) 0x0000000004892050
calls=1 0 
0 799
0 4
cob=(4)
cfi=(175)
cfn=(2636)
calls=1 0 
0 20
0 3
cob=(4)
cfi=(175)
cfn=(2648)
calls=1 0 
0 9
0 4
cob=(4)
cfi=(175)
cfn=(3362) 0x000000000488f5d0
calls=1 0 
0 989
0 3
cob=(4)
cfi=(175)
cfn=(1532)
calls=1 0 
0 6
0 13

fn=(3378) zmq::epoll_t::set_pollout(void*)
0 812
cob=(4)
cfi=(175)
cfn=(1768)
calls=116 0 
0 464
0 696
cob=(4)
cfi=(175)
cfn=(1774)
calls=116 0 
0 1044
0 696

fn=(3414) zmq::tcp_listener_t::accept()
0 40
cob=(4)
cfi=(175)
cfn=(3416) 0x000000000488e790
calls=1 0 
0 927
0 5
cob=(4)
cfi=(175)
cfn=(2618)
calls=1 0 
0 4
0 6
cob=(4)
cfi=(175)
cfn=(2624)
calls=1 0 
0 5
0 19

fn=(3450) zmq::stream_listener_base_t::create_engine(int)
0 19
cfn=(2674)
calls=1 0 
0 3410
0 6
cfn=(2674)
calls=1 0 
0 2696
0 35
cob=(4)
cfi=(175)
cfn=(2058)
calls=1 0 
0 99
0 5
cob=(4)
cfi=(175)
cfn=(2058)
calls=1 0 
0 99
0 8
cob=(4)
cfi=(175)
cfn=(2304)
calls=1 0 
0 61
0 9
cob=(4)
cfi=(175)
cfn=(2910)
calls=1 0 
0 924
0 5
cob=(4)
cfi=(175)
cfn=(2770)
calls=1 0 
0 5
0 3
cob=(4)
cfi=(175)
cfn=(2752)
calls=1 0 
0 568
0 5
cob=(4)
cfi=(175)
cfn=(3478)
calls=1 0 
0 1157
0 4
cob=(4)
cfi=(175)
cfn=(3484) 0x000000000488fdf0
calls=1 0 
0 1092
0 4
cob=(4)
cfi=(175)
cfn=(2058)
calls=1 0 
0 99
0 4
cob=(4)
cfi=(175)
cfn=(2058)
calls=1 0 
0 99
0 13
cob=(4)
cfi=(175)
cfn=(1396)
calls=1 0 
0 225
0 9
cob=(4)
cfi=(175)
cfn=(3458)
calls=1 0 
0 5866
0 6
cob=(4)
cfi=(175)
cfn=(2264)
calls=1 0 
0 247
0 7
cob=(4)
cfi=(175)
cfn=(2268)
calls=1 0 
0 13
0 7
cob=(4)
cfi=(175)
cfn=(2264)
calls=1 0 
0 247
0 7
cob=(4)
cfi=(175)
cfn=(2268)
calls=1 0 
0 13
0 3

fn=(3516) void std::vector<zmq::epoll_t::poll_entry_t*, std::allocator<zmq::epoll_t::poll_entry_t*> >::_M_realloc_insert<zmq::epoll_t::poll_entry_t* const&>(__gnu_cxx::__normal_iterator<zmq::epoll_t::poll_entry_t**, std::vector<zmq::epoll_t::poll_entry_t*, std::allocator<zmq::epoll_t::poll_entry_t*> > >, zmq::epoll_t::poll_entry_t* const&)
0 224
cob=(4)
cfi=(175)
cfn=(2054) 0x0000000004891480
calls=2 0 
0 30
0 8
cob=(4)
cfi=(175)
cfn=(2058)
calls=2 0 
0 198
0 14
cob=(4)
cfi=(175)
cfn=(1678)
calls=4 0 
0 254
0 36

fn=(3558) zmq::socket_base_t::event_connected(zmq::endpoint_uri_pair_t const&, int)
0 11
cob=(4)
cfi=(175)
cfn=(2734)
calls=1 0 
0 120
0 5

fn=(3706) zmq::own_t::process_term_ack()
0 8
cob=(4)
cfi=(175)
cfn=(3708) 0x000000000488e510
calls=4 0 
0 2454

fn=(3798) zmq::mechanism_base_t::mechanism_base_t(zmq::session_base_t*, zmq::options_t const&)
0 16
cob=(4)
cfi=(175)
cfn=(3800) 0x0000000004890f30
calls=2 0 
0 1914
0 16

fn=(3804) zmq::mechanism_t::mechanism_t(zmq::options_t const&)
0 1116

fn=(3822)
0 78
cfn=(3824)
calls=6 0 
0 86
0 30
cfn=(3824)
calls=6 0 
0 86
0 36
cfn=(3826)
calls=6 0 
0 6930
0 44
cob=(4)
cfi=(175)
cfn=(2114)
calls=2 0 
0 10
0 14

fn=(3844) zmq::mechanism_t::basic_properties_len() const
0 22
cob=(4)
cfi=(175)
cfn=(3846)
calls=2 0 
0 832
0 12
cob=(4)
cfi=(175)
cfn=(2260)
calls=2 0 
0 32
0 6
cob=(4)
cfi=(175)
cfn=(3852) 0x0000000004891840
calls=2 0 
0 874
0 28

fn=(3856) zmq::mechanism_t::property_len(char const*, unsigned long)
0 16
cob=(4)
cfi=(175)
cfn=(2260)
calls=2 0 
0 32
0 20

fn=(3940) std::_Rb_tree<std::__cxx11::basic_string<char, std::char_traits<char>, std::allocator<char> >, std::pair<std::__cxx11::basic_string<char, std::char_traits<char>, std::allocator<char> > const, std::__cxx11::basic_string<char, std::char_traits<char>, std::allocator<char> > >, std::_Select1st<std::pair<std::__cxx11::basic_string<char, std::char_traits<char>, std::allocator<char> > const, std::__cxx11::basic_string<char, std::char_traits<char>, std::allocator<char> > > >, std::less<std::__cxx11::basic_string<char, std::char_traits<char>, std::allocator<char> > >, std::allocator<std::pair<std::__cxx11::basic_string<char, std::char_traits<char>, std::allocator<char> > const, std::__cxx11::basic_string<char, std::char_traits<char>, std::allocator<char> > > > >::_M_get_insert_unique_pos(std::__cxx11::basic_string<char, std::char_traits<char>, std::allocator<char> > const&)
0 192
cob=(4)
cfi=(175)
cfn=(4020)
calls=6 0 
0 1049
0 80
cob=(4)
cfi=(175)
cfn=(4020)
calls=4 0 
0 96
0 134
cob=(4)
cfi=(175)
cfn=(4030) 0x000000000488fd00
calls=2 0 
0 1084
0 34

fn=(3954)
0 6

fn=(4048)
0 28
cob=(4)
cfi=(175)
cfn=(1678)
calls=2 0 
0 466
0 86
cfn=(4049) std::_Rb_tree_node<std::pair<std::__cxx11::basic_string<char, std::char_traits<char>, std::allocator<char> > const, std::__cxx11::basic_string<char, std::char_traits<char>, std::allocator<char> > > >* std::_Rb_tree<std::__cxx11::basic_string<char, std::char_traits<char>, std::allocator<char> >, std::pair<std::__cxx11::basic_string<char, std::char_traits<char>, std::allocator<char> > const, std::__cxx11::basic_string<char, std::char_traits<char>, std::allocator<char> > >, std::_Select1st<std::pair<std::__cxx11::basic_string<char, std::char_traits<char>, std::allocator<char> > const, std::__cxx11::basic_string<char, std::char_traits<char>, std::allocator<char> > > >, std::less<std::__cxx11::basic_string<char, std::char_traits<char>, std::allocator<char> > >, std::allocator<std::pair<std::__cxx11::basic_string<char, std::char_traits<char>, std::allocator<char> > const, std::__cxx11::basic_string<char, std::char_traits<char>, std::allocator<char> > > > >::_M_copy<false, std::_Rb_tree<std::__cxx11::basic_string<char, std::char_traits<char>, std::allocator<char> >, std::pair<std::__cxx11::basic_string<char, std::char_traits<char>, std::allocator<char> > const, std::__cxx11::basic_string<char, std::char_traits<char>, std::allocator<char> > >, std::_Select1st<std::pair<std::__cxx11::basic_string<char, std::char_traits<char>, std::allocator<char> > const, std::__cxx11::basic_string<char, std::char_traits<char>, std::allocator<char> > > >, std::less<std::__cxx11::basic_string<char, std::char_traits<char>, std::allocator<char> > >, std::allocator<std::pair<std::__cxx11::basic_string<char, std::char_traits<char>, std::allocator<char> > const, std::__cxx11::basic_string<char, std::char_traits<char>, std::allocator<char> > > > >::_Alloc_node>(std::_Rb_tree_node<std::pair<std::__cxx11::basic_string<char, std::char_traits<char>, std::allocator<char> > const, std::__cxx11::basic_string<char, std::char_traits<char>, std::allocator<char> > > >*, std::_Rb_tree_node_base*, std::_Rb_tree<std::__cxx11::basic_string<char, std::char_traits<char>, std::allocator<char> >, std::pair<std::__cxx11::basic_string<char, std::char_traits<char>, std::allocator<char> > const, std::__cxx11::basic_string<char, std::char_traits<char>, std::allocator<char> > >, std::_Select1st<std::pair<std::__cxx11::basic_string<char, std::char_traits<char>, std::allocator<char> > const, std::__cxx11::basic_string<char, std::char_traits<char>, std::allocator<char> > > >, std::less<std::__cxx11::basic_string<char, std::char_traits<char>, std::allocator<char> > >, std::allocator<std::pair<std::__cxx11::basic_string<char, std::char_traits<char>, std::allocator<char> > const, std::__cxx11::basic_string<char, std::char_traits<char>, std::allocator<char> > > > >::_Alloc_node&) [clone .isra.0]'2
calls=2 0 
0 724
0 20
cob=(4)
cfi=(175)
cfn=(1678)
calls=2 0 
0 466
0 136
cob=(4)
cfi=(175)
cfn=(2268)
calls=2 0 
0 30
0 12
cob=(4)
cfi=(175)
cfn=(2268)
calls=2 0 
0 30
0 18
cob=(4)
cfi=(175)
cfn=(2268)
calls=2 0 
0 40
0 12
cob=(4)
cfi=(175)
cfn=(2268)
calls=2 0 
0 30
0 14

fn=(4049)
0 28
cob=(4)
cfi=(175)
cfn=(1678)
calls=2 0 
0 466
0 134
cob=(4)
cfi=(175)
cfn=(2268)
calls=2 0 
0 40
0 12
cob=(4)
cfi=(175)
cfn=(2268)
calls=2 0 
0 34
0 10

fn=(4060) zmq::poller_base_t::cancel_timer(zmq::i_poll_events*, int)
0 40
cob=(4)
cfi=(175)
cfn=(4062) 0x000000000488edb0
calls=2 0 
0 1159
0 4
cob=(4)
cfi=(175)
cfn=(2058)
calls=2 0 
0 198
0 14

fn=(4072) zmq::socket_base_t::event_handshake_succeeded(zmq::endpoint_uri_pair_t const&, int)
0 22
cob=(4)
cfi=(175)
cfn=(2734)
calls=2 0 
0 240
0 10

fn=(4104) zmq::msg_t::is_credential() const
0 1135030

fn=(4110) zmq::msg_t::is_delimiter() const
0 908024

fn=(4314) zmq::msg_t::is_vsm() const
0 454004

fn=(4396) zmq::fq_t::recv(zmq::msg_t*)
0 342240
cob=(4)
cfi=(175)
cfn=(4398) 0x000000000488e0d0
calls=114080 0 
0 24722933

fn=(4454)
0 573
cob=(4)
cfi=(175)
cfn=(4456) 0x0000000004891200
calls=191 0 
0 5346

fn=(4466) zmq::io_object_t::reset_pollin(void*)
0 270
cob=(4)
cfi=(175)
cfn=(4468) 0x000000000488e9a0
calls=90 0 
0 3802

fn=(4706) zmq::socket_base_t::close()
0 24
cob=(4)
cfi=(175)
cfn=(4708) 0x000000000488daa0
calls=2 0 
0 2082
0 14

fn=(4718) zmq::ctx_t::get_reaper() const
0 12

fn=(4816)
0 78
cob=(4)
cfi=(175)
cfn=(2228)
calls=6 0 
0 19958
0 42
cob=(4)
cfi=(175)
cfn=(4810)
calls=6 0 
0 20240

fn=(4818) zmq::socket_base_t::process_stop()
0 20
cob=(4)
cfi=(175)
cfn=(1514)
calls=2 0 
0 92
0 10
cob=(4)
cfi=(175)
cfn=(4820) 0x000000000488efe0
calls=2 0 
0 826
0 6
cob=(4)
cfi=(175)
cfn=(1614)
calls=2 0 
0 78
0 16

fn=(4862)
0 16
cfn=(4908)
calls=1 0 
0 5349
cfn=(4864)
calls=1 0 
0 1723
0 6
cob=(4)
cfi=(175)
cfn=(4878) 0x000000000488ec30
calls=2 0 
0 928
0 32
cob=(4)
cfi=(175)
cfn=(4884) 0x000000000488eae0
calls=2 0 
0 776
0 14
cob=(4)
cfi=(175)
cfn=(4890) 0x0000000004890a60
calls=2 0 
0 1791
0 10
cob=(4)
cfi=(175)
cfn=(3038)
calls=1 0 
0 5
0 3
cob=(4)
cfi=(175)
cfn=(4938) 0x000000000488f110
calls=1 0 
0 1073
0 10
cob=(4)
cfi=(175)
cfn=(3038)
calls=1 0 
0 5
0 12
cob=(4)
cfi=(175)
cfn=(3708)
calls=2 0 
0 74

fn=(4882) zmq::socket_base_t::inprocs_t::erase_pipe(zmq::pipe_t const*)
0 26

fn=(5008) zmq::null_mechanism_t::~null_mechanism_t()
0 52
cob=(4)
cfi=(175)
cfn=(5010) 0x0000000004890e70
calls=2 0 
0 1248

fn=(5056)
0 4
cob=(4)
cfi=(175)
cfn=(5058) 0x000000000488e340
calls=1 0 
0 9288
0 3
cob=(4)
cfi=(175)
cfn=(2058)
calls=1 0 
0 185

fn=(5057) zmq::sub_t::~sub_t()'2
0 13
cob=(4)
cfi=(175)
cfn=(5062) 0x00000000048903e0
calls=1 0 
0 8619

fn=(5122) zmq::reaper_t::stop()
0 4
cob=(4)
cfi=(175)
cfn=(1792)
calls=1 0 
0 5
0 2
cob=(4)
cfi=(175)
cfn=(1626)
calls=1 0 
0 11
0 5
cob=(4)
cfi=(175)
cfn=(4736)
calls=1 0 
0 177

fn=(5184) zmq::epoll_t::~epoll_t()
0 8
cob=(4)
cfi=(175)
cfn=(5186) 0x000000000488df10
calls=2 0 
0 4641
0 6
cob=(4)
cfi=(175)
cfn=(2058)
calls=2 0 
0 182

fn=(5185) zmq::epoll_t::~epoll_t()'2
0 18
cob=(4)
cfi=(175)
cfn=(5190) 0x000000000488fd20
calls=2 0 
0 2857
0 4
cob=(4)
cfi=(175)
cfn=(4846)
calls=2 0 
0 110
0 14
cob=(4)
cfi=(175)
cfn=(2058)
calls=2 0 
0 190
0 22
cob=(4)
cfi=(175)
cfn=(5208) 0x000000000488fa00
calls=2 0 
0 756

fn=(3566)
0 8
cob=(4)
cfi=(175)
cfn=(3568) 0x000000000488dd70
calls=2 0 
0 4005
0 50
cob=(4)
cfi=(175)
cfn=(3298)
calls=2 0 
0 78
0 6
cob=(4)
cfi=(175)
cfn=(3368)
calls=2 0 
0 78
0 6
cob=(4)
cfi=(175)
cfn=(3592) 0x000000000488ffd0
calls=2 0 
0 5184

fn=(1410) zmq::ctx_t::ctx_t()
0 12
cob=(4)
cfi=(175)
cfn=(1412) 0x0000000004890130
calls=1 0 
0 3917
0 9
cob=(4)
cfi=(175)
cfn=(1418)
calls=1 0 
0 6
0 5
cob=(4)
cfi=(175)
cfn=(1424)
calls=1 0 
0 15
0 5
cob=(4)
cfi=(175)
cfn=(1430)
calls=1 0 
0 55
0 10
cob=(4)
cfi=(175)
cfn=(1438)
calls=1 0 
0 6931
0 16
cob=(4)
cfi=(175)
cfn=(1418)
calls=1 0 
0 6
0 5
cob=(4)
cfi=(175)
cfn=(1424)
calls=1 0 
0 15
0 5
cob=(4)
cfi=(175)
cfn=(1430)
calls=1 0 
0 55
0 3
cob=(4)
cfi=(175)
cfn=(1496) 0x0000000004891f80
calls=1 0 
0 717
0 10
cob=(4)
cfi=(175)
cfn=(1490)
calls=1 0 
0 6
0 2
cob=(4)
cfi=(175)
cfn=(1502) 0x000000000488f450
calls=1 0 
0 11135
0 9
cob=(4)
cfi=(175)
cfn=(1496)
calls=1 0 
0 5
0 2

fn=(1468) zmq::make_fdpair(int*, int*)
0 55
cob=(4)
cfi=(175)
cfn=(1470) 0x0000000004890440
calls=5 0 
0 851
0 60

fn=(1500) zmq::epoll_t::max_fds()
0 6

fn=(1530)
0 10
cob=(4)
cfi=(175)
cfn=(1532)
calls=1 0 
0 961
0 5
cfn=(1536)
calls=1 0 
0 872
0 14

fn=(1536)
0 34
cob=(4)
cfi=(175)
cfn=(1538) 0x000000000488e200
calls=2 0 
0 853
0 24

fn=(1562) randombytes_buf
0 7
cfn=(1564)
calls=1 0 
0 64

fn=(1610) sodium_runtime_has_aesni
0 6

fn=(1784) zmq::poller_base_t::adjust_load(int)
0 96

fn=(1942) zmq::io_thread_t::start()
0 12
cob=(4)
cfi=(175)
cfn=(1944) 0x000000000488dd50
calls=1 0 
0 719
0 8
cob=(4)
cfi=(175)
cfn=(1828)
calls=1 0 
0 502
0 3
cob=(4)
cfi=(175)
cfn=(1804)
calls=1 0 
0 2306
0 7

fn=(1956) zmq::socket_base_t::create(int, zmq::ctx_t*, unsigned int, int)
0 56
cob=(4)
cfi=(175)
cfn=(1396)
calls=1 0 
0 216
0 8
cob=(4)
cfi=(175)
cfn=(2030) 0x000000000488f200
calls=1 0 
0 5022
0 3
cob=(4)
cfi=(175)
cfn=(1396)
calls=1 0 
0 216
0 8
cob=(4)
cfi=(175)
cfn=(1958) 0x0000000004890400
calls=1 0 
0 11367
0 1

fn=(2022) void std::vector<zmq::socket_base_t*, std::allocator<zmq::socket_base_t*> >::_M_realloc_insert<zmq::socket_base_t* const&>(__gnu_cxx::__normal_iterator<zmq::socket_base_t**, std::vector<zmq::socket_base_t*, std::allocator<zmq::socket_base_t*> > >, zmq::socket_base_t* const&)
0 112
cob=(4)
cfi=(175)
cfn=(2054)
calls=1 0 
0 888
0 4
cob=(4)
cfi=(175)
cfn=(2058)
calls=1 0 
0 1654
0 7
cob=(4)
cfi=(175)
cfn=(1678)
calls=2 0 
0 443
0 18

fn=(2046) zmq::fq_t::fq_t()
0 7

fn=(2052) zmq::trie_t::trie_t()
0 5

fn=(2172) zmq::dist_t::distribute(zmq::msg_t*)
0 1362021
cob=(4)
cfi=(175)
cfn=(4310) 0x000000000488fc50
calls=113501 0 
0 681704
0 1362018
cob=(4)
cfi=(175)
cfn=(4316) 0x0000000004891560
calls=113501 0 
0 2497716
0 1135010
cob=(4)
cfi=(175)
cfn=(4322) 0x000000000488f560
calls=113501 0 
0 25648538
0 1021509
cob=(4)
cfi=(175)
cfn=(2012)
calls=113501 0 
0 908008
0 227004
cob=(4)
cfi=(175)
cfn=(2174)
calls=1 0 
0 1429
0 4
cob=(4)
cfi=(175)
cfn=(2012)
calls=1 0 
0 8
0 2

fn=(2184) zmq::msg_t::is_zcmsg() const
0 2269548

fn=(2232) zmq::socket_base_t::process_commands(int, bool)
0 1856358
cfn=(2234)
calls=2497 0 
0 414285
0 4994
cob=(4)
cfi=(175)
cfn=(1532)
calls=2497 0 
0 14982
0 8811
cob=(4)
cfi=(175)
cfn=(3270)
calls=330 0 
0 36665
0 291
cob=(4)
cfi=(175)
cfn=(3270)
calls=97 0 
0 11860
0 2135
cfn=(2234)
calls=427 0 
0 60770
0 1522892
cob=(4)
cfi=(175)
cfn=(1726)
calls=114762 0 
0 918096
0 1255397

fn=(2326) zmq::tcp_listener_t::tcp_listener_t(zmq::io_thread_t*, zmq::socket_base_t*, zmq::options_t const&)
0 6
cob=(4)
cfi=(175)
cfn=(2328) 0x0000000004891860
calls=1 0 
0 5660
0 7
cob=(4)
cfi=(175)
cfn=(2364)
calls=1 0 
0 718
0 4

fn=(2444) zmq::ip_resolver_t::resolve(zmq::ip_addr_t*, char const*)
0 42
cob=(4)
cfi=(175)
cfn=(2446) 0x00000000048919a0
calls=2 0 
0 840
0 10
cob=(4)
cfi=(175)
cfn=(2394)
calls=2 0 
0 48
0 66
cob=(4)
cfi=(175)
cfn=(2260)
calls=2 0 
0 32
0 21
cob=(4)
cfi=(175)
cfn=(2294)
calls=1 0 
0 66
0 5
cob=(4)
cfi=(175)
cfn=(2294)
calls=1 0 
0 59
0 6
cob=(4)
cfi=(175)
cfn=(2452)
calls=1 0 
0 811
0 14
cob=(4)
cfi=(175)
cfn=(2458) 0x000000000488eff0
calls=2 0 
0 824
0 28
cob=(4)
cfi=(175)
cfn=(2464) 0x0000000004892130
calls=2 0 
0 1292
0 12
cob=(4)
cfi=(175)
cfn=(2452)
calls=2 0 
0 10
0 7
cob=(4)
cfi=(175)
cfn=(2294)
calls=1 0 
0 59
0 6
cob=(4)
cfi=(175)
cfn=(2470) 0x000000000488f7c0
calls=2 0 
0 848
0 12
cob=(4)
cfi=(175)
cfn=(2554) 0x000000000488ebb0
calls=2 0 
0 6457
0 12
cob=(4)
cfi=(175)
cfn=(2590) 0x0000000004890350
calls=2 0 
0 1472
0 4
cob=(4)
cfi=(175)
cfn=(2596)
calls=2 0 
0 10
0 42
cob=(4)
cfi=(175)
cfn=(2268)
calls=2 0 
0 30
0 13
cob=(4)
cfi=(175)
cfn=(2294)
calls=1 0 
0 59
0 6
cob=(4)
cfi=(175)
cfn=(3348) 0x0000000004890ae0
calls=1 0 
0 1052
0 7
cob=(4)
cfi=(175)
cfn=(2476) 0x000000000488ee30
calls=1 0 
0 14930
0 4
cob=(4)
cfi=(175)
cfn=(1532)
calls=1 0 
0 6
0 16
cob=(4)
cfi=(175)
cfn=(2268)
calls=1 0 
0 17
0 17
cob=(4)
cfi=(175)
cfn=(2268)
calls=2 0 
0 30
0 14

fn=(2474) zmq::ip_resolver_options_t::allow_nic_name()
0 6

fn=(2658) zmq::ip_addr_t::as_sockaddr() const
0 21

fn=(2744) zmq::stream_listener_base_t::get_local_address(std::__cxx11::basic_string<char, std::char_traits<char>, std::allocator<char> >&) const
0 16
cfn=(2674)
calls=1 0 
0 2528
0 28

fn=(2756) zmq::own_t::launch_child(zmq::own_t*)
0 36
cob=(4)
cfi=(175)
cfn=(2758) 0x00000000048920f0
calls=4 0 
0 802
0 16
cob=(4)
cfi=(175)
cfn=(2764) 0x00000000048921a0
calls=4 0 
0 5853
0 28
cob=(4)
cfi=(175)
cfn=(2802) 0x000000000488dc60
calls=4 0 
0 1846

fn=(2780) zmq::object_t::send_command(zmq::command_t const&)
0 6248
cob=(4)
cfi=(175)
cfn=(1944)
calls=781 0 
0 3905
0 5467
cob=(4)
cfi=(175)
cfn=(2782)
calls=781 0 
0 253289

fn=(2842) zmq::do_getsockopt(void*, unsigned long*, void const*, unsigned long)
0 11
cob=(4)
cfi=(175)
cfn=(2268)
calls=1 0 
0 13
0 6
cob=(4)
cfi=(175)
cfn=(1688)
calls=1 0 
0 28
0 6

fn=(3148) zmq::make_unconnected_connect_endpoint_pair(std::__cxx11::basic_string<char, std::char_traits<char>, std::allocator<char> > const&)
0 104
cob=(4)
cfi=(175)
cfn=(2264)
calls=2 0 
0 478
0 14
cob=(4)
cfi=(175)
cfn=(2268)
calls=2 0 
0 26
0 6

fn=(3274) zmq::object_t::process_command(zmq::command_t const&)
0 11101
cfn=(5206) zmq::io_thread_t::process_stop()
calls=1 0 
0 85
cfn=(5144)
calls=1 0 
0 6
cfn=(5142)
calls=2 0 
0 2023
cfn=(4858)
calls=4 0 
0 33496
cfn=(4826) zmq::pipe_t::process_pipe_term()
calls=2 0 
0 34
cfn=(4818)
calls=2 0 
0 1048
cfn=(4334)
calls=297 0 
0 8425477
cfn=(3706)
calls=4 0 
0 2462
cfn=(3304)
calls=11 0 
0 849
0 6672
cfn=(4756)
calls=2 0 
0 10820
cfn=(4448)
calls=454 0 
0 14106840
cfn=(3630)
calls=1 0 
0 4149
0 14
cfn=(4212)
calls=1 0 
0 8938
cfn=(3560)
calls=2 0 
0 9923
cfn=(3398)
calls=4 0 
0 3702
0 23
cfn=(4842)
calls=1 0 
0 3295
cfn=(4840)
calls=2 0 
0 108
cfn=(3656)
calls=1 0 
0 6685
0 4
cfn=(3338) zmq::stream_connecter_base_t::process_plug()
calls=1 0 
0 11132
cfn=(3312) zmq::session_base_t::process_plug()
calls=2 0 
0 8555
cfn=(3276) zmq::stream_listener_base_t::process_plug()
calls=1 0 
0 3158
0 4

fn=(3276)
0 9
cob=(4)
cfi=(175)
cfn=(3278)
calls=1 0 
0 2341
0 7
cob=(4)
cfi=(175)
cfn=(3298)
calls=1 0 
0 801

fn=(3310) zmq::own_t::check_term_acks()
0 260
cob=(4)
cfi=(175)
cfn=(3670) 0x000000000488daf0
calls=4 0 
0 1790
0 60
cfn=(5030)
calls=2 0 
0 6
0 16
cfn=(5022)
calls=1 0 
0 1216
cfn=(4946) zmq::session_base_t::~session_base_t()
calls=2 0 
0 15567
cfn=(3676)
calls=1 0 
0 4003

fn=(3312)
0 9
cob=(4)
cfi=(175)
cfn=(3314) 0x00000000048905a0
calls=1 0 
0 8546

fn=(3330) zmq::stream_connecter_base_t::stream_connecter_base_t(zmq::io_thread_t*, zmq::session_base_t*, zmq::options_t const&, zmq::address_t*, bool)
0 16
cob=(4)
cfi=(175)
cfn=(2334)
calls=1 0 
0 566
0 3
cob=(4)
cfi=(175)
cfn=(2346)
calls=1 0 
0 40
0 15
cob=(4)
cfi=(175)
cfn=(3332)
calls=1 0 
0 783
0 10
cob=(4)
cfi=(175)
cfn=(3050)
calls=1 0 
0 2958
0 8

fn=(3338)
0 5
cfn=(3340)
calls=1 0 
0 11127

fn=(3396) zmq::tcp_connecter_t::add_connect_timer()
0 5

fn=(3432) zmq::assert_success_or_recoverable(int, int)
0 32

fn=(3510) zmq::epoll_t::rm_fd(void*)
0 96
cob=(4)
cfi=(175)
cfn=(1768)
calls=8 0 
0 32
0 48
cob=(4)
cfi=(175)
cfn=(1774)
calls=8 0 
0 72
0 148
cob=(4)
cfi=(175)
cfn=(1780)
calls=8 0 
0 72
0 12
cob=(4)
cfi=(175)
cfn=(3512) 0x0000000004890490
calls=4 0 
0 2081
0 4

fn=(3552) zmq::object_t::send_term_req(zmq::own_t*, zmq::own_t*)
0 13
cob=(4)
cfi=(175)
cfn=(2776)
calls=1 0 
0 178
0 5

fn=(3768) zmq::v2_decoder_t::v2_decoder_t(unsigned long, long, bool)
0 38
cob=(4)
cfi=(175)
cfn=(3770) 0x00000000048918a0
calls=2 0 
0 850
0 4
cob=(4)
cfi=(175)
cfn=(3776)
calls=2 0 
0 1467
0 18
cob=(4)
cfi=(175)
cfn=(2012)
calls=2 0 
0 16
0 28

fn=(3810) zmq::zap_client_t::zap_client_t(zmq::session_base_t*, std::__cxx11::basic_string<char, std::char_traits<char>, std::allocator<char> > const&, zmq::options_t const&)
0 94
cob=(4)
cfi=(175)
cfn=(2268)
calls=2 0 
0 30
0 6

fn=(3872)
0 908032
cob=(4)
cfi=(175)
cfn=(2126)
calls=113504 0 
0 3632119
0 454016
cob=(4)
cfi=(175)
cfn=(2144)
calls=113504 0 
0 567520
0 454016
cob=(4)
cfi=(175)
cfn=(2144)
calls=113504 0 
0 567520
0 3405138

fn=(3876)
0 2886

fn=(3878)
0 5135969
cob=(4)
cfi=(175)
cfn=(2268)
calls=228829 0 
0 4112240
0 7504817
cfn=(3902)
calls=113504 0 
0 1021536
cfn=(3882)
calls=113504 0 
0 30316660
cfn=(3880)
calls=113504 0 
0 2156579
0 2507111

fn=(3904)
0 340782

fn=(3922) zmq::mechanism_t::parse_metadata(unsigned char const*, unsigned long, bool)
0 108
cob=(4)
cfi=(175)
cfn=(2294)
calls=2 0 
0 142
0 10
cob=(4)
cfi=(175)
cfn=(2294)
calls=2 0 
0 150
0 36
cob=(4)
cfi=(175)
cfn=(3930) 0x000000000488f900
calls=2 0 
0 3948
0 74
cob=(4)
cfi=(175)
cfn=(2268)
calls=2 0 
0 40
0 14
cob=(4)
cfi=(175)
cfn=(3924) 0x000000000488ebe0
calls=2 0 
0 873
0 36

fn=(3946) zmq::stream_engine_base_t::mechanism_ready()
0 82
cob=(4)
cfi=(175)
cfn=(3962) 0x000000000488d980
calls=2 0 
0 14203
0 76
cob=(4)
cfi=(175)
cfn=(2814)
calls=2 0 
0 148
0 6
cob=(4)
cfi=(175)
cfn=(4036)
calls=2 0 
0 1085
0 14
cob=(4)
cfi=(175)
cfn=(4024) 0x00000000048912e0
calls=2 0 
0 3249
0 24
cob=(4)
cfi=(175)
cfn=(1678)
calls=2 0 
0 604
0 34
cob=(4)
cfi=(175)
cfn=(2268)
calls=2 0 
0 30
0 22
cob=(4)
cfi=(175)
cfn=(2268)
calls=2 0 
0 40
0 28
cob=(4)
cfi=(175)
cfn=(4050) 0x000000000488f780
calls=2 0 
0 3115
0 12
cob=(4)
cfi=(175)
cfn=(4068) 0x000000000488e970
calls=2 0 
0 1310
0 14
cfn=(4074)
calls=4 0 
0 310
0 48
cob=(4)
cfi=(175)
cfn=(2058)
calls=4 0 
0 396
0 50
cob=(4)
cfi=(175)
cfn=(4020)
calls=2 0 
0 48
0 14
cob=(4)
cfi=(175)
cfn=(3948) 0x0000000004891720
calls=2 0 
0 5980
0 8
cob=(4)
cfi=(175)
cfn=(1396)
calls=2 0 
0 253
0 12
cob=(4)
cfi=(175)
cfn=(4042) 0x000000000488ddd0
calls=2 0 
0 3474
0 10

fn=(4028) std::_Rb_tree<std::__cxx11::basic_string<char, std::char_traits<char>, std::allocator<char> >, std::pair<std::__cxx11::basic_string<char, std::char_traits<char>, std::allocator<char> > const, std::__cxx11::basic_string<char, std::char_traits<char>, std::allocator<char> > >, std::_Select1st<std::pair<std::__cxx11::basic_string<char, std::char_traits<char>, std::allocator<char> > const, std::__cxx11::basic_string<char, std::char_traits<char>, std::allocator<char> > > >, std::less<std::__cxx11::basic_string<char, std::char_traits<char>, std::allocator<char> > >, std::allocator<std::pair<std::__cxx11::basic_string<char, std::char_traits<char>, std::allocator<char> > const, std::__cxx11::basic_string<char, std::char_traits<char>, std::allocator<char> > > > >::_M_get_insert_hint_unique_pos(std::_Rb_tree_const_iterator<std::pair<std::__cxx11::basic_string<char, std::char_traits<char>, std::allocator<char> > const, std::__cxx11::basic_string<char, std::char_traits<char>, std::allocator<char> > > >, std::__cxx11::basic_string<char, std::char_traits<char>, std::allocator<char> > const&)
0 52
cob=(4)
cfi=(175)
cfn=(4020)
calls=2 0 
0 48
0 28
cob=(4)
cfi=(175)
cfn=(3936)
calls=2 0 
0 1428

fn=(4090) zmq::pipe_t::read(zmq::msg_t*)
0 4319731
cfn=(4092)
calls=227305 0 
0 8660577
0 1135927
cob=(4)
cfi=(175)
cfn=(4100) 0x0000000004891140
calls=227006 0 
0 1589780
0 908024
cob=(4)
cfi=(175)
cfn=(4106) 0x000000000488e530
calls=227006 0 
0 1362766
0 908020
cob=(4)
cfi=(175)
cfn=(2144)
calls=227004 0 
0 1135020
0 4315903
cob=(4)
cfi=(175)
cfn=(4828) 0x0000000004890840
calls=2 0 
0 2362
0 454022
cob=(4)
cfi=(175)
cfn=(3012)
calls=227004 0 
0 1589028
0 909832
cob=(4)
cfi=(175)
cfn=(4366) 0x000000000488e0b0
calls=454 0 
0 113666
0 1052

fn=(4198) zmq::msg_t::init_buffer(void const*, unsigned long)
0 1248511
cob=(4)
cfi=(175)
cfn=(2108)
calls=113501 0 
0 21744081
0 794507
cob=(4)
cfi=(175)
cfn=(2138)
calls=113501 0 
0 3859034
0 454004
cob=(4)
cfi=(175)
cfn=(2268)
calls=113501 0 
0 1589014
0 794507

fn=(4326) zmq::dist_t::write(zmq::pipe_t*, zmq::msg_t*)
0 1362012
cob=(4)
cfi=(175)
cfn=(2994)
calls=113501 0 
0 18276422
0 567505
cob=(4)
cfi=(175)
cfn=(2144)
calls=113501 0 
0 567505
0 454004
cob=(4)
cfi=(175)
cfn=(3030)
calls=113501 0 
0 3398767
0 794507

fn=(4344) zmq::msg_t::init_external_storage(zmq::msg_t::content_t*, void*, unsigned long, void (*)(void*, void*), void*)
0 4390776

fn=(4356) zmq::shared_message_memory_allocator::release()
0 3688
cob=(4)
cfi=(175)
cfn=(4358)
calls=922 0 
0 7308
0 2766

fn=(4382) zmq_msg_recv
0 1250645
cob=(4)
cfi=(175)
cfn=(2078)
calls=113695 0 
0 682170
0 682170
cob=(4)
cfi=(175)
cfn=(4384) 0x000000000488ef50
calls=113695 0 
0 52657485
0 454392
cob=(4)
cfi=(175)
cfn=(4200)
calls=113501 0 
0 3860868
0 795671

fn=(4390)
0 2053440
cob=(4)
cfi=(175)
cfn=(4392) 0x0000000004890670
calls=114080 0 
0 25294059
0 1136747
cob=(4)
cfi=(175)
cfn=(4404) 0x000000000488fa80
calls=113501 0 
0 10448133
0 454004
cob=(4)
cfi=(175)
cfn=(2144)
calls=113501 0 
0 567505
0 1254880

fn=(4472) zmq::epoll_t::reset_pollin(void*)
0 630
cob=(4)
cfi=(175)
cfn=(1768)
calls=90 0 
0 360
0 540
cob=(4)
cfi=(175)
cfn=(1774)
calls=90 0 
0 810
0 540

fn=(4700) zmq_close
0 12
cob=(4)
cfi=(175)
cfn=(2078)
calls=2 0 
0 12
0 8
cob=(4)
cfi=(175)
cfn=(4702) 0x000000000488eed0
calls=2 0 
0 2854
0 6

fn=(4722) zmq_ctx_shutdown
0 6
cob=(4)
cfi=(175)
cfn=(1650)
calls=1 0 
0 6
0 5
cob=(4)
cfi=(175)
cfn=(4724) 0x000000000488edc0
calls=1 0 
0 2854

fn=(4776) zmq::ctx_t::unregister_endpoints(zmq::socket_base_t const*)
0 28
cob=(4)
cfi=(175)
cfn=(1514)
calls=2 0 
0 92
0 20
cob=(4)
cfi=(175)
cfn=(1614)
calls=2 0 
0 78
0 20

fn=(4826)
0 34

fn=(4832) zmq::pipe_t::process_delimiter()
0 26
cob=(4)
cfi=(175)
cfn=(4796)
calls=2 0 
0 94
0 8
cob=(4)
cfi=(175)
cfn=(4834)
calls=2 0 
0 1456
0 12

fn=(4876) zmq::dist_t::pipe_terminated(zmq::pipe_t*)
0 120

fn=(4902) zmq::pipe_t::~pipe_t()
0 16
cob=(4)
cfi=(175)
cfn=(4904) 0x0000000004891130
calls=4 0 
0 1478
0 12
cob=(4)
cfi=(175)
cfn=(2058)
calls=4 0 
0 380

fn=(4903) zmq::pipe_t::~pipe_t()'2
0 56
cob=(4)
cfi=(175)
cfn=(2174)
calls=4 0 
0 164
0 19
cob=(4)
cfi=(175)
cfn=(2058)
calls=3 0 
0 289
0 18
cob=(4)
cfi=(175)
cfn=(2058)
calls=2 0 
0 198
0 16
cob=(4)
cfi=(175)
cfn=(3026)
calls=4 0 
0 24
0 12
cob=(4)
cfi=(175)
cfn=(3700)
calls=4 0 
0 16

fn=(4946)
0 8
cob=(4)
cfi=(175)
cfn=(4948) 0x0000000004890870
calls=2 0 
0 15147
0 6
cob=(4)
cfi=(175)
cfn=(2058)
calls=2 0 
0 406

fn=(4947) zmq::session_base_t::~session_base_t()'2
0 52
cfn=(4952)
calls=2 0 
0 13158
0 8
cob=(4)
cfi=(175)
cfn=(5016) 0x000000000488fb50
calls=1 0 
0 888
0 2
cob=(4)
cfi=(175)
cfn=(2058)
calls=1 0 
0 91
0 12
cob=(4)
cfi=(175)
cfn=(3688)
calls=2 0 
0 8
0 14
cob=(4)
cfi=(175)
cfn=(3694)
calls=2 0 
0 196

fn=(4966)
0 8
cob=(4)
cfi=(175)
cfn=(4968) 0x00000000048905c0
calls=2 0 
0 10742
0 6
cob=(4)
cfi=(175)
cfn=(2058)
calls=2 0 
0 376

fn=(4967) zmq::zmtp_engine_t::~zmtp_engine_t()'2
0 24
cob=(4)
cfi=(175)
cfn=(2174)
calls=2 0 
0 82
0 14
cob=(4)
cfi=(175)
cfn=(4972) 0x0000000004890f20
calls=2 0 
0 9912

fn=(5042) zmq::ctx_t::destroy_socket(zmq::socket_base_t*)
0 30
cob=(4)
cfi=(175)
cfn=(1514)
calls=2 0 
0 92
0 8
cob=(4)
cfi=(175)
cfn=(1944)
calls=2 0 
0 10
0 58
cob=(4)
cfi=(175)
cfn=(1614)
calls=1 0 
0 39
0 24
cob=(4)
cfi=(175)
cfn=(5118) 0x0000000004890830
calls=1 0 
0 904
0 2
cob=(4)
cfi=(175)
cfn=(1614)
calls=1 0 
0 39
0 2

fn=(5090) zmq::socket_base_t::~socket_base_t()
0 46
cfn=(5092)
calls=2 0 
0 5539
0 14
cob=(4)
cfi=(175)
cfn=(1514)
calls=2 0 
0 92
0 10
cob=(4)
cfi=(175)
cfn=(4820)
calls=2 0 
0 48
0 8
cob=(4)
cfi=(175)
cfn=(1614)
calls=2 0 
0 78
0 8
cob=(4)
cfi=(175)
cfn=(5098)
calls=2 0 
0 28
0 8
cob=(4)
cfi=(175)
cfn=(5104)
calls=2 0 
0 10
0 14
cob=(4)
cfi=(175)
cfn=(2058)
calls=2 0 
0 212
0 8
cob=(4)
cfi=(175)
cfn=(2058)
calls=2 0 
0 212
0 16
cfn=(5116)
calls=2 0 
0 36
0 12
cob=(4)
cfi=(175)
cfn=(2058)
calls=2 0 
0 212
0 4
cob=(4)
cfi=(175)
cfn=(2058)
calls=2 0 
0 182
0 8
cob=(4)
cfi=(175)
cfn=(5098)
calls=2 0 
0 28
0 8
cob=(4)
cfi=(175)
cfn=(5104)
calls=2 0 
0 10
0 18
cob=(4)
cfi=(175)
cfn=(3694)
calls=2 0 
0 196

fn=(5206)
0 10
cob=(4)
cfi=(175)
cfn=(3506)
calls=1 0 
0 62
0 5
cob=(4)
cfi=(175)
cfn=(5152)
calls=1 0 
0 8

fn=(5234) zmq::shutdown_network()
0 2

ob=(2) /usr/lib/x86_64-linux-gnu/libc.so.6
fl=(106) ./string/../sysdeps/x86_64/multiarch/strrchr.c
fn=(340) rindex
28 2
fi=(84) ./string/../sysdeps/x86_64/multiarch/ifunc-avx2.h
+12 6
-2 8
fe=(106)
-10 4
fi=(84)
+13 4
+1 6
+3 4
+4 6
+3 10
fe=(106)

fl=(133) ./string/../sysdeps/x86_64/multiarch/memmove.c
fn=(418) memmove
29 3
fi=(99) ./string/../sysdeps/x86_64/multiarch/ifunc-memmove.h
+28 9
-1 6
+4 9
+14 6
+3 6
+8 6
+8 6
+3 15
fe=(133)

fl=(193) ./wcsmbs/./wcsmbs/wctob.c
fn=(800) wctob
30 1280
+9 384
+6 128
-1 256
+35 1152

fl=(266) ./nptl/./nptl/cancellation.c
fn=(2248) __pthread_enable_asynccancel
31 7516
+1 7516
+1 15032
+4 15032
+2 15032
+3 30064
fi=(267) ./nptl/../nptl/descr.h
439 15032
fe=(266)
45 15032
+11 15032

fn=(2252) __pthread_disable_asynccancel
63 7516
+3 22548
+5 22548
+3 7516
+2 7516
-2 7516
+2 15032
+7 22548

fl=(243) ./string/../sysdeps/x86_64/multiarch/strchr-avx2.S
fn=(1840) __strchrnul_avx2
53 75
+2 75
+1 75
+1 75
+1 75
+1 75
+3 75
+1 75
+4 75
+1 75
+1 75
+1 75
+1 75
+1 75
+1 75
+1 75
+13 75
+2 150

fl=(295) ./misc/../sysdeps/unix/sysv/linux/setvmaname.c
fn=(3170) __set_vma_name
33 77
+2 55
+14 102
-9 4
cob=(4)
cfi=(175)
cfn=(568) 0x0000000004c53720
calls=1 -40 
* 26
* 3
+7 1
+1 1

fl=(311) ./socket/../sysdeps/unix/sysv/linux/send.c
fn=(3726) send
24 1021
+4 1021
-4 1021
+4 1021
-4 7147
+4 2042
cfi=(266)
cfn=(2248)
calls=1021 +3 
* 18378
* 14294
cfi=(266)
cfn=(2252)
calls=1021 +35 
* 15315
* 1021
+4 3063

fl=(310) ./socket/../sysdeps/unix/sysv/linux/recv.c
fn=(3628) recv
24 977
+4 977
-4 977
+4 977
-4 6839
+4 1954
cfi=(266)
cfn=(2248)
calls=977 +3 
* 17586
* 13678
cfi=(266)
cfn=(2252)
calls=977 +35 
* 14655
* 977
+4 2931
-4 45

fl=(181) ./string/../sysdeps/x86_64/multiarch/strrchr-avx2.S
fn=(608) __strrchr_avx2
53 6
+1 6
+1 6
+2 6
+1 6
+4 6
+1 6
+1 6
+3 6
+2 6
+1 6
+1 6
+1 6
+3 5
+1 5
+2 5
+1 5
+1 5
+1 3
+1 3
+9 10
+6 1
+1 1
+1 1
+1 1
+1 1
+26 1
+1 1
+4 2
+24 1
+3 1
+1 1
+1 1
+1 1
+1 1
+1 1

fl=(195) ./elf/./elf/libc-dl-profstub.c
fn=(808) _dl_mcount_wrapper_check
36 128
+1 384
+1 128

fl=(217) ./setjmp/../sysdeps/x86_64/setjmp.S
fn=(1360) __sigsetjmp
31 5
+2 5
+9 5
+1 10
+1 5
+4 5
+1 5
+1 5
+1 5
+1 5
+2 10
+2 5
+1 5
+1 5
+2 10
+2 5
+5 5
+1 5
+17 5
cfi=(218) ./setjmp/./setjmp/sigjmp.c
cfn=(1362) __sigjmp_save
calls=5 -57 
* 65

fl=(247) ./stdio-common/./stdio-common/Xprintf_buffer_done.c
fn=(1850) __printf_buffer_done
25 24
+1 72
+5 48
+2 288
+7 24

fl=(309) ./socket/../sysdeps/unix/sysv/linux/getsockopt.c
fn=(3528) getsockopt
93 2
-64 4
+73 1

fl=(316) ./nptl/./nptl/nptl_deallocate_tsd.c
fn=(4510) __nptl_deallocate_tsd
23 4
+5 16
+82 4

fl=(197) ./wctype/./wctype/wctype_l.c
fn=(822) wctype_l
26 80
+7 10
-7 30
+3 10
cob=(4)
cfi=(175)
cfn=(824) 0x0000000004c53500
calls=10 -29 
* 160
* 10
+3 30
+1 10
+7 48
+1 96
-8 48
+2 96
cob=(4)
cfi=(175)
cfn=(824)
calls=48 -35 
* 768
* 20
cob=(4)
cfi=(175)
cfn=(824)
calls=10 -35 
* 160
* 58
+2 312
cob=(4)
cfi=(175)
cfn=(828) 0x0000000004c53580
calls=49 -37 
* 1146
* 98
+8 20
+1 10
+1 80

fl=(319) ./resolv/./resolv/res-close.c
fn=(4516) __res_thread_freeres
131 28
+1 4
cfi=(320) ./resolv/./resolv/resolv_context.c
cfn=(4518) __resolv_context_freeres
calls=4 242 
* 88
+2 20
+8 24

fl=(347) ./nptl/./nptl/pthread_mutexattr_destroy.c
fn=(5108) pthread_mutexattr_destroy@@GLIBC_2.34
23 12
+2 24

fl=(92) ./debug/../sysdeps/x86_64/multiarch/mempcpy_chk.c
fn=(308) __mempcpy_chk
29 1
fi=(93) ./debug/../sysdeps/x86_64/multiarch/ifunc-memmove.h
+28 3
-1 2
+4 3
+14 2
+3 2
+8 2
+8 2
+3 5
fe=(92)

fl=(221) ./stdlib/../stdlib/strtol_l.c
fn=(1376) ____strtoul_l_internal
238 45
+54 9
-54 9
+19 9
-19 36
+14 9
-14 27
+26 18
+31 36
+9 54
+2 18
+5 18
-1 9
+6 18
+4 18
+15 10
+10 20
-87 5
390 15
+1 15
+4 5
+56 25
+26 5
+1 5
-84 5
-1 5
+96 10
-12 4
+1 4
-84 4
-1 4
+96 8
-5 28
+5 14
+1 42
-41 28
+2 56
+2 60
+7 12
+17 12
+4 42
+3 28
+11 18
+5 27
+1 9
+12 18
+11 45
+22 81
342 2
-20 28
+5 8
+63 4
+1 8
-1 4
+1 12
+4 8
-63 20

fn=(3354) ____strtol_l_internal
238 15
+54 3
-54 3
+19 3
-19 12
+14 3
-14 9
+26 6
+31 12
+9 18
+2 6
+5 6
-1 3
+6 6
+4 6
+15 6
+10 12
-87 6
395 3
+56 15
+26 3
+1 3
-84 3
-1 3
+96 6
-5 14
+5 7
+1 21
-41 14
+2 28
+2 21
+28 21
+3 14
+11 6
+5 9
+1 2
+5 6
+3 3
+15 3
-15 6
-2 6
+39 24
342 6

fl=(274) ./inet/../sysdeps/unix/sysv/linux/netlink_assert_response.c
fn=(2508) __netlink_assert_response
44 60
+1 15
+44 10
+16 50

fl=(321) ./string/../sysdeps/unix/sysv/linux/tls-internal.c
fn=(4520) __glibc_tls_internal_free
24 20
+1 4
+1 8
cob=(4)
cfi=(175)
cfn=(2516) 0x0000000004c533e0
calls=4 -26 
* 24
+1 4
+1 8
-1 4
cob=(4)
cfi=(175)
cfn=(2516)
calls=4 -27 
* 24

fl=(332) ./stdlib/../sysdeps/x86_64/lshift.S
fn=(4630) __mpn_lshift
28 5
+1 5
+1 5
+2 5
+1 5
+1 5
+12 5
+1 5
+1 5
+1 5
+1 5
+1 5
+1 5
+6 5
+1 5
+1 5

fl=(335) ./stdlib/./stdlib/mul.c
fn=(4636) __mpn_mul
48 136
+6 16
+12 16
+76 88
-71 8
+1 16
+69 8
-60 16
cfi=(336) ./stdlib/../sysdeps/x86_64/mul_1.S
cfn=(4638) __mpn_mul_1
calls=8 -50 
* 264
* 16
+2 8
+1 8
+4 16

fl=(219) ./csu/./csu/errno-loc.c
fn=(1370) __errno_location
25 10221
+1 20442
+1 10221

fl=(232) ./posix/../sysdeps/unix/sysv/linux/x86/sysconf.c
fn=(1550) sysconf
32 12
+1 3
fi=(233) ./posix/../sysdeps/unix/sysv/linux/x86/../sysconf.c
+16 10
fe=(232)
-12 10
fi=(234) ./posix/../sysdeps/posix/sysconf.c
+23 12
221 1
cfi=(235) ./misc/../sysdeps/unix/sysv/linux/getpagesize.c
cfn=(1556) getpagesize
calls=1 27 
* 6
* 2
60 2
fe=(232)

fl=(259) ./misc/../sysdeps/unix/sysv/linux/clone-internal.c
fn=(1900) __clone_internal
97 48
+2 8
-19 12
+2 4
cfi=(260) ./misc/../sysdeps/unix/sysv/linux/x86_64/clone3.S
cfn=(1902) clone3
calls=1 -40 
* 16
+1 4
+3 1
+20 1
-42 1
-11 1
+11 1
-2 1
-9 1
+11 2
-2 1
+2 4
cfi=(261) ./misc/../sysdeps/unix/sysv/linux/x86_64/clone.S
cfn=(1904) clone
calls=1 -12 
* 19
+42 3
-42 3
-11 3
+11 3
-2 3
-9 3
+11 6
-2 3
+2 12
cfi=(261)
cfn=(1904)
calls=3 -12 
* 57
+45 8
+1 32

fl=(302) ./nptl/./nptl/pthread_setschedparam.c
fn=(3216) pthread_setschedparam
28 22
+4 14
+7 10
+7 8
+9 6
cfi=(229) ./posix/../sysdeps/unix/syscall-template.S
cfn=(3218) sched_setscheduler
calls=2 +65 
* 12
* 4
+7 2
fi=(225) ./nptl/../string/bits/string_fortified.h
-33 2
fe=(302)
+35 2
fi=(225)
-35 2
fe=(302)
+7 2
+31 8
+3 22

fl=(107) ./wcsmbs/../sysdeps/x86_64/multiarch/wcscmp.c
fn=(344) wcscmp
30 1
fi=(101) ./wcsmbs/../sysdeps/x86_64/multiarch/ifunc-avx2.h
+10 3
-2 4
fe=(107)
-8 2
fi=(101)
+11 2
+1 3
+3 2
+4 3
+3 5
fe=(107)

fl=(176) ./nptl/../sysdeps/unix/sysv/linux/x86/elision-conf.c
fn=(570) __lll_elision_init
92 2
+4 1
-4 2
+4 2
-4 1
+4 1
-4 3
+4 1
cob=(4)
cfi=(175)
cfn=(568)
calls=1 -96 
* 26
+2 4
cob=(4)
cfi=(175)
cfn=(568)
calls=1 -98 
* 26
+2 4
cob=(4)
cfi=(175)
cfn=(568)
calls=1 0 
* 26
+2 4
cob=(4)
cfi=(175)
cfn=(568)
calls=1 0 
* 26
+2 4
cob=(4)
cfi=(175)
cfn=(568)
calls=1 0 
* 26
+3 3
+1 1
+1 6

fl=(125) ./string/../sysdeps/x86_64/multiarch/strcpy.c
fn=(386) strcpy
29 1
fi=(118) ./string/../sysdeps/x86_64/multiarch/ifunc-strcpy.h
+9 2
+1 1
-1 2
+1 2
+3 2
+4 3
+3 3
fe=(125)
-20 1

fl=(205) ./malloc/./malloc/arena.c
fn=(4524) __malloc_arena_thread_freeres
893 36
fi=(204) ./malloc/./malloc/malloc.c
3213 4
+2 4
-2 4
+2 4
+2 8
+4 12
+4 4
+2 791
+3 164
+3 82
3371 82
+2 82
3233 246
3375 82
-4 82
+4 164
+26 82
3227 246
-2 768
+13 8
cfn=(2068) free
calls=4 3359 
* 730
* 4
fe=(205)
899 8
+1 4
+2 8
+2 16
+3 12
+1 12
+2 4
+1 4
-1 4
+3 16
+2 32
fi=(204)
3392 164
fe=(205)
153 246
-98 34
+92 204
+6 34
fi=(204)
3398 68
cfn=(2072) _int_free
calls=34 4495 
* 3279
* 96
cfn=(2072)
calls=48 4495 
* 4088
* 82
3231 82
+17 246
fe=(205)

fn=(1148) ptmalloc_init.part.0
262 1
fi=(206) ./malloc/../sysdeps/unix/sysv/linux/not-cancel.h
97 3
fe=(205)
262 7
+5 1
fi=(206)
97 3
fi=(204)
3143 2
fe=(205)
292 2
+4 3
fi=(204)
1946 4
+3 1
-3 1
+3 2
-3 2
+3 126
-3 126
+3 252
-3 252
+11 1
fe=(205)
300 3
fi=(204)
1958 1
+2 1
fe=(205)
300 1
cob=(4)
cfi=(175)
cfn=(568)
calls=1 0 
* 25
+1 4
cob=(4)
cfi=(175)
cfn=(568)
calls=1 0 
* 26
+1 4
cob=(4)
cfi=(175)
cfn=(568)
calls=1 0 
* 25
+1 4
cob=(4)
cfi=(175)
cfn=(568)
calls=1 0 
* 25
+1 4
cob=(4)
cfi=(175)
cfn=(568)
calls=1 0 
* 26
+1 4
cob=(4)
cfi=(175)
cfn=(568)
calls=1 0 
* 25
+1 4
cob=(4)
cfi=(175)
cfn=(568)
calls=1 0 
* 25
+2 4
cob=(4)
cfi=(175)
cfn=(568)
calls=1 0 
* 25
+1 4
cob=(4)
cfi=(175)
cfn=(568)
calls=1 0 
* 25
+1 4
cob=(4)
cfi=(175)
cfn=(568)
calls=1 0 
* 25
+3 4
cob=(4)
cfi=(175)
cfn=(568)
calls=1 0 
* 25
+1 4
cob=(4)
cfi=(175)
cfn=(568)
calls=1 0 
* 25
+2 2
+10 8

fn=(3288) arena_get2.part.0
818 20
+10 2
+4 2
-4 4
+2 6
+23 6
+12 18
-33 4
+23 14
463 2
638 4
463 4
+7 14
cfn=(3290) alloc_new_heap
calls=2 -90 
* 300
* 2
640 4
+9 6
fi=(204)
1946 4
+3 2
-3 2
+3 4
-3 4
+3 252
-3 252
+3 504
-3 504
+7 6
+2 2
+3 2
fe=(205)
657 2
-1 2
-5 2
+2 6
+5 4
+1 4
+2 2
-1 2
+1 6
+2 2
+1 2
+4 2
-4 2
+1 2
+3 2
-2 2
+2 4
+3 4
+7 2
-2 2
+2 6
+2 8
-61 4
+63 8
+12 8
857 4

fn=(3290)
380 18
49 6
387 6
+2 4
+1 2
+5 4
+7 2
+2 2
-9 2
+9 2
-9 8
+7 4
+39 8
cfi=(226) ./misc/../sysdeps/unix/syscall-template.S
cfn=(1882) mprotect
calls=2 117 
* 12
* 4
+7 8
cfi=(295)
cfn=(3170)
calls=2 33 
* 42
fi=(204)
2008 8
fe=(205)
453 2
+2 2
-2 2
+3 2
+2 18
-44 14
cfi=(255) ./misc/../sysdeps/unix/sysv/linux/mmap64.c
cfn=(1880) mmap
calls=2 47 
* 52
* 2
+1 4
+2 2
+1 10
+5 2
-3 6
+3 1
+1 4
cfi=(226)
cfn=(3292) munmap
calls=1 117 
* 6
* 4
cfi=(226)
cfn=(3292)
calls=1 117 
* 6
* 2
49 2
+6 4
421 3
cfi=(226)
cfn=(3292)
calls=1 117 
* 6
* 2

fn=(3286) get_free_list
703 24
+1 4
+2 4
-2 4
+2 4
+2 8
+1 2
+1 4
+2 2
+3 2
-3 2
+3 2
+1 2
-97 4
724 2
+1 8
+1 2
+5 14
-26 2
+26 14
-11 6

fl=(287) ./libio/./libio/iovsprintf.c
fn=(2710) __vsprintf_internal
37 98
+8 14
+2 7
+5 14
+10 7
fi=(357) ./libio/../include/printf_buffer.h
+64 7
fe=(287)
-64 7
fi=(357)
+65 7
+1 7
-4 7
fe=(287)
-62 7
cfi=(242) ./stdio-common/./stdio-common/vfprintf-internal.c
cfn=(1836) __printf_buffer
calls=7 600 
* 9408
+4 21
+2 7
+2 14
cfi=(247)
cfn=(1850)
calls=7 -45 
* 133
+1 42

fl=(172) ./resource/../sysdeps/unix/sysv/linux/getrlimit64.c
fn=(562) getrlimit
38 2
+1 7
+1 1

fl=(242)
fn=(1836)
600 288
fi=(358) ./stdio-common/./stdio-common/printf-parse.h
82 24
fe=(242)
600 48
fi=(358)
82 24
fe=(242)
600 24
+27 72
+11 24
-11 24
+11 24
-11 24
+11 48
fi=(358)
82 24
cob=(4)
cfi=(175)
cfn=(1838) 0x0000000004c53590
calls=24 -82 
* 504
fe=(242)
653 48
+1 24
fi=(358)
82 48
fe=(242)
654 24
-1 24
cfi=(244) ./stdio-common/./stdio-common/Xprintf_buffer_write.c
cfn=(1842) __printf_buffer_write
calls=24 27 
* 623
+2 72
+4 48
+4 192
-32 24
973 24
642 24
973 48
634 24
+71 204
1044 264
705 102
-13 51
+7 51
+6 102
-14 51
-4 51
+18 51
-10 51
+10 51
-7 51
-4 51
+11 102
-19 51
-1 51
+20 51
-12 51
-9 51
-1 51
+22 51
-15 102
891 10
+82 10
+3 170
+20 55
+1 5
263 5
+1 5
997 5
744 5
264 10
744 5
263 10
1024 51
fi=(358)
82 51
fe=(242)
1018 51
fi=(358)
82 102
cob=(4)
cfi=(175)
cfn=(1838)
calls=51 -82 
* 1071
fe=(242)
1028 102
+1 51
fi=(358)
82 51
fe=(242)
1029 51
-1 51
cfi=(244)
cfn=(1842)
calls=51 27 
* 1818
+3 183
fi=(245) ./stdio-common/./stdio-common/vfprintf-process-arg.c
501 32
cfi=(244)
cfn=(1842)
calls=8 27 
* 298
+1 8
-11 8
-88 34
+19 4
-14 4
-5 6
+19 12
-14 12
+47 24
+6 12
fi=(246) ./stdio-common/../include/printf_buffer.h
163 8
fe=(242)
709 5
814 5
-1 5
+1 10
+41 65
fi=(245)
422 32
+8 16
fe=(242)
784 33
fi=(245)
126 66
+75 33
92 33
+1 33
+1 33
201 66
-65 76
+19 494
cfi=(264) ./stdio-common/./stdio-common/_itoa.c
cfn=(1950) _itoa_word
calls=38 +14 
* 1706
+11 76
-11 76
+11 152
-5 304
+25 160
+1 15
+14 30
-4 45
+4 46
-4 69
+2 114
+2 76
+7 38
-2 76
+2 114
+3 76
+13 76
fi=(246)
-61 76
fi=(245)
+70 76
+3 76
128 66
+8 38
+2 76
fe=(242)
883 33
fi=(245)
66 33
+1 38
-18 5
-1 10
201 15
58 10
-23 5
+22 10
161 38
+9 76
+17 38
+8 38
-8 38
+12 38
-12 38
+8 152
-8 138
+53 152
cfi=(244)
cfn=(1842)
calls=38 27 
* 2133
* 38
130 66
+1 208
fe=(242)
266 5
cfi=(329) ./stdio-common/./stdio-common/printf_fp.c
cfn=(4622) __printf_fp_l_buffer
calls=5 1099 
* 8632
1001 5
fi=(246)
163 76
fi=(245)
403 24
50 10
+2 10
+1 40
fe=(242)
819 5
-1 5
+1 15
+15 35
+3 10
+18 5
-37 5
+19 20
fi=(245)
435 16
cob=(4)
cfi=(175)
cfn=(824)
calls=8 0 
* 128
* 16
131 56
fe=(242)

fl=(263) ./nptl/./nptl/pthread_attr_destroy.c
fn=(1908) pthread_attr_destroy
26 4
+10 12
+8 8

fl=(272) ./socket/../sysdeps/unix/sysv/linux/sendto.c
fn=(2504) sendto
25 2
+2 2
-2 2
+2 2
-2 18
+2 4
cfi=(266)
cfn=(2248)
calls=2 +4 
* 36
* 28
cfi=(266)
cfn=(2252)
calls=2 +36 
* 30
* 2
+6 6

fl=(170) ./elf/./elf/libc_early_init.c
fn=(558) __libc_early_init
33 9
+2 1
cfi=(171) ./ctype/./ctype/ctype-info.c
cfn=(560) __ctype_init
calls=1 -6 
* 17
+3 1
fi=(173) ./elf/../sysdeps/nptl/pthread_early_init.h
-5 2
fe=(170)
+8 1
-3 1
+3 1
fi=(173)
-8 1
cfi=(172)
cfn=(562)
calls=1 +5 
* 10
* 3
+1 1
+4 5
+7 1
fi=(359) ./elf/../nptl/nptl-stack.h
+16 3
fi=(173)
-16 1
fi=(359)
+16 2
fi=(173)
-7 1
fi=(359)
+7 3
fi=(173)
-9 1
-6 1
+2 2
+4 4
+1 1
+3 1
cfi=(174) ./nptl/./nptl/pthread_mutex_conf.c
cfn=(566) __pthread_tunables_init
calls=1 -1 
* 104
fe=(170)
-9 3
+2 2
-2 1
cfi=(176)
cfn=(570)
calls=1 +45 
* 169

fl=(179) ./csu/./csu/init-first.c
fn=(602) _init_first
46 6
+5 2
+4 5
+8 1
-2 1
+10 1
-9 1
+1 1
+9 3
-1 1
cfi=(180) ./misc/./misc/init-misc.c
cfn=(604) __init_misc
calls=1 -41 
* 57

fl=(200) ./stdlib/./stdlib/cxa_atexit.c
fn=(1084) __cxa_atexit
67 105
-26 30
+2 120
+1 30
cfn=(1086) __new_exitfn
calls=15 +36 
* 551
+2 30
+8 15
-2 15
+3 15
+1 15
-4 30
+1 15
+4 60
+1 15
+11 90

fn=(1086)
80 15
+6 30
-6 60
+11 30
-10 15
+10 60
+2 30
+1 70
-1 30
-2 1
+10 1
-10 3
+13 28
+25 14
+1 28
-1 28
+7 14
+5 42
-4 14
+4 28
-5 1
+5 3
-4 1
+4 2
-18 1
-1 1
+12 1

fl=(241) ./libio/./libio/vsnprintf.c
fn=(4620) vsnprintf
102 15
fi=(357)
+22 5
fe=(241)
-22 5
fi=(357)
+22 5
fe=(241)
-22 35
fi=(357)
+35 5
-13 5
+13 5
-10 5
+1 5
fe=(241)
-65 10
+3 5
+30 20
cfi=(242)
cfn=(1836)
calls=5 600 
* 10052
-21 15
+1 5
+11 10
cfi=(247)
cfn=(1850)
calls=5 -62 
* 95
+17 30

fn=(1834) __vsnprintf_internal
93 60
fi=(357)
+31 12
fe=(241)
-31 24
fi=(357)
+31 12
fe=(241)
-31 72
fi=(357)
+44 12
-13 12
+13 12
-10 12
+1 12
fe=(241)
-65 24
+3 12
+30 36
cfi=(242)
cfn=(1836)
calls=12 600 
* 6151
-21 36
+1 12
+11 24
cfi=(247)
cfn=(1850)
calls=12 -62 
* 228
+11 72

fl=(270) ./socket/../sysdeps/unix/syscall-template.S
fn=(2496) getsockname
120 25
+2 5

fn=(2668) listen
120 5
+2 1

fn=(2492) socket
120 15
+2 3

fn=(2494) bind
120 10
+2 2

fn=(3456) getpeername
120 15
+2 3

fl=(278) ./nss/./nss/getaddrinfo.c
fn=(2570) getaddrinfo
2297 32
+3 2
+4 8
+3 4
+6 4
+3 6
+6 4
+3 6
+1 10
+3 2
+1 2
+1 2
+1 2
+3 4
+30 4
fi=(279) ./nss/../include/scratch_buffer.h
77 2
fe=(278)
1134 4
fi=(279)
78 2
-1 4
fe=(278)
1134 42
419 2
-25 4
+5 6
-3 4
+3 4
+1 6
+14 6
2613 24
423 2
+2 2
-2 2
+2 4
-1 2
+2 2
+1 2
1147 2
+3 2
+2 2
-5 2
+3 4
1035 2
1147 2
+1 10
+4 2
+6 6
-15 2
876 2
1158 4
881 2
fi=(360) ./nss/../string/bits/string_fortified.h
59 4
fe=(278)
882 4
cfi=(280) ./resolv/./resolv/inet_addr.c
cfn=(2574) __inet_aton_exact
calls=2 183 
* 1344
* 4
+2 6
+1 2
+15 4
2387 6
1062 4
+1 4
+61 2
-64 6
1202 4
166 4
+2 2
2386 2
168 2
cob=(4)
cfi=(175)
cfn=(2516)
calls=2 0 
* 12
+1 4
cob=(4)
cfi=(175)
cfn=(2516)
calls=2 0 
* 12
fi=(279)
-84 8
fe=(278)
2394 4
-95 2
+87 2
+16 6
+2 2
+1 2
-3 4
+6 4
1085 2
-7 4
+7 2
-7 4
+3 4
cob=(4)
cfi=(175)
cfn=(2500) 0x0000000004c533f0
calls=2 0 
* 662
* 2
+1 4
+3 2
+5 2
+18 2
-30 2
+7 2
+14 2
+22 2
-36 4
+23 2
-19 2
-11 2
+7 4
+18 2
-18 4
+5 4
+4 2
-4 2
fi=(360)
29 2
+30 2
-30 2
fe=(278)
1078 4
2604 4
cfi=(282) ./inet/../sysdeps/unix/sysv/linux/check_pf.c
cfn=(2582) __free_in6ai
calls=2 374 
* 8
+4 4
+1 2
1170 6

fn=(2588) freeaddrinfo
2620 2
+3 4
-3 12
+6 4
+1 4
cob=(4)
cfi=(175)
cfn=(2516)
calls=2 0 
* 12
+1 4
cob=(4)
cfi=(175)
cfn=(2516)
calls=2 0 
* 182
-5 4
+7 8

fl=(86) ./string/../sysdeps/x86_64/multiarch/strcmp.c
fn=(294) strcmp
79 3
-31 6
+1 3
-2 12
+2 6
+3 6
+4 9
+3 9
+20 3

fl=(116) ./wcsmbs/../sysdeps/x86_64/multiarch/wcscpy.c
fn=(364) wcscpy
60 1
-17 2
-1 4
+2 3
+2 2
+4 3
+10 1

fl=(136) ./string/../sysdeps/x86_64/multiarch/strspn.c
fn=(426) strspn
29 1
fi=(361) ./string/../sysdeps/x86_64/multiarch/ifunc-sse4_2.h
+7 5
fe=(136)
-7 1

fl=(297) ./signal/./signal/sigfillset.c
fn=(3180) sigfillset
26 2
+1 4
fi=(298) ./signal/../sysdeps/unix/sysv/linux/sigsetops.h
+85 4
fe=(297)
-77 2
+1 2

fl=(299) ./nptl/./nptl/pthread_sigmask.c
fn=(3188) pthread_sigmask@@GLIBC_2.32
25 14
+5 4
+2 2
fi=(362) ./nptl/../sysdeps/unix/sysv/linux/sigsetops.h
+64 2
fe=(299)
-64 4
+8 10
+5 10
+1 10

fl=(300) ./nptl/./nptl/pthread_self.c
fn=(3200) pthread_self
23 4
+2 8

fl=(304) ./misc/../sysdeps/unix/sysv/linux/prctl.c
fn=(3232) prctl
30 22
+2 2
+2 2
-2 4
+1 2
+1 2
+4 2
-6 2
+6 10
+1 10

fl=(352) ./posix/./posix/register-atfork.c
fn=(5258) __unregister_atfork
82 12
+1 12
-1 24
+1 12
fi=(353) ./posix/../malloc/dynarray-skeleton.c
243 6
fe=(352)
71 12
+38 24
+1 18

fl=(182) ./libio/./libio/vtables.c
fn=(610) check_stdfiles_vtables
545 1
+1 4
+1 3
+1 3
+2 1

fl=(253) ./nptl/./nptl/allocatestack.c
fn=(3166) name_stack_maps
587 48
+2 8
+4 8
-4 32
+4 8
+2 16
+5 4
+1 4
-2 4
+2 8
-1 4
+3 12
cfi=(294) ./stdio-common/./stdio-common/snprintf.c
cfn=(3168) snprintf
calls=4 26 
* 2256
* 16
cfi=(295)
cfn=(3170)
calls=4 33 
* 122
+2 36
-2 12
-7 12
+9 4
-9 12
+9 16
-9 4
cfi=(295)
cfn=(3170)
calls=4 33 
* 84

fl=(265) ./io/../sysdeps/unix/sysv/linux/poll.c
fn=(2246) poll
27 3190
+2 6380
-2 19140
+2 3190
cfi=(266)
cfn=(2248)
calls=3190 +2 
* 57420
* 35090
cfi=(266)
cfn=(2252)
calls=3190 +34 
* 47850
* 3190
+14 6380

fl=(320)
fn=(4518)
242 36
+2 8
+1 4
+1 8
+6 32

fl=(127) ./string/../sysdeps/x86_64/multiarch/strlen.c
fn=(398) strlen
29 4
fi=(84)
+11 12
-2 16
fe=(127)
-9 8
fi=(84)
+12 8
+1 12
+3 8
+4 12
+3 20
fe=(127)

fl=(180)
fn=(604)
30 1
+1 2
-1 4
+1 4
+2 3
cob=(4)
cfi=(175)
cfn=(606) 0x0000000004c53660
calls=1 -33 
* 31
+4 5
+1 3
+2 4

fl=(94) ./debug/../sysdeps/x86_64/multiarch/memcpy_chk.c
fn=(312) __memcpy_chk
29 2
fi=(93)
+28 6
-1 4
+4 6
+14 4
+3 4
+8 4
+8 4
+3 10
fe=(94)

fl=(329)
fn=(4646) hack_digit
88 104
+3 26
-3 26
+3 52
+2 26
+2 52
-2 52
+8 48
+21 54
cfi=(336)
cfn=(4638)
calls=18 -91 
* 378
+1 36
+1 85
+4 90
-23 144
cfi=(340) ./stdlib/./stdlib/divrem.c
cfn=(4648) __mpn_divrem
calls=24 -59 
* 1098
+2 24
-2 24
+2 72
+3 24
-2 24
+2 24
+1 96
+1 12
-1 54
+11 18
-4 36
-23 2
+1 6
-1 2
+1 2
cfi=(336)
cfn=(4638)
calls=2 -65 
* 42
+31 2
-31 2
+32 10
-10 6
-1 6
+11 30

fn=(4626) __printf_fp_buffer_1.isra.0
138 90
+21 5
+18 5
+10 5
-28 35
+62 10
1030 55
226 15
+4 35
+36 5
+5 5
-49 5
+44 20
+1 5
+1 10
+3 65
+1 5
-1 5
+1 15
-1 5
+1 10
-1 5
+1 40
+1 5
-1 10
+1 65
+6 5
-6 10
+7 10
+17 4
+4 16
-4 8
+16 8
+11 4
-41 4
+10 4
+31 4
-30 28
+33 12
+41 4
+1 4
-1 4
+1 12
fi=(334) ./stdio-common/../string/bits/string_fortified.h
29 4
cob=(4)
cfi=(175)
cfn=(1848) 0x0000000004c536b0
calls=4 -29 
* 52
fe=(329)
385 40
+18 8
-9 8
+2 16
-2 40
+2 80
-74 96
-4 48
+4 196
-4 4
+4 16
+15 12
-13 24
+53 8
-2 48
cfi=(335)
cfn=(4636)
calls=8 48 
* 616
+5 16
+1 16
fi=(334)
29 8
fe=(329)
388 8
fi=(334)
29 4
cob=(4)
cfi=(175)
cfn=(1848)
calls=4 -29 
* 52
fe=(329)
389 12
+1 12
+1 4
+3 4
-4 4
-1 4
+1 4
+1 12
+5 8
+1 8
+6 8
+4 4
+4 4
-4 4
+4 12
-4 55
+6 2
665 5
+9 5
-9 5
+9 5
+6 5
-15 5
+9 10
+6 5
-6 10
+2 10
+10 10
+52 10
+8 10
fi=(339) ./stdio-common/../sysdeps/pthread/allocalim.h
27 5
fe=(329)
746 5
fi=(339)
27 5
cfi=(338) ./nptl/./nptl/alloca_cutoff.c
cfn=(4642) __libc_alloca_cutoff
calls=5 * 
* 55
+2 10
fe=(329)
759 70
fi=(339)
29 5
fe=(329)
759 15
+4 5
-3 10
+3 10
+3 15
+7 30
+2 10
-4 5
+4 5
+14 10
-2 5
+1 25
+1 5
+1 10
-1 10
+1 30
91 10
792 10
+2 10
91 20
+2 10
+2 20
-2 20
+8 16
+4 48
cfi=(340)
cfn=(4648)
calls=8 -59 
* 316
+2 8
+4 8
-6 8
+2 24
+1 8
+2 16
+1 16
+1 12
-1 22
+7 2
+4 6
cfi=(336)
cfn=(4638)
calls=2 -91 
* 42
+1 4
+1 10
793 2
+1 4
-1 8
+1 16
+1 20
230 30
cfi=(331) ./stdlib/../sysdeps/ieee754/dbl-64/dbl2mpn.c
cfn=(4628) __mpn_extract_double
calls=5 33 
* 110
* 20
+4 5
382 24
796 18
95 2
+1 6
-1 4
+1 2
cfi=(336)
cfn=(4638)
calls=2 -65 
* 42
* 2
+31 6
805 25
+1 15
cfn=(4646)
calls=5 88 
* 409
+2 10
-2 5
+2 25
+2 9
fi=(341) ./stdio-common/../sysdeps/generic/get-rounding-mode.h
94 5
+1 35
fe=(329)
935 4
-11 12
+7 8
+4 10
+45 25
+3 10
+8 10
-4 5
+4 5
+5 10
-9 20
+9 20
fi=(246)
163 15
fe=(329)
999 20
+2 15
+5 10
fi=(246)
163 15
fe=(329)
1009 15
+13 20
cfi=(244)
cfn=(1842)
calls=5 27 
* 267
+2 15
+4 15
117 6
+1 12
483 2
655 3
+4 2
cfi=(332)
cfn=(4630)
calls=1 28 
* 16
* 1
+1 5
+1 2
385 36
cfi=(333) ./stdlib/./stdlib/cmp.c
cfn=(4632) __mpn_cmp
calls=12 31 
* 144
* 24
+3 8
fi=(342) ./stdio-common/../include/rounding-mode.h
52 12
fe=(329)
835 1
-5 2
+5 4
+5 3
+2 2
+2 2
+80 3
-69 2
+80 1
-11 3
766 15
-78 10
+1 10
+3 15
+2 5
+2 10
+42 10
994 20
+2 10
308 4
-2 4
+2 4
-3 4
+3 16
-3 8
cfi=(332)
cfn=(4630)
calls=4 28 
* 64
+4 8
-4 4
+4 28
+1 8
+1 30
766 15
+3 10
cfn=(4646)
calls=5 88 
* 531
* 32
cfn=(4646)
calls=16 88 
* 1849
* 21
-3 68
+44 9
407 3
+6 6
1003 10
439 2
+3 23
+16 3
+2 1
-2 1
cfi=(337) ./stdlib/../sysdeps/x86_64/rshift.S
cfn=(4640) __mpn_rshift
calls=1 28 
* 18
+3 2
-1 1
+1 1
-1 1
+1 3
cfi=(337)
cfn=(4640)
calls=1 28 
* 18
+2 6
+14 8
-4 3
-21 6
+19 3
-1 9
+1 3
-1 9
cfi=(337)
cfn=(4640)
calls=3 28 
* 54
+4 9
-1 3
+1 9
cfi=(337)
cfn=(4640)
calls=3 28 
* 54
+3 3
+1 15
-48 3
+4 3
-5 3
+5 18
694 40
834 2

fn=(4622)
1099 60
+3 5
-3 35
+3 10
+13 10
+2 5
-2 5
cob=(4)
cfi=(175)
cfn=(824)
calls=5 0 
* 80
* 10
+1 25
+31 55
-30 10
fi=(330) ./stdio-common/../include/../locale/localeinfo.h
331 10
fe=(329)
1111 5
fi=(330)
331 5
fe=(329)
1112 10
+10 35
cfn=(4626)
calls=5 138 
* 8252
+4 5

fl=(194) ./wcsmbs/./wcsmbs/btowc.c
fn=(806) btowc
32 512
+5 256
-5 2048
+5 1536
+5 512
+4 384
fi=(363) ./wcsmbs/./wcsmbsload.h
+23 128
+1 384
fe=(194)
-23 128
+1 128
-1 128
+1 128
+4 512
+3 256
cfi=(195)
cfn=(808)
calls=128 -19 
* 640
* 512
+39 128
-39 256
+39 512
-39 128
cfi=(196) ./iconv/./iconv/gconv_simple.c
cfn=(810) __gconv_btwoc_ascii
calls=128 -6 
* 768
+39 1152

fl=(275) ./malloc/./malloc/scratch_buffer_set_array_size.c
fn=(2520) __libc_scratch_buffer_set_array_size
30 13
+4 1
+1 2
+10 2
+1 1
+17 6

fl=(100) ./wcsmbs/../sysdeps/x86_64/multiarch/wcscat.c
fn=(328) wcschr
31 2
fi=(101)
+9 6
-2 8
fi=(102) ./wcsmbs/../sysdeps/x86_64/multiarch/wcschr.c
-7 4
fi=(101)
+10 4
+1 6
+3 4
+4 6
+3 10
fe=(100)

fn=(394) wcscat
31 1
fi=(97) ./wcsmbs/../sysdeps/x86_64/multiarch/ifunc-wcs.h
+9 3
-1 4
+2 3
+3 2
+4 4
fe=(100)
-17 1

fl=(108) ./string/../sysdeps/x86_64/multiarch/stpncpy.c
fn=(348) stpncpy
31 1
fi=(109) ./string/../sysdeps/x86_64/multiarch/ifunc-strncpy.h
+4 5
+1 3
+3 2
+4 3
+3 4
fe=(108)
-15 1

fl=(273) ./socket/../sysdeps/unix/sysv/linux/recvmsg.c
fn=(2506) recvmsg
35 25
-8 10
+22 15
-22 5
cfi=(266)
cfn=(2248)
calls=5 +4 
* 90
* 40
+14 5
-14 10
cfi=(266)
cfn=(2252)
calls=5 +36 
* 75
+22 20

fl=(222) ./nptl/./nptl/pthread_mutexattr_init.c
fn=(1422) pthread_mutexattr_init@@GLIBC_2.34
24 12
+11 12
+3 24

fl=(235)
fn=(1556)
27 9
+1 36
+2 9

fl=(305) ./misc/../sysdeps/unix/sysv/linux/epoll_wait.c
fn=(3248) epoll_wait
28 1276
+2 1276
-2 1276
+2 1276
-2 7656
+2 2552
cfi=(266)
cfn=(2248)
calls=1276 +1 
* 22968
* 15312
cfi=(266)
cfn=(2252)
calls=1276 +33 
* 19140
* 1276
+4 2552

fl=(117) ./string/../sysdeps/x86_64/multiarch/strcat.c
fn=(366) strcat
29 1
fi=(118)
+9 2
+1 1
-1 2
+1 2
+3 2
+4 3
+3 3
fe=(117)
-20 1

fl=(333)
fn=(4632)
31 12
+4 24
+2 12
+1 12
+1 24
+8 60

fl=(139) ./string/../sysdeps/x86_64/multiarch/strncase.c
fn=(436) strncasecmp
31 1
fi=(114) ./string/../sysdeps/x86_64/multiarch/ifunc-strcasecmp.h
+6 2
-1 4
fe=(139)
-5 2
fi=(114)
+7 3
+3 2
+4 3
+3 4
fe=(139)

fl=(227) ./io/../sysdeps/unix/sysv/linux/fcntl64.c
fn=(1486) fcntl
38 208
+4 130
+6 104
+3 26
cfi=(228) ./io/../sysdeps/unix/sysv/linux/fcntl_nocancel.c
cfn=(1488) __fcntl64_nocancel_adjusted
calls=26 * 
* 468
+1 130

fl=(230) ./nptl/./nptl/pthread_mutex_lock.c
fn=(1518) pthread_mutex_lock@@GLIBC_2.2.5
77 825
+3 2475
+2 825
+2 1650
-7 3300
+11 1650
+2 3
-46 1
+1 4
+49 3
+85 825
+3 825
+2 825
+3 825
-63 825
+66 2475
45 3
+1 2
+51 1648
+11 3296
+4 824
+3 1648
-71 824
+1 3305
+1 3
+84 2472
+1 1648
-83 3284

fl=(244)
fn=(1842)
27 126
+1 378
-1 882
+4 402
+2 150
+3 75
fi=(334)
-7 75
fe=(244)
+8 150
fi=(334)
-8 75
fe=(244)
+12 75
fi=(334)
-12 75
cob=(4)
cfi=(175)
cfn=(1848)
calls=75 -29 
* 1320
fe=(244)
+11 225
-9 150
+2 225
+11 756

fl=(110) ./wcsmbs/../sysdeps/x86_64/multiarch/wmemchr.c
fn=(352) wmemchr
31 2
fi=(111) ./wcsmbs/../sysdeps/x86_64/multiarch/ifunc-evex.h
+7 6
-1 8
+2 6
+6 4
-3 4
+9 6
+3 8
fe=(110)
-23 2

fl=(268) ./string/../sysdeps/x86_64/multiarch/memchr-avx2.S
fn=(2282) __memchr_avx2
61 11
+7 11
+2 11
+3 11
+1 11
+2 11
+1 11
+1 11
+1 11
+3 11
+1 11
+3 11
+1 11
+14 11
+5 11
+7 11
+1 11
+1 9
+1 9
+12 2
+1 2

fl=(289) ./string/../sysdeps/x86_64/multiarch/strcpy-avx2.S
fn=(2716) __strcpy_avx2
64 7
+1 7
+7 7
+1 7
+1 7
+1 7
+3 7
+2 7
+1 7
+1 7
+2 7
+1 7
+4 7
+2 7
+1 7
+9 7
+1 7
+2 7
+1 7
+39 7
+2 7
+1 7
+1 7

fl=(337)
fn=(4640)
28 8
+1 8
+1 8
+1 8
+13 8
+1 8
+16 8
+1 8
+1 8
+1 8
+1 8
+1 8
+1 8
+5 8
+1 8
+1 8
+1 8
+1 8

fl=(356) ./posix/../sysdeps/unix/sysv/linux/_exit.c
fn=(5456) _Exit
27 2
+3 2

fl=(95) ./string/../sysdeps/x86_64/multiarch/memrchr.c
fn=(316) memrchr
29 1
fi=(84)
+11 3
-2 4
fe=(95)
-9 2
fi=(84)
+12 2
+1 3
+3 2
+4 3
+3 5
fe=(95)

fl=(308) ./socket/../sysdeps/unix/sysv/linux/accept4.c
fn=(3420) accept4
29 1
+2 1
-2 1
+2 1
-2 6
+2 2
cfi=(266)
cfn=(2248)
calls=1 * 
* 18
* 12
cfi=(266)
cfn=(2252)
calls=1 +32 
* 15
* 1
+4 2

fl=(312) ./nptl/./nptl/pthread_join.c
fn=(4490) pthread_join@@GLIBC_2.34
23 4
+1 16
cfi=(313) ./nptl/./nptl/pthread_join_common.c
cfn=(4492) __pthread_clockjoin_ex
calls=4 +15 
* 855

fl=(340)
fn=(4648)
46 448
+3 64
234 288
62 32
+1 32
-16 32
+18 64
+7 165
+1 23
-1 46
+1 46
-1 46
+4 64
+3 32
+2 32

fl=(226)
fn=(1882)
117 100
+5 20

fn=(1778) epoll_ctl
120 2604
+2 434

fn=(3292)
117 20
+5 4

fn=(1748) epoll_create1
120 10
+2 2

fn=(1474) eventfd
120 25
+2 5

fn=(4532) madvise
117 20
+5 4

fl=(261)
fn=(1904)
52 4
+2 4
+1 4
+1 4
+3 4
+1 4
+3 4
+2 4
+4 4
+3 4
+1 4
+1 4
+1 4
+1 4
+5 4
+2 7
+1 7
+1 7
+2 4
+8 3
+3 3
+1 3
+1 3
cfi=(249) ./nptl/./nptl/pthread_create.c
cfn=(3164) start_thread
calls=3 338 
* 266629619

fl=(128) ./string/../sysdeps/x86_64/multiarch/strncpy.c
fn=(402) strncpy
29 2
fi=(109)
+6 10
+1 6
+3 4
+4 6
+3 8
fe=(128)
-17 2

fl=(256) ./nptl/./nptl/nptl-stack.c
fn=(1892) __nptl_stack_list_add
43 4
+1 16
fi=(364) ./nptl/../include/list.h
-1 20
+2 4
+2 4
fe=(256)
+5 4
+1 4

fn=(4540) __nptl_stack_list_del
28 1
+1 2
fi=(364)
+26 3
+1 1
fe=(256)
-19 1
+1 1

fn=(4536) __nptl_deallocate_stack
112 8
+1 8
-1 16
+1 12
+4 4
-88 4
fi=(364)
+26 12
+1 4
fe=(256)
+67 4
-86 4
+86 4
-79 12
fi=(364)
-1 4
+1 8
-1 4
+2 4
+2 4
fe=(256)
+58 4
-1 4
-52 4
+52 8
+1 8
+24 16
+1 16

fl=(303) ./nptl/./nptl/pthread_setname.c
fn=(3230) pthread_setname_np@@GLIBC_2.34
32 8
+8 2
-8 4
+6 2
-6 14
+6 2
cob=(4)
cfi=(175)
cfn=(824)
calls=2 -38 
* 32
+1 4
+3 4
+21 22
-20 8
cfi=(304)
cfn=(3232)
calls=2 -13 
* 58
* 6

fl=(228)
fn=(1488)
51 182
+1 52
+11 104
+1 130

fl=(326) ./libio/./libio/filedoalloc.c
fn=(4566) _IO_file_doallocate
78 11
+6 4
fi=(328) ./libio/./libio/libioP.h
1025 3
+1 2
fe=(326)
84 3
cfi=(325) ./libio/./libio/fileops.c
cfn=(4568) _IO_file_stat
calls=1 1147 
* 9
* 2
+2 4
+11 4
+4 2
cob=(4)
cfi=(175)
cfn=(2500)
calls=1 0 
* 1257
* 1
+1 2
+2 4
cfi=(257) ./libio/./libio/genops.c
cfn=(4572) _IO_setb
calls=1 329 
* 29
+1 1
+1 9

fl=(351) ./stdlib/./stdlib/cxa_finalize.c
fn=(5256) __cxa_finalize
30 12
+3 12
-3 48
+3 30
+3 24
+4 201
+1 154
+2 11
+2 11
+36 11
-5 11
-33 11
+35 33
+3 33
+1 33
cob=(7) /usr/lib/x86_64-linux-gnu/libstdc++.so.6.0.33
cfi=(185) ???
cfn=(5346) std::ios_base::Init::~Init()
calls=1 -82 
* 6557
cob=(7)
cfi=(185)
cfn=(5344) 0x00000000000b8da0
calls=1 -82 
* 8
cob=(7)
cfi=(185)
cfn=(5336) 0x00000000000b8d50
calls=1 -82 
* 822
cob=(7)
cfi=(185)
cfn=(5334) 0x00000000000e75a0
calls=1 -82 
* 2
cob=(7)
cfi=(185)
cfn=(5332) 0x00000000000e8920
calls=1 -82 
* 2
cob=(7)
cfi=(185)
cfn=(5330) 0x00000000000eca30
calls=1 -82 
* 2
cob=(7)
cfi=(185)
cfn=(5328) 0x00000000000eca40
calls=1 -82 
* 2
cob=(7)
cfi=(185)
cfn=(5326) 0x00000000001b4e80
calls=1 -82 
* 2
cob=(7)
cfi=(185)
cfn=(5324) 0x00000000001b4e90
calls=1 -82 
* 2
cob=(7)
cfi=(185)
cfn=(5322) 0x00000000001b4ea0
calls=1 -82 
* 2
cob=(7)
cfi=(185)
cfn=(5318) 0x00000000001d0060
calls=1 -82 
* 5
+1 44
+4 33
-47 34
-4 18
+57 24
+4 36
-4 18
+12 12
cfi=(352)
cfn=(5258)
calls=6 -23 
* 120
+1 24
+1 48

fl=(115) ./string/../sysdeps/x86_64/multiarch/strcspn.c
fn=(362) strcspn
29 1
fi=(361)
+7 5
fe=(115)
-7 1

fl=(134) ./string/../sysdeps/x86_64/multiarch/memchr.c
fn=(422) memchr
29 2
fi=(135) ./string/../sysdeps/x86_64/multiarch/ifunc-evex.h
+9 6
-1 8
+2 6
+6 4
-3 4
+9 6
+3 8
fe=(134)
-25 2

fl=(338)
fn=(4642)
27 5
+1 45
+7 5

fl=(215) ./csu/../sysdeps/nptl/libc_start_call_main.h
fn=(1356) (below main)
29 4
+15 1
-15 5
+15 1
cfi=(216) ./setjmp/../sysdeps/x86_64/bsd-_setjmp.S
cfn=(1358) _setjmp
calls=1 -16 
* 38
* 1
+2 2
+5 2
+1 2
+3 2
+3 6
cob=(9) /home/hep7/project/kairos/zlink/core/build/bin/comp_std_zmq_pubsub
cfi=(212) ???
cfn=(1364) main
calls=1 -58 
* 148291822
+16 2
cfi=(348) ./stdlib/./stdlib/exit.c
cfn=(5236) exit
calls=1 +63 
* 11282

fl=(307) ./socket/../sysdeps/unix/sysv/linux/connect.c
fn=(3366) connect
24 1
+2 2
-2 6
+2 1
cfi=(266)
cfn=(2248)
calls=1 +5 
* 18
* 11
cfi=(266)
cfn=(2252)
calls=1 +37 
* 15
* 1
+4 2
-4 5

fl=(323) ./nptl/./nptl/nptl_free_tcb.c
fn=(4534) __nptl_free_tcb
25 4
+2 8
-2 20
+6 12
+11 4
+2 8
-2 4
cfi=(256)
cfn=(4536)
calls=4 +70 
* 176

fl=(87) ./wcsmbs/../sysdeps/x86_64/multiarch/wcsnlen.c
fn=(296) wcsnlen
30 1
fi=(88) ./wcsmbs/../sysdeps/x86_64/multiarch/ifunc-wcslen.h
+11 2
-1 4
+2 3
+3 2
+4 3
+3 3
fe=(87)
-22 1

fl=(240) ./debug/./debug/snprintf_chk.c
fn=(1832) __snprintf_chk
27 96
+1 16
+9 8
+1 8
-1 32
-4 16
+4 8
-4 8
+5 16
cfi=(241)
cfn=(1834)
calls=8 +55 
* 4683
+4 40

fl=(282)
fn=(2582)
374 2
+1 4
+17 2

fl=(98) ./string/../sysdeps/x86_64/multiarch/memcmpeq.c
fn=(324) memcpy@@GLIBC_2.14
29 4
fi=(99)
+28 12
-1 8
+4 12
+14 8
+3 8
+8 8
+8 8
+3 20
fe=(98)

fl=(231) ./stdlib/../sysdeps/unix/sysv/linux/getrandom.c
fn=(1542) getrandom
28 2
+1 12
+1 2

fl=(126) ./string/../sysdeps/x86_64/multiarch/strcasecmp_l.c
fn=(390) strcasecmp_l
31 1
fi=(114)
+6 2
-1 4
fe=(126)
-5 2
fi=(114)
+7 3
+3 2
+4 3
+3 4
fe=(126)

fl=(96) ./wcsmbs/../sysdeps/x86_64/multiarch/wcsncpy.c
fn=(320) wcsncpy
31 1
fi=(97)
+9 3
-1 4
+2 3
+3 2
+4 4
fe=(96)
-17 1

fl=(138) ./string/../sysdeps/x86_64/multiarch/mempcpy.c
fn=(432) mempcpy
33 1
fi=(99)
+24 3
-1 2
+4 3
+14 2
+3 2
+8 2
+8 2
+3 5
fe=(138)

fl=(252) ./nptl/./nptl/pthread_attr_copy.c
fn=(1874) __pthread_attr_copy
25 40
+4 8
-4 12
+4 8
+9 4
-9 12
+3 4
-3 4
+9 8
+23 8
+1 4
-1 24
+2 44

fl=(208) ./misc/./misc/sbrk.c
fn=(1160) sbrk
37 40
+3 5
+3 5
-3 5
+3 5
+35 7
-20 10
+4 10
+4 16
+8 4
cfi=(209) ./misc/../sysdeps/unix/sysv/linux/brk.c
cfn=(1162) brk
calls=4 -38 
* 36
* 8
+4 28
-19 2
cfi=(209)
cfn=(1162)
calls=1 -23 
* 9
* 2
+4 2

fl=(223) ./nptl/./nptl/pthread_mutexattr_settype.c
fn=(1428) pthread_mutexattr_settype@@GLIBC_2.34
24 12
+4 12
-1 24
+6 36
+4 48
+2 12
+1 12

fl=(336)
fn=(4638)
31 32
+1 32
+3 32
+1 32
+1 32
+1 32
+1 32
+2 32
+1 32
+2 32
+1 32
+1 32
+1 32
+1 24
+2 24
+1 24
+1 24
+1 24
+26 8
+1 8
+1 8
+1 8
+1 8
+1 8
+1 8
+1 8
+1 8
+26 8
+1 8
+1 8
+2 8
+1 8
+1 8
+1 8
+1 8
+1 8
+2 8
+3 8
-5 24
+2 24
+3 24

fl=(113) ./string/../sysdeps/x86_64/multiarch/strcasecmp.c
fn=(358) strcasecmp
31 1
fi=(114)
+6 2
-1 4
fe=(113)
-5 2
fi=(114)
+7 3
+3 2
+4 3
+3 4
fe=(113)

fl=(129) ./wcsmbs/../sysdeps/x86_64/multiarch/wmemcmp.c
fn=(406) wmemcmp
29 1
fi=(130) ./wcsmbs/../sysdeps/x86_64/multiarch/ifunc-memcmp.h
+5 5
+1 2
+1 2
+1 3
+3 2
+4 3
+3 4
fe=(129)
-18 2

fl=(137) ./wcsmbs/../sysdeps/x86_64/multiarch/wcpcpy.c
fn=(428) wcpncpy
31 1
fi=(97)
+9 3
-1 4
+2 3
+3 2
+4 4
fi=(365) ./wcsmbs/../sysdeps/x86_64/multiarch/wcpncpy.c
-17 1
fe=(137)

fl=(292) ./posix/../sysdeps/unix/sysv/linux/nanosleep.c
fn=(3160) nanosleep
24 4
+1 2
-1 1
+1 1
cfi=(293) ./time/../sysdeps/unix/sysv/linux/clock_nanosleep.c
cfn=(3162) clock_nanosleep@@GLIBC_2.17
calls=1 +38 
* 84
+1 2
+6 2

fl=(280)
fn=(2574)
183 10
+4 4
-4 8
+4 2
cfn=(2576) inet_aton_end
calls=2 -80 
* 1288
* 6
+6 2
-6 4
+7 12
-5 4
+1 4

fn=(2576)
107 20
+12 8
+1 2
+9 2
-7 2
+7 6
-13 6
+20 2
-20 4
+17 10
cfi=(220) ./stdlib/../stdlib/strtol.c
cfn=(2578) __strtoul_internal
calls=2 -26 
* 312
* 30
cfi=(220)
cfn=(2578)
calls=6 -26 
* 698
+3 16
+3 8
+3 8
+1 16
+6 30
+2 6
-22 6
+22 6
+1 6
-23 18
+44 4
+6 22
-21 4
+3 4
+5 12
+3 6
fi=(281) ./resolv/../bits/byteswap.h
52 2
fe=(280)
170 4
+1 4
+3 4

fl=(314) ./nptl/./nptl/futex-internal.c
fn=(4494) __futex_abstimed_wait_cancelable64
138 24
-61 6
+3 6
+3 9
+1 6
-27 9
+46 24
+10 3
+28 18
fi=(191) ./nptl/../sysdeps/nptl/futex-internal.h
-54 6
fe=(314)
-30 6
cfi=(266)
cfn=(2248)
calls=3 -26 
* 54
* 36
cfi=(266)
cfn=(2252)
calls=3 +6 
* 45
* 3

fl=(313)
fn=(4492)
39 48
+4 24
+5 20
+4 4
+3 4
+2 8
+1 8
+16 20
+10 8
+34 4
-4 4
+7 8
+4 8
cfi=(323)
cfn=(4534)
calls=4 25 
* 236
* 4
+5 4
+3 44
-44 24
cfi=(189) ./nptl/./nptl/cleanup_compat.c
cfn=(702) _pthread_cleanup_push@@GLIBC_2.34
calls=4 -64 
* 28
+5 4
+8 15
cfi=(314)
cfn=(4494)
calls=3 +36 
* 255
+2 12
-10 21
+17 12
cfi=(189)
cfn=(720) _pthread_cleanup_pop@@GLIBC_2.34
calls=4 -71 
* 24
* 4

fl=(213) ./csu/../csu/libc-start.c
fn=(1324) __libc_start_main@@GLIBC_2.34
242 13
+69 3
+1 3
cfi=(200)
cfn=(1084)
calls=1 67 
* 76
+25 6
+6 2
-3 2
+10 2
cob=(4)
cfi=(175)
cfn=(1352) 0x0000000004c537b0
calls=1 0 
* 7
+2 2
+8 4
cfi=(215)
cfn=(1356)
calls=1 29 
* 148303170
128 2
+6 3
+1 6
cob=(4)
cfi=(175)
cfn=(1326) 0x000000000010b000
calls=1 0 
* 7
* 1
+3 1
+1 2
+3 2
+1 2
-1 1
+2 9
+1 4
cob=(9)
cfi=(212)
cfn=(1336) _GLOBAL__sub_I__Z10run_pubsubRKNSt7__cxx1112basic_stringIcSt11char_traitsIcESaIcEEEmS6_
calls=1 0 
* 1503
* 4
cob=(9)
cfi=(212)
cfn=(1330) 0x0000000000006190
calls=1 0 
* 12
-1 7

fl=(249)
fn=(1898) create_thread
236 48
+4 20
+4 8
+3 8
+1 8
+42 4
-3 4
+10 4
-10 4
+10 8
-10 36
+10 4
cfi=(259)
cfn=(1900)
calls=4 97 
* 261
+1 8
+5 4
+6 8
+12 8
+11 4
+1 44

fn=(1868) pthread_create@@GLIBC_2.34
626 64
+6 8
+13 16
+2 12
cfi=(251) ./nptl/./nptl/pthread_getattr_default_np.c
cfn=(1872) pthread_getattr_default_np@@GLIBC_2.34
calls=4 24 
* 260
* 4
+1 8
+2 8
fi=(253)
219 4
cfi=(235)
cfn=(1556)
calls=4 27 
* 24
fi=(254) ./nptl/./nptl-stack.h
61 4
fi=(253)
219 8
fi=(254)
61 4
fi=(253)
219 4
fi=(254)
61 28
fi=(253)
223 4
fi=(254)
61 4
fi=(253)
223 8
+5 12
+10 8
+91 8
+4 8
-4 4
+4 4
+10 24
+4 8
fe=(249)
897 8
+1 8
cfi=(263)
cfn=(1908)
calls=4 26 
* 24
+3 52
fi=(253)
347 16
+5 12
+1 4
-2 8
66 16
329 4
74 4
329 8
-1 8
74 12
-11 2
+16 6
-1 1
+3 2
+15 3
+12 2
-3 1
+3 5
cfi=(256)
cfn=(4540)
calls=1 -80 
* 9
+3 3
cfi=(256)
cfn=(1892)
calls=1 -68 
* 14
+3 3
+3 6
+3 1
+16 1
fi=(225)
-77 1
fi=(253)
+65 1
fi=(225)
-65 1
fi=(253)
+61 1
+17 1
-16 1
+4 1
+1 1
-5 1
+8 1
+2 1
+1 1
+5 8
+1 5
cob=(4)
cfi=(175)
cfn=(2516)
calls=1 0 
* 6
* 80
cob=(4)
cfi=(175)
cfn=(2516)
calls=16 0 
* 96
-1 51
+2 7
fi=(225)
-80 5
cob=(4)
cfi=(175)
cfn=(1890) 0x0000000004c53740
calls=1 -59 
* 38
fi=(253)
+83 3
cob=(4)
cfi=(175)
cfn=(4542) 0x0000000004c53780
calls=1 0 
* 383
361 2
477 12
+29 20
+26 4
fe=(249)
755 4
fi=(253)
547 4
fe=(249)
674 4
fi=(253)
558 4
-11 4
+11 4
+5 4
-26 4
+21 4
-11 4
fe=(249)
677 4
+12 4
fi=(253)
558 4
fe=(249)
683 4
fi=(253)
542 4
+21 4
fe=(249)
+81 4
fi=(253)
-97 4
fe=(249)
689 4
-6 4
+1 4
+1 4
+4 4
-5 4
fi=(253)
545 4
fe=(249)
688 4
+2 12
+4 4
+1 4
+8 4
-8 12
+5 8
+3 4
-3 4
-11 4
+11 4
+3 8
+5 4
+1 4
-1 4
+1 4
+4 8
+5 8
fi=(366) ./nptl/../sysdeps/x86/nptl/tls-setup.h
22 8
fe=(249)
730 8
+21 8
+4 8
+2 4
+10 4
fi=(262) ./nptl/../sysdeps/unix/sysv/linux/internal-signals.h
81 20
fe=(249)
772 8
fi=(262)
81 8
fe=(249)
780 12
fi=(258) ./nptl/../sysdeps/unix/sysv/linux/internal-sigset.h
34 4
fe=(249)
609 16
836 24
cfn=(1898)
calls=4 236 
* 493
fi=(262)
89 12
fe=(249)
836 4
fi=(262)
89 12
fe=(249)
843 8
+40 8
+10 8
83 2
-2 1
+2 1
fi=(362)
-29 1
fe=(249)
+27 1
+1 1
+1 1
cfi=(250) ./signal/../sysdeps/unix/sysv/linux/libc_sigaction.c
cfn=(1870) __libc_sigaction
calls=1 -40 
* 52
+7 2
fi=(362)
+14 1
fe=(249)
-14 1
fi=(362)
+14 1
fe=(249)
-14 3
638 1
-3 1
+3 2
791 8
fi=(258)
102 4
+1 4
fi=(253)
-4 12
366 33
cfi=(255)
cfn=(1880)
calls=3 47 
* 78
+3 9
-3 3
+3 3
+5 12
+6 6
+5 6
+1 3
+9 6
170 6
-4 9
+4 3
cfi=(226)
cfn=(1882)
calls=3 -53 
* 18
* 12
407 3
+1 3
+21 3
-18 3
-4 3
+9 6
+3 3
+7 3
-18 3
+3 3
+18 3
cob=(4)
cfi=(175)
cfn=(1884) 0x0000000004c53700
calls=3 0 
* 1958
* 12
fe=(249)
663 1
+89 1
cfi=(257)
cfn=(1894) _IO_enable_locks
calls=1 518 
* 22
* 2
fi=(253)
442 12
+3 21
cfi=(256)
cfn=(1892)
calls=3 43 
* 42
+2 18
+7 15
-88 6
83 2
fe=(249)

fn=(3164)
338 33
+7 6
+22 12
+3 3
cfi=(171)
cfn=(560)
calls=3 29 
* 51
+3 9
cfi=(253)
cfn=(3166)
calls=3 587 
* 1913
+4 3
fi=(296) ./nptl/../sysdeps/unix/sysv/linux/rseq-internal.h
32 6
+8 3
fe=(249)
388 15
+17 6
cfi=(216)
cfn=(1358)
calls=3 28 
* 114
* 3
+14 3
-14 3
+18 3
-4 3
+4 15
+3 6
+3 6
+2 3
fi=(262)
89 12
fe=(249)
431 3
fi=(262)
89 3
fe=(249)
433 3
+4 6
+11 3
+4 3
cfi=(315) ./stdlib/./stdlib/cxa_thread_atexit_impl.c
cfn=(4508) __call_tls_dtors
calls=3 148 
* 39
+3 3
cfi=(316)
cfn=(4510)
calls=3 23 
* 18
+3 3
cfi=(317) ./malloc/./malloc/thread-freeres.c
cfn=(4512) __libc_thread_freeres
calls=3 31 
* 11420
+3 9
+31 6
+2 6
fi=(258)
102 3
fe=(249)
508 9
fi=(258)
102 6
fe=(249)
508 9
+7 15
+1 6
+1 12
+35 9
+1 9
fi=(253)
189 3
cfi=(235)
cfn=(1556)
calls=3 27 
* 18
* 3
+2 15
+1 6
+1 6
fe=(249)
556 3
fi=(191)
146 3
fe=(249)
556 6
+17 9
+5 9
cfi=(253)
cfn=(3166)
calls=3 +9 
* 144
* 3
+21 5
447 9
cob=(7)
cfi=(185)
cfn=(4372) 0x00000000000ecda0
calls=1 0 
* 48543679
cob=(8)
cfi=(211)
cfn=(3174)
calls=2 0 
* 165915847
* 3
fi=(253)
194 12
cfi=(226)
cfn=(4532)
calls=3 -77 
* 18
* 3
fi=(261)
83 1
+1 1
+1 1
+10 1
+3 1
+1 1
+1 1
cfi=(249)
cfn=(3165) start_thread'2
calls=1 338 
* 52155974
fe=(249)

fn=(3165)
338 11
+7 2
+22 4
+3 1
cfi=(171)
cfn=(560)
calls=1 29 
* 17
+3 3
cfi=(253)
cfn=(3166)
calls=1 587 
* 625
+4 1
fi=(296)
32 2
+8 1
fe=(249)
388 5
+17 2
cfi=(216)
cfn=(1358)
calls=1 28 
* 38
* 1
+14 1
-14 1
+18 1
-4 1
+4 5
+3 2
+3 2
+2 1
fi=(262)
89 4
fe=(249)
431 1
fi=(262)
89 1
fe=(249)
433 1
+4 2
+11 1
+4 1
cfi=(315)
cfn=(4508)
calls=1 148 
* 13
+3 1
cfi=(316)
cfn=(4510)
calls=1 23 
* 6
+3 1
cfi=(317)
cfn=(4512)
calls=1 31 
* 1408
+3 3
+31 2
+2 2
fi=(258)
102 1
fe=(249)
508 3
fi=(258)
102 2
fe=(249)
508 3
+7 5
+1 2
+1 4
+35 3
+1 3
fi=(253)
189 1
cfi=(235)
cfn=(1556)
calls=1 27 
* 6
* 1
+2 5
+1 2
+1 2
fe=(249)
556 1
fi=(191)
146 1
fe=(249)
556 2
+17 3
+5 3
cfi=(253)
cfn=(3166)
calls=1 +9 
* 48
* 1
447 3
cob=(7)
cfi=(185)
cfn=(4372)
calls=1 0 
* 52153683
* 1
fi=(253)
194 4
cfi=(226)
cfn=(4532)
calls=1 -77 
* 6
* 1
fe=(249)

fl=(250)
fn=(1870)
43 8
+5 2
+2 1
fi=(367) ./signal/../string/bits/string_fortified.h
-21 1
fe=(250)
+29 1
fi=(367)
-29 2
fe=(250)
+21 1
+3 1
fi=(367)
-24 3
fe=(250)
+24 1
fi=(367)
-24 3
fe=(250)
+24 2
fi=(367)
-24 1
fe=(250)
+29 1
-5 1
+5 3
fi=(367)
-29 6
fe=(250)
+29 6
+5 2
+8 6

fl=(317)
fn=(4512)
31 12
+2 4
cfi=(318) ./sunrpc/./sunrpc/rpc_thread.c
cfn=(4514) __rpc_thread_destroy
calls=4 -12 
* 52
+2 4
cfi=(319)
cfn=(4516)
calls=4 +96 
* 164
+1 4
cfi=(321)
cfn=(4520)
calls=4 -12 
* 96
+1 4
cfi=(322) ./dlfcn/./dlfcn/libc_dlerror_result.c
cfn=(4522) __libc_dlerror_result_free
calls=4 -8 
* 48
+5 4
-1 4
cfi=(205)
cfn=(4524)
calls=4 893 
* 12432

fl=(290) ./io/../sysdeps/unix/sysv/linux/write.c
fn=(2800) write
25 517
+1 1034
-1 3102
+1 517
cfi=(266)
cfn=(2248)
calls=517 +5 
* 9306
* 5687
cfi=(266)
cfn=(2252)
calls=517 +37 
* 7755
* 517
+1 1034

fl=(236) ./nptl/./nptl/pthread_mutex_unlock.c
fn=(1618) pthread_mutex_unlock@@GLIBC_2.2.5
367 825
51 2475
+1 1650
367 2475
57 1650
+8 825
-3 825
-23 825
+1 3300
+1 3
+29 3
+2 3
369 6
70 822
+2 822
369 1644
43 3288
+31 1648
+6 3296
+4 2472
+3 1648

fl=(264)
fn=(1950)
169 38
+3 152
+2 76
+9 1364
+9 76

fl=(286) ./debug/./debug/sprintf_chk.c
fn=(2708) __sprintf_chk
25 105
+3 28
+6 7
+2 14
+3 7
+1 14
-1 35
+1 7
cfi=(287)
cfn=(2710)
calls=7 -3 
* 9807
+4 35

fl=(216)
fn=(1358)
28 5
+2 5
+2 5
cfi=(217)
cfn=(1360)
calls=5 -1 
* 175

fl=(260)
fn=(1902)
42 1
+2 1
+1 1
+1 1
+1 1
+1 1
+4 1
+3 1
+5 1
+2 1
+1 1
+23 5

fl=(331)
fn=(4628)
33 5
+2 5
-2 10
+4 15
+1 25
+9 10
+9 5
-9 5
+9 10
+47 5
+4 5
-4 5
+4 5

fl=(91) ./wcsmbs/../sysdeps/x86_64/multiarch/wcslen.c
fn=(304) wcslen
29 1
fi=(88)
+12 2
-1 4
+2 3
+3 2
+4 3
+3 3
fe=(91)
-23 1

fl=(283) ./socket/../sysdeps/unix/sysv/linux/setsockopt.c
fn=(2634) setsockopt
94 6
-65 12
+74 3

fl=(131) ./debug/../sysdeps/x86_64/multiarch/memmove_chk.c
fn=(410) __memmove_chk
29 1
fi=(93)
+28 3
-1 2
+4 3
+14 2
+3 2
+8 2
+8 2
+3 5
fe=(131)

fl=(229)
fn=(3208) sched_getparam
120 10
+2 2

fn=(3218)
120 10
+2 2

fn=(1494) getpid
91 12687
+2 4229

fn=(3210) sched_getscheduler
120 10
+2 2

fl=(324) ./libio/./libio/iofwrite.c
fn=(4558) fwrite
31 300
+1 50
-1 50
+1 50
-1 100
+4 300
+2 850
+1 151
+1 1
fi=(328)
1025 1
fe=(324)
39 1
fi=(328)
1025 1
+1 2
fe=(324)
39 49
fi=(328)
1025 49
fe=(324)
39 49
fi=(328)
1025 49
+1 98
fe=(324)
39 250
cfi=(325)
cfn=(4560) _IO_file_xsputn@@GLIBC_2.2.5
calls=50 1198 
* 4836
+6 100
fi=(328)
979 100
fe=(324)
45 100
+1 50
+3 450
-11 98
fi=(328)
980 500
fe=(324)

fl=(188) ./nptl/./nptl/pthread_once.c
fn=(698) pthread_once@@GLIBC_2.34
136 37
+3 37
+1 74
+4 70
-1 2
cfn=(700) __pthread_once_slow
calls=2 -75 
* 2052

fn=(700)
68 22
+8 2
+4 4
+52 20
-44 4
+4 4
+9 4
+13 26
cfi=(189)
cfn=(702)
calls=2 -89 
* 14
+2 2
cob=(7)
cfi=(185)
cfn=(666) 0x00000000000e9850
calls=1 0 
* 12
cob=(7)
cfi=(185)
cfn=(704) 0x00000000000d0450
calls=1 0 
* 1902
+2 6
cfi=(189)
cfn=(720)
calls=2 -78 
* 12
fi=(191)
+91 6
fe=(188)
-85 2
fi=(191)
+85 10
fe=(188)

fl=(325)
fn=(5452) _IO_file_setbuf@@GLIBC_2.2.5
382 6
+1 1
cfi=(257)
cfn=(5454) _IO_default_setbuf
calls=1 +69 
* 69
* 2
+3 1
+4 2
-2 3
+3 3

fn=(4562) _IO_file_overflow@@GLIBC_2.2.5
732 8
+1 4
+7 3
+3 2
+12 2
+9 3
+5 3
+2 2
-5 1
+5 1
+1 1
-5 1
+1 1
+4 2
-7 1
+10 2
+13 1
-12 1
+1 1
+11 4
-12 1
cfn=(4574) _IO_do_write@@GLIBC_2.2.5
calls=1 424 
* 5
-4 2
-27 2
cfi=(257)
cfn=(4564) _IO_doallocbuf
calls=1 343 
* 1376
+1 1
+9 1
-9 5

fn=(4568)
1147 1
+1 2
cfi=(327) ./io/../sysdeps/unix/sysv/linux/fstat64.c
cfn=(4570) fstat
calls=1 30 
* 6

fn=(4560)
1198 350
+7 50
-7 100
+6 200
+9 100
-2 200
+17 150
+1 98
+5 49
+2 98
+2 49
-4 49
+2 49
+2 49
-1 49
-1 49
cob=(4)
cfi=(175)
cfn=(2522) 0x0000000004c53430
calls=49 0 
* 948
+2 49
-2 49
+4 98
+28 450
-68 1
+44 1
fi=(328)
1025 3
+1 2
fe=(325)
1244 3
cfn=(4562)
calls=1 732 
* 1437
* 2
+6 2
+1 5
+2 3
+11 2
+1 4
cfi=(257)
cfn=(4576) _IO_default_xsputn
calls=1 371 
* 85
+2 3

fn=(4574)
424 6
+2 18
+1 1
-3 15
fi=(328)
1025 5
fe=(325)
424 40
+20 5
-10 10
+7 20
fi=(328)
1025 10
+1 10
fe=(325)
449 20
cfn=(4692) _IO_file_write@@GLIBC_2.2.5
calls=5 1174 
* 475
* 5
+1 15
+2 5
+4 10
-3 10
-1 10
+4 15
-30 10
+28 5
-28 10
+1 40
+28 15

fn=(4692)
1174 40
+2 20
-1 10
+6 5
cfi=(290)
cfn=(2800)
calls=5 25 
* 285
+1 10
+5 5
+1 5
-12 10
+4 15
+1 10
+10 15
+3 30
-4 15

fn=(4688) _IO_file_sync@@GLIBC_2.2.5
793 112
+5 64
+1 15
+1 16
+1 32
+11 32
+4 80
-17 10
cfn=(4574)
calls=5 424 
* 780
* 10

fl=(119) ./string/../sysdeps/x86_64/multiarch/strncase_l.c
fn=(370) strncasecmp_l
31 1
fi=(114)
+6 2
-1 4
fe=(119)
-5 2
fi=(114)
+7 3
+3 2
+4 3
+3 4
fe=(119)

fl=(189)
fn=(702)
25 6
+3 6
+1 6
+1 12
+2 6
+1 6

fn=(720)
40 6
+3 12
+4 12
+2 6

fl=(294)
fn=(3168)
26 48
+4 4
+1 8
-1 20
+1 4
cfi=(241)
cfn=(1834)
calls=4 +62 
* 2152
+4 20

fl=(301) ./nptl/./nptl/pthread_getschedparam.c
fn=(3206) pthread_getschedparam
27 14
+4 14
+7 12
+7 6
+19 2
fi=(225)
-35 6
fe=(301)
+39 8
+3 14
-24 6
cfi=(229)
cfn=(3208)
calls=2 +73 
* 12
* 4
+3 8
+3 6
+2 4
cfi=(229)
cfn=(3210)
calls=2 +65 
* 12
* 2
+1 4
+3 2
+3 2

fl=(112) ./string/../sysdeps/x86_64/multiarch/strncmp.c
fn=(356) strncmp
67 1
-23 2
-1 4
+24 2
-22 3
+3 2
+4 3
+3 4

fl=(192) ./locale/./locale/uselocale.c
fn=(794) uselocale
30 12
+1 36
+2 24
+3 24
+1 12
+28 36
+1 36
+2 36
+4 36
+1 12

fl=(239) ./time/../sysdeps/unix/sysv/linux/clock_gettime.c
fn=(1742) clock_gettime@@GLIBC_2.17
30 554794
+8 1109588
+2 1109588
+28 1109588
+1 1109588
-25 1109588

fl=(306) ./io/../sysdeps/unix/sysv/linux/read.c
fn=(3268) read
25 512
+1 1024
-1 3072
+1 512
cfi=(266)
cfn=(2248)
calls=512 +5 
* 9216
* 5632
cfi=(266)
cfn=(2252)
calls=512 +37 
* 7680
* 512
+1 1024

fl=(121) ./string/../sysdeps/x86_64/multiarch/memcmp.c
fn=(378) bcmp
29 4
fi=(122) ./string/../sysdeps/x86_64/multiarch/ifunc-memcmp.h
+5 20
+1 8
+1 8
+1 12
+3 8
+4 12
+3 16
fe=(121)
-18 8

fl=(190) ./locale/./locale/newlocale.c
fn=(718) newlocale
43 15
+12 2
277 12
63 2
+3 1
-10 1
+10 2
+7 3
+2 1
-2 1

fl=(199) ./string/../sysdeps/x86_64/multiarch/memcmp-avx2-movbe.S
fn=(830) __memcmp_avx2_movbe
73 110
+7 110
+1 110
+3 1
+1 1
+1 1
+4 1
+1 1
+2 1
+1 1
+3 1
+1 1
+1 1
+3 1
+1 1
+3 1
+1 1
+3 1
+1 1
+1 1
+1 1
+1 1
+1 1
+1 1
+1 1
+1 1
+1 1
+3 1
+1 1
+6 1
+1 1
+1 1
+1 1
+4 1
+1 1
+2 1
+1 1
+1 1
+1 1
+3 1
+1 1
+1 1
+1 1
+1 1
+1 1
+2 2
+4 77
+10 77
+1 77
+1 77
+3 154
401 109
+1 109
+5 105
+1 105
+1 105
+1 105
+1 105
+3 104
+1 104
+1 104
+1 104
+3 104
+1 104
+1 27
+1 54
+6 1
+1 1
+2 1
+1 1
+2 1
+1 1
+18 4
+1 4
+1 4
+1 4
+2 4
+94 1
+1 1
+1 1
+1 1
+1 1
+1 1
+1 1
+1 1
+1 1
+1 1
+2 1
+2 1

fl=(81) ./string/../sysdeps/x86/cacheinfo.c
fn=(284) __x86_cacheinfo
86 1
fi=(82) ./string/../sysdeps/x86/cacheinfo.h
-27 1
+3 3
+2 1
+1 1
-1 2
+7 3
+2 1
+1 1
-1 2
+5 2
+2 2
+1 2
+1 2
+2 2
+2 2
fe=(81)

fl=(201) ./stdlib/./stdlib/secure-getenv.c
fn=(1126) secure_getenv
28 1
+1 5
cfi=(202) ./stdlib/./stdlib/getenv.c
cfn=(1128) getenv
calls=1 -5 
* 791

fl=(203) ./string/../sysdeps/x86_64/multiarch/strcmp-avx2.S
fn=(1132) __strncmp_avx2
206 221
+24 221
+5 221
+14 221
+25 221
+1 221
+1 221
+2 221
+1 221
+4 221
+4 221
+2 221
+2 221
+3 221
+2 221
+1 221
+11 219
+10 219
+1 219
+3 219
+4 438
+5 221
+1 221
+1 221
+4 2
+1 4
957 14
+1 14
+1 14
+1 14
+2 14
+3 14
+1 14
1076 14
+1 14

fn=(2546) __strcmp_avx2
206 3
+43 3
+25 3
+1 3
+1 3
+2 3
+1 3
+4 3
+4 3
+2 3
+2 3
+3 3
+9 3
+1 3
+4 3
+10 3
+1 3
+3 3
+4 6

fl=(207) ./malloc/./malloc/morecore.c
fn=(1158) __glibc_morecore
25 5
+1 10
-1 10
+4 5
cfi=(208)
cfn=(1160)
calls=5 +8 
* 194
+1 10
+4 10

fl=(255)
fn=(1880)
47 6
+3 12
-3 36
+6 12
+5 36
+2 24
-7 30

fl=(293)
fn=(3162)
63 12
+1 5
+2 2
+14 2
-2 3
+2 2
+33 1
+1 11
-36 2
cfi=(266)
cfn=(2248)
calls=1 -47 
* 18
* 10
cfi=(266)
cfn=(2252)
calls=1 -15 
* 15
* 1

fl=(355) ./nptl/./nptl/libc-cleanup.c
fn=(5446) __libc_cleanup_push_defer
24 2
+1 2
+2 4
+2 4
+3 4
+14 6
+2 2
+1 2

fn=(5448) __libc_cleanup_pop_restore
54 2
+1 2
+2 4
+2 2
+1 6
+11 2

fl=(209)
fn=(1162)
36 5
fi=(368) ./misc/../sysdeps/unix/sysv/linux/brk_call.h
-12 10
fe=(209)
+13 10
+1 10
+6 5
+1 5

fl=(285) ./resolv/./resolv/inet_ntop.c
fn=(2706) inet_ntop
54 105
+1 14
+10 77
+20 7
fi=(369) ./resolv/../libio/bits/stdio2.h
-55 35
fe=(285)
+55 7
fi=(369)
-55 42
cfi=(286)
cfn=(2708)
calls=7 -5 
* 10059
fe=(285)
+55 42
fi=(288) ./resolv/../string/bits/string_fortified.h
-6 21
cob=(4)
cfi=(175)
cfn=(2714) 0x0000000004c53530
calls=7 -79 
* 175
fe=(285)
-22 7

fl=(85) ./string/../sysdeps/x86_64/multiarch/strpbrk.c
fn=(292) strpbrk
29 1
fi=(361)
+7 5
fe=(85)
-7 1

fl=(196)
fn=(810)
49 128
+2 512
+3 128

fl=(224) ./nptl/./nptl/pthread_mutex_init.c
fn=(1434) pthread_mutex_init@@GLIBC_2.2.5
53 144
+12 24
+3 60
fi=(225)
-9 48
fe=(224)
+33 36
+10 48
+3 72
+31 48
+4 12
+9 12
+2 12
+1 120

fl=(251)
fn=(1872)
24 8
+1 8
-1 16
+1 8
+1 12
cfi=(252)
cfn=(1874)
calls=4 -1 
* 180
+1 16
+2 12

fl=(346) ./nptl/./nptl/pthread_mutex_destroy.c
fn=(5102) pthread_mutex_destroy@@GLIBC_2.2.5
26 12
+1 12
+4 36
+2 12
+1 12
-1 24
+6 12
+2 12
+1 12

fl=(327)
fn=(4570)
30 1
+9 4
+33 1

fl=(103) ./string/../sysdeps/x86_64/multiarch/strchr.c
fn=(334) index
65 1
-22 2
+1 1
-2 4
+2 2
+3 2
+4 3
+3 3
+11 1

fl=(257)
fn=(1894)
518 1
+3 3
1044 1
523 1
+1 3
+1 1
1058 1
524 2
+1 2
1058 2
524 4
+2 1

fn=(5444) _IO_flush_all
686 5
+5 1
-5 1
+5 1
-5 6
+5 4
cfi=(355)
cfn=(5446)
calls=1 24 
* 13
+1 12
+3 3
-8 1
fi=(328)
1025 2
fe=(257)
708 18
+1 3
-14 9
+2 3
+1 45
+2 21
+8 18
+5 3
+1 2
cfi=(355)
cfn=(5448)
calls=1 54 
* 9
+4 12
-5 6

fn=(5454)
452 8
fi=(328)
1025 1
fe=(257)
452 1
+1 1
-1 1
fi=(328)
1025 2
+1 2
fe=(257)
453 2
cfi=(325)
cfn=(4688)
calls=1 793 
* 21
* 2
+4 1
330 1
462 1
-7 2
332 1
466 1
337 1
-4 1
+4 1
467 1
-1 3
+2 6
-11 1
+1 2
-1 1
330 4

fn=(4576)
371 11
+3 4
fi=(328)
1025 1
fe=(257)
373 2
+16 2
+8 1
+2 2
-20 4
+2 1
+1 2
+2 2
-9 1
+29 8
-11 3
+1 14
-1 21
+2 4
-6 2

fn=(4572)
329 11
+1 4
+5 2
-3 1
+3 2
-2 1
+2 2
+3 6

fn=(5442) _IO_cleanup
842 6
-66 1
+66 6
+1 1
cfn=(5444)
calls=1 686 
* 198
-67 2
+67 1
-67 3
cfi=(355)
cfn=(5446)
calls=1 24 
* 13
+1 12
+3 3
fi=(328)
1025 1
fe=(257)
785 1
-1 1
+1 4
-1 2
+1 40
+7 3
-7 3
+7 6
+2 6
+2 4
+4 1
-2 1
+3 1
-3 1
+2 2
+5 1
fi=(328)
1025 2
+1 2
fe=(257)
805 4
cfi=(325)
cfn=(5452)
calls=1 382 
* 87
+2 3
+9 1
-2 1
+2 2
-2 2
+2 4
+1 3
-37 9
+41 3
+1 2
cfi=(355)
cfn=(5448)
calls=1 54 
* 9
+33 12
-78 3
+39 27
+5 6

fn=(4564)
343 1
+1 2
-1 7
+3 3
+1 1
fi=(328)
1025 3
+1 2
fe=(257)
347 2
cfi=(326)
cfn=(4566)
calls=1 78 
* 1347
* 2
+3 6

fl=(214) ./string/../sysdeps/x86_64/multiarch/memmove-vec-unaligned-erms.S
fn=(2512) __memcpy_chk_avx_unaligned_erms
249 26
+1 26
+1 130
+4 26
+1 26
+6 26
+1 26
+2 5
+1 5
+1 5
+38 21
+1 21
+2 17
+1 17
+2 12
+4 12
+16 12
+1 12
+1 12
+1 12
+1 12
+7 4
+1 4
+1 4
+1 4
+2 4
+17 5
+1 5
+1 5
+1 5
+1 5
+7 2
+1 2
+1 2
+1 2
+1 2
+1 2
+1 4
+5 5
+1 5
+5 5
+1 5
+2 4
+1 4
+1 4
+2 2
+1 2
+1 2
+1 2
+1 2
+1 2
+1 2
+1 2
+1 2
+1 2
+1 2
+1 2
+1 2
+1 2
+1 4
+4 1
+1 1
+4 1
+2 1
+4 1
+1 1
+11 1
+3 1
+2 1
+2 1
+4 1
+1 1
+66 1
+1 1
+2 1
+1 1
+1 1
+2 1
+2 1
+2 2
+6 1
+1 1
+1 1
+1 1
+1 1
+1 1
+1 1
+1 1
+1 1
+1 1
+1 1
+1 1
-11 21
+1 21
+1 21
+1 21
+1 21
+1 21
+1 21
+1 21
+1 21
+1 21
+1 21
+1 21
+2 1
+1 1
+1 1
+1 1
+2 1
+1 2

fn=(1350) __memcpy_avx_unaligned_erms
255 570449
+1 570449
+6 570449
+1 570449
+2 227934
+1 227934
+1 227934
+3 227934
+1 227934
+1 227934
+3 455868
+30 342515
+1 342515
+2 341550
+1 341550
+2 341046
+4 341046
+1 340774
+1 340774
+1 340773
+1 340773
+1 113718
+1 113718
+2 113718
+2 113718
-2 227055
+2 227056
+6 272
+1 272
+1 272
+1 272
+1 272
+7 965
+1 965
+1 965
+1 965
+2 965
+17 504
+1 504
+1 504
+1 504
+1 504

fn=(2524) __mempcpy_avx_unaligned_erms
242 54
+1 54
+1 54
+1 54
+17 54
+1 54
+42 54
+1 54
+2 54
+1 54
+2 40
+4 40
+1 28
+1 28
+1 28
+1 28
+1 13
+1 13
+2 13
+2 13
-2 15
+2 15
+6 12
+1 12
+1 12
+1 12
+1 12
+29 14
+1 14
+1 14
+1 14
+1 14

fl=(315)
fn=(4508)
148 20
+1 5
-1 5
+1 15
+16 20

fl=(322)
fn=(4522)
29 20
+1 16
+9 12

fl=(343) ./libio/./libio/putc.c
fn=(4672) putc
25 45
+3 10
+2 10
+1 35
fi=(328)
979 10
+1 20
fe=(343)
34 30
-4 70
fi=(328)
980 30
fe=(343)

fl=(89) ./string/../sysdeps/x86_64/multiarch/memset.c
fn=(300) memset
29 3
fi=(90) ./string/../sysdeps/x86_64/multiarch/ifunc-memset.h
+25 15
+3 9
+7 6
+9 6
+2 6
+10 6
+8 6
+3 15
fe=(89)

fl=(104) ./debug/../sysdeps/x86_64/multiarch/memset_chk.c
fn=(336) __memset_chk
29 1
fi=(105) ./debug/../sysdeps/x86_64/multiarch/ifunc-memset.h
+25 5
+3 3
+7 2
+9 2
+2 2
+10 2
+8 2
+3 5
fe=(104)

fl=(132) ./string/../sysdeps/x86_64/multiarch/stpcpy.c
fn=(414) stpcpy
33 1
fi=(118)
+5 2
+1 1
-1 2
+1 2
+3 2
+4 3
+3 3
fe=(132)
-16 1

fl=(204)
fn=(3024) realloc
3407 22
+6 4
+4 4
3538 2
3425 2
3538 12
3425 2
cfn=(1144) malloc
calls=2 3294 
* 404
-1 4

fn=(1924) unlink_chunk.isra.0
1608 71019
+2 213057
-2 71019
+2 142038
+3 71019
+1 142038
+2 284076
-3 71019
+6 71019
+1 71019
+1 238935
+2 5746
+1 8619
+3 5746
+14 2869
+1 2869
+3 142030
-16 8
-16 4
+17 4
+15 8

fn=(4174) sysmalloc_mmap.isra.0
2400 5
+13 3
-13 1
+18 2
+3 9
cfi=(255)
cfn=(1880)
calls=1 47 
* 26
* 1
+3 2
+4 2
2008 4
2432 4
cfi=(295)
cfn=(3170)
calls=1 33 
* 21
+16 3
+19 1
-1 1
+5 1
-4 2
+4 2
+1 5
+3 3
+1 5
+5 7

fn=(4538) munmap_chunk
3024 1
+2 1
-1 1
+1 2
+2 1
-3 1
-1 1
+4 1
+3 2
+7 1
-8 1
+9 1
-8 1
+1 1
+6 3
+1 4
+3 1
+1 3
+6 1
-1 2
cfi=(226)
cfn=(3292)
calls=1 117 
* 6

fn=(1164) alloc_perturb
1985 192045
+2 64015

fn=(1452) _int_memalign
5039 4792
1326 1198
+19 4193
5052 1198
+20 2396
cfn=(1156) _int_malloc
calls=599 3846 
* 4012047
+2 1198
-2 599
+2 599
+5 599
-2 599
+2 1797
+7 2680
+2 2144
+5 2144
+3 1072
+8 5360
+2 536
+1 1608
+1 536
-1 1072
+1 536
cfn=(1922) _int_free_merge_chunk
calls=536 4665 
* 47391
+3 4824
-2 536
+7 1797
+2 1198
+1 599
+1 599
+1 1198
+2 599
+2 599
-5 599
+4 1198
4720 946
+4 23
+9 23
-1 23
+1 69
+1 46
-1 450
-1 450
+1 1350
+1 900
+2 473
+2 946
+2 858
+3 429
+1 429
+2 1287
+1 429
5137 1287
cfn=(1454) _int_free_maybe_consolidate
calls=429 4770 
* 11700
4743 44
+1 44
+2 132
+1 44
5137 132
cfn=(1454)
calls=44 4770 
* 1056
* 378
cfn=(1454)
calls=126 4770 
* 4465
+7 5391
-55 131
+3 393
+41 599
-1 599
+1 1198
4714 1198
5126 946
4756 126
+1 378
+1 252
-37 450
cfn=(1924)
calls=450 1608 
* 10737
+1 900

fn=(1888) calloc
3699 8
+10 4
-10 28
+10 32
+8 8
+3 12
+2 8
+3 32
+7 4
+8 4
-7 8
+7 8
+14 12
cfn=(1156)
calls=4 +92 
* 739
+2 28
fi=(205)
153 8
fe=(204)
3769 16
+15 4
+3 16
+9 4
-12 4
+12 8
+3 20
+8 4
+2 8
+2 8
-55 12
+3 8
+78 4
fi=(210) ./malloc/../string/bits/string_fortified.h
59 8
fe=(204)
3837 24
fi=(210)
59 4
cob=(4)
cfi=(175)
cfn=(1890)
calls=4 -59 
* 215
fe=(204)

fn=(1922)
4665 10480
+1 2096
-1 6288
+5 12576
+3 4192
+5 6288
+3 4192
+1 4192
+1 4192
1992 6288
4689 4192
+2 801
+2 801
-1 801
+2 3204
+2 1602
cfn=(1924)
calls=801 1608 
* 19011
+18 4192
+6 3884
+4 1222
+9 1222
-1 1222
+1 3666
+1 2444
-1 720
-1 720
+1 2160
+1 1440
+2 1942
+2 3884
+5 1942
+1 1942
+2 5826
+1 1942
-45 1942
-1 3884
+1 11652
-1 1942
cfn=(1454)
calls=1942 +69 
* 172566
+1 154
-1 308
+1 924
-1 154
cfn=(1454)
calls=154 +69 
* 1205899
+39 4182
+16 154
+1 462
+1 308
-37 720
+1 720
-1 720
cfn=(1924)
calls=720 1608 
* 17181
+1 720
-47 1797
-2 1198

fn=(1144)
3294 923904
+7 230976
1326 230974
+19 577431
3311 230958
+2 461952
+3 230968
+10 147902
+8 591528
+2 221823
cfn=(1156)
calls=73941 3846 
* 12090815
+3 147882
+8 295764
+4 221823
fi=(205)
153 221820
-98 1008
+92 5040
fe=(204)
3351 1008
fi=(205)
147 1008
+6 1008
fe=(204)
3351 147880
+3 443706
3248 16
cfn=(1154) tcache_init.part.0
calls=4 -6 
* 3325
+68 8
+1 12
+1 343629
3178 83074
+4 83074
+4 41537
+4 41537
-4 124611
+4 41537
+1 41537
3354 249222
-26 40
cfn=(1156)
calls=10 3846 
* 1377
+1 50
fi=(205)
153 20
264 1
cfn=(1148)
calls=1 -2 
* 1151
fe=(204)
1326 2

fn=(1448) posix_memalign
5786 5990
+3 1198
+6 2396
-1 1198
+2 2396
+5 1797
cfn=(1450) _mid_memalign.isra.0
calls=599 3575 
* 4204354
* 599
+8 599
-6 1198
+2 599
+1 599
+4 3594

fn=(1450)
3575 4193
+6 1198
+4 1198
1326 1198
+19 2995
3615 1797
+2 1198
+21 1198
+8 4776
+2 2388
cfn=(1452)
calls=597 5039 
* 4161303
+1 1194
+8 2388
+2 2985
fi=(205)
153 1791
-98 278
+92 1390
fe=(204)
3659 278
fi=(205)
147 278
+6 278
fe=(204)
3659 1194
+3 3594
-72 1797
+8 1797
+42 10
cfn=(1452)
calls=2 5039 
* 448
+1 10
fi=(205)
153 4
fe=(204)
3643 1198

fn=(2068)
3359 116482
+4 232964
-4 348270
+14 116090
-14 348270
+12 116090
+4 116090
-4 116090
+4 232180
+17 348267
fi=(205)
153 348267
-98 1335
+92 8010
+6 1335
fe=(204)
3398 4005
cfn=(2072)
calls=1335 4495 
* 225598
* 344262
cfn=(2072)
calls=114754 4495 
* 10959339
+3 116089
+1 696534
-23 3
+2 4
+2 1
+1 1
-1 1
+1 1
+1 1
+3 2
cfn=(4538)
calls=1 3024 
* 36
+13 1
+1 398
3248 21
cfn=(1154)
calls=1 -6 
* 264
3395 3

fn=(4450) malloc_consolidate
4811 196
+17 196
-17 980
+28 196
-28 588
+15 196
+2 196
+13 392
+1 392
-1 3528
+1 3528
+62 5880
+1 1568
-31 134504
+4 22344
+2 11172
+1 22344
+1 22344
+2 22344
-4 56080
+1 112160
+1 112160
+2 112160
+1 59122
+4 29561
+2 29561
-2 59122
+3 29561
+9 59122
-12 37691
+2 37691
-2 75382
+3 37691
+9 142670
-56 134648
+4 201972
+1 269296
+8 67324
-3 134648
+3 67324
-3 67324
+4 67324
-4 67324
+5 67324
-5 67324
+5 134648
+2 134648
+1 9654
+2 9654
-1 9654
+2 38616
+2 67578
cfn=(1924)
calls=9654 1608 
* 224469
* 48270
+3 134648
+25 72
+1 144
+1 144
-23 56080
+1 168240
+16 112160
-16 56080
cfn=(1924)
calls=56080 1608 
* 1241978
* 224320

fn=(1156)
3846 820149
1326 149118
+19 447351
3887 149112
1794 74556
3914 149112
+65 145958
-63 291916
+3 72979
+2 145958
+2 11578
-6 5789
+9 11578
+6 11578
+1 11578
+7 5789
-1 11578
+1 28945
+5 11578
3165 5789
3945 5789
+1 11578
3165 40454
-2 40454
+4 40454
-2 40454
3945 40454
3163 40454
+3 40454
+1 40454
3946 202321
+2 80908
+2 121362
+27 3154
+62 22969
+1 4635
+20 68671
-1 68671
-1 68671
+1 137342
+1 137342
-2 137332
+12 343355
-1 132108
+4 132108
+1 66054
+2 132108
-3 6032
+1 3016
+2 6032
+1 207210
+2 69070
+1 276280
+2 276280
-10 69070
+12 138140
+1 138140
+2 138140
+11 269926
+29 4756
+1 4756
+4 9512
+29 8920
+8 24384
+1 720
+1 720
-1 720
+4 1440
-4 2229
+1 2229
-1 2229
+4 4458
+5 474
-2 474
+2 1422
+1 948
+7 161
-1 644
+2 483
3929 104198
-42 6
+27 6
+66 67225
+2 67225
-2 67225
+2 134450
+2 99
+1 198
+6 99
-4 99
+1 99
+1 99
+2 198
+1 14
+6 396
-1 198
+1 198
+5 954
+1 500
+2 306
-52 728092
-40 9
1345 3
3919 6
+2 6
+9 201579
4041 278
cfn=(4450)
calls=139 4811 
* 3804577
* 139
+93 1653
+1 1653
-1 1653
+1 3306
+1 216
-15 216
+19 432
-19 1437
+19 2874
+1 8568
1985 18042
4487 894708
1985 99
4020 99
1985 198
3165 121362
+2 80908
4163 4148
+1 6222
+1 2074
-1 2074
+57 4148
+9 2074
-9 4148
+9 2074
-9 6222
+1 2074
+1 2074
+1 2074
+1 2074
+6 4148
-10 5898
+9 2949
-9 5898
+9 2949
-9 8847
+1 2949
+1 2949
+1 2949
+1 2949
+6 5898
+1 256
+1 512
+7 1024
4070 15069
4246 4142
+11 13998
+2 3966
+3 1322
-3 1322
+3 2644
+1 5837
+71 13191
-4 4397
+1 4397
+1 4397
-1 4397
+1 4397
+1 8794
+1 13191
+5 24005
+16 35976
+2 71952
-4 82850
+8 5449
+3 10898
+2 2404
+1 2404
+1 2404
-2 9616
-27 2404
-99 19068
3163 1428
+4 1428
-4 1428
+2 11424
+1 2856
+1 1428
4070 2920
+74 128
-45 129322
+2 64314
-1 128628
+27 1920
+1 1920
+4 3840
+29 1828
+8 3510
4008 153
+1 153
+1 306
+1 16
3159 16
4012 16
3167 16
-8 16
+4 16
4013 16
3163 16
+2 64
+1 16
+2 16
-2 16
+1 16
+1 16
-9 137
4012 137
3167 137
-8 137
+4 137
4013 137
3163 137
+2 548
+1 137
+2 137
-2 137
+1 137
+1 137
4218 2475
-48 2475
+48 7425
4343 10806
+3 13336
-3 7770
+3 10296
-3 5571
+3 7392
-3 2118
4443 1352
+1 2704
+2 2704
+3 4056
+17 80
4070 32
-91 192
4169 12678
+23 939
+3 27
+1 81
-3 680
+6 313
+7 237
-1 948
+2 474
+2 237
+1 711
+2 237
+1 474
-1 76
+1 152
-44 4320
+33 152
4343 2250
+5 9000
+1 4500
+24 12180
+3 6090
+2 3045
+3 6090
-3 6090
+3 3045
cfn=(1924)
calls=3045 1608 
* 91917
+3 12180
+15 6068
-5 3034
+5 6068
+1 6068
+3 3034
+1 3034
+1 3034
+3 6068
+1 2256
+1 6068
+2 4656
+3 18624
+2 6984
+1 2328
1985 2328
4421 2328
1985 4656
4415 5648
+2 2118
+1 706
1985 706
4421 706
1985 1423
4421 11
1985 22
4387 11
-1 11
+1 22
+1 4
4070 1364
3199 1364
-21 1364
+4 2728
+17 22
-21 22
+4 44
+8 1386
-4 5544
+4 1386
+1 2772
4248 1386
4105 62394
-1 62394
+3 62394
-1 62394
+1 124788
+1 187182
+1 124788
+2 97810
+4 48905
+6 48905
-6 48905
+7 48905
-7 293430
+2 146715
+5 48905
-4 48905
+4 48905
cfn=(1164)
calls=48905 1985 
* 195620
-7 13489
+6 13489
-6 13489
+7 13489
-7 80934
+2 40467
+5 13489
-4 13489
+4 13489
cfn=(1164)
calls=13489 1985 
* 53956
+1 62394
2552 20
+12 20
-12 100
+12 20
+1 3
+3 4
+8 5
cfn=(4174)
calls=1 2400 
* 110
* 1
+1 2
4482 2
-22 4863
cfn=(1164)
calls=1621 1985 
* 6484
+1 1621
-9 2664
+2 2664
-1 1332
+1 1332
-3 1332
+3 1332
+2 1332
-2 5328
+2 1332
+3 3202
4266 269
+1 269
+2 107
-2 1880
+6 538
+2 101
+1 202
+2 101
+1 202
-1 202
+1 101
cfn=(1924)
calls=101 1608 
* 3324
-1 168
+1 336
-1 336
+1 168
cfn=(1924)
calls=168 1608 
* 5544
+3 1076
+13 520
-4 260
+4 520
+1 520
+3 260
+1 260
+1 260
+1 520
+2 232
+3 928
+2 348
+1 116
+3 116
-6 1152
+2 432
+1 144
+3 144
2553 19
+36 57
+1 19
-1 19
+1 19
+9 184
+6 54
+3 57
fi=(205)
55 45
fe=(204)
2616 15
fi=(205)
147 15
fe=(204)
2616 15
fi=(205)
147 15
fe=(204)
2616 15
fi=(205)
147 15
fe=(204)
2616 15
-1 15
+1 30
fi=(205)
479 15
+4 45
+1 15
+1 30
+3 45
+10 15
+1 15
fe=(204)
2619 30
+1 30
-1 30
+1 30
2921 57
+1 19
+4 19
+4 95
+5 19
-2 19
+5 19
-3 38
-3 19
+2 19
+1 19
+1 19
-1 57
+1 19
4482 19
fi=(205)
490 120
cfi=(226)
cfn=(1882)
calls=15 117 
* 90
* 90
+5 30
55 30
fe=(204)
2669 12
+8 8
+1 12
+13 4
+2 4
-2 8
+8 20
+8 8
+48 4
+40 3
+19 2
+3 2
+1 6
+2 1
+1 5
cfi=(207)
cfn=(1158)
calls=1 25 
* 33
+12 4
-12 1
+12 1
2008 4
3882 1
2873 1
+3 1
-1 1
+1 4
+12 1
-11 1
+11 2
2783 1
-1 2
2017 2
2745 1
+1 1
+6 3
-6 1
+6 3
-6 3
+6 9
-6 3
+6 15
+1 18
-44 12
cfi=(207)
cfn=(1158)
calls=4 25 
* 211
+1 8
-1 4
+1 4
2008 4
2711 4
2008 12
2712 4
+3 8
+29 24
4285 9
-1 9
+1 18
+1 14
+90 66

fn=(1454)
4770 29645
+6 5390
+22 29634
-20 1664
+3 1248
fi=(205)
55 329
fe=(204)
4792 329
fi=(205)
55 658
+92 329
fe=(204)
4794 658
+1 329
fi=(205)
545 329
fe=(204)
4795 329
fi=(205)
545 658
+27 329
55 658
585 329
+1 658
fe=(204)
4779 57
cfn=(4450)
calls=57 +32 
* 1320934
* 57
+5 435
+1 4
+13 7
-13 1
cfn=(2928) systrim.constprop.0
calls=1 2957 
* 30
fi=(205)
585 658
fe=(204)

fn=(1154)
3242 20
+9 24
+1 9
cfn=(1156)
calls=3 3846 
* 579
+1 6
+8 12
+9 5
fi=(210)
59 10
fe=(204)
3270 5
fi=(210)
59 430
fe=(204)
3274 15
fi=(205)
824 4
cfn=(3286)
calls=4 703 
* 116
* 4
+1 14
cfn=(3288)
calls=2 -7 
* 2044
fe=(204)
3252 8
cfn=(1156)
calls=2 3846 
* 264
+1 4
+7 4
+8 4
-7 8

fn=(2072)
4495 813197
+4 348513
+6 464684
+1 232342
+4 580855
+8 464684
-1 232170
+1 232170
+29 114543
-20 114543
-6 114543
+6 229086
+20 458172
1792 115183
4561 230366
+11 454492
+2 340869
1992 113623
4593 113623
1992 227246
4595 113623
+1 113623
+4 227246
+2 113623
-2 113623
+2 113623
+26 454066
+30 697026
-21 3120
+3 3120
+3 3120
-46 113623
+22 113623
-22 227246
+22 340869
+2 454492
+1 227246
-6 227246
3163 988
+4 988
-4 988
+2 3952
+1 988
+1 988
4550 988
+94 6240
+2 3120
cfn=(1922)
calls=1560 +19 
* 1511762
+3 6240

fn=(2928)
2957 6
+9 3
+2 1
+1 2
+5 1
+1 1
-1 2
+4 5
+2 2
-10 1
+50 6

fl=(123) ./wcsmbs/../sysdeps/x86_64/multiarch/wmemset.c
fn=(382) wmemset
31 2
fi=(124) ./wcsmbs/../sysdeps/x86_64/multiarch/ifunc-wmemset.h
+5 10
+1 6
fe=(123)
-6 2

fl=(202)
fn=(1128)
24 207
+1 184
+3 23
cob=(4)
cfi=(175)
cfn=(824)
calls=23 -28 
* 368
+1 23
-1 23
+1 6042
+2 3002
+1 884
cob=(4)
cfi=(175)
cfn=(1130) 0x0000000004c53600
calls=221 -32 
* 6087
* 446
+1 2
+4 207

fl=(238) ./string/../sysdeps/x86_64/multiarch/memset-vec-unaligned-erms.S
fn=(2528) __memset_chk_avx2_unaligned_erms
152 5
+1 5
+1 25
+4 5
+1 10
+5 5
+1 5
+1 5
+1 5
+1 5
+2 5
+1 5
+1 10

fn=(1694) __memset_avx2_unaligned_erms
158 9
+1 18
+5 9
+1 9
+1 7
+1 7
+1 7
+2 1
+1 1
+1 2
+65 6
+1 6
+6 6
+1 6
+12 6
+3 6
+1 6
+12 6
+1 6
+13 6
+1 6
+2 6
+3 5
+3 5
+3 5
+1 5
+1 5
+1 5
+1 5
+1 5
+1 5
-6 9
+1 9
+1 9
+1 9
+1 9
+1 9
+1 14
+3 5
+1 5
+1 5
+1 5
+3 10
-6 1
+1 1
+1 1
+1 1
+3 2
+23 2
+9 2
+1 2
+5 2
+1 2
+36 2
+1 2
+5 2

fl=(344) ./libio/./libio/iofflush.c
fn=(4686) fflush
32 15
+1 30
-1 75
+7 30
+1 15
fi=(328)
1025 45
+1 30
fe=(344)
40 30
cfi=(325)
cfn=(4688)
calls=15 793 
* 1130
* 30
fi=(328)
979 30
+1 60
fe=(344)
44 75
-5 210
fi=(328)
980 90
fe=(344)

fl=(174)
fn=(566)
55 2
+1 2
-1 2
+1 2
-1 4
+1 1
cob=(4)
cfi=(175)
cfn=(568)
calls=1 -56 
* 26
+2 4
cob=(4)
cfi=(175)
cfn=(568)
calls=1 -58 
* 25
+2 4
cob=(4)
cfi=(175)
cfn=(568)
calls=1 -60 
* 26
+2 6

fl=(248) ./string/../sysdeps/x86_64/multiarch/strncpy-avx2.S
fn=(1862) __strncpy_avx2
54 2
+18 2
+3 2
+3 2
+1 2
+1 2
+1 2
+1 2
+3 2
+1 2
+1 2
+4 2
+7 2
+2 2
504 2
+1 2
+1 2
+1 2
+1 2
+1 2
+1 4
+6 2
+1 2
+1 2
+13 2
+2 2
+1 2
+1 2
+2 2
+1 2
+1 2
+44 2
+1 2
+1 1
+1 1
+11 1
+4 1
+1 1
+1 1
+2 1
+1 1

fl=(269) ./inet/../sysdeps/unix/sysv/linux/ifaddrs.c
fn=(2498) __netlink_request
127 18
+12 2
-12 10
+12 2
cob=(4)
cfi=(175)
cfn=(2500)
calls=2 0 
* 358
* 2
+1 4
+3 2
-39 4
+39 2
-39 4
+5 2
fi=(276) ./inet/../string/bits/string_fortified.h
-50 4
fe=(269)
+58 2
-9 4
-1 2
+2 2
+1 2
+1 2
+1 2
fi=(276)
-53 8
fe=(269)
+58 4
+2 14
cfi=(272)
cfn=(2504)
calls=2 -94 
* 132
* 4
+26 10
+5 45
+11 20
cfi=(273)
cfn=(2506)
calls=5 35 
* 295
* 15
+1 15
cfi=(274)
cfn=(2508)
calls=5 44 
* 135
+1 10
+3 15
+3 15
+5 5
-1 5
-1 5
+3 37
+3 27
+1 27
+4 9
-1 9
+1 18
+6 14
-13 28
-1 44
+27 10
+3 10
cob=(4)
cfi=(175)
cfn=(2500)
calls=5 0 
* 1008
+2 10
+2 5
fi=(276)
29 15
fe=(269)
210 10
fi=(276)
29 5
cob=(4)
cfi=(175)
cfn=(2510) 0x0000000004c536f0
calls=5 -29 
* 430
fe=(269)
210 5
+3 5
-3 5
+2 5
-1 5
+1 5
+1 5
+3 8
+1 4
-69 8
+69 1
-69 2
+72 4
cob=(4)
cfi=(175)
cfn=(2516)
calls=2 0 
* 362
+1 2
+5 24
-12 2
fi=(271) ./inet/../include/time.h
527 3
cfi=(239)
cfn=(1742)
calls=1 30 
* 11
+1 1
fe=(269)
105 3
+81 4

fn=(2486) getifaddrs
827 6
+4 2
cfn=(2488) getifaddrs_internal
calls=1 303 
* 10076
+1 2
+3 3

fn=(2490) __netlink_open
240 2
+3 2
-3 4
+3 1
-3 4
+3 1
cfi=(270)
cfn=(2492)
calls=1 120 
* 6
* 1
+1 2
+4 1
fi=(276)
59 3
fe=(269)
248 1
+1 2
fi=(276)
59 2
fe=(269)
249 1
cfi=(270)
cfn=(2494)
calls=1 120 
* 6
* 2
+11 3
-1 1
+1 1
cfi=(270)
cfn=(2496)
calls=1 120 
* 6
* 2
+2 2
+1 1
+1 8

fn=(2488)
303 1
+1 1
-1 4
fi=(277) ./inet/../include/scratch_buffer.h
77 1
fe=(269)
303 3
+15 1
-15 4
+13 1
+2 1
-14 2
fi=(277)
77 1
+1 1
fe=(269)
304 1
+14 1
cfn=(2490)
calls=1 -78 
* 65
* 2
+5 3
cfn=(2498)
calls=1 127 
* 1605
* 2
+12 2
-1 1
+1 1
cfn=(2498)
calls=1 127 
* 1767
+9 1
-9 2
+9 2
-35 1
+34 1
+14 1
-14 2
+1 1
-1 3
+6 1
-2 1
+2 6
-2 4
+2 8
+46 20
-41 106
+3 45
+5 18
+6 27
+3 14
+7 2
-1 2
+3 184
+4 120
+6 232
-10 296
77 2
+3 3
+4 2
+1 1
cob=(4)
cfi=(175)
cfn=(2516)
calls=1 -85 
* 214
-1 8
+1 4
cob=(4)
cfi=(175)
cfn=(2516)
calls=4 -85 
* 348
-5 10
+9 1
233 3
fi=(277)
85 3
fe=(269)
819 12
344 17
+56 4
+6 1
-1 1
+2 1
-2 4
cob=(4)
cfi=(175)
cfn=(2518) 0x0000000004c53450
calls=1 0 
* 518
* 1
+4 2
+7 1
fi=(277)
131 5
cfi=(275)
cfn=(2520)
calls=1 30 
* 25
fe=(269)
416 3
+5 1
+1 1
fi=(276)
59 1
fe=(269)
422 1
-1 1
fi=(276)
59 1
cob=(4)
cfi=(175)
cfn=(1890)
calls=1 -59 
* 15
fe=(269)
424 1
+4 5
-4 3
+4 2
-3 5
+8 1
-2 1
+2 6
-2 4
+2 8
+7 25
544 10
440 96
+5 54
+3 27
+3 14
+11 2
-5 2
278 2
456 2
+6 2
278 10
+9 2
-9 4
+2 9
+4 2
-2 2
+2 4
-1 4
+1 1
471 8
+2 2
-2 8
+2 24
+5 12
+19 4
+44 276
-68 552
+5 69
-3 69
+1 69
+2 331
+45 4
fi=(276)
29 24
fe=(269)
524 2
fi=(276)
29 6
cob=(4)
cfi=(175)
cfn=(2510)
calls=2 -29 
* 62
fe=(269)
541 2
-17 4
fi=(276)
29 2
fe=(269)
386 2
+6 2
-6 4
+6 2
80 5
428 15
793 8
+2 1
79 1
795 2
+2 3
+5 4
-4 4
-1 6
+14 1
312 1
811 2
514 6
+2 8
+1 2
cob=(4)
cfi=(175)
cfn=(2522)
calls=2 0 
* 41
* 4
+1 2
+23 4
-60 8
+2 6
fi=(276)
29 8
fe=(269)
484 2
fi=(276)
29 24
cob=(4)
cfi=(175)
cfn=(2510)
calls=2 -29 
* 48
fe=(269)
488 2
-2 6
+2 2
+1 2
-3 2
+3 2
+3 4
+49 4
440 16
554 5
+1 5
-8 5
+1 5
+6 5
+1 5
-1 5
278 30
+9 14
-9 8
+2 21
559 60
+1 10
+1 5
+1 5
+2 115
+5 22
+58 9
+5 3
fi=(276)
59 3
fe=(269)
634 6
-2 3
+2 3
fi=(276)
59 3
fe=(269)
632 18
fi=(276)
59 6
fe=(269)
635 3
-3 3
fi=(276)
59 39
cob=(4)
cfi=(175)
cfn=(2526) 0x0000000004c53670
calls=3 -59 
* 63
* 9
fe=(269)
639 3
+2 6
+2 6
+90 20
564 8
733 84
564 192
+5 25
-3 25
+1 25
+2 100
675 8
fi=(276)
59 6
fe=(269)
676 4
fi=(276)
59 30
cob=(4)
cfi=(175)
cfn=(2526)
calls=2 -59 
* 42
* 6
fe=(269)
680 2
+2 4
+2 4
575 35
+19 10
+2 14
715 9
+2 3
+1 6
-1 3
+1 3
cob=(4)
cfi=(175)
cfn=(2522)
calls=3 0 
* 63
+1 31
+19 10
+10 15
+1 5
+1 20
+6 10
+2 14
+3 3
+1 3
+10 3
+6 9
+5 9
-11 2
+6 6
+5 6
+1 41
+1 15
+1 5
440 10
+59 4
fi=(276)
29 4
fe=(269)
499 4
fi=(276)
29 4
fe=(269)
500 2
fi=(276)
29 26
cob=(4)
cfi=(175)
cfn=(2510)
calls=2 -29 
* 48
fe=(269)
504 2
-2 6
+2 2
+2 2
-4 2
+4 2
+3 4
+32 4
+66 4
+2 2
fi=(276)
29 34
cob=(4)
cfi=(175)
cfn=(2510)
calls=2 -29 
* 40
fe=(269)
611 10
+1 2
+2 2
733 2
600 6
+1 3
fi=(276)
29 45
cob=(4)
cfi=(175)
cfn=(2510)
calls=3 -29 
* 72
fe=(269)
733 3
fi=(276)
29 3
fe=(269)
647 6
+1 3
fi=(276)
29 57
cob=(4)
cfi=(175)
cfn=(2510)
calls=3 -29 
* 72
fe=(269)
733 3
fi=(276)
29 3
fe=(269)
688 4
+1 2
fi=(276)
29 38
cob=(4)
cfi=(175)
cfn=(2510)
calls=2 -29 
* 48
fe=(269)
733 2
fi=(276)
29 2
fe=(269)
589 5
+1 15
+1 15
284 5
559 15
fi=(276)
29 4
fe=(269)
740 8
287 6
-9 5
+2 9
744 6
+22 2
+1 4
284 2
744 6
+40 34

fn=(2552) freeifaddrs
843 1
+1 1
cob=(4)
cfi=(175)
cfn=(2516)
calls=1 0 
* 208

fl=(120) ./string/../sysdeps/x86_64/multiarch/strchrnul.c
fn=(374) strchrnul
31 1
fi=(84)
+9 3
-2 4
fe=(120)
-7 2
fi=(84)
+10 2
+1 3
+3 2
+4 3
+3 5
fe=(120)

fl=(198) ./string/../sysdeps/x86_64/multiarch/strlen-avx2.S
fn=(826) __strlen_avx2
52 173
+13 173
+1 173
+1 173
+3 173
+2 173
+1 173
+3 173
+1 173
+8 173
+1 173
+1 173
+5 346

fl=(218)
fn=(1362)
28 30
+2 10
-1 5
+5 20

fl=(284) ./nss/./nss/getnameinfo.c
fn=(2702) getnameinfo
504 98
+1 21
+4 35
+3 35
+3 21
+43 77
fi=(279)
77 7
+1 7
-1 7
fe=(284)
536 28
fi=(279)
85 14
fe=(284)
557 14
-35 14
+24 14
380 28
+8 14
-50 21
+30 28
cfi=(285)
cfn=(2706)
calls=7 54 
* 10591
* 21
fi=(279)
85 14
fe=(284)

fl=(318)
fn=(4514)
21 16
+1 4
-1 4
+1 4
+2 8
+15 16

fl=(345) ./io/../sysdeps/unix/sysv/linux/close.c
fn=(4850) close
26 10
+1 20
-1 40
+1 10
cfi=(266)
cfn=(2248)
calls=10 +4 
* 180
* 90
cfi=(266)
cfn=(2252)
calls=10 +36 
* 150
* 10
+1 20

fl=(291) ./ctype/./ctype/ctype.c
fn=(2908) isxdigit
36 35

fn=(2902) isalnum
26 112

fl=(83) ./string/../sysdeps/x86_64/multiarch/strnlen.c
fn=(288) strnlen
31 2
fi=(84)
+9 6
-2 8
fe=(83)
-7 4
fi=(84)
+10 4
+1 6
+3 4
+4 6
+3 10
fe=(83)

fl=(171)
fn=(560)
29 5
+2 35
+2 20
+2 20
+1 5

fl=(220)
fn=(1374) __isoc23_strtoul
125 1
+1 5
cfi=(221)
cfn=(1376)
calls=1 238 
* 126

fn=(4166) __isoc23_strtol
125 2
+1 10
cfi=(221)
cfn=(3354)
calls=2 238 
* 202

fn=(2578)
107 8
+1 32
cfi=(221)
cfn=(1376)
calls=8 238 
* 970

fn=(3352) strtol
116 1
+1 5
cfi=(221)
cfn=(3354)
calls=1 238 
* 180

fl=(348)
fn=(5236)
137 2
+1 3
-1 1
+1 1
cfn=(5238) __run_exit_handlers
calls=1 38 
* 11275

fn=(5238)
38 12
+2 2
+3 5
+11 2
+2 2
+38 2
-30 48
+2 15
+1 15
-1 15
+3 127
+44 12
+13 1
-66 1
+66 3
+2 2
+3 2
cfi=(356)
cfn=(5456)
calls=1 27 
* 4
-29 4
+1 4
-2 4
+3 4
+3 4
-3 8
+3 12
+1 12
cob=(1) /usr/lib/x86_64-linux-gnu/ld-linux-x86-64.so.2
cfi=(349) ./elf/./elf/dl-fini.c
cfn=(5244) _dl_fini
calls=1 -82 
* 10025
cob=(9)
cfi=(212)
cfn=(5242) std::vector<unsigned long, std::allocator<unsigned long> >::~vector()
calls=1 0 
* 103
cob=(9)
cfi=(212)
cfn=(5240) std::vector<std::__cxx11::basic_string<char, std::char_traits<char>, std::allocator<char> >, std::allocator<std::__cxx11::basic_string<char, std::char_traits<char>, std::allocator<char> > > >::~vector()
calls=2 0 
* 281
+1 16
+10 3
+1 2
-79 1
cfi=(315)
cfn=(4508)
calls=1 148 
* 13
* 1
+88 1
cfi=(257)
cfn=(5442)
calls=1 842 
* 506
* 1

ob=(3) /usr/lib/x86_64-linux-gnu/libm.so.6
fl=(148) ./math/../sysdeps/x86_64/fpu/multiarch/e_log2.c
fn=(464) log2@@GLIBC_2.29
27 1
fi=(142) ./math/../sysdeps/x86_64/fpu/multiarch/ifunc-fma.h
+2 4
+1 3
fe=(148)
-3 1

fl=(147) ./math/../sysdeps/x86_64/fpu/multiarch/e_logf.c
fn=(460) logf@@GLIBC_2.27
27 1
fi=(142)
+2 4
+1 3
fe=(147)
-3 1

fl=(141) ./math/../sysdeps/x86_64/fpu/multiarch/s_cosf.c
fn=(444) cosf
26 1
fi=(142)
+3 4
+1 3
fe=(141)
-4 1

fl=(157) ./math/../sysdeps/x86_64/fpu/multiarch/s_sinf.c
fn=(496) sinf
26 1
fi=(142)
+3 4
+1 3
fe=(157)
-4 1

fl=(150) ./math/../sysdeps/x86_64/fpu/multiarch/e_powf.c
fn=(472) powf@@GLIBC_2.27
30 1
fi=(142)
-1 4
+1 4
fe=(150)

fl=(161) ./math/../sysdeps/x86_64/fpu/multiarch/e_atan2.c
fn=(514) __atan2_finite@GLIBC_2.15
26 1
fi=(144) ./math/../sysdeps/x86_64/fpu/multiarch/ifunc-avx-fma4.h
+6 5
+1 2
fe=(161)
-7 1

fl=(156) ./math/../sysdeps/x86_64/fpu/multiarch/e_asin.c
fn=(502) __asin_finite@GLIBC_2.15
27 1
fi=(152) ./math/../sysdeps/x86_64/fpu/multiarch/ifunc-fma4.h
+4 4
+1 2
fe=(156)
-5 1

fn=(492) __acos_finite@GLIBC_2.15
35 1
fi=(152)
-4 4
+1 2
+3 1
fe=(156)

fl=(159) ./math/../sysdeps/x86_64/fpu/multiarch/s_expm1.c
fn=(506) expm1
26 1
fi=(142)
+3 4
+1 3
fe=(159)
-4 1

fl=(154) ./math/../sysdeps/x86_64/fpu/multiarch/s_log1p.c
fn=(484) __log1p
26 1
fi=(142)
+3 4
+1 3
fe=(154)
-4 1

fl=(146) ./math/../sysdeps/x86_64/fpu/multiarch/s_sin.c
fn=(518) sin
27 1
fi=(144)
+5 5
+1 2
fe=(146)
-6 1

fn=(456) cos
34 1
fi=(144)
-2 5
+1 2
fe=(146)
+1 1

fl=(183) ???
fn=(5434) 0x0000000000010430
0 5

fn=(616) 0x00000000000104e0
0 12

fn=(5424) 0x00000000000104a0
0 9
cob=(4)
cfi=(175)
cfn=(5430) 0x0000000004e4f220
calls=1 0 
0 134
0 1
cfn=(5434)
calls=1 0 
0 5
0 3

fl=(145) ./math/../sysdeps/x86_64/fpu/multiarch/e_expf.c
fn=(452) expf@@GLIBC_2.27
27 1
fi=(142)
+2 4
+1 3
fe=(145)
-3 1

fl=(143) ./math/../sysdeps/x86_64/fpu/multiarch/e_exp.c
fn=(448) __exp_finite@GLIBC_2.15
27 1
fi=(144)
+5 5
+1 2
fe=(143)
-6 1

fl=(160) ./math/../sysdeps/x86_64/fpu/multiarch/e_exp2f.c
fn=(510) exp2f@@GLIBC_2.27
27 1
fi=(142)
+2 4
+1 3
fe=(160)
-3 1

fl=(162) ./math/../sysdeps/x86_64/fpu/multiarch/s_sincos.c
fn=(522) sincos
26 1
fi=(152)
+5 4
+1 2
fe=(162)
-6 1

fl=(155) ./math/../sysdeps/x86_64/fpu/multiarch/e_log.c
fn=(488) __log_finite@GLIBC_2.15
27 1
fi=(144)
+5 5
+1 2
fe=(155)
-6 1

fl=(153) ./math/../sysdeps/x86_64/fpu/multiarch/e_log2f.c
fn=(480) log2f@@GLIBC_2.27
27 1
fi=(142)
+2 4
+1 3
fe=(153)
-3 1

fl=(158) ./math/../sysdeps/x86_64/fpu/multiarch/s_fma.c
fn=(500) fma
49 6

fl=(151) ./math/../sysdeps/x86_64/fpu/multiarch/e_pow.c
fn=(476) __pow_finite@GLIBC_2.15
27 1
fi=(152)
+4 4
+1 2
fe=(151)
-5 1

fl=(149) ./math/../sysdeps/x86_64/fpu/multiarch/s_sincosf.c
fn=(468) sincosf
26 1
fi=(142)
+3 4
+1 3
fe=(149)
-4 1

ob=(4)
fl=(175)
fn=(3568)
0 4
cob=(8)
cfi=(211)
cfn=(3572)
calls=2 0 
0 3139
cob=(1)
cfi=(186) ./elf/../sysdeps/x86_64/dl-trampoline.h
cfn=(646) _dl_runtime_resolve_xsave
calls=1 71 
0 857
0 5

fn=(3586)
0 672
cob=(8)
cfi=(211)
cfn=(3590)
calls=336 0 
0 23762
cob=(1)
cfi=(186)
cfn=(646)
calls=1 71 
0 697
0 5

fn=(4228)
0 2
cob=(8)
cfi=(211)
cfn=(4232)
calls=1 0 
0 6052
cob=(1)
cfi=(186)
cfn=(646)
calls=1 71 
0 833
0 5

fn=(4270)
0 227002
cob=(8)
cfi=(211)
cfn=(4274)
calls=113501 0 
0 454004
cob=(1)
cfi=(186)
cfn=(646)
calls=1 71 
0 713
0 5

fn=(4276)
0 227002
cob=(8)
cfi=(211)
cfn=(4280)
calls=113501 0 
0 1816016
cob=(1)
cfi=(186)
cfn=(646)
calls=1 71 
0 733
0 5

fn=(802) 0x0000000004a23b80
0 512
cob=(2)
cfi=(194)
cfn=(806)
calls=256 32 
0 11136
cob=(1)
cfi=(186)
cfn=(646)
calls=1 71 
0 777
0 5

fn=(812) 0x0000000004a21f00
0 24
cob=(7)
cfi=(185)
cfn=(816) std::ctype<wchar_t>::_M_convert_to_wmask(unsigned short) const
calls=12 0 
0 4261
cob=(1)
cfi=(186)
cfn=(646)
calls=1 71 
0 893
0 5

fn=(818) 0x0000000004a21580
0 20
cob=(2)
cfi=(197)
cfn=(822)
calls=10 26 
0 3300
cob=(1)
cfi=(186)
cfn=(646)
calls=1 71 
0 790
0 5

fn=(894) 0x0000000004a20a50
0 2
cob=(7)
cfi=(185)
cfn=(898) std::moneypunct<char, false>::_M_initialize_moneypunct(__locale_struct*, char const*)
calls=1 0 
0 114
cob=(1)
cfi=(186)
cfn=(646)
calls=1 71 
0 1045
0 5

fn=(1022) 0x0000000004a20780
0 2
cob=(7)
cfi=(185)
cfn=(1026) std::locale::locale(std::locale::_Impl*)
calls=1 0 
0 3
cob=(1)
cfi=(186)
cfn=(646)
calls=1 71 
0 777
0 5

fn=(1036) 0x0000000004a236e0
0 8
cob=(7)
cfi=(185)
cfn=(1040) std::basic_ios<char, std::char_traits<char> >::init(std::basic_streambuf<char, std::char_traits<char> >*)
calls=4 0 
0 4031
cob=(1)
cfi=(186)
cfn=(646)
calls=1 71 
0 1068
0 5

fn=(1048) 0x0000000004a229c0
0 36
cob=(7)
cfi=(185)
cfn=(1052) std::locale::operator=(std::locale const&)
calls=18 0 
0 414
cob=(1)
cfi=(186)
cfn=(646)
calls=1 71 
0 737
0 5

fn=(1072) 0x0000000004a24270
0 8
cob=(7)
cfi=(185)
cfn=(1076) std::basic_ios<wchar_t, std::char_traits<wchar_t> >::_M_cache_locale(std::locale const&)
calls=4 0 
0 224
cob=(1)
cfi=(186)
cfn=(646)
calls=1 71 
0 1028
0 5

fn=(1384) 0x000000000010b950
0 2
cob=(8)
cfi=(211)
cfn=(1386)
calls=1 0 
0 28207

fn=(1458)
0 10
cob=(8)
cfi=(211)
cfn=(1462)
calls=5 0 
0 5260
cob=(1)
cfi=(186)
cfn=(646)
calls=1 71 
0 687
0 5

fn=(1522)
0 2
cob=(8)
cfi=(211)
cfn=(1526)
calls=1 0 
0 1900
cob=(1)
cfi=(186)
cfn=(646)
calls=1 71 
0 635
0 5

fn=(1523)
0 2
cob=(8)
cfi=(211)
cfn=(1527)
calls=1 0 
0 1879

fn=(1586)
0 2
cob=(8)
cfi=(211)
cfn=(1590)
calls=1 0 
0 3
cob=(1)
cfi=(186)
cfn=(646)
calls=1 71 
0 678
0 5

fn=(1614)
0 1640
cob=(2)
cfi=(236)
cfn=(1618)
calls=820 367 
0 30320
cob=(1)
cfi=(186)
cfn=(646)
calls=1 71 
0 949
0 5

fn=(1708)
0 4
cob=(8)
cfi=(211)
cfn=(1712)
calls=2 0 
0 4991
cob=(1)
cfi=(186)
cfn=(646)
calls=1 71 
0 767
0 5

fn=(1744)
0 4
cob=(2)
cfi=(226)
cfn=(1748)
calls=2 120 
0 12
cob=(1)
cfi=(186)
cfn=(646)
calls=1 71 
0 892
0 5

fn=(1858)
0 4
cob=(2)
cfi=(248)
cfn=(1862)
calls=2 54 
0 76
cob=(1)
cfi=(186)
cfn=(646)
calls=1 71 
0 869
0 5

fn=(1944)
0 1568
cob=(8)
cfi=(211)
cfn=(1948)
calls=784 0 
0 2352
cob=(1)
cfi=(186)
cfn=(646)
calls=1 71 
0 709
0 5

fn=(1952)
0 4
cob=(8)
cfi=(211)
cfn=(1956)
calls=2 0 
0 16897
cob=(1)
cfi=(186)
cfn=(646)
calls=1 71 
0 817
0 5

fn=(2078)
0 454420
cob=(8)
cfi=(211)
cfn=(2082)
calls=227210 0 
0 908840
cob=(1)
cfi=(186)
cfn=(646)
calls=1 71 
0 757
0 5

fn=(2092) 0x000000000010b9f0
0 2
cob=(7)
cfi=(185)
cfn=(2094) __cxa_guard_acquire
calls=1 0 
0 20

fn=(2120)
0 2
cob=(8)
cfi=(211)
cfn=(2124)
calls=1 0 
0 7440
cob=(1)
cfi=(186)
cfn=(646)
calls=1 71 
0 745
0 5

fn=(2194) 0x0000000004a24260
0 52
cob=(2)
cfi=(214)
cfn=(1350)
calls=26 255 
0 376
cob=(1)
cfi=(186)
cfn=(646)
calls=1 71 
0 1057
0 5

fn=(2254)
0 4
cob=(8)
cfi=(211)
cfn=(2258)
calls=2 0 
0 7170
cob=(1)
cfi=(186)
cfn=(646)
calls=1 71 
0 1120
0 5

fn=(2476)
0 2
cob=(8)
cfi=(211)
cfn=(2480)
calls=1 0 
0 13986
cob=(1)
cfi=(186)
cfn=(646)
calls=1 71 
0 937
0 5

fn=(2682)
0 8
cob=(2)
cfi=(270)
cfn=(2496)
calls=4 120 
0 24
cob=(1)
cfi=(186)
cfn=(646)
calls=1 71 
0 844
0 5

fn=(2758)
0 8
cob=(8)
cfi=(211)
cfn=(2762)
calls=4 0 
0 68
cob=(1)
cfi=(186)
cfn=(646)
calls=1 71 
0 721
0 5

fn=(2770)
0 22
cob=(8)
cfi=(211)
cfn=(2774)
calls=11 0 
0 33
cob=(1)
cfi=(186)
cfn=(646)
calls=1 71 
0 717
0 5

fn=(2776)
0 1562
cob=(8)
cfi=(211)
cfn=(2780)
calls=781 0 
0 268909
cob=(1)
cfi=(186)
cfn=(646)
calls=1 71 
0 853
0 5

fn=(2790)
0 1024
cob=(8)
cfi=(211)
cfn=(2794)
calls=512 0 
0 47475
cob=(1)
cfi=(186)
cfn=(646)
calls=1 71 
0 701
0 5

fn=(2796)
0 1024
cob=(2)
cfi=(290)
cfn=(2800)
calls=512 25 
0 29184
cob=(1)
cfi=(186)
cfn=(646)
calls=1 71 
0 878
0 5

fn=(2802)
0 8
cob=(8)
cfi=(211)
cfn=(2806)
calls=4 0 
0 1048
cob=(1)
cfi=(186)
cfn=(646)
calls=1 71 
0 785
0 5

fn=(2832)
0 2
cob=(8)
cfi=(211)
cfn=(2836)
calls=1 0 
0 817
cob=(1)
cfi=(186)
cfn=(646)
calls=1 71 
0 1033
0 5

fn=(2848) 0x0000000004a24150
0 6
cob=(7)
cfi=(185)
cfn=(2852) std::__cxx11::basic_string<char, std::char_traits<char>, std::allocator<char> >::_M_mutate(unsigned long, unsigned long, char const*, unsigned long)
calls=3 0 
0 2692
cob=(1)
cfi=(186)
cfn=(646)
calls=1 71 
0 1062
0 5

fn=(2910)
0 4
cob=(8)
cfi=(211)
cfn=(2914)
calls=2 0 
0 3203
cob=(1)
cfi=(186)
cfn=(646)
calls=1 71 
0 1153
0 5

fn=(2954)
0 8
cob=(8)
cfi=(211)
cfn=(2958)
calls=4 0 
0 68
cob=(1)
cfi=(186)
cfn=(646)
calls=1 71 
0 853
0 5

fn=(2986)
0 2
cob=(8)
cfi=(211)
cfn=(2990)
calls=1 0 
0 4234
cob=(1)
cfi=(186)
cfn=(646)
calls=1 71 
0 841
0 5

fn=(3012)
0 908016
cob=(8)
cfi=(211)
cfn=(3016)
calls=454008 0 
0 2270040
cob=(1)
cfi=(186)
cfn=(646)
calls=1 71 
0 741
0 5

fn=(3082) 0x0000000004a24360
0 142
cob=(7)
cfi=(185)
cfn=(3086) std::ostream::sentry::sentry(std::ostream&)
calls=71 0 
0 1715
cob=(1)
cfi=(186)
cfn=(646)
calls=1 71 
0 758
0 5

fn=(3083) 0x0000000004a24360'2
0 2
cob=(7)
cfi=(185)
cfn=(3087) std::ostream::sentry::sentry(std::ostream&)'2
calls=1 0 
0 22

fn=(3098) 0x0000000004a23c40
0 4
cob=(7)
cfi=(185)
cfn=(2188) std::__cxx11::basic_string<char, std::char_traits<char>, std::allocator<char> >::reserve(unsigned long)
calls=2 0 
0 548
cob=(1)
cfi=(186)
cfn=(646)
calls=1 71 
0 1006
0 5

fn=(3144)
0 4
cob=(8)
cfi=(211)
cfn=(3148)
calls=2 0 
0 628
cob=(1)
cfi=(186)
cfn=(646)
calls=1 71 
0 1157
0 5

fn=(3278)
0 8
cob=(8)
cfi=(211)
cfn=(3282)
calls=4 0 
0 2195
cob=(1)
cfi=(186)
cfn=(646)
calls=1 71 
0 721
0 5

fn=(3458)
0 4
cob=(8)
cfi=(211)
cfn=(3462)
calls=2 0 
0 8044
cob=(1)
cfi=(186)
cfn=(646)
calls=1 71 
0 961
0 5

fn=(3478)
0 4
cob=(8)
cfi=(211)
cfn=(3482)
calls=2 0 
0 426
cob=(1)
cfi=(186)
cfn=(646)
calls=1 71 
0 941
0 5

fn=(3806)
0 4
cob=(8)
cfi=(211)
cfn=(3810)
calls=2 0 
0 130
cob=(1)
cfi=(186)
cfn=(646)
calls=1 71 
0 1237
0 5

fn=(3828)
0 4
cob=(8)
cfi=(211)
cfn=(3832)
calls=2 0 
0 8
cob=(1)
cfi=(186)
cfn=(646)
calls=1 71 
0 797
0 5

fn=(3858)
0 4
cob=(8)
cfi=(211)
cfn=(3862)
calls=2 0 
0 1176
cob=(1)
cfi=(186)
cfn=(646)
calls=1 71 
0 829
0 5

fn=(3948)
0 4
cob=(8)
cfi=(211)
cfn=(3952)
calls=2 0 
0 5182
cob=(1)
cfi=(186)
cfn=(646)
calls=1 71 
0 789
0 5

fn=(3986) 0x0000000004a21fc0
0 2
cob=(7)
cfi=(185)
cfn=(3990) std::ctype<char>::_M_widen_init() const
calls=1 0 
0 803
cob=(1)
cfi=(186)
cfn=(646)
calls=1 71 
0 849
0 5

fn=(4050)
0 4
cob=(8)
cfi=(211)
cfn=(4054)
calls=2 0 
0 2337
cob=(1)
cfi=(186)
cfn=(646)
calls=1 71 
0 769
0 5

fn=(4124)
0 6
cob=(8)
cfi=(211)
cfn=(4128)
calls=3 0 
0 18
cob=(1)
cfi=(186)
cfn=(646)
calls=1 71 
0 689
0 5

fn=(4150) 0x000000000010b770
0 18
cob=(7)
cfi=(185)
cfn=(4152) operator delete(void*, unsigned long)
calls=9 0 
0 79718

fn=(4156) 0x000000000010b560
0 330882
cob=(7)
cfi=(185)
cfn=(4158) std::chrono::_V2::system_clock::now()
calls=165441 0 
0 4798664

fn=(4358)
0 1852
cob=(8)
cfi=(211)
cfn=(4362)
calls=926 0 
0 4630
cob=(1)
cfi=(186)
cfn=(646)
calls=1 71 
0 849
0 5

fn=(4380) 0x000000000010b6e0
0 227390
cob=(8)
cfi=(211)
cfn=(4382)
calls=113695 0 
0 60383401

fn=(4416)
0 227002
cob=(8)
cfi=(211)
cfn=(4420)
calls=113501 0 
0 3632032
cob=(1)
cfi=(186)
cfn=(646)
calls=1 71 
0 853
0 5

fn=(4486) 0x0000000004a205d0
0 4
cob=(2)
cfi=(312)
cfn=(4490)
calls=2 23 
0 486
cob=(1)
cfi=(186)
cfn=(646)
calls=1 71 
0 816
0 5

fn=(4586) 0x0000000004a23e10
0 10
cob=(7)
cfi=(185)
cfn=(4590) std::ostreambuf_iterator<char, std::char_traits<char> > std::num_put<char, std::ostreambuf_iterator<char, std::char_traits<char> > >::_M_insert_int<unsigned long>(std::ostreambuf_iterator<char, std::char_traits<char> >, std::ios_base&, char, unsigned long) const
calls=5 0 
0 1550
cob=(1)
cfi=(186)
cfn=(646)
calls=1 71 
0 1242
0 5

fn=(4702)
0 4
cob=(8)
cfi=(211)
cfn=(4706)
calls=2 0 
0 2120
cob=(1)
cfi=(186)
cfn=(646)
calls=1 71 
0 725
0 5

fn=(4758)
0 4
cob=(8)
cfi=(211)
cfn=(4762)
calls=2 0 
0 9932
cob=(1)
cfi=(186)
cfn=(646)
calls=1 71 
0 861
0 5

fn=(4772)
0 4
cob=(8)
cfi=(211)
cfn=(4776)
calls=2 0 
0 238
cob=(1)
cfi=(186)
cfn=(646)
calls=1 71 
0 905
0 5

fn=(4804)
0 4
cob=(8)
cfi=(211)
cfn=(4808)
calls=2 0 
0 10
cob=(1)
cfi=(186)
cfn=(646)
calls=1 71 
0 757
0 5

fn=(4828)
0 4
cob=(8)
cfi=(211)
cfn=(4832)
calls=2 0 
0 1596
cob=(1)
cfi=(186)
cfn=(646)
calls=1 71 
0 757
0 5

fn=(4852)
0 2
cob=(8)
cfi=(211)
cfn=(4856)
calls=1 0 
0 136
cob=(1)
cfi=(186)
cfn=(646)
calls=1 71 
0 937
0 5

fn=(4878)
0 4
cob=(8)
cfi=(211)
cfn=(4882)
calls=2 0 
0 26
cob=(1)
cfi=(186)
cfn=(646)
calls=1 71 
0 893
0 5

fn=(4928)
0 2
cob=(8)
cfi=(211)
cfn=(4932)
calls=1 0 
0 166
cob=(1)
cfi=(186)
cfn=(646)
calls=1 71 
0 1032
0 5

fn=(4948)
0 4
cob=(8)
cfi=(211)
cfn=(4947)
calls=2 0 
0 14429
cob=(1)
cfi=(186)
cfn=(646)
calls=1 71 
0 709
0 5

fn=(4968)
0 4
cob=(8)
cfi=(211)
cfn=(4967)
calls=2 0 
0 10032
cob=(1)
cfi=(186)
cfn=(646)
calls=1 71 
0 701
0 5

fn=(5230)
0 2
cob=(8)
cfi=(211)
cfn=(5234)
calls=1 0 
0 2
cob=(1)
cfi=(186)
cfn=(646)
calls=1 71 
0 709
0 5

fn=(5290) 0x000000000483d294
0 4

fn=(5338) 0x0000000004a22320
0 4
cob=(7)
cfi=(185)
cfn=(5342) std::error_category::~error_category()
calls=2 0 
0 4
cob=(1)
cfi=(186)
cfn=(646)
calls=1 71 
0 809
0 5

fn=(5352) 0x0000000004a21970
0 4
cob=(7)
cfi=(185)
cfn=(5356) std::uncaught_exception()
calls=2 0 
0 1775
cob=(1)
cfi=(186)
cfn=(646)
calls=1 71 
0 771
0 5

fn=(3580)
0 4
cob=(8)
cfi=(211)
cfn=(3584)
calls=2 0 
0 1451
cob=(1)
cfi=(186)
cfn=(646)
calls=1 71 
0 877
0 5

fn=(4264)
0 227008
cob=(8)
cfi=(211)
cfn=(4268)
calls=113504 0 
0 454016
cob=(1)
cfi=(186)
cfn=(646)
calls=1 71 
0 741
0 5

fn=(4284)
0 454266
cob=(8)
cfi=(211)
cfn=(4288)
calls=227133 0 
0 681399
cob=(1)
cfi=(186)
cfn=(646)
calls=1 71 
0 689
0 5

fn=(760) 0x0000000004a22a00
0 2
cob=(7)
cfi=(185)
cfn=(764) std::__timepunct<char>::__timepunct(std::__timepunct_cache<char>*, unsigned long)
calls=1 0 
0 1198
cob=(1)
cfi=(186)
cfn=(646)
calls=1 71 
0 920
0 5

fn=(832) 0x0000000004a215a0
0 2
cob=(7)
cfi=(185)
cfn=(836) std::codecvt<wchar_t, char, __mbstate_t>::codecvt(unsigned long)
calls=1 0 
0 44
cob=(1)
cfi=(186)
cfn=(646)
calls=1 71 
0 825
0 5

fn=(1060) 0x0000000004a23920
0 28
cob=(7)
cfi=(185)
cfn=(1064) std::basic_ios<char, std::char_traits<char> >::_M_cache_locale(std::locale const&)
calls=14 0 
0 784
cob=(1)
cfi=(186)
cfn=(646)
calls=1 71 
0 1028
0 5

fn=(1080) 0x0000000004a21620
0 22
cob=(2)
cfi=(200)
cfn=(1084)
calls=11 67 
0 832
cob=(1)
cfi=(186)
cfn=(646)
calls=1 71 
0 945
0 5

fn=(1372) 0x000000000010b800
0 2
cob=(2)
cfi=(220)
cfn=(1374)
calls=1 125 
0 132

fn=(1382) 0x000000000010b600
0 2
cob=(2)
cfi=(199)
cfn=(830)
calls=1 73 
0 19

fn=(1396)
0 84
cob=(7)
cfi=(185)
cfn=(1400) operator new(unsigned long, std::nothrow_t const&)
calls=42 0 
0 13046
cob=(1)
cfi=(186)
cfn=(646)
calls=1 71 
0 784
0 5

fn=(1476)
0 26
cob=(8)
cfi=(211)
cfn=(1480)
calls=13 0 
0 2253
cob=(1)
cfi=(186)
cfn=(646)
calls=1 71 
0 699
0 5

fn=(1482)
0 52
cob=(2)
cfi=(227)
cfn=(1486)
calls=26 38 
0 1066
cob=(1)
cfi=(186)
cfn=(646)
calls=1 71 
0 818
0 5

fn=(1558)
0 2
cob=(8)
cfi=(211)
cfn=(1562)
calls=1 0 
0 71
cob=(1)
cfi=(186)
cfn=(646)
calls=1 71 
0 639
0 5

fn=(1672)
0 2
cob=(8)
cfi=(211)
cfn=(1676)
calls=1 0 
0 51262
cob=(1)
cfi=(186)
cfn=(646)
calls=1 71 
0 683
0 5

fn=(1780)
0 32
cob=(8)
cfi=(211)
cfn=(1784)
calls=16 0 
0 96
cob=(1)
cfi=(186)
cfn=(646)
calls=1 71 
0 763
0 5

fn=(1792)
0 6
cob=(8)
cfi=(211)
cfn=(1796)
calls=3 0 
0 9
cob=(1)
cfi=(186)
cfn=(646)
calls=1 71 
0 727
0 5

fn=(1798)
0 2
cob=(8)
cfi=(211)
cfn=(1802)
calls=1 0 
0 9473
cob=(1)
cfi=(186)
cfn=(646)
calls=1 71 
0 691
0 5

fn=(1816)
0 4
cob=(8)
cfi=(211)
cfn=(1820)
calls=2 0 
0 9223
cob=(1)
cfi=(186)
cfn=(646)
calls=1 71 
0 927
0 5

fn=(1828)
0 16
cob=(2)
cfi=(240)
cfn=(1832)
calls=8 27 
0 4931
cob=(1)
cfi=(186)
cfn=(646)
calls=1 71 
0 924
0 5

fn=(1926)
0 4
cob=(8)
cfi=(211)
cfn=(1930)
calls=2 0 
0 6
cob=(1)
cfi=(186)
cfn=(646)
calls=1 71 
0 757
0 5

fn=(2012)
0 909596
cob=(8)
cfi=(211)
cfn=(2016)
calls=454798 0 
0 2728788
cob=(1)
cfi=(186)
cfn=(646)
calls=1 71 
0 673
0 5

fn=(2102)
0 4
cob=(8)
cfi=(211)
cfn=(2106)
calls=2 0 
0 1508
cob=(1)
cfi=(186)
cfn=(646)
calls=1 71 
0 757
0 5

fn=(2132)
0 4542618
cob=(8)
cfi=(211)
cfn=(2136)
calls=2271309 0 
0 13627854
cob=(1)
cfi=(186)
cfn=(646)
calls=1 71 
0 677
0 5

fn=(2168)
0 227004
cob=(8)
cfi=(211)
cfn=(2172)
calls=113502 0 
0 34844971
cob=(1)
cfi=(186)
cfn=(646)
calls=1 71 
0 781
0 5

fn=(2278) 0x0000000004a20bd0
0 22
cob=(2)
cfi=(268)
cfn=(2282)
calls=11 61 
0 209
cob=(1)
cfi=(186)
cfn=(646)
calls=1 71 
0 830
0 5

fn=(2316)
0 8
cob=(8)
cfi=(211)
cfn=(2320)
calls=4 0 
0 32
cob=(1)
cfi=(186)
cfn=(646)
calls=1 71 
0 753
0 5

fn=(2346)
0 12
cob=(8)
cfi=(211)
cfn=(2350)
calls=6 0 
0 1744
cob=(1)
cfi=(186)
cfn=(646)
calls=1 71 
0 817
0 5

fn=(2364)
0 4
cob=(8)
cfi=(211)
cfn=(2368)
calls=2 0 
0 20
cob=(1)
cfi=(186)
cfn=(646)
calls=1 71 
0 701
0 5

fn=(2382)
0 4
cob=(8)
cfi=(211)
cfn=(2386)
calls=2 0 
0 41760
cob=(1)
cfi=(186)
cfn=(646)
calls=1 71 
0 949
0 5

fn=(2388)
0 4
cob=(8)
cfi=(211)
cfn=(2392)
calls=2 0 
0 36982
cob=(1)
cfi=(186)
cfn=(646)
calls=1 71 
0 761
0 5

fn=(2416)
0 4
cob=(8)
cfi=(211)
cfn=(2420)
calls=2 0 
0 8
cob=(1)
cfi=(186)
cfn=(646)
calls=1 71 
0 833
0 5

fn=(2458)
0 4
cob=(8)
cfi=(211)
cfn=(2462)
calls=2 0 
0 6
cob=(1)
cfi=(186)
cfn=(646)
calls=1 71 
0 809
0 5

fn=(2522)
0 108
cob=(2)
cfi=(214)
cfn=(2524)
calls=54 242 
0 944

fn=(2526)
0 10
cob=(2)
cfi=(238)
cfn=(2528)
calls=5 152 
0 95

fn=(2548)
0 2
cob=(2)
cfi=(269)
cfn=(2552)
calls=1 843 
0 210
cob=(1)
cfi=(186)
cfn=(646)
calls=1 71 
0 868
0 5

fn=(2590)
0 4
cob=(8)
cfi=(211)
cfn=(2594)
calls=2 0 
0 750
cob=(1)
cfi=(186)
cfn=(646)
calls=1 71 
0 713
0 5

fn=(2596)
0 50
cob=(8)
cfi=(211)
cfn=(2600)
calls=25 0 
0 75
cob=(1)
cfi=(186)
cfn=(646)
calls=1 71 
0 709
0 5

fn=(2618)
0 8
cob=(8)
cfi=(211)
cfn=(2622)
calls=4 0 
0 8
cob=(1)
cfi=(186)
cfn=(646)
calls=1 71 
0 769
0 5

fn=(1338) 0x000000000010b760
0 16
cob=(7)
cfi=(185)
cfn=(1340) operator new(unsigned long)
calls=8 0 
0 81538

fn=(1342) 0x000000000010b710
0 6
cob=(2)
cfi=(200)
cfn=(1084)
calls=3 67 
0 228

fn=(634) 0x0000000004a1c000
0 7

fn=(670) 0x0000000004a21410
0 2
cob=(7)
cfi=(185)
cfn=(674) std::locale::_Impl::_Impl(unsigned long)
calls=1 0 
0 73473
cob=(1)
cfi=(186)
cfn=(646)
calls=1 71 
0 745
0 5

fn=(676) 0x0000000004a213e0
0 14
cob=(7)
cfi=(185)
cfn=(680) std::locale::facet::_S_get_c_name()
calls=7 0 
0 21
cob=(1)
cfi=(186)
cfn=(646)
calls=1 71 
0 855
0 5

fn=(2636)
0 14
cob=(8)
cfi=(211)
cfn=(2640)
calls=7 0 
0 888
cob=(1)
cfi=(186)
cfn=(646)
calls=1 71 
0 745
0 5

fn=(2642)
0 14
cob=(8)
cfi=(211)
cfn=(2646)
calls=7 0 
0 98
cob=(1)
cfi=(186)
cfn=(646)
calls=1 71 
0 757
0 5

fn=(2728)
0 2
cob=(8)
cfi=(211)
cfn=(2732)
calls=1 0 
0 1062
cob=(1)
cfi=(186)
cfn=(646)
calls=1 71 
0 961
0 5

fn=(2820) 0x000000000010b660
0 2
cob=(8)
cfi=(211)
cfn=(2822)
calls=1 0 
0 2775

fn=(2960)
0 10
cob=(8)
cfi=(211)
cfn=(2964)
calls=5 0 
0 749
cob=(1)
cfi=(186)
cfn=(646)
calls=1 71 
0 1204
0 5

fn=(3020)
0 4
cob=(2)
cfi=(204)
cfn=(3024)
calls=2 3407 
0 456
cob=(1)
cfi=(186)
cfn=(646)
calls=1 71 
0 821
0 5

fn=(3112) 0x0000000004a22e40
0 4
cob=(7)
cfi=(185)
cfn=(3116) std::__cxx11::basic_stringbuf<char, std::char_traits<char>, std::allocator<char> >::_M_sync(char*, unsigned long, unsigned long)
calls=2 0 
0 100
cob=(1)
cfi=(186)
cfn=(646)
calls=1 71 
0 1050
0 5

fn=(3254)
0 1080
cob=(8)
cfi=(211)
cfn=(2234)
calls=540 0 
0 91301
cob=(1)
cfi=(186)
cfn=(646)
calls=1 71 
0 789
0 5

fn=(3306)
0 46
cob=(8)
cfi=(211)
cfn=(3310)
calls=23 0 
0 22918
cob=(1)
cfi=(186)
cfn=(646)
calls=1 71 
0 745
0 5

fn=(3332)
0 6
cob=(8)
cfi=(211)
cfn=(3336)
calls=3 0 
0 9
cob=(1)
cfi=(186)
cfn=(646)
calls=1 71 
0 773
0 5

fn=(3356)
0 2
cob=(8)
cfi=(211)
cfn=(3360)
calls=1 0 
0 3
cob=(1)
cfi=(186)
cfn=(646)
calls=1 71 
0 789
0 5

fn=(3380)
0 2
cob=(8)
cfi=(211)
cfn=(3384)
calls=1 0 
0 12
cob=(1)
cfi=(186)
cfn=(646)
calls=1 71 
0 609
0 5

fn=(3428)
0 4
cob=(8)
cfi=(211)
cfn=(3432)
calls=2 0 
0 32
cob=(1)
cfi=(186)
cfn=(646)
calls=1 71 
0 793
0 5

fn=(3554)
0 2
cob=(8)
cfi=(211)
cfn=(3558)
calls=1 0 
0 136
cob=(1)
cfi=(186)
cfn=(646)
calls=1 71 
0 953
0 5

fn=(3650)
0 8
cob=(8)
cfi=(211)
cfn=(3654)
calls=4 0 
0 784
cob=(1)
cfi=(186)
cfn=(646)
calls=1 71 
0 781
0 5

fn=(3664)
0 12
cob=(8)
cfi=(211)
cfn=(3668)
calls=6 0 
0 22523
cob=(1)
cfi=(186)
cfn=(646)
calls=1 71 
0 721
0 5

fn=(3728)
0 230
cob=(8)
cfi=(211)
cfn=(3732)
calls=115 0 
0 5013
cob=(1)
cfi=(186)
cfn=(646)
calls=1 71 
0 781
0 5

fn=(3840)
0 4
cob=(8)
cfi=(211)
cfn=(3844)
calls=2 0 
0 1806
cob=(1)
cfi=(186)
cfn=(646)
calls=1 71 
0 833
0 5

fn=(3918)
0 4
cob=(8)
cfi=(211)
cfn=(3922)
calls=2 0 
0 5431
cob=(1)
cfi=(186)
cfn=(646)
calls=1 71 
0 805
0 5

fn=(3942)
0 4
cob=(8)
cfi=(211)
cfn=(3946)
calls=2 0 
0 34699
cob=(1)
cfi=(186)
cfn=(646)
calls=1 71 
0 833
0 5

fn=(3974)
0 4
cob=(7)
cfi=(185)
cfn=(3978) std::ostream::operator<<(int)
calls=2 0 
0 4522
cob=(1)
cfi=(186)
cfn=(646)
calls=1 71 
0 729
0 5

fn=(4014)
0 4
cob=(8)
cfi=(211)
cfn=(4018)
calls=2 0 
0 1684
cob=(1)
cfi=(186)
cfn=(646)
calls=1 71 
0 1680
0 5

fn=(4042)
0 4
cob=(8)
cfi=(211)
cfn=(4046)
calls=2 0 
0 2204
cob=(1)
cfi=(186)
cfn=(646)
calls=1 71 
0 1261
0 5

fn=(4068)
0 4
cob=(8)
cfi=(211)
cfn=(4072)
calls=2 0 
0 272
cob=(1)
cfi=(186)
cfn=(646)
calls=1 71 
0 1029
0 5

fn=(4086)
0 454818
cob=(8)
cfi=(211)
cfn=(4090)
calls=227409 0 
0 27405710
cob=(1)
cfi=(186)
cfn=(646)
calls=1 71 
0 733
0 5

fn=(4100)
0 454012
cob=(8)
cfi=(211)
cfn=(4104)
calls=227006 0 
0 1135030
cob=(1)
cfi=(186)
cfn=(646)
calls=1 71 
0 733
0 5

fn=(4384)
0 227390
cob=(8)
cfi=(211)
cfn=(4388)
calls=113695 0 
0 52429305
cob=(1)
cfi=(186)
cfn=(646)
calls=1 71 
0 785
0 5

fn=(4502) 0x000000000010b610
0 4
cob=(7)
cfi=(185)
cfn=(4504) std::thread::_State::~_State()
calls=2 0 
0 4

fn=(4604) 0x0000000004a221d0
0 10
cob=(7)
cfi=(185)
cfn=(4608) std::__num_base::_S_format_float(std::ios_base const&, char*, char)
calls=5 0 
0 115
cob=(1)
cfi=(186)
cfn=(646)
calls=1 71 
0 935
0 5

fn=(4616) 0x0000000004a22c90
0 10
cob=(2)
cfi=(241)
cfn=(4620)
calls=5 102 
0 10332
cob=(1)
cfi=(186)
cfn=(646)
calls=1 71 
0 799
0 5

fn=(4766)
0 4
cob=(8)
cfi=(211)
cfn=(4770)
calls=2 0 
0 1158
cob=(1)
cfi=(186)
cfn=(646)
calls=1 71 
0 901
0 5

fn=(4834)
0 8
cob=(8)
cfi=(211)
cfn=(4838)
calls=4 0 
0 1081
cob=(1)
cfi=(186)
cfn=(646)
calls=1 71 
0 865
0 5

fn=(4890)
0 4
cob=(8)
cfi=(211)
cfn=(4894)
calls=2 0 
0 230
cob=(1)
cfi=(186)
cfn=(646)
calls=1 71 
0 1552
0 5

fn=(5086)
0 4
cob=(8)
cfi=(211)
cfn=(5090)
calls=2 0 
0 7065
cob=(1)
cfi=(186)
cfn=(646)
calls=1 71 
0 701
0 5

fn=(5098)
0 24
cob=(2)
cfi=(346)
cfn=(5102)
calls=12 26 
0 144
cob=(1)
cfi=(186)
cfn=(646)
calls=1 71 
0 971
0 5

fn=(5170)
0 2
cob=(8)
cfi=(211)
cfn=(5174)
calls=1 0 
0 6513
cob=(1)
cfi=(186)
cfn=(646)
calls=1 71 
0 697
0 5

fn=(5224)
0 2
cob=(8)
cfi=(211)
cfn=(5228)
calls=1 0 
0 2
cob=(1)
cfi=(186)
cfn=(646)
calls=1 71 
0 693
0 5

fn=(5430)
0 2
cob=(2)
cfi=(351)
cfn=(5256)
calls=1 30 
0 132

fn=(1326)
0 7

fn=(568)
0 42
cob=(1)
cfi=(11) ./elf/./elf/dl-tunables.c
cfn=(28) __tunable_get_val
calls=21 387 
0 493

fn=(606)
0 2
cob=(2)
cfi=(181)
cfn=(608)
calls=1 53 
0 29

fn=(772) 0x0000000004a20630
0 2
cob=(7)
cfi=(185)
cfn=(776) std::__cxx11::messages<char>::messages(unsigned long)
calls=1 0 
0 51
cob=(1)
cfi=(186)
cfn=(646)
calls=1 71 
0 832
0 5

fn=(790) 0x0000000004a23000
0 24
cob=(2)
cfi=(192)
cfn=(794)
calls=12 30 
0 264
cob=(1)
cfi=(186)
cfn=(646)
calls=1 71 
0 814
0 5

fn=(796) 0x0000000004a22040
0 256
cob=(2)
cfi=(193)
cfn=(800)
calls=128 30 
0 3200
cob=(1)
cfi=(186)
cfn=(646)
calls=1 71 
0 902
0 5

fn=(868) 0x0000000004a20ca0
0 2
cob=(7)
cfi=(185)
cfn=(872) std::__cxx11::messages<wchar_t>::messages(unsigned long)
calls=1 0 
0 51
cob=(1)
cfi=(186)
cfn=(646)
calls=1 71 
0 788
0 5

fn=(942) 0x0000000004a220a0
0 2
cob=(7)
cfi=(185)
cfn=(946) std::numpunct<wchar_t>::_M_initialize_numpunct(__locale_struct*)
calls=1 0 
0 353
cob=(1)
cfi=(186)
cfn=(646)
calls=1 71 
0 981
0 5

fn=(1378) 0x000000000010b7f0
0 6
cob=(7)
cfi=(185)
cfn=(1380) std::__cxx11::basic_string<char, std::char_traits<char>, std::allocator<char> >::_M_dispose()
calls=3 0 
0 18

fn=(1388)
0 2
cob=(8)
cfi=(211)
cfn=(1394)
calls=1 0 
0 3
cob=(1)
cfi=(186)
cfn=(646)
calls=1 71 
0 715
0 5

fn=(1464)
0 10
cob=(8)
cfi=(211)
cfn=(1468)
calls=5 0 
0 966
cob=(1)
cfi=(186)
cfn=(646)
calls=1 71 
0 695
0 5

fn=(1574)
0 8
cob=(8)
cfi=(211)
cfn=(1578)
calls=4 0 
0 12
cob=(1)
cfi=(186)
cfn=(646)
calls=1 71 
0 678
0 5

fn=(1682)
0 2
cob=(8)
cfi=(211)
cfn=(1686)
calls=1 0 
0 956
cob=(1)
cfi=(186)
cfn=(646)
calls=1 71 
0 918
0 5

fn=(1688)
0 4
cob=(2)
cfi=(238)
cfn=(1694)
calls=2 158 
0 39
cob=(1)
cfi=(186)
cfn=(646)
calls=1 71 
0 888
0 5

fn=(1726)
0 230204
cob=(8)
cfi=(211)
cfn=(1730)
calls=115102 0 
0 690612
cob=(1)
cfi=(186)
cfn=(646)
calls=1 71 
0 695
0 5

fn=(1768)
0 872
cob=(8)
cfi=(211)
cfn=(1772)
calls=436 0 
0 872
cob=(1)
cfi=(186)
cfn=(646)
calls=1 71 
0 815
0 5

fn=(1810)
0 2572
cob=(8)
cfi=(211)
cfn=(1814)
calls=1286 0 
0 3858
cob=(1)
cfi=(186)
cfn=(646)
calls=1 71 
0 751
0 5

fn=(1970)
0 4
cob=(8)
cfi=(211)
cfn=(1974)
calls=2 0 
0 7044
cob=(1)
cfi=(186)
cfn=(646)
calls=1 71 
0 789
0 5

fn=(2048)
0 2
cob=(8)
cfi=(211)
cfn=(2052)
calls=1 0 
0 5
cob=(1)
cfi=(186)
cfn=(646)
calls=1 71 
0 653
0 5

fn=(2074) 0x000000000010b7a0
0 18
cob=(8)
cfi=(211)
cfn=(2076)
calls=9 0 
0 15160

fn=(2144)
0 3859512
cob=(8)
cfi=(211)
cfn=(2148)
calls=1929756 0 
0 5789268
cob=(1)
cfi=(186)
cfn=(646)
calls=1 71 
0 685
0 5

fn=(2156)
0 2
cob=(8)
cfi=(211)
cfn=(2160)
calls=1 0 
0 3096
cob=(1)
cfi=(186)
cfn=(646)
calls=1 71 
0 789
0 5

fn=(2200)
0 14
cob=(8)
cfi=(211)
cfn=(2204)
calls=7 0 
0 329
cob=(1)
cfi=(186)
cfn=(646)
calls=1 71 
0 757
0 5

fn=(2236)
0 6380
cob=(8)
cfi=(211)
cfn=(2240)
calls=3190 0 
0 354335
cob=(1)
cfi=(186)
cfn=(646)
calls=1 71 
0 709
0 5

fn=(2242)
0 6380
cob=(2)
cfi=(265)
cfn=(2246)
calls=3190 27 
0 181830
cob=(1)
cfi=(186)
cfn=(646)
calls=1 71 
0 870
0 5

fn=(2284) 0x0000000004a23620
0 80
cob=(2)
cfi=(199)
cfn=(830)
calls=40 73 
0 827
cob=(1)
cfi=(186)
cfn=(646)
calls=1 71 
0 859
0 5

fn=(2300) 0x0000000004a21cf0
0 70
cob=(2)
cfi=(198)
cfn=(826)
calls=35 52 
0 490
cob=(1)
cfi=(186)
cfn=(646)
calls=1 71 
0 851
0 5

fn=(2358)
0 12
cob=(8)
cfi=(211)
cfn=(2362)
calls=6 0 
0 30
cob=(1)
cfi=(186)
cfn=(646)
calls=1 71 
0 757
0 5

fn=(2394)
0 10
cob=(2)
cfi=(181)
cfn=(608)
calls=5 53 
0 106
cob=(1)
cfi=(186)
cfn=(646)
calls=1 71 
0 849
0 5

fn=(2410)
0 4
cob=(8)
cfi=(211)
cfn=(2414)
calls=2 0 
0 8
cob=(1)
cfi=(186)
cfn=(646)
calls=1 71 
0 797
0 5

fn=(2434)
0 4
cob=(8)
cfi=(211)
cfn=(2438)
calls=2 0 
0 18
cob=(1)
cfi=(186)
cfn=(646)
calls=1 71 
0 857
0 5

fn=(2452)
0 10
cob=(8)
cfi=(211)
cfn=(2456)
calls=5 0 
0 15
cob=(1)
cfi=(186)
cfn=(646)
calls=1 71 
0 801
0 5

fn=(2500)
0 20
cob=(2)
cfi=(204)
cfn=(1144)
calls=10 3294 
0 3265

fn=(2624)
0 6
cob=(8)
cfi=(211)
cfn=(2628)
calls=3 0 
0 9
cob=(1)
cfi=(186)
cfn=(646)
calls=1 71 
0 705
0 5

fn=(2630)
0 6
cob=(2)
cfi=(283)
cfn=(2634)
calls=3 94 
0 21
cob=(1)
cfi=(186)
cfn=(646)
calls=1 71 
0 936
0 5

fn=(2676)
0 14
cob=(8)
cfi=(211)
cfn=(2680)
calls=7 0 
0 1929
cob=(1)
cfi=(186)
cfn=(646)
calls=1 71 
0 957
0 5

fn=(2916)
0 4
cob=(8)
cfi=(211)
cfn=(2920)
calls=2 0 
0 1302
cob=(1)
cfi=(186)
cfn=(646)
calls=1 71 
0 1137
0 5

fn=(2930)
0 8
cob=(8)
cfi=(211)
cfn=(2934)
calls=4 0 
0 1102
cob=(1)
cfi=(186)
cfn=(646)
calls=1 71 
0 961
0 5

fn=(2948)
0 4
cob=(8)
cfi=(211)
cfn=(2952)
calls=2 0 
0 21502
cob=(1)
cfi=(186)
cfn=(646)
calls=1 71 
0 885
0 5

fn=(2968)
0 2
cob=(8)
cfi=(211)
cfn=(2972)
calls=1 0 
0 182
cob=(1)
cfi=(186)
cfn=(646)
calls=1 71 
0 737
0 5

fn=(3030)
0 229112
cob=(8)
cfi=(211)
cfn=(3034)
calls=114556 0 
0 3258474
cob=(1)
cfi=(186)
cfn=(646)
calls=1 71 
0 677
0 5

fn=(3092) 0x0000000004a21fb0
0 12
cob=(7)
cfi=(185)
cfn=(3096) std::__cxx11::basic_stringbuf<char, std::char_traits<char>, std::allocator<char> >::_M_pbump(char*, char*, long)
calls=6 0 
0 84
cob=(1)
cfi=(186)
cfn=(646)
calls=1 71 
0 1050
0 5

fn=(3102) 0x0000000004a20560
0 4
cob=(7)
cfi=(185)
cfn=(2846) std::__cxx11::basic_string<char, std::char_traits<char>, std::allocator<char> >::_M_replace(unsigned long, unsigned long, char const*, unsigned long)
calls=2 0 
0 139
cob=(1)
cfi=(186)
cfn=(646)
calls=1 71 
0 1050
0 5

fn=(3132) 0x0000000004a224d0
0 8
cob=(7)
cfi=(185)
cfn=(3136) std::ios_base::_M_call_callbacks(std::ios_base::event)
calls=4 0 
0 64
cob=(1)
cfi=(186)
cfn=(646)
calls=1 71 
0 929
0 5

fn=(3150)
0 6
cob=(8)
cfi=(211)
cfn=(3154)
calls=3 0 
0 146
cob=(1)
cfi=(186)
cfn=(646)
calls=1 71 
0 901
0 5

fn=(3212)
0 4
cob=(2)
cfi=(302)
cfn=(3216)
calls=2 28 
0 116
cob=(1)
cfi=(186)
cfn=(646)
calls=1 71 
0 961
0 5

fn=(3298)
0 186
cob=(8)
cfi=(211)
cfn=(3302)
calls=93 0 
0 3441
cob=(1)
cfi=(186)
cfn=(646)
calls=1 71 
0 757
0 5

fn=(3342)
0 2
cob=(8)
cfi=(211)
cfn=(3346)
calls=1 0 
0 5461
cob=(1)
cfi=(186)
cfn=(646)
calls=1 71 
0 733
0 5

fn=(3348)
0 2
cob=(2)
cfi=(220)
cfn=(3352)
calls=1 116 
0 186
cob=(1)
cfi=(186)
cfn=(646)
calls=1 71 
0 859
0 5

fn=(3644)
0 18
cob=(8)
cfi=(211)
cfn=(3648)
calls=9 0 
0 27
cob=(1)
cfi=(186)
cfn=(646)
calls=1 71 
0 757
0 5

fn=(3694)
0 12
cob=(8)
cfi=(211)
cfn=(3698)
calls=6 0 
0 1270
cob=(1)
cfi=(186)
cfn=(646)
calls=1 71 
0 665
0 5

fn=(3740)
0 12
cob=(8)
cfi=(211)
cfn=(3744)
calls=6 0 
0 384
cob=(1)
cfi=(186)
cfn=(646)
calls=1 71 
0 865
0 5

fn=(3800)
0 4
cob=(8)
cfi=(211)
cfn=(3804)
calls=2 0 
0 1116
cob=(1)
cfi=(186)
cfn=(646)
calls=1 71 
0 789
0 5

fn=(3834)
0 4
cob=(8)
cfi=(211)
cfn=(3838)
calls=2 0 
0 4940
cob=(1)
cfi=(186)
cfn=(646)
calls=1 71 
0 985
0 5

fn=(3956)
0 2
cob=(8)
cfi=(211)
cfn=(3960)
calls=1 0 
0 217
cob=(1)
cfi=(186)
cfn=(646)
calls=1 71 
0 853
0 5

fn=(4114)
0 4
cob=(8)
cfi=(211)
cfn=(4118)
calls=2 0 
0 6
cob=(1)
cfi=(186)
cfn=(646)
calls=1 71 
0 761
0 5

fn=(4194)
0 227002
cob=(8)
cfi=(211)
cfn=(4198)
calls=113501 0 
0 30483658
cob=(1)
cfi=(186)
cfn=(646)
calls=1 71 
0 733
0 5

fn=(4428)
0 227002
cob=(8)
cfi=(211)
cfn=(4432)
calls=113501 0 
0 1929517
cob=(1)
cfi=(186)
cfn=(646)
calls=1 71 
0 621
0 5

fn=(4542)
0 2
cob=(1)
cfi=(46) ./elf/../elf/dl-tls.c
cfn=(532) _dl_allocate_tls_init
calls=1 523 
0 381

fn=(4682) 0x0000000004a244b0
0 30
cob=(2)
cfi=(344)
cfn=(4686)
calls=15 32 
0 1895
cob=(1)
cfi=(186)
cfn=(646)
calls=1 71 
0 779
0 5

fn=(4736)
0 8
cob=(8)
cfi=(211)
cfn=(4740)
calls=4 0 
0 988
cob=(1)
cfi=(186)
cfn=(646)
calls=1 71 
0 737
0 5

fn=(4846)
0 20
cob=(2)
cfi=(345)
cfn=(4850)
calls=10 26 
0 530
cob=(1)
cfi=(186)
cfn=(646)
calls=1 71 
0 816
0 5

fn=(4866)
0 2
cob=(8)
cfi=(211)
cfn=(4870)
calls=1 0 
0 21
cob=(1)
cfi=(186)
cfn=(646)
calls=1 71 
0 797
0 5

fn=(5016)
0 2
cob=(8)
cfi=(211)
cfn=(5020)
calls=1 0 
0 200
cob=(1)
cfi=(186)
cfn=(646)
calls=1 71 
0 681
0 5

fn=(5130)
0 2
cob=(8)
cfi=(211)
cfn=(5134)
calls=1 0 
0 3947
cob=(1)
cfi=(186)
cfn=(646)
calls=1 71 
0 653
0 5

fn=(5190)
0 4
cob=(8)
cfi=(211)
cfn=(5194)
calls=2 0 
0 2031
cob=(1)
cfi=(186)
cfn=(646)
calls=1 71 
0 817
0 5

fn=(5308) 0x000000000493b144
0 4

fn=(5376) 0x0000000004a22340
0 6
cob=(7)
cfi=(185)
cfn=(5380) std::basic_ostream<wchar_t, std::char_traits<wchar_t> >::sentry::sentry(std::basic_ostream<wchar_t, std::char_traits<wchar_t> >&)
calls=3 0 
0 219
cob=(1)
cfi=(186)
cfn=(646)
calls=1 71 
0 966
0 5

fn=(5377) 0x0000000004a22340'2
0 2
cob=(7)
cfi=(185)
cfn=(5381) std::basic_ostream<wchar_t, std::char_traits<wchar_t> >::sentry::sentry(std::basic_ostream<wchar_t, std::char_traits<wchar_t> >&)'2
calls=1 0 
0 22

fn=(4234)
0 2
cob=(8)
cfi=(211)
cfn=(4238)
calls=1 0 
0 3
cob=(1)
cfi=(186)
cfn=(646)
calls=1 71 
0 697
0 5

fn=(4246)
0 2
cob=(8)
cfi=(211)
cfn=(4250)
calls=1 0 
0 73
cob=(1)
cfi=(186)
cfn=(646)
calls=1 71 
0 757
0 5

fn=(724) 0x0000000004a220e0
0 64
cob=(7)
cfi=(185)
cfn=(728) std::locale::_Impl::_M_install_facet(std::locale::id const*, std::locale::facet const*)
calls=32 0 
0 13498
cob=(1)
cfi=(186)
cfn=(646)
calls=1 71 
0 985
0 5

fn=(736) 0x0000000004a219e0
0 2
cob=(7)
cfi=(185)
cfn=(740) std::codecvt<char, char, __mbstate_t>::codecvt(unsigned long)
calls=1 0 
0 44
cob=(1)
cfi=(186)
cfn=(646)
calls=1 71 
0 825
0 5

fn=(742) 0x0000000004a23700
0 2
cob=(7)
cfi=(185)
cfn=(746) std::__cxx11::numpunct<char>::_M_initialize_numpunct(__locale_struct*)
calls=1 0 
0 417
cob=(1)
cfi=(186)
cfn=(646)
calls=1 71 
0 1045
0 5

fn=(824)
0 212
cob=(2)
cfi=(198)
cfn=(826)
calls=106 52 
0 1484

fn=(876) 0x0000000004a21750
0 2
cob=(7)
cfi=(185)
cfn=(880) std::numpunct<char>::_M_initialize_numpunct(__locale_struct*)
calls=1 0 
0 417
cob=(1)
cfi=(186)
cfn=(646)
calls=1 71 
0 973
0 5

fn=(930) 0x0000000004a24510
0 2
cob=(7)
cfi=(185)
cfn=(934) std::messages<char>::messages(unsigned long)
calls=1 0 
0 51
cob=(1)
cfi=(186)
cfn=(646)
calls=1 71 
0 756
0 5

fn=(960) 0x0000000004a226f0
0 2
cob=(7)
cfi=(185)
cfn=(964) std::moneypunct<wchar_t, false>::_M_initialize_moneypunct(__locale_struct*, char const*)
calls=1 0 
0 109
cob=(1)
cfi=(186)
cfn=(646)
calls=1 71 
0 1077
0 5

fn=(1112) 0x0000000004a21560
0 2
cob=(7)
cfi=(185)
cfn=(1116) std::future_category()
calls=1 0 
0 3
cob=(1)
cfi=(186)
cfn=(646)
calls=1 71 
0 783
0 5

fn=(1406)
0 2
cob=(8)
cfi=(211)
cfn=(1410)
calls=1 0 
0 22956
cob=(1)
cfi=(186)
cfn=(646)
calls=1 71 
0 651
0 5

fn=(1438)
0 10
cob=(8)
cfi=(211)
cfn=(1442)
calls=5 0 
0 9815
cob=(1)
cfi=(186)
cfn=(646)
calls=1 71 
0 667
0 5

fn=(1538)
0 4
cob=(2)
cfi=(231)
cfn=(1542)
calls=2 28 
0 16
cob=(1)
cfi=(186)
cfn=(646)
calls=1 71 
0 828
0 5

fn=(1620)
0 2
cob=(8)
cfi=(211)
cfn=(1624)
calls=1 0 
0 1474
cob=(1)
cfi=(186)
cfn=(646)
calls=1 71 
0 679
0 5

fn=(1626)
0 12
cob=(8)
cfi=(211)
cfn=(1630)
calls=6 0 
0 782
cob=(1)
cfi=(186)
cfn=(646)
calls=1 71 
0 727
0 5

fn=(1632)
0 12
cob=(8)
cfi=(211)
cfn=(1636)
calls=6 0 
0 24
cob=(1)
cfi=(186)
cfn=(646)
calls=1 71 
0 723
0 5

fn=(1656)
0 2
cob=(8)
cfi=(211)
cfn=(1660)
calls=1 0 
0 117
cob=(1)
cfi=(186)
cfn=(646)
calls=1 71 
0 679
0 5

fn=(1678)
0 92
cob=(7)
cfi=(185)
cfn=(1340)
calls=46 0 
0 9989
cob=(1)
cfi=(186)
cfn=(646)
calls=1 71 
0 712
0 5

fn=(1702)
0 8
cob=(8)
cfi=(211)
cfn=(1706)
calls=4 0 
0 28
cob=(1)
cfi=(186)
cfn=(646)
calls=1 71 
0 727
0 5

fn=(1720)
0 8
cob=(8)
cfi=(211)
cfn=(1724)
calls=4 0 
0 2560
cob=(1)
cfi=(186)
cfn=(646)
calls=1 71 
0 655
0 5

fn=(1838)
0 150
cob=(2)
cfi=(243)
cfn=(1840)
calls=75 53 
0 1425

fn=(1910)
0 2
cob=(8)
cfi=(211)
cfn=(1914)
calls=1 0 
0 2116
cob=(1)
cfi=(186)
cfn=(646)
calls=1 71 
0 1168
0 5

fn=(1938)
0 2
cob=(8)
cfi=(211)
cfn=(1942)
calls=1 0 
0 3557
cob=(1)
cfi=(186)
cfn=(646)
calls=1 71 
0 713
0 5

fn=(1964)
0 2
cob=(8)
cfi=(211)
cfn=(1968)
calls=1 0 
0 9866
cob=(1)
cfi=(186)
cfn=(646)
calls=1 71 
0 725
0 5

fn=(2064) 0x0000000004a21c60
0 262
cob=(2)
cfi=(204)
cfn=(2068)
calls=131 3359 
0 92208
cob=(1)
cfi=(186)
cfn=(646)
calls=1 71 
0 867
0 5

fn=(2084)
0 18
cob=(8)
cfi=(211)
cfn=(2088)
calls=9 0 
0 13303
cob=(1)
cfi=(186)
cfn=(646)
calls=1 71 
0 793
0 5

fn=(2096) 0x000000000010b690
0 2
cob=(7)
cfi=(185)
cfn=(2098) __cxa_guard_release
calls=1 0 
0 9

fn=(2206)
0 14
cob=(8)
cfi=(211)
cfn=(2210)
calls=7 0 
0 83
cob=(1)
cfi=(186)
cfn=(646)
calls=1 71 
0 817
0 5

fn=(2264)
0 58
cob=(7)
cfi=(185)
cfn=(2216) std::__cxx11::basic_string<char, std::char_traits<char>, std::allocator<char> >::_M_create(unsigned long&, unsigned long)
calls=29 0 
0 5610
cob=(1)
cfi=(186)
cfn=(646)
calls=1 71 
0 1153
0 5

fn=(2268)
0 1140652
cob=(2)
cfi=(214)
cfn=(1350)
calls=570326 255 
0 8434415
cob=(1)
cfi=(186)
cfn=(646)
calls=1 71 
0 1047
0 5

fn=(2322)
0 2
cob=(8)
cfi=(211)
cfn=(2326)
calls=1 0 
0 6395
cob=(1)
cfi=(186)
cfn=(646)
calls=1 71 
0 1025
0 5

fn=(2340)
0 16
cob=(8)
cfi=(211)
cfn=(2344)
calls=8 0 
0 72
cob=(1)
cfi=(186)
cfn=(646)
calls=1 71 
0 685
0 5

fn=(2370)
0 2
cob=(8)
cfi=(211)
cfn=(2374)
calls=1 0 
0 58685
cob=(1)
cfi=(186)
cfn=(646)
calls=1 71 
0 821
0 5

fn=(2376)
0 2
cob=(8)
cfi=(211)
cfn=(2380)
calls=1 0 
0 45296
cob=(1)
cfi=(186)
cfn=(646)
calls=1 71 
0 805
0 5

fn=(2404)
0 4
cob=(8)
cfi=(211)
cfn=(2408)
calls=2 0 
0 8
cob=(1)
cfi=(186)
cfn=(646)
calls=1 71 
0 809
0 5

fn=(2428)
0 4
cob=(8)
cfi=(211)
cfn=(2432)
calls=2 0 
0 8
cob=(1)
cfi=(186)
cfn=(646)
calls=1 71 
0 817
0 5

fn=(2482)
0 2
cob=(2)
cfi=(269)
cfn=(2486)
calls=1 827 
0 10089
cob=(1)
cfi=(186)
cfn=(646)
calls=1 71 
0 849
0 5

fn=(2542)
0 6
cob=(2)
cfi=(203)
cfn=(2546)
calls=3 206 
0 60
cob=(1)
cfi=(186)
cfn=(646)
calls=1 71 
0 897
0 5

fn=(1348) 0x000000000010b700
0 20
cob=(2)
cfi=(214)
cfn=(1350)
calls=10 255 
0 172

fn=(640) 0x0000000004a23040
0 2
cob=(7)
cfi=(185)
cfn=(652) std::ios_base::Init::Init()
calls=1 0 
0 85615
cob=(1)
cfi=(186)
cfn=(646)
calls=1 71 
0 761
0 5

fn=(688) 0x0000000004a233c0
0 38
cob=(7)
cfi=(185)
cfn=(692) std::locale::facet::_S_get_c_locale()
calls=19 0 
0 3456
cob=(1)
cfi=(186)
cfn=(646)
calls=1 71 
0 869
0 5

fn=(694) 0x0000000004a21790
0 74
cob=(2)
cfi=(188)
cfn=(698)
calls=37 136 
0 2272
cob=(1)
cfi=(186)
cfn=(646)
calls=1 71 
0 1044
0 5

fn=(708) 0x0000000004a21500
0 2
cob=(7)
cfi=(185)
cfn=(712) std::locale::facet::_S_create_c_locale(__locale_struct*&, char const*, __locale_struct*)
calls=1 0 
0 875
cob=(1)
cfi=(186)
cfn=(646)
calls=1 71 
0 1013
0 5

fn=(2664)
0 2
cob=(2)
cfi=(270)
cfn=(2668)
calls=1 120 
0 6
cob=(1)
cfi=(186)
cfn=(646)
calls=1 71 
0 853
0 5

fn=(2670)
0 2
cob=(8)
cfi=(211)
cfn=(2674)
calls=1 0 
0 7953
cob=(1)
cfi=(186)
cfn=(646)
calls=1 71 
0 953
0 5

fn=(2692)
0 10
cob=(8)
cfi=(211)
cfn=(2696)
calls=5 0 
0 13978
cob=(1)
cfi=(186)
cfn=(646)
calls=1 71 
0 1069
0 5

fn=(2718)
0 10
cob=(2)
cfi=(214)
cfn=(2512)
calls=5 249 
0 100
cob=(1)
cfi=(186)
cfn=(646)
calls=1 71 
0 887
0 5

fn=(2782)
0 1572
cob=(8)
cfi=(211)
cfn=(2786)
calls=786 0 
0 252059
cob=(1)
cfi=(186)
cfn=(646)
calls=1 71 
0 817
0 5

fn=(2854) 0x0000000004a22810
0 10
cob=(7)
cfi=(185)
cfn=(2216)
calls=5 0 
0 1122
cob=(1)
cfi=(186)
cfn=(646)
calls=1 71 
0 1030
0 5

fn=(2892)
0 2
cob=(8)
cfi=(211)
cfn=(2896)
calls=1 0 
0 113
cob=(1)
cfi=(186)
cfn=(646)
calls=1 71 
0 1073
0 5

fn=(3000)
0 454188
cob=(8)
cfi=(211)
cfn=(3004)
calls=227094 0 
0 6132342
cob=(1)
cfi=(186)
cfn=(646)
calls=1 71 
0 721
0 5

fn=(3044)
0 2
cob=(8)
cfi=(211)
cfn=(3048)
calls=1 0 
0 48
cob=(1)
cfi=(186)
cfn=(646)
calls=1 71 
0 841
0 5

fn=(3068)
0 20
cob=(7)
cfi=(185)
cfn=(1040)
calls=10 0 
0 1970
cob=(1)
cfi=(186)
cfn=(646)
calls=1 71 
0 1201
0 5

fn=(3076)
0 12
cob=(7)
cfi=(185)
cfn=(3080) std::basic_ostream<char, std::char_traits<char> >& std::__ostream_insert<char, std::char_traits<char> >(std::basic_ostream<char, std::char_traits<char> >&, char const*, long)
calls=6 0 
0 8217
cob=(1)
cfi=(186)
cfn=(646)
calls=1 71 
0 1282
0 5

fn=(3138) 0x0000000004a20870
0 8
cob=(7)
cfi=(185)
cfn=(3142) std::ios_base::_M_dispose_callbacks()
calls=4 0 
0 72
cob=(1)
cfi=(186)
cfn=(646)
calls=1 71 
0 869
0 5

fn=(3202)
0 4
cob=(2)
cfi=(301)
cfn=(3206)
calls=2 27 
0 138
cob=(1)
cfi=(186)
cfn=(646)
calls=1 71 
0 972
0 5

fn=(3258)
0 1024
cob=(8)
cfi=(211)
cfn=(3262)
calls=512 0 
0 46886
cob=(1)
cfi=(186)
cfn=(646)
calls=1 71 
0 761
0 5

fn=(3270)
0 1570
cob=(8)
cfi=(211)
cfn=(3274)
calls=785 0 
0 22660603
cob=(1)
cfi=(186)
cfn=(646)
calls=1 71 
0 861
0 5

fn=(3320)
0 2
cob=(8)
cfi=(211)
cfn=(3324)
calls=1 0 
0 5684
cob=(1)
cfi=(186)
cfn=(646)
calls=1 71 
0 1133
0 5

fn=(3368)
0 232
cob=(8)
cfi=(211)
cfn=(3372)
calls=116 0 
0 5030
cob=(1)
cfi=(186)
cfn=(646)
calls=1 71 
0 761
0 5

fn=(3410)
0 2
cob=(8)
cfi=(211)
cfn=(3414)
calls=1 0 
0 1006
cob=(1)
cfi=(186)
cfn=(646)
calls=1 71 
0 761
0 5

fn=(3440)
0 4
cob=(8)
cfi=(211)
cfn=(3444)
calls=2 0 
0 26
cob=(1)
cfi=(186)
cfn=(646)
calls=1 71 
0 709
0 5

fn=(3500)
0 8
cob=(8)
cfi=(211)
cfn=(3504)
calls=4 0 
0 2651
cob=(1)
cfi=(186)
cfn=(646)
calls=1 71 
0 737
0 5

fn=(3506)
0 16
cob=(8)
cfi=(211)
cfn=(3510)
calls=8 0 
0 2565
cob=(1)
cfi=(186)
cfn=(646)
calls=1 71 
0 689
0 5

fn=(3524)
0 2
cob=(2)
cfi=(309)
cfn=(3528)
calls=1 93 
0 7
cob=(1)
cfi=(186)
cfn=(646)
calls=1 71 
0 1022
0 5

fn=(3688)
0 12
cob=(8)
cfi=(211)
cfn=(3692)
calls=6 0 
0 12
cob=(1)
cfi=(186)
cfn=(646)
calls=1 71 
0 689
0 5

fn=(3782)
0 4
cob=(8)
cfi=(211)
cfn=(3786)
calls=2 0 
0 6148
cob=(1)
cfi=(186)
cfn=(646)
calls=1 71 
0 785
0 5

fn=(3788)
0 4
cob=(8)
cfi=(211)
cfn=(3792)
calls=2 0 
0 4338
cob=(1)
cfi=(186)
cfn=(646)
calls=1 71 
0 1261
0 5

fn=(3936)
0 16
cob=(8)
cfi=(211)
cfn=(3940)
calls=8 0 
0 2669
cob=(1)
cfi=(186)
cfn=(646)
calls=1 71 
0 1472
0 5

fn=(3980) 0x0000000004a214c0
0 4
cob=(7)
cfi=(185)
cfn=(3984) std::ostream& std::ostream::_M_insert<long>(long)
calls=2 0 
0 3729
cob=(1)
cfi=(186)
cfn=(646)
calls=1 71 
0 762
0 5

fn=(4030)
0 4
cob=(7)
cfi=(185)
cfn=(4034) std::_Rb_tree_decrement(std::_Rb_tree_node_base*)
calls=2 0 
0 30
cob=(1)
cfi=(186)
cfn=(646)
calls=1 71 
0 1045
0 5

fn=(4094)
0 2104
cob=(8)
cfi=(211)
cfn=(4098)
calls=1052 0 
0 93590
cob=(1)
cfi=(186)
cfn=(646)
calls=1 71 
0 749
0 5

fn=(4164) 0x000000000010ba30
0 4
cob=(2)
cfi=(220)
cfn=(4166)
calls=2 125 
0 214

fn=(4184) 0x000000000010b750
0 227002
cob=(8)
cfi=(211)
cfn=(4186)
calls=113501 0 
0 127834544

fn=(4322)
0 227002
cob=(8)
cfi=(211)
cfn=(4326)
calls=113501 0 
0 25420722
cob=(1)
cfi=(186)
cfn=(646)
calls=1 71 
0 809
0 5

fn=(4422) 0x000000000010ba20
0 227002
cob=(8)
cfi=(211)
cfn=(4204)
calls=113501 0 
0 3633866

fn=(4424) 0x000000000010b840
0 227002
cob=(8)
cfi=(211)
cfn=(4426)
calls=113501 0 
0 2497648

fn=(4598) 0x0000000004a22560
0 10
cob=(7)
cfi=(185)
cfn=(4602) std::ostreambuf_iterator<char, std::char_traits<char> > std::num_put<char, std::ostreambuf_iterator<char, std::char_traits<char> > >::_M_insert_float<double>(std::ostreambuf_iterator<char, std::char_traits<char> >, std::ios_base&, char, char, double) const
calls=5 0 
0 14695
cob=(1)
cfi=(186)
cfn=(646)
calls=1 71 
0 1294
0 5

fn=(4698) 0x000000000010b8a0
0 4
cob=(8)
cfi=(211)
cfn=(4700)
calls=2 0 
0 2892

fn=(4720) 0x000000000010b630
0 2
cob=(8)
cfi=(211)
cfn=(4722)
calls=1 0 
0 2871

fn=(4778)
0 4
cob=(8)
cfi=(211)
cfn=(4782)
calls=2 0 
0 86
cob=(1)
cfi=(186)
cfn=(646)
calls=1 71 
0 777
0 5

fn=(4938)
0 2
cob=(7)
cfi=(185)
cfn=(4942) std::_Rb_tree_increment(std::_Rb_tree_node_base*)
calls=1 0 
0 16
cob=(1)
cfi=(186)
cfn=(646)
calls=1 71 
0 1050
0 5

fn=(5010)
0 4
cob=(8)
cfi=(211)
cfn=(5014)
calls=2 0 
0 526
cob=(1)
cfi=(186)
cfn=(646)
calls=1 71 
0 713
0 5

fn=(5094)
0 10
cob=(8)
cfi=(211)
cfn=(5092)
calls=3 0 
0 1492
cob=(8)
cfi=(211)
cfn=(5093)
calls=2 0 
0 4661
cob=(1)
cfi=(186)
cfn=(646)
calls=1 71 
0 673
0 5

fn=(5136)
0 4
cob=(8)
cfi=(211)
cfn=(5140)
calls=2 0 
0 42
cob=(1)
cfi=(186)
cfn=(646)
calls=1 71 
0 800
0 5

fn=(5152)
0 4
cob=(8)
cfi=(211)
cfn=(5156)
calls=2 0 
0 12
cob=(1)
cfi=(186)
cfn=(646)
calls=1 71 
0 685
0 5

fn=(5202)
0 4
cob=(2)
cfi=(312)
cfn=(4490)
calls=2 23 
0 389
cob=(1)
cfi=(186)
cfn=(646)
calls=1 71 
0 903
0 5

fn=(5280) 0x000000000483d030
0 2
cob=(2)
cfi=(351)
cfn=(5256)
calls=1 30 
0 132

fn=(3574)
0 4
cob=(8)
cfi=(211)
cfn=(3578)
calls=2 0 
0 2349
cob=(1)
cfi=(186)
cfn=(646)
calls=1 71 
0 745
0 5

fn=(3606)
0 16
cob=(8)
cfi=(211)
cfn=(3610)
calls=8 0 
0 5236
cob=(1)
cfi=(186)
cfn=(646)
calls=1 71 
0 805
0 5

fn=(4290)
0 227264
cob=(8)
cfi=(211)
cfn=(4294)
calls=113632 0 
0 10795790
cob=(1)
cfi=(186)
cfn=(646)
calls=1 71 
0 1008
0 5

fn=(612) 0x0000000004e4f000
0 7

fn=(748) 0x0000000004a21e30
0 2
cob=(7)
cfi=(185)
cfn=(752) std::__cxx11::moneypunct<char, false>::_M_initialize_moneypunct(__locale_struct*, char const*)
calls=1 0 
0 114
cob=(1)
cfi=(186)
cfn=(646)
calls=1 71 
0 1109
0 5

fn=(784) 0x0000000004a21a90
0 2
cob=(7)
cfi=(185)
cfn=(788) std::ctype<wchar_t>::_M_initialize_ctype()
calls=1 0 
0 25579
cob=(1)
cfi=(186)
cfn=(646)
calls=1 71 
0 837
0 5

fn=(1030) 0x0000000004a21300
0 16
cob=(7)
cfi=(185)
cfn=(1034) std::ios_base::ios_base()
calls=8 0 
0 736
cob=(1)
cfi=(186)
cfn=(646)
calls=1 71 
0 721
0 5

fn=(1096) 0x0000000004a220c0
0 4
cob=(7)
cfi=(185)
cfn=(1100) std::error_category::error_category()
calls=2 0 
0 10
cob=(1)
cfi=(186)
cfn=(646)
calls=1 71 
0 787
0 5

fn=(1502)
0 2
cob=(8)
cfi=(211)
cfn=(1506)
calls=1 0 
0 10457
cob=(1)
cfi=(186)
cfn=(646)
calls=1 71 
0 671
0 5

fn=(1568)
0 2
cob=(8)
cfi=(211)
cfn=(1572)
calls=1 0 
0 3
cob=(1)
cfi=(186)
cfn=(646)
calls=1 71 
0 702
0 5

fn=(1650)
0 10
cob=(8)
cfi=(211)
cfn=(1654)
calls=5 0 
0 20
cob=(1)
cfi=(186)
cfn=(646)
calls=1 71 
0 695
0 5

fn=(1738)
0 676
cob=(2)
cfi=(239)
cfn=(1742)
calls=338 30 
0 3718
cob=(1)
cfi=(186)
cfn=(646)
calls=1 71 
0 907
0 5

fn=(1848)
0 166
cob=(2)
cfi=(214)
cfn=(1350)
calls=83 255 
0 1258

fn=(1884)
0 6
cob=(1)
cfi=(46)
cfn=(1886) _dl_allocate_tls
calls=3 626 
0 1952

fn=(1932)
0 2
cob=(8)
cfi=(211)
cfn=(1936)
calls=1 0 
0 303
cob=(1)
cfi=(186)
cfn=(646)
calls=1 71 
0 1264
0 5

fn=(1958)
0 2
cob=(8)
cfi=(211)
cfn=(1962)
calls=1 0 
0 10623
cob=(1)
cfi=(186)
cfn=(646)
calls=1 71 
0 737
0 5

fn=(1976)
0 4
cob=(8)
cfi=(211)
cfn=(1980)
calls=2 0 
0 1046
cob=(1)
cfi=(186)
cfn=(646)
calls=1 71 
0 713
0 5

fn=(2114)
0 227018
cob=(8)
cfi=(211)
cfn=(2118)
calls=113509 0 
0 340527
cob=(1)
cfi=(186)
cfn=(646)
calls=1 71 
0 705
0 5

fn=(2138)
0 1362314
cob=(8)
cfi=(211)
cfn=(2142)
calls=681157 0 
0 20783688
cob=(1)
cfi=(186)
cfn=(646)
calls=1 71 
0 665
0 5

fn=(2334)
0 8
cob=(8)
cfi=(211)
cfn=(2338)
calls=4 0 
0 2946
cob=(1)
cfi=(186)
cfn=(646)
calls=1 71 
0 845
0 5

fn=(2422)
0 4
cob=(8)
cfi=(211)
cfn=(2426)
calls=2 0 
0 8
cob=(1)
cfi=(186)
cfn=(646)
calls=1 71 
0 785
0 5

fn=(2446)
0 4
cob=(8)
cfi=(211)
cfn=(2450)
calls=2 0 
0 6
cob=(1)
cfi=(186)
cfn=(646)
calls=1 71 
0 825
0 5

fn=(1308) 0x0000000004889000
0 7

fn=(622) 0x0000000004c01000
0 7

fn=(2660)
0 2
cob=(2)
cfi=(270)
cfn=(2494)
calls=1 120 
0 6
cob=(1)
cfi=(186)
cfn=(646)
calls=1 71 
0 859
0 5

fn=(2686)
0 10
cob=(8)
cfi=(211)
cfn=(2690)
calls=5 0 
0 170
cob=(1)
cfi=(186)
cfn=(646)
calls=1 71 
0 785
0 5

fn=(2722)
0 6
cob=(8)
cfi=(211)
cfn=(2726)
calls=3 0 
0 1331
cob=(1)
cfi=(186)
cfn=(646)
calls=1 71 
0 1141
0 5

fn=(2764)
0 8
cob=(8)
cfi=(211)
cfn=(2768)
calls=4 0 
0 5035
cob=(1)
cfi=(186)
cfn=(646)
calls=1 71 
0 805
0 5

fn=(2814)
0 34
cob=(7)
cfi=(185)
cfn=(2818) std::_Rb_tree_insert_and_rebalance(bool, std::_Rb_tree_node_base*, std::_Rb_tree_node_base*, std::_Rb_tree_node_base&)
calls=17 0 
0 405
cob=(1)
cfi=(186)
cfn=(646)
calls=1 71 
0 1154
0 5

fn=(2838)
0 2
cob=(8)
cfi=(211)
cfn=(2842)
calls=1 0 
0 64
cob=(1)
cfi=(186)
cfn=(646)
calls=1 71 
0 741
0 5

fn=(2922)
0 4
cob=(8)
cfi=(211)
cfn=(2926)
calls=2 0 
0 8714
cob=(1)
cfi=(186)
cfn=(646)
calls=1 71 
0 853
0 5

fn=(2980)
0 2
cob=(8)
cfi=(211)
cfn=(2984)
calls=1 0 
0 6078
cob=(1)
cfi=(186)
cfn=(646)
calls=1 71 
0 753
0 5

fn=(3158) 0x000000000010b5b0
0 2
cob=(2)
cfi=(292)
cfn=(3160)
calls=1 24 
0 96

fn=(3244)
0 2552
cob=(2)
cfi=(305)
cfn=(3248)
calls=1276 28 
0 76560
cob=(1)
cfi=(186)
cfn=(646)
calls=1 71 
0 839
0 5

fn=(3264)
0 1024
cob=(2)
cfi=(306)
cfn=(3268)
calls=512 25 
0 29184
cob=(1)
cfi=(186)
cfn=(646)
calls=1 71 
0 801
0 5

fn=(3386)
0 2
cob=(8)
cfi=(211)
cfn=(3390)
calls=1 0 
0 136
cob=(1)
cfi=(186)
cfn=(646)
calls=1 71 
0 989
0 5

fn=(3400)
0 8
cob=(8)
cfi=(211)
cfn=(3404)
calls=4 0 
0 2293
cob=(1)
cfi=(186)
cfn=(646)
calls=1 71 
0 1344
0 5

fn=(3422)
0 4
cob=(8)
cfi=(211)
cfn=(3426)
calls=2 0 
0 904
cob=(1)
cfi=(186)
cfn=(646)
calls=1 71 
0 709
0 5

fn=(3464)
0 4
cob=(8)
cfi=(211)
cfn=(3468)
calls=2 0 
0 6896
cob=(1)
cfi=(186)
cfn=(646)
calls=1 71 
0 1033
0 5

fn=(3518)
0 2
cob=(8)
cfi=(211)
cfn=(3522)
calls=1 0 
0 1066
cob=(1)
cfi=(186)
cfn=(646)
calls=1 71 
0 749
0 5

fn=(3542)
0 6
cob=(8)
cfi=(211)
cfn=(3546)
calls=3 0 
0 9138
cob=(1)
cfi=(186)
cfn=(646)
calls=1 71 
0 705
0 5

fn=(3670)
0 8
cob=(8)
cfi=(211)
cfn=(3674)
calls=4 0 
0 972
cob=(1)
cfi=(186)
cfn=(646)
calls=1 71 
0 805
0 5

fn=(3700)
0 24
cob=(8)
cfi=(211)
cfn=(3704)
calls=12 0 
0 24
cob=(1)
cfi=(186)
cfn=(646)
calls=1 71 
0 689
0 5

fn=(3708)
0 12
cob=(8)
cfi=(211)
cfn=(3712)
calls=6 0 
0 1750
cob=(1)
cfi=(186)
cfn=(646)
calls=1 71 
0 761
0 5

fn=(3722)
0 2042
cob=(2)
cfi=(311)
cfn=(3726)
calls=1021 24 
0 65344
cob=(1)
cfi=(186)
cfn=(646)
calls=1 71 
0 824
0 5

fn=(3770)
0 4
cob=(8)
cfi=(211)
cfn=(3774)
calls=2 0 
0 24
cob=(1)
cfi=(186)
cfn=(646)
calls=1 71 
0 817
0 5

fn=(3896)
0 225174
cob=(8)
cfi=(211)
cfn=(3900)
calls=112587 0 
0 6756263
cob=(1)
cfi=(186)
cfn=(646)
calls=1 71 
0 869
0 5

fn=(3924)
0 4
cob=(8)
cfi=(211)
cfn=(3928)
calls=2 0 
0 39
cob=(1)
cfi=(186)
cfn=(646)
calls=1 71 
0 825
0 5

fn=(4024)
0 4
cob=(8)
cfi=(211)
cfn=(4028)
calls=2 0 
0 1556
cob=(1)
cfi=(186)
cfn=(646)
calls=1 71 
0 1684
0 5

fn=(4154) 0x000000000010b650
0 2
cob=(2)
cfi=(238)
cfn=(1694)
calls=1 158 
0 12

fn=(4304)
0 227264
cob=(8)
cfi=(211)
cfn=(4308)
calls=113632 0 
0 3976596
cob=(1)
cfi=(186)
cfn=(646)
calls=1 71 
0 709
0 5

fn=(4316)
0 227002
cob=(8)
cfi=(211)
cfn=(4320)
calls=113501 0 
0 2270020
cob=(1)
cfi=(186)
cfn=(646)
calls=1 71 
0 689
0 5

fn=(4366)
0 908
cob=(8)
cfi=(211)
cfn=(4370)
calls=454 0 
0 111900
cob=(1)
cfi=(186)
cfn=(646)
calls=1 71 
0 853
0 5

fn=(4392)
0 228160
cob=(8)
cfi=(211)
cfn=(4396)
calls=114080 0 
0 25065173
cob=(1)
cfi=(186)
cfn=(646)
calls=1 71 
0 721
0 5

fn=(4398)
0 228160
cob=(8)
cfi=(211)
cfn=(4402)
calls=114080 0 
0 24493947
cob=(1)
cfi=(186)
cfn=(646)
calls=1 71 
0 821
0 5

fn=(4438) 0x000000000010b8b0
0 227390
cob=(8)
cfi=(211)
cfn=(4440)
calls=113695 0 
0 8696696

fn=(4462)
0 180
cob=(8)
cfi=(211)
cfn=(4466)
calls=90 0 
0 4072
cob=(1)
cfi=(186)
cfn=(646)
calls=1 71 
0 769
0 5

fn=(4662) 0x000000000010b540
0 10
cob=(7)
cfi=(185)
cfn=(4664) std::ostream::put(char)
calls=5 0 
0 1441

fn=(4708)
0 4
cob=(8)
cfi=(211)
cfn=(4712)
calls=2 0 
0 1244
cob=(1)
cfi=(186)
cfn=(646)
calls=1 71 
0 829
0 5

fn=(4714)
0 8
cob=(8)
cfi=(211)
cfn=(4718)
calls=4 0 
0 12
cob=(1)
cfi=(186)
cfn=(646)
calls=1 71 
0 721
0 5

fn=(4746)
0 2
cob=(8)
cfi=(211)
cfn=(4750)
calls=1 0 
0 13767
cob=(1)
cfi=(186)
cfn=(646)
calls=1 71 
0 697
0 5

fn=(4790)
0 4
cob=(8)
cfi=(211)
cfn=(4794)
calls=2 0 
0 486
cob=(1)
cfi=(186)
cfn=(646)
calls=1 71 
0 817
0 5

fn=(4910)
0 2
cob=(8)
cfi=(211)
cfn=(4914)
calls=1 0 
0 4253
cob=(1)
cfi=(186)
cfn=(646)
calls=1 71 
0 1004
0 5

fn=(4916)
0 2
cob=(7)
cfi=(185)
cfn=(4920) std::__detail::_List_node_base::_M_hook(std::__detail::_List_node_base*)
calls=1 0 
0 9
cob=(1)
cfi=(186)
cfn=(646)
calls=1 71 
0 1076
0 5

fn=(4922)
0 2
cob=(7)
cfi=(185)
cfn=(4926) std::__detail::_List_node_base::_M_unhook()
calls=1 0 
0 6
cob=(1)
cfi=(186)
cfn=(646)
calls=1 71 
0 1025
0 5

fn=(4972)
0 4
cob=(8)
cfi=(211)
cfn=(4976)
calls=2 0 
0 9150
cob=(1)
cfi=(186)
cfn=(646)
calls=1 71 
0 753
0 5

fn=(5024)
0 2
cob=(8)
cfi=(211)
cfn=(5028)
calls=1 0 
0 247
cob=(1)
cfi=(186)
cfn=(646)
calls=1 71 
0 765
0 5

fn=(5058)
0 2
cob=(8)
cfi=(211)
cfn=(5057)
calls=1 0 
0 8632
cob=(1)
cfi=(186)
cfn=(646)
calls=1 71 
0 649
0 5

fn=(5068)
0 2
cob=(8)
cfi=(211)
cfn=(5072)
calls=1 0 
0 17
cob=(1)
cfi=(186)
cfn=(646)
calls=1 71 
0 653
0 5

fn=(5158)
0 2
cob=(8)
cfi=(211)
cfn=(5162)
calls=1 0 
0 12475
cob=(1)
cfi=(186)
cfn=(646)
calls=1 71 
0 649
0 5

fn=(5164)
0 2
cob=(8)
cfi=(211)
cfn=(5168)
calls=1 0 
0 275
cob=(1)
cfi=(186)
cfn=(646)
calls=1 71 
0 709
0 5

fn=(5176)
0 2
cob=(8)
cfi=(211)
cfn=(5175)
calls=1 0 
0 5719
cob=(1)
cfi=(186)
cfn=(646)
calls=1 71 
0 689
0 5

fn=(5186)
0 4
cob=(8)
cfi=(211)
cfn=(5185)
calls=2 0 
0 3971
cob=(1)
cfi=(186)
cfn=(646)
calls=1 71 
0 661
0 5

fn=(3592)
0 4
cob=(8)
cfi=(211)
cfn=(3596)
calls=2 0 
0 4390
cob=(1)
cfi=(186)
cfn=(646)
calls=1 71 
0 785
0 5

fn=(3598)
0 1942
cob=(8)
cfi=(211)
cfn=(3602)
calls=971 0 
0 78171740
cob=(1)
cfi=(186)
cfn=(646)
calls=1 71 
0 845
0 5

fn=(778) 0x0000000004a20b70
0 2
cob=(7)
cfi=(185)
cfn=(782) std::ctype<wchar_t>::ctype(unsigned long)
calls=1 0 
0 26469
cob=(1)
cfi=(186)
cfn=(646)
calls=1 71 
0 729
0 5

fn=(838) 0x0000000004a20c60
0 2
cob=(7)
cfi=(185)
cfn=(842) std::__cxx11::numpunct<wchar_t>::_M_initialize_numpunct(__locale_struct*)
calls=1 0 
0 353
cob=(1)
cfi=(186)
cfn=(646)
calls=1 71 
0 1021
0 5

fn=(996) 0x0000000004a22c70
0 2
cob=(7)
cfi=(185)
cfn=(1000) std::messages<wchar_t>::messages(unsigned long)
calls=1 0 
0 51
cob=(1)
cfi=(186)
cfn=(646)
calls=1 71 
0 756
0 5

fn=(1066) 0x0000000004a22b50
0 8
cob=(7)
cfi=(185)
cfn=(1070) std::basic_ios<wchar_t, std::char_traits<wchar_t> >::init(std::basic_streambuf<wchar_t, std::char_traits<wchar_t> >*)
calls=4 0 
0 1765
cob=(1)
cfi=(186)
cfn=(646)
calls=1 71 
0 1028
0 5

fn=(1412)
0 2
cob=(8)
cfi=(211)
cfn=(1416)
calls=1 0 
0 3219
cob=(1)
cfi=(186)
cfn=(646)
calls=1 71 
0 691
0 5

fn=(1444)
0 1198
cob=(2)
cfi=(204)
cfn=(1448)
calls=599 5786 
0 4226517
cob=(1)
cfi=(186)
cfn=(646)
calls=1 71 
0 918
0 5

fn=(1470)
0 10
cob=(2)
cfi=(226)
cfn=(1474)
calls=5 120 
0 30
cob=(1)
cfi=(186)
cfn=(646)
calls=1 71 
0 806
0 5

fn=(1496)
0 4
cob=(8)
cfi=(211)
cfn=(1500)
calls=2 0 
0 6
cob=(1)
cfi=(186)
cfn=(646)
calls=1 71 
0 707
0 5

fn=(1532)
0 20396
cob=(2)
cfi=(219)
cfn=(1370)
calls=10198 25 
0 40792
cob=(1)
cfi=(186)
cfn=(646)
calls=1 71 
0 950
0 5

fn=(1606)
0 4
cob=(8)
cfi=(211)
cfn=(1610)
calls=2 0 
0 6
cob=(1)
cfi=(186)
cfn=(646)
calls=1 71 
0 690
0 5

fn=(1640) 0x000000000010b620
0 2
cob=(8)
cfi=(211)
cfn=(1642)
calls=1 0 
0 2252

fn=(1662) 0x000000000010b9c0
0 4
cob=(8)
cfi=(211)
cfn=(1664)
calls=2 0 
0 75950

fn=(1696)
0 2
cob=(8)
cfi=(211)
cfn=(1700)
calls=1 0 
0 13197
cob=(1)
cfi=(186)
cfn=(646)
calls=1 71 
0 727
0 5

fn=(1732)
0 676
cob=(8)
cfi=(211)
cfn=(1736)
calls=338 0 
0 14432
cob=(1)
cfi=(186)
cfn=(646)
calls=1 71 
0 691
0 5

fn=(2006)
0 4
cob=(8)
cfi=(211)
cfn=(2010)
calls=2 0 
0 16
cob=(1)
cfi=(186)
cfn=(646)
calls=1 71 
0 653
0 5

fn=(2162)
0 227004
cob=(8)
cfi=(211)
cfn=(2166)
calls=113502 0 
0 38250817
cob=(1)
cfi=(186)
cfn=(646)
calls=1 71 
0 809
0 5

fn=(2174)
0 909600
cob=(8)
cfi=(211)
cfn=(2178)
calls=454800 0 
0 35707940
cob=(1)
cfi=(186)
cfn=(646)
calls=1 71 
0 681
0 5

fn=(2260)
0 42
cob=(2)
cfi=(198)
cfn=(826)
calls=21 52 
0 294
cob=(1)
cfi=(186)
cfn=(646)
calls=1 71 
0 895
0 5

fn=(2440)
0 4
cob=(8)
cfi=(211)
cfn=(2444)
calls=2 0 
0 29316
cob=(1)
cfi=(186)
cfn=(646)
calls=1 71 
0 841
0 5

fn=(2470)
0 4
cob=(8)
cfi=(211)
cfn=(2474)
calls=2 0 
0 6
cob=(1)
cfi=(186)
cfn=(646)
calls=1 71 
0 833
0 5

fn=(2516)
0 82
cob=(2)
cfi=(204)
cfn=(2068)
calls=41 3359 
0 1418

fn=(2608)
0 4
cob=(8)
cfi=(211)
cfn=(2612)
calls=2 0 
0 2398
cob=(1)
cfi=(186)
cfn=(646)
calls=1 71 
0 689
0 5

fn=(1346) 0x000000000010b5f0
0 22
cob=(2)
cfi=(198)
cfn=(826)
calls=11 52 
0 154

fn=(2648)
0 14
cob=(8)
cfi=(211)
cfn=(2652)
calls=7 0 
0 799
cob=(1)
cfi=(186)
cfn=(646)
calls=1 71 
0 733
0 5

fn=(2654)
0 14
cob=(8)
cfi=(211)
cfn=(2658)
calls=7 0 
0 21
cob=(1)
cfi=(186)
cfn=(646)
calls=1 71 
0 745
0 5

fn=(2714)
0 14
cob=(2)
cfi=(289)
cfn=(2716)
calls=7 64 
0 161

fn=(2752)
0 8
cob=(8)
cfi=(211)
cfn=(2756)
calls=4 0 
0 8581
cob=(1)
cfi=(186)
cfn=(646)
calls=1 71 
0 737
0 5

fn=(2808)
0 4
cob=(8)
cfi=(211)
cfn=(2812)
calls=2 0 
0 2267
cob=(1)
cfi=(186)
cfn=(646)
calls=1 71 
0 1820
0 5

fn=(2824)
0 2
cob=(8)
cfi=(211)
cfn=(2828)
calls=1 0 
0 1952
cob=(1)
cfi=(186)
cfn=(646)
calls=1 71 
0 785
0 5

fn=(2880)
0 2
cob=(8)
cfi=(211)
cfn=(2884)
calls=1 0 
0 24
cob=(1)
cfi=(186)
cfn=(646)
calls=1 71 
0 1560
0 5

fn=(2904)
0 10
cob=(2)
cfi=(291)
cfn=(2908)
calls=5 36 
0 35
cob=(1)
cfi=(186)
cfn=(646)
calls=1 71 
0 840
0 5

fn=(2936)
0 8
cob=(8)
cfi=(211)
cfn=(2940)
calls=4 0 
0 28
cob=(1)
cfi=(186)
cfn=(646)
calls=1 71 
0 729
0 5

fn=(2942)
0 8
cob=(8)
cfi=(211)
cfn=(2946)
calls=4 0 
0 68
cob=(1)
cfi=(186)
cfn=(646)
calls=1 71 
0 713
0 5

fn=(3314)
0 2
cob=(8)
cfi=(211)
cfn=(3318)
calls=1 0 
0 7726
cob=(1)
cfi=(186)
cfn=(646)
calls=1 71 
0 813
0 5

fn=(3362)
0 2
cob=(2)
cfi=(307)
cfn=(3366)
calls=1 24 
0 62
cob=(1)
cfi=(186)
cfn=(646)
calls=1 71 
0 920
0 5

fn=(3638)
0 8
cob=(8)
cfi=(211)
cfn=(3642)
calls=4 0 
0 189
cob=(1)
cfi=(186)
cfn=(646)
calls=1 71 
0 1160
0 5

fn=(3678)
0 2
cob=(8)
cfi=(211)
cfn=(3677)
calls=1 0 
0 3088
cob=(1)
cfi=(186)
cfn=(646)
calls=1 71 
0 713
0 5

fn=(3734)
0 230
cob=(8)
cfi=(211)
cfn=(3738)
calls=115 0 
0 3680
cob=(1)
cfi=(186)
cfn=(646)
calls=1 71 
0 753
0 5

fn=(3760)
0 230688
cob=(2)
cfi=(204)
cfn=(1144)
calls=115344 3294 
0 18369958
cob=(1)
cfi=(186)
cfn=(646)
calls=1 71 
0 948
0 5

fn=(3776)
0 1934
cob=(8)
cfi=(211)
cfn=(3780)
calls=967 0 
0 371836
cob=(1)
cfi=(186)
cfn=(646)
calls=1 71 
0 853
0 5

fn=(4036)
0 227274
cob=(7)
cfi=(185)
cfn=(4040) std::_Rb_tree_increment(std::_Rb_tree_node_base const*)
calls=113637 0 
0 1818192
cob=(1)
cfi=(186)
cfn=(646)
calls=1 71 
0 1044
0 5

fn=(4062)
0 4
cob=(7)
cfi=(185)
cfn=(4066) std::_Rb_tree_rebalance_for_erase(std::_Rb_tree_node_base*, std::_Rb_tree_node_base&)
calls=2 0 
0 82
cob=(1)
cfi=(186)
cfn=(646)
calls=1 71 
0 1068
0 5

fn=(4106)
0 454012
cob=(8)
cfi=(211)
cfn=(4110)
calls=227006 0 
0 908024
cob=(1)
cfi=(186)
cfn=(646)
calls=1 71 
0 725
0 5

fn=(4310)
0 227002
cob=(8)
cfi=(211)
cfn=(4314)
calls=113501 0 
0 454004
cob=(1)
cfi=(186)
cfn=(646)
calls=1 71 
0 693
0 5

fn=(4410)
0 227002
cob=(8)
cfi=(211)
cfn=(4414)
calls=113501 0 
0 794507
cob=(1)
cfi=(186)
cfn=(646)
calls=1 71 
0 701
0 5

fn=(4676) 0x000000000010b6c0
0 10
cob=(7)
cfi=(185)
cfn=(4678) std::ostream::flush()
calls=5 0 
0 2309

fn=(4810)
0 16
cob=(8)
cfi=(211)
cfn=(4814)
calls=8 0 
0 20236
cob=(1)
cfi=(186)
cfn=(646)
calls=1 71 
0 781
0 5

fn=(4904)
0 8
cob=(8)
cfi=(211)
cfn=(4903)
calls=4 0 
0 812
cob=(1)
cfi=(186)
cfn=(646)
calls=1 71 
0 653
0 5

fn=(4954)
0 4
cob=(8)
cfi=(211)
cfn=(4958)
calls=2 0 
0 1208
cob=(1)
cfi=(186)
cfn=(646)
calls=1 71 
0 773
0 5

fn=(4986)
0 4
cob=(8)
cfi=(211)
cfn=(4985)
calls=2 0 
0 2415
cob=(1)
cfi=(186)
cfn=(646)
calls=1 71 
0 705
0 5

fn=(4990)
0 8
cob=(8)
cfi=(211)
cfn=(4994)
calls=4 0 
0 569
cob=(1)
cfi=(186)
cfn=(646)
calls=1 71 
0 869
0 5

fn=(5038)
0 4
cob=(8)
cfi=(211)
cfn=(5042)
calls=2 0 
0 1208
cob=(1)
cfi=(186)
cfn=(646)
calls=1 71 
0 845
0 5

fn=(5044)
0 4
cob=(8)
cfi=(211)
cfn=(5048)
calls=2 0 
0 508
cob=(1)
cfi=(186)
cfn=(646)
calls=1 71 
0 733
0 5

fn=(5050)
0 4
cob=(8)
cfi=(211)
cfn=(5054)
calls=2 0 
0 14968
cob=(1)
cfi=(186)
cfn=(646)
calls=1 71 
0 745
0 5

fn=(5080)
0 2
cob=(8)
cfi=(211)
cfn=(5084)
calls=1 0 
0 105
cob=(1)
cfi=(186)
cfn=(646)
calls=1 71 
0 649
0 5

fn=(5118)
0 2
cob=(8)
cfi=(211)
cfn=(5122)
calls=1 0 
0 204
cob=(1)
cfi=(186)
cfn=(646)
calls=1 71 
0 693
0 5

fn=(5180)
0 4
cob=(8)
cfi=(211)
cfn=(5184)
calls=2 0 
0 4837
cob=(1)
cfi=(186)
cfn=(646)
calls=1 71 
0 661
0 5

fn=(5270) 0x0000000000113e4c
0 4

fn=(5298)
0 2
cob=(2)
cfi=(351)
cfn=(5256)
calls=1 30 
0 132

fn=(5422) 0x0000000004c24748
0 4

fn=(3618)
0 1954
cob=(8)
cfi=(211)
cfn=(3622)
calls=977 0 
0 83157
cob=(1)
cfi=(186)
cfn=(646)
calls=1 71 
0 673
0 5

fn=(3624)
0 1954
cob=(2)
cfi=(310)
cfn=(3628)
calls=977 24 
0 62573
cob=(1)
cfi=(186)
cfn=(646)
calls=1 71 
0 823
0 5

fn=(4222)
0 2
cob=(8)
cfi=(211)
cfn=(4226)
calls=1 0 
0 7147
cob=(1)
cfi=(186)
cfn=(646)
calls=1 71 
0 805
0 5

fn=(4252)
0 2
cob=(8)
cfi=(211)
cfn=(4256)
calls=1 0 
0 1748
cob=(1)
cfi=(186)
cfn=(646)
calls=1 71 
0 844
0 5

fn=(862) 0x0000000004a22300
0 2
cob=(7)
cfi=(185)
cfn=(866) std::__timepunct<wchar_t>::_M_initialize_timepunct(__locale_struct*)
calls=1 0 
0 154
cob=(1)
cfi=(186)
cfn=(646)
calls=1 71 
0 1029
0 5

fn=(906) 0x0000000004a24050
0 2
cob=(7)
cfi=(185)
cfn=(910) std::moneypunct<char, true>::_M_initialize_moneypunct(__locale_struct*, char const*)
calls=1 0 
0 115
cob=(1)
cfi=(186)
cfn=(646)
calls=1 71 
0 1061
0 5

fn=(972) 0x0000000004a23280
0 2
cob=(7)
cfi=(185)
cfn=(976) std::moneypunct<wchar_t, true>::_M_initialize_moneypunct(__locale_struct*, char const*)
calls=1 0 
0 109
cob=(1)
cfi=(186)
cfn=(646)
calls=1 71 
0 1053
0 5

fn=(1122) 0x0000000004a21cb0
0 2
cob=(2)
cfi=(201)
cfn=(1126)
calls=1 28 
0 797
cob=(1)
cfi=(186)
cfn=(646)
calls=1 71 
0 956
0 5

fn=(1490)
0 8458
cob=(2)
cfi=(229)
cfn=(1494)
calls=4229 91 
0 16916
cob=(1)
cfi=(186)
cfn=(646)
calls=1 71 
0 822
0 5

fn=(1514)
0 1640
cob=(2)
cfi=(230)
cfn=(1518)
calls=820 77 
0 36073
cob=(1)
cfi=(186)
cfn=(646)
calls=1 71 
0 936
0 5

fn=(1546)
0 2
cob=(2)
cfi=(232)
cfn=(1550)
calls=1 32 
0 58
cob=(1)
cfi=(186)
cfn=(646)
calls=1 71 
0 822
0 5

fn=(1638) 0x000000000010b7e0
0 44
cob=(2)
cfi=(202)
cfn=(1128)
calls=22 24 
0 16707

fn=(1644)
0 2
cob=(8)
cfi=(211)
cfn=(1648)
calls=1 0 
0 1534
cob=(1)
cfi=(186)
cfn=(646)
calls=1 71 
0 703
0 5

fn=(1666)
0 4
cob=(8)
cfi=(211)
cfn=(1670)
calls=2 0 
0 75176
cob=(1)
cfi=(186)
cfn=(646)
calls=1 71 
0 719
0 5

fn=(1714)
0 4
cob=(8)
cfi=(211)
cfn=(1718)
calls=2 0 
0 3176
cob=(1)
cfi=(186)
cfn=(646)
calls=1 71 
0 851
0 5

fn=(1786)
0 194
cob=(8)
cfi=(211)
cfn=(1790)
calls=97 0 
0 3104
cob=(1)
cfi=(186)
cfn=(646)
calls=1 71 
0 719
0 5

fn=(1864)
0 4
cob=(2)
cfi=(249)
cfn=(1868)
calls=2 626 
0 2507
cob=(1)
cfi=(186)
cfn=(646)
calls=1 71 
0 1004
0 5

fn=(1982)
0 4
cob=(8)
cfi=(211)
cfn=(1986)
calls=2 0 
0 294
cob=(1)
cfi=(186)
cfn=(646)
calls=1 71 
0 673
0 5

fn=(1994)
0 12
cob=(8)
cfi=(211)
cfn=(1998)
calls=6 0 
0 730
cob=(1)
cfi=(186)
cfn=(646)
calls=1 71 
0 689
0 5

fn=(2000)
0 4
cob=(8)
cfi=(211)
cfn=(2004)
calls=2 0 
0 12
cob=(1)
cfi=(186)
cfn=(646)
calls=1 71 
0 800
0 5

fn=(2054)
0 6
cob=(2)
cfi=(214)
cfn=(1350)
calls=3 255 
0 39
cob=(1)
cfi=(186)
cfn=(646)
calls=1 71 
0 868
0 5

fn=(2150)
0 2
cob=(8)
cfi=(211)
cfn=(2154)
calls=1 0 
0 26
cob=(1)
cfi=(186)
cfn=(646)
calls=1 71 
0 677
0 5

fn=(2180)
0 1134774
cob=(8)
cfi=(211)
cfn=(2184)
calls=567387 0 
0 2269548
cob=(1)
cfi=(186)
cfn=(646)
calls=1 71 
0 697
0 5

fn=(2186) 0x000000000010b910
0 2
cob=(7)
cfi=(185)
cfn=(2188)
calls=1 0 
0 22

fn=(2190) 0x000000000010b5c0
0 4
cob=(7)
cfi=(185)
cfn=(2192) std::__cxx11::basic_string<char, std::char_traits<char>, std::allocator<char> >::_M_append(char const*, unsigned long)
calls=2 0 
0 1158

fn=(2214) 0x000000000010b9d0
0 2
cob=(7)
cfi=(185)
cfn=(2216)
calls=1 0 
0 77

fn=(2228)
0 230172
cob=(8)
cfi=(211)
cfn=(2232)
calls=115086 0 
0 6107536
cob=(1)
cfi=(186)
cfn=(646)
calls=1 71 
0 813
0 5

fn=(2310)
0 8
cob=(8)
cfi=(211)
cfn=(2314)
calls=4 0 
0 974
cob=(1)
cfi=(186)
cfn=(646)
calls=1 71 
0 769
0 5

fn=(2398)
0 4
cob=(8)
cfi=(211)
cfn=(2402)
calls=2 0 
0 10
cob=(1)
cfi=(186)
cfn=(646)
calls=1 71 
0 757
0 5

fn=(2518)
0 2
cob=(2)
cfi=(204)
cfn=(1888)
calls=1 3699 
0 516

fn=(2536)
0 18
cob=(8)
cfi=(211)
cfn=(2540)
calls=9 0 
0 27
cob=(1)
cfi=(186)
cfn=(646)
calls=1 71 
0 777
0 5

fn=(2566)
0 4
cob=(2)
cfi=(278)
cfn=(2570)
calls=2 2297 
0 2488
cob=(1)
cfi=(186)
cfn=(646)
calls=1 71 
0 897
0 5

fn=(654) 0x0000000004a218d0
0 72
cob=(7)
cfi=(185)
cfn=(658) std::locale::locale()
calls=36 0 
0 76389
cob=(1)
cfi=(186)
cfn=(646)
calls=1 71 
0 717
0 5

fn=(714) 0x0000000004a22490
0 2
cob=(2)
cfi=(190)
cfn=(718)
calls=1 43 
0 40
cob=(1)
cfi=(186)
cfn=(646)
calls=1 71 
0 814
0 5

fn=(2740)
0 2
cob=(8)
cfi=(211)
cfn=(2744)
calls=1 0 
0 2572
cob=(1)
cfi=(186)
cfn=(646)
calls=1 71 
0 1185
0 5

fn=(2844) 0x000000000010b8f0
0 2
cob=(7)
cfi=(185)
cfn=(2846)
calls=1 0 
0 3211

fn=(2858) 0x0000000004a21430
0 20
cob=(7)
cfi=(185)
cfn=(2062) operator delete(void*)
calls=10 0 
0 79771
cob=(1)
cfi=(186)
cfn=(646)
calls=1 71 
0 655
0 5

fn=(2864) 0x000000000010b740
0 2
cob=(8)
cfi=(211)
cfn=(2866)
calls=1 0 
0 56724

fn=(3006)
0 681452
cob=(8)
cfi=(211)
cfn=(3010)
calls=340726 0 
0 3747986
cob=(1)
cfi=(186)
cfn=(646)
calls=1 71 
0 709
0 5

fn=(3026)
0 232612
cob=(2)
cfi=(204)
cfn=(2068)
calls=116306 3359 
0 14701948
cob=(1)
cfi=(186)
cfn=(646)
calls=1 71 
0 885
0 5

fn=(3038)
0 16
cob=(8)
cfi=(211)
cfn=(3042)
calls=8 0 
0 24
cob=(1)
cfi=(186)
cfn=(646)
calls=1 71 
0 745
0 5

fn=(3072)
0 8
cob=(7)
cfi=(185)
cfn=(658)
calls=4 0 
0 176
cob=(1)
cfi=(186)
cfn=(646)
calls=1 71 
0 794
0 5

fn=(3118)
0 12
cob=(7)
cfi=(185)
cfn=(2846)
calls=6 0 
0 971
cob=(1)
cfi=(186)
cfn=(646)
calls=1 71 
0 1139
0 5

fn=(3184)
0 4
cob=(2)
cfi=(299)
cfn=(3188)
calls=2 25 
0 56
cob=(1)
cfi=(186)
cfn=(646)
calls=1 71 
0 1092
0 5

fn=(3326)
0 2
cob=(8)
cfi=(211)
cfn=(3330)
calls=1 0 
0 4399
cob=(1)
cfi=(186)
cfn=(646)
calls=1 71 
0 1181
0 5

fn=(3392)
0 2
cob=(8)
cfi=(211)
cfn=(3396)
calls=1 0 
0 5
cob=(1)
cfi=(186)
cfn=(646)
calls=1 71 
0 817
0 5

fn=(3416)
0 2
cob=(2)
cfi=(308)
cfn=(3420)
calls=1 29 
0 60
cob=(1)
cfi=(186)
cfn=(646)
calls=1 71 
0 860
0 5

fn=(3472)
0 4
cob=(8)
cfi=(211)
cfn=(3476)
calls=2 0 
0 3508
cob=(1)
cfi=(186)
cfn=(646)
calls=1 71 
0 1045
0 5

fn=(3494)
0 2
cob=(8)
cfi=(211)
cfn=(3498)
calls=1 0 
0 2955
cob=(1)
cfi=(186)
cfn=(646)
calls=1 71 
0 817
0 5

fn=(3512)
0 8
cob=(8)
cfi=(211)
cfn=(3516)
calls=4 0 
0 764
cob=(1)
cfi=(186)
cfn=(646)
calls=1 71 
0 1304
0 5

fn=(3632)
0 2
cob=(8)
cfi=(211)
cfn=(3636)
calls=1 0 
0 1345
cob=(1)
cfi=(186)
cfn=(646)
calls=1 71 
0 1024
0 5

fn=(3864)
0 4
cob=(8)
cfi=(211)
cfn=(3868)
calls=2 0 
0 194
cob=(1)
cfi=(186)
cfn=(646)
calls=1 71 
0 825
0 5

fn=(3884)
0 227008
cob=(8)
cfi=(211)
cfn=(3888)
calls=113504 0 
0 29634858
cob=(1)
cfi=(186)
cfn=(646)
calls=1 71 
0 773
0 5

fn=(3912)
0 4
cob=(8)
cfi=(211)
cfn=(3916)
calls=2 0 
0 6259
cob=(1)
cfi=(186)
cfn=(646)
calls=1 71 
0 873
0 5

fn=(4056)
0 4
cob=(8)
cfi=(211)
cfn=(4060)
calls=2 0 
0 1415
cob=(1)
cfi=(186)
cfn=(646)
calls=1 71 
0 901
0 5

fn=(4076)
0 4
cob=(8)
cfi=(211)
cfn=(4080)
calls=2 0 
0 3450
cob=(1)
cfi=(186)
cfn=(646)
calls=1 71 
0 829
0 5

fn=(4136)
0 227004
cob=(8)
cfi=(211)
cfn=(4140)
calls=113502 0 
0 2043762
cob=(1)
cfi=(186)
cfn=(646)
calls=1 71 
0 825
0 5

fn=(4142)
0 227004
cob=(8)
cfi=(211)
cfn=(4146)
calls=113502 0 
0 340506
cob=(1)
cfi=(186)
cfn=(646)
calls=1 71 
0 721
0 5

fn=(4200)
0 454004
cob=(8)
cfi=(211)
cfn=(4204)
calls=227002 0 
0 7492900
cob=(1)
cfi=(186)
cfn=(646)
calls=1 71 
0 633
0 5

fn=(4206)
0 227002
cob=(8)
cfi=(211)
cfn=(4210)
calls=113501 0 
0 85997818
cob=(1)
cfi=(186)
cfn=(646)
calls=1 71 
0 801
0 5

fn=(4340)
0 225168
cob=(8)
cfi=(211)
cfn=(4344)
calls=112584 0 
0 4390776
cob=(1)
cfi=(186)
cfn=(646)
calls=1 71 
0 961
0 5

fn=(4352)
0 1844
cob=(8)
cfi=(211)
cfn=(4356)
calls=922 0 
0 13762
cob=(1)
cfi=(186)
cfn=(646)
calls=1 71 
0 845
0 5

fn=(4404)
0 227002
cob=(8)
cfi=(211)
cfn=(4408)
calls=113501 0 
0 10220381
cob=(1)
cfi=(186)
cfn=(646)
calls=1 71 
0 745
0 5

fn=(4482) 0x000000000010b970
0 4
cob=(7)
cfi=(185)
cfn=(4484) std::thread::join()
calls=2 0 
0 1345

fn=(4592) 0x000000000010b920
0 10
cob=(7)
cfi=(185)
cfn=(4594) std::ostream& std::ostream::_M_insert<double>(double)
calls=5 0 
0 16434

fn=(4730)
0 4
cob=(8)
cfi=(211)
cfn=(4734)
calls=2 0 
0 1292
cob=(1)
cfi=(186)
cfn=(646)
calls=1 71 
0 721
0 5

fn=(4820)
0 8
cob=(8)
cfi=(211)
cfn=(4824)
calls=4 0 
0 88
cob=(1)
cfi=(186)
cfn=(646)
calls=1 71 
0 773
0 5

fn=(4898)
0 8
cob=(8)
cfi=(211)
cfn=(4902)
calls=4 0 
0 1886
cob=(1)
cfi=(186)
cfn=(646)
calls=1 71 
0 653
0 5

fn=(4980)
0 4
cob=(8)
cfi=(211)
cfn=(4979)
calls=2 0 
0 410
cob=(1)
cfi=(186)
cfn=(646)
calls=1 71 
0 709
0 5

fn=(5032)
0 4
cob=(8)
cfi=(211)
cfn=(5036)
calls=2 0 
0 2068
cob=(1)
cfi=(186)
cfn=(646)
calls=1 71 
0 873
0 5

fn=(5196)
0 4
cob=(8)
cfi=(211)
cfn=(5200)
calls=2 0 
0 1331
cob=(1)
cfi=(186)
cfn=(646)
calls=1 71 
0 685
0 5

fn=(5208)
0 4
cob=(8)
cfi=(211)
cfn=(5212)
calls=2 0 
0 46
cob=(1)
cfi=(186)
cfn=(646)
calls=1 71 
0 701
0 5

fn=(5220)
0 2
cob=(8)
cfi=(211)
cfn=(5219)
calls=1 0 
0 912
cob=(1)
cfi=(186)
cfn=(646)
calls=1 71 
0 681
0 5

fn=(4240)
0 2
cob=(8)
cfi=(211)
cfn=(4244)
calls=1 0 
0 74
cob=(1)
cfi=(186)
cfn=(646)
calls=1 71 
0 721
0 5

fn=(4258)
0 2
cob=(8)
cfi=(211)
cfn=(4262)
calls=1 0 
0 275
cob=(1)
cfi=(186)
cfn=(646)
calls=1 71 
0 1348
0 5

fn=(730) 0x0000000004a21800
0 266
cob=(7)
cfi=(185)
cfn=(734) std::locale::id::_M_id() const
calls=133 0 
0 1230
cob=(1)
cfi=(186)
cfn=(646)
calls=1 71 
0 757
0 5

fn=(754) 0x0000000004a23530
0 2
cob=(7)
cfi=(185)
cfn=(758) std::__cxx11::moneypunct<char, true>::_M_initialize_moneypunct(__locale_struct*, char const*)
calls=1 0 
0 115
cob=(1)
cfi=(186)
cfn=(646)
calls=1 71 
0 1109
0 5

fn=(828)
0 98
cob=(2)
cfi=(199)
cfn=(830)
calls=49 73 
0 1048

fn=(844) 0x0000000004a22d70
0 2
cob=(7)
cfi=(185)
cfn=(848) std::__cxx11::moneypunct<wchar_t, false>::_M_initialize_moneypunct(__locale_struct*, char const*)
calls=1 0 
0 109
cob=(1)
cfi=(186)
cfn=(646)
calls=1 71 
0 1125
0 5

fn=(1042) 0x0000000004a23780
0 36
cob=(7)
cfi=(185)
cfn=(1046) std::ios_base::_M_init()
calls=18 0 
0 3418
cob=(1)
cfi=(186)
cfn=(646)
calls=1 71 
0 765
0 5

fn=(1054) 0x0000000004a22ea0
0 44
cob=(7)
cfi=(185)
cfn=(1058) std::locale::~locale()
calls=22 0 
0 264
cob=(1)
cfi=(186)
cfn=(646)
calls=1 71 
0 749
0 5

fn=(1140) 0x0000000004a21210
0 264
cob=(2)
cfi=(204)
cfn=(1144)
calls=132 3294 
0 109311
cob=(1)
cfi=(186)
cfn=(646)
calls=1 71 
0 901
0 5

fn=(1508)
0 2
cob=(8)
cfi=(211)
cfn=(1512)
calls=1 0 
0 9832
cob=(1)
cfi=(186)
cfn=(646)
calls=1 71 
0 607
0 5

fn=(1594)
0 6
cob=(8)
cfi=(211)
cfn=(1598)
calls=3 0 
0 9
cob=(1)
cfi=(186)
cfn=(646)
calls=1 71 
0 670
0 5

fn=(1750)
0 16
cob=(8)
cfi=(211)
cfn=(1754)
calls=8 0 
0 784
cob=(1)
cfi=(186)
cfn=(646)
calls=1 71 
0 703
0 5

fn=(1756)
0 16
cob=(8)
cfi=(211)
cfn=(1760)
calls=8 0 
0 24
cob=(1)
cfi=(186)
cfn=(646)
calls=1 71 
0 715
0 5

fn=(1774)
0 868
cob=(2)
cfi=(226)
cfn=(1778)
calls=434 120 
0 3038
cob=(1)
cfi=(186)
cfn=(646)
calls=1 71 
0 870
0 5

fn=(1804)
0 4
cob=(8)
cfi=(211)
cfn=(1808)
calls=2 0 
0 10969
cob=(1)
cfi=(186)
cfn=(646)
calls=1 71 
0 775
0 5

fn=(1852)
0 4
cob=(8)
cfi=(211)
cfn=(1856)
calls=2 0 
0 4524
cob=(1)
cfi=(186)
cfn=(646)
calls=1 71 
0 759
0 5

fn=(1890)
0 12
cob=(2)
cfi=(238)
cfn=(1694)
calls=6 158 
0 256

fn=(1988)
0 12
cob=(8)
cfi=(211)
cfn=(1992)
calls=6 0 
0 1544
cob=(1)
cfi=(186)
cfn=(646)
calls=1 71 
0 677
0 5

fn=(2018)
0 4
cob=(8)
cfi=(211)
cfn=(2022)
calls=2 0 
0 3126
cob=(1)
cfi=(186)
cfn=(646)
calls=1 71 
0 1252
0 5

fn=(2036)
0 2
cob=(8)
cfi=(211)
cfn=(2040)
calls=1 0 
0 3536
cob=(1)
cfi=(186)
cfn=(646)
calls=1 71 
0 725
0 5

fn=(2058)
0 242
cob=(7)
cfi=(185)
cfn=(2062)
calls=121 0 
0 13833
cob=(1)
cfi=(186)
cfn=(646)
calls=1 71 
0 686
0 5

fn=(2218) 0x000000000010b6a0
0 2
cob=(8)
cfi=(211)
cfn=(2220)
calls=1 0 
0 101013

fn=(2272)
0 4
cob=(7)
cfi=(185)
cfn=(2276) std::__cxx11::basic_string<char, std::char_traits<char>, std::allocator<char> >::find(char const*, unsigned long, unsigned long) const
calls=2 0 
0 1895
cob=(1)
cfi=(186)
cfn=(646)
calls=1 71 
0 1099
0 5

fn=(2288)
0 4
cob=(8)
cfi=(211)
cfn=(2292)
calls=2 0 
0 2644
cob=(1)
cfi=(186)
cfn=(646)
calls=1 71 
0 1109
0 5

fn=(2294)
0 70
cob=(7)
cfi=(185)
cfn=(2298) std::__cxx11::basic_string<char, std::char_traits<char>, std::allocator<char> >::compare(char const*) const
calls=35 0 
0 3283
cob=(1)
cfi=(186)
cfn=(646)
calls=1 71 
0 1141
0 5

fn=(2304)
0 8
cob=(8)
cfi=(211)
cfn=(2308)
calls=4 0 
0 1768
cob=(1)
cfi=(186)
cfn=(646)
calls=1 71 
0 769
0 5

fn=(2328)
0 2
cob=(8)
cfi=(211)
cfn=(2332)
calls=1 0 
0 4572
cob=(1)
cfi=(186)
cfn=(646)
calls=1 71 
0 1081
0 5

fn=(2352)
0 12
cob=(8)
cfi=(211)
cfn=(2356)
calls=6 0 
0 930
cob=(1)
cfi=(186)
cfn=(646)
calls=1 71 
0 809
0 5

fn=(2464)
0 4
cob=(7)
cfi=(185)
cfn=(2468) std::__cxx11::basic_string<char, std::char_traits<char>, std::allocator<char> >::rfind(char, unsigned long) const
calls=2 0 
0 154
cob=(1)
cfi=(186)
cfn=(646)
calls=1 71 
0 1129
0 5

fn=(2554)
0 4
cob=(8)
cfi=(211)
cfn=(2558)
calls=2 0 
0 5531
cob=(1)
cfi=(186)
cfn=(646)
calls=1 71 
0 917
0 5

fn=(2560)
0 4
cob=(8)
cfi=(211)
cfn=(2564)
calls=2 0 
0 6
cob=(1)
cfi=(186)
cfn=(646)
calls=1 71 
0 805
0 5

fn=(2584)
0 4
cob=(2)
cfi=(278)
cfn=(2588)
calls=2 2620 
0 236
cob=(1)
cfi=(186)
cfn=(646)
calls=1 71 
0 849
0 5

fn=(2614)
0 4
cob=(2)
cfi=(270)
cfn=(2492)
calls=2 120 
0 12
cob=(1)
cfi=(186)
cfn=(646)
calls=1 71 
0 835
0 5

fn=(682) 0x0000000004a207a0
0 2
cob=(7)
cfi=(185)
cfn=(686) std::ctype<char>::ctype(unsigned short const*, bool, unsigned long)
calls=1 0 
0 4039
cob=(1)
cfi=(186)
cfn=(646)
calls=1 71 
0 745
0 5

fn=(2698)
0 14
cob=(2)
cfi=(284)
cfn=(2702)
calls=7 504 
0 11109
cob=(1)
cfi=(186)
cfn=(646)
calls=1 71 
0 853
0 5

fn=(2734)
0 14
cob=(8)
cfi=(211)
cfn=(2738)
calls=7 0 
0 826
cob=(1)
cfi=(186)
cfn=(646)
calls=1 71 
0 921
0 5

fn=(2862) 0x000000000010b990
0 4
cob=(7)
cfi=(185)
cfn=(2276)
calls=2 0 
0 264

fn=(2868)
0 2
cob=(8)
cfi=(211)
cfn=(2872)
calls=1 0 
0 55945
cob=(1)
cfi=(186)
cfn=(646)
calls=1 71 
0 749
0 5

fn=(2874)
0 2
cob=(8)
cfi=(211)
cfn=(2878)
calls=1 0 
0 55102
cob=(1)
cfi=(186)
cfn=(646)
calls=1 71 
0 817
0 5

fn=(2974)
0 4
cob=(8)
cfi=(211)
cfn=(2978)
calls=2 0 
0 468
cob=(1)
cfi=(186)
cfn=(646)
calls=1 71 
0 757
0 5

fn=(3190)
0 4
cob=(8)
cfi=(211)
cfn=(3194)
calls=2 0 
0 3177
cob=(1)
cfi=(186)
cfn=(646)
calls=1 71 
0 825
0 5

fn=(3196)
0 8
cob=(2)
cfi=(300)
cfn=(3200)
calls=4 23 
0 12
cob=(1)
cfi=(186)
cfn=(646)
calls=1 71 
0 857
0 5

fn=(3238)
0 2556
cob=(8)
cfi=(211)
cfn=(3242)
calls=1278 0 
0 7040
cob=(1)
cfi=(186)
cfn=(646)
calls=1 71 
0 785
0 5

fn=(3374)
0 232
cob=(8)
cfi=(211)
cfn=(3378)
calls=116 0 
0 3712
cob=(1)
cfi=(186)
cfn=(646)
calls=1 71 
0 733
0 5

fn=(3446)
0 2
cob=(8)
cfi=(211)
cfn=(3450)
calls=1 0 
0 17079
cob=(1)
cfi=(186)
cfn=(646)
calls=1 71 
0 833
0 5

fn=(3452)
0 6
cob=(2)
cfi=(270)
cfn=(3456)
calls=3 120 
0 18
cob=(1)
cfi=(186)
cfn=(646)
calls=1 71 
0 876
0 5

fn=(3484)
0 2
cob=(8)
cfi=(211)
cfn=(3488)
calls=1 0 
0 136
cob=(1)
cfi=(186)
cfn=(646)
calls=1 71 
0 949
0 5

fn=(3530)
0 2
cob=(8)
cfi=(211)
cfn=(3534)
calls=1 0 
0 113
cob=(1)
cfi=(186)
cfn=(646)
calls=1 71 
0 781
0 5

fn=(3536)
0 2
cob=(8)
cfi=(211)
cfn=(3540)
calls=1 0 
0 7268
cob=(1)
cfi=(186)
cfn=(646)
calls=1 71 
0 1165
0 5

fn=(3658)
0 2
cob=(8)
cfi=(211)
cfn=(3662)
calls=1 0 
0 5831
cob=(1)
cfi=(186)
cfn=(646)
calls=1 71 
0 833
0 5

fn=(3682)
0 2
cob=(8)
cfi=(211)
cfn=(3686)
calls=1 0 
0 2287
cob=(1)
cfi=(186)
cfn=(646)
calls=1 71 
0 777
0 5

fn=(3716)
0 2042
cob=(8)
cfi=(211)
cfn=(3720)
calls=1021 0 
0 82509
cob=(1)
cfi=(186)
cfn=(646)
calls=1 71 
0 685
0 5

fn=(3754)
0 4
cob=(8)
cfi=(211)
cfn=(3758)
calls=2 0 
0 1573
cob=(1)
cfi=(186)
cfn=(646)
calls=1 71 
0 709
0 5

fn=(3890)
0 227008
cob=(8)
cfi=(211)
cfn=(3894)
calls=113504 0 
0 454016
cob=(1)
cfi=(186)
cfn=(646)
calls=1 71 
0 829
0 5

fn=(3930)
0 4
cob=(8)
cfi=(211)
cfn=(3934)
calls=2 0 
0 2255
cob=(1)
cfi=(186)
cfn=(646)
calls=1 71 
0 1684
0 5

fn=(4020)
0 40
cob=(2)
cfi=(199)
cfn=(830)
calls=20 73 
0 428
cob=(1)
cfi=(186)
cfn=(646)
calls=1 71 
0 900
0 5

fn=(4160) 0x0000000004a20c30
0 1108910
cob=(2)
cfi=(239)
cfn=(1742)
calls=554455 30 
0 6099005
cob=(1)
cfi=(186)
cfn=(646)
calls=1 71 
0 870
0 5

fn=(4180) 0x0000000004a21b60
0 4
cob=(2)
cfi=(249)
cfn=(1868)
calls=2 626 
0 2352
cob=(1)
cfi=(186)
cfn=(646)
calls=1 71 
0 964
0 5

fn=(4188)
0 227002
cob=(8)
cfi=(211)
cfn=(4192)
calls=113501 0 
0 30938400
cob=(1)
cfi=(186)
cfn=(646)
calls=1 71 
0 781
0 5

fn=(4434) 0x000000000010b6f0
0 227002
cob=(8)
cfi=(211)
cfn=(4436)
calls=113501 0 
0 3748284

fn=(4446) 0x000000000010b820
0 388
cob=(8)
cfi=(211)
cfn=(3384)
calls=194 0 
0 2328

fn=(4548) 0x000000000010b930
0 2
cob=(2)
cfi=(214)
cfn=(1350)
calls=1 255 
0 12

fn=(4550) 0x000000000010b7c0
0 80
cob=(7)
cfi=(185)
cfn=(3080)
calls=40 0 
0 11572

fn=(4554) 0x0000000004a23d00
0 100
cob=(2)
cfi=(324)
cfn=(4558)
calls=50 31 
0 8635
cob=(1)
cfi=(186)
cfn=(646)
calls=1 71 
0 799
0 5

fn=(4580) 0x000000000010b6b0
0 10
cob=(7)
cfi=(185)
cfn=(4582) std::ostream& std::ostream::_M_insert<unsigned long>(unsigned long)
calls=5 0 
0 3246

fn=(4742) 0x000000000010b8e0
0 2
cob=(8)
cfi=(211)
cfn=(4744)
calls=1 0 
0 15227

fn=(4796)
0 8
cob=(8)
cfi=(211)
cfn=(4800)
calls=4 0 
0 180
cob=(1)
cfi=(186)
cfn=(646)
calls=1 71 
0 701
0 5

fn=(4872)
0 4
cob=(8)
cfi=(211)
cfn=(4876)
calls=2 0 
0 120
cob=(1)
cfi=(186)
cfn=(646)
calls=1 71 
0 817
0 5

fn=(4884)
0 4
cob=(8)
cfi=(211)
cfn=(4888)
calls=2 0 
0 6
cob=(1)
cfi=(186)
cfn=(646)
calls=1 71 
0 761
0 5

fn=(4960)
0 4
cob=(8)
cfi=(211)
cfn=(4964)
calls=2 0 
0 24
cob=(1)
cfi=(186)
cfn=(646)
calls=1 71 
0 729
0 5

fn=(5074)
0 4
cob=(8)
cfi=(211)
cfn=(5078)
calls=2 0 
0 210
cob=(1)
cfi=(186)
cfn=(646)
calls=1 71 
0 653
0 5

fn=(5104)
0 24
cob=(2)
cfi=(347)
cfn=(5108)
calls=12 23 
0 36
cob=(1)
cfi=(186)
cfn=(646)
calls=1 71 
0 1188
0 5

fn=(5110)
0 10
cob=(8)
cfi=(211)
cfn=(5114)
calls=5 0 
0 380
cob=(1)
cfi=(186)
cfn=(646)
calls=1 71 
0 685
0 5

fn=(5126)
0 2
cob=(8)
cfi=(211)
cfn=(5125)
calls=1 0 
0 4620
cob=(1)
cfi=(186)
cfn=(646)
calls=1 71 
0 649
0 5

fn=(5146)
0 2
cob=(8)
cfi=(211)
cfn=(5150)
calls=1 0 
0 271
cob=(1)
cfi=(186)
cfn=(646)
calls=1 71 
0 713
0 5

fn=(5214)
0 2
cob=(8)
cfi=(211)
cfn=(5218)
calls=1 0 
0 1698
cob=(1)
cfi=(186)
cfn=(646)
calls=1 71 
0 665
0 5

fn=(5316) 0x0000000004a202b0
0 2
cob=(2)
cfi=(351)
cfn=(5256)
calls=1 30 
0 7792

fn=(5348) 0x0000000004a228a0
0 6
cob=(7)
cfi=(185)
cfn=(4678)
calls=3 0 
0 3186
cob=(1)
cfi=(186)
cfn=(646)
calls=1 71 
0 730
0 5

fn=(5349) 0x0000000004a228a0'2
0 2
cob=(7)
cfi=(185)
cfn=(4679) std::ostream::flush()'2
calls=1 0 
0 142

fn=(5364) 0x0000000004a22140
0 4
cob=(1)
cfi=(354) ./elf/../sysdeps/x86_64/tls_get_addr.S
cfn=(5368) __tls_get_addr
calls=2 29 
0 24
cob=(1)
cfi=(186)
cfn=(646)
calls=1 71 
0 960
0 5

fn=(5392) 0x0000000004b63ce4
0 4

fn=(5440) 0x0000000004ecd3a8
0 4

fn=(3612)
0 24
cob=(8)
cfi=(211)
cfn=(3616)
calls=12 0 
0 2808
cob=(1)
cfi=(186)
cfn=(646)
calls=1 71 
0 781
0 5

fn=(4216)
0 2
cob=(8)
cfi=(211)
cfn=(4220)
calls=1 0 
0 3
cob=(1)
cfi=(186)
cfn=(646)
calls=1 71 
0 729
0 5

fn=(4298)
0 227264
cob=(8)
cfi=(211)
cfn=(4302)
calls=113632 0 
0 2954432
cob=(1)
cfi=(186)
cfn=(646)
calls=1 71 
0 745
0 5

fn=(592) 0x000000000483d000
0 7

fn=(766) 0x0000000004a22ec0
0 2
cob=(7)
cfi=(185)
cfn=(770) std::__timepunct<char>::_M_initialize_timepunct(__locale_struct*)
calls=1 0 
0 157
cob=(1)
cfi=(186)
cfn=(646)
calls=1 71 
0 1005
0 5

fn=(850) 0x0000000004a21060
0 2
cob=(7)
cfi=(185)
cfn=(854) std::__cxx11::moneypunct<wchar_t, true>::_M_initialize_moneypunct(__locale_struct*, char const*)
calls=1 0 
0 109
cob=(1)
cfi=(186)
cfn=(646)
calls=1 71 
0 1093
0 5

fn=(856) 0x0000000004a233b0
0 2
cob=(7)
cfi=(185)
cfn=(860) std::__timepunct<wchar_t>::__timepunct(std::__timepunct_cache<wchar_t>*, unsigned long)
calls=1 0 
0 1219
cob=(1)
cfi=(186)
cfn=(646)
calls=1 71 
0 928
0 5

fn=(1130)
0 442
cob=(2)
cfi=(203)
cfn=(1132)
calls=221 206 
0 5645

fn=(1352)
0 2
cob=(1)
cfi=(48) ./elf/./elf/dl-audit.c
cfn=(1354) _dl_audit_preinit
calls=1 118 
0 5

fn=(1368) 0x000000000010b550
0 46
cob=(2)
cfi=(219)
cfn=(1370)
calls=23 25 
0 92

fn=(1402) 0x0000000004a20cc0
0 154
cob=(7)
cfi=(185)
cfn=(1340)
calls=77 0 
0 18331
cob=(1)
cfi=(186)
cfn=(646)
calls=1 71 
0 681
0 5

fn=(1418)
0 24
cob=(2)
cfi=(222)
cfn=(1422)
calls=12 24 
0 48
cob=(1)
cfi=(186)
cfn=(646)
calls=1 71 
0 1166
0 5

fn=(1424)
0 24
cob=(2)
cfi=(223)
cfn=(1428)
calls=12 24 
0 156
cob=(1)
cfi=(186)
cfn=(646)
calls=1 71 
0 968
0 5

fn=(1430)
0 24
cob=(2)
cfi=(224)
cfn=(1434)
calls=12 53 
0 636
cob=(1)
cfi=(186)
cfn=(646)
calls=1 71 
0 954
0 5

fn=(1762)
0 16
cob=(8)
cfi=(211)
cfn=(1766)
calls=8 0 
0 6068
cob=(1)
cfi=(186)
cfn=(646)
calls=1 71 
0 803
0 5

fn=(1822)
0 4
cob=(8)
cfi=(211)
cfn=(1826)
calls=2 0 
0 88
cob=(1)
cfi=(186)
cfn=(646)
calls=1 71 
0 967
0 5

fn=(1916)
0 2
cob=(8)
cfi=(211)
cfn=(1920)
calls=1 0 
0 1764
cob=(1)
cfi=(186)
cfn=(646)
calls=1 71 
0 757
0 5

fn=(2024)
0 4
cob=(8)
cfi=(211)
cfn=(2028)
calls=2 0 
0 6
cob=(1)
cfi=(186)
cfn=(646)
calls=1 71 
0 781
0 5

fn=(2030)
0 2
cob=(8)
cfi=(211)
cfn=(2034)
calls=1 0 
0 4294
cob=(1)
cfi=(186)
cfn=(646)
calls=1 71 
0 721
0 5

fn=(2042)
0 2
cob=(8)
cfi=(211)
cfn=(2046)
calls=1 0 
0 7
cob=(1)
cfi=(186)
cfn=(646)
calls=1 71 
0 649
0 5

fn=(2108)
0 228850
cob=(8)
cfi=(211)
cfn=(2112)
calls=114425 0 
0 21595466
cob=(1)
cfi=(186)
cfn=(646)
calls=1 71 
0 697
0 5

fn=(2126)
0 1816312
cob=(8)
cfi=(211)
cfn=(2130)
calls=908156 0 
0 26344639
cob=(1)
cfi=(186)
cfn=(646)
calls=1 71 
0 681
0 5

fn=(2222)
0 2
cob=(8)
cfi=(211)
cfn=(2226)
calls=1 0 
0 100250
cob=(1)
cfi=(186)
cfn=(646)
calls=1 71 
0 733
0 5

fn=(2510)
0 42
cob=(2)
cfi=(214)
cfn=(2512)
calls=21 249 
0 778

fn=(2602)
0 8
cob=(8)
cfi=(211)
cfn=(2606)
calls=4 0 
0 40
cob=(1)
cfi=(186)
cfn=(646)
calls=1 71 
0 737
0 5

fn=(2746)
0 4
cob=(8)
cfi=(211)
cfn=(2750)
calls=2 0 
0 13732
cob=(1)
cfi=(186)
cfn=(646)
calls=1 71 
0 1069
0 5

fn=(2886)
0 2
cob=(8)
cfi=(211)
cfn=(2890)
calls=1 0 
0 3
cob=(1)
cfi=(186)
cfn=(646)
calls=1 71 
0 709
0 5

fn=(2898)
0 32
cob=(2)
cfi=(291)
cfn=(2902)
calls=16 26 
0 112
cob=(1)
cfi=(186)
cfn=(646)
calls=1 71 
0 865
0 5

fn=(2994)
0 454188
cob=(8)
cfi=(211)
cfn=(2998)
calls=227094 0 
0 32316193
cob=(1)
cfi=(186)
cfn=(646)
calls=1 71 
0 745
0 5

fn=(3050)
0 4
cob=(8)
cfi=(211)
cfn=(3054)
calls=2 0 
0 20595
cob=(1)
cfi=(186)
cfn=(646)
calls=1 71 
0 1037
0 5

fn=(3056)
0 8
cob=(7)
cfi=(185)
cfn=(1034)
calls=4 0 
0 504
cob=(1)
cfi=(186)
cfn=(646)
calls=1 71 
0 821
0 5

fn=(3106) 0x0000000004a22eb0
0 4
cob=(7)
cfi=(185)
cfn=(3110) std::__cxx11::basic_string<char, std::char_traits<char>, std::allocator<char> >::swap(std::__cxx11::basic_string<char, std::char_traits<char>, std::allocator<char> >&)
calls=2 0 
0 102
cob=(1)
cfi=(186)
cfn=(646)
calls=1 71 
0 1030
0 5

fn=(3122)
0 8
cob=(7)
cfi=(185)
cfn=(1058)
calls=4 0 
0 48
cob=(1)
cfi=(186)
cfn=(646)
calls=1 71 
0 834
0 5

fn=(3126)
0 8
cob=(7)
cfi=(185)
cfn=(3130) std::ios_base::~ios_base()
calls=4 0 
0 2100
cob=(1)
cfi=(186)
cfn=(646)
calls=1 71 
0 801
0 5

fn=(3176)
0 4
cob=(2)
cfi=(297)
cfn=(3180)
calls=2 26 
0 14
cob=(1)
cfi=(186)
cfn=(646)
calls=1 71 
0 880
0 5

fn=(3220)
0 4
cob=(8)
cfi=(211)
cfn=(3224)
calls=2 0 
0 1311
cob=(1)
cfi=(186)
cfn=(646)
calls=1 71 
0 757
0 5

fn=(3226)
0 4
cob=(2)
cfi=(303)
cfn=(3230)
calls=2 32 
0 166
cob=(1)
cfi=(186)
cfn=(646)
calls=1 71 
0 1106
0 5

fn=(3434)
0 4
cob=(8)
cfi=(211)
cfn=(3438)
calls=2 0 
0 32
cob=(1)
cfi=(186)
cfn=(646)
calls=1 71 
0 757
0 5

fn=(3548)
0 2
cob=(8)
cfi=(211)
cfn=(3552)
calls=1 0 
0 196
cob=(1)
cfi=(186)
cfn=(646)
calls=1 71 
0 821
0 5

fn=(3746)
0 4
cob=(8)
cfi=(211)
cfn=(3750)
calls=2 0 
0 24
cob=(1)
cfi=(186)
cfn=(646)
calls=1 71 
0 833
0 5

fn=(3764)
0 4
cob=(8)
cfi=(211)
cfn=(3768)
calls=2 0 
0 2421
cob=(1)
cfi=(186)
cfn=(646)
calls=1 71 
0 717
0 5

fn=(3794)
0 4
cob=(8)
cfi=(211)
cfn=(3798)
calls=2 0 
0 1946
cob=(1)
cfi=(186)
cfn=(646)
calls=1 71 
0 937
0 5

fn=(3814)
0 230868
cob=(8)
cfi=(211)
cfn=(3818)
calls=115434 0 
0 346302
cob=(1)
cfi=(186)
cfn=(646)
calls=1 71 
0 841
0 5

fn=(3846)
0 8
cob=(8)
cfi=(211)
cfn=(3850)
calls=4 0 
0 52
cob=(1)
cfi=(186)
cfn=(646)
calls=1 71 
0 797
0 5

fn=(3852)
0 4
cob=(8)
cfi=(211)
cfn=(3856)
calls=2 0 
0 68
cob=(1)
cfi=(186)
cfn=(646)
calls=1 71 
0 797
0 5

fn=(3962)
0 4
cob=(8)
cfi=(211)
cfn=(3966)
calls=2 0 
0 12789
cob=(1)
cfi=(186)
cfn=(646)
calls=1 71 
0 1405
0 5

fn=(3968)
0 4
cob=(8)
cfi=(211)
cfn=(3972)
calls=2 0 
0 675
cob=(1)
cfi=(186)
cfn=(646)
calls=1 71 
0 1700
0 5

fn=(3994) 0x0000000004a22c20
0 4
cob=(7)
cfi=(185)
cfn=(3998) std::ostreambuf_iterator<char, std::char_traits<char> > std::num_put<char, std::ostreambuf_iterator<char, std::char_traits<char> > >::_M_insert_int<long>(std::ostreambuf_iterator<char, std::char_traits<char> >, std::ios_base&, char, long) const
calls=2 0 
0 622
cob=(1)
cfi=(186)
cfn=(646)
calls=1 71 
0 1234
0 5

fn=(4130)
0 6
cob=(8)
cfi=(211)
cfn=(4134)
calls=3 0 
0 18
cob=(1)
cfi=(186)
cfn=(646)
calls=1 71 
0 689
0 5

fn=(4170) 0x000000000010b830
0 778028
cob=(7)
cfi=(185)
cfn=(4172) std::chrono::_V2::steady_clock::now()
calls=389014 0 
0 11281406

fn=(4176) 0x000000000010b730
0 4
cob=(7)
cfi=(185)
cfn=(4178) std::thread::_M_start_thread(std::unique_ptr<std::thread::_State, std::default_delete<std::thread::_State> >, void (*)())
calls=2 0 
0 3357

fn=(4328)
0 594
cob=(8)
cfi=(211)
cfn=(4332)
calls=297 0 
0 162876
cob=(1)
cfi=(186)
cfn=(646)
calls=1 71 
0 841
0 5

fn=(4346)
0 225168
cob=(8)
cfi=(211)
cfn=(4350)
calls=112584 0 
0 450336
cob=(1)
cfi=(186)
cfn=(646)
calls=1 71 
0 845
0 5

fn=(4376) 0x000000000010b9e0
0 227390
cob=(8)
cfi=(211)
cfn=(4378)
calls=113695 0 
0 1136950

fn=(4456)
0 382
cob=(8)
cfi=(211)
cfn=(4460)
calls=191 0 
0 4202
cob=(1)
cfi=(186)
cfn=(646)
calls=1 71 
0 757
0 5

fn=(4468)
0 180
cob=(8)
cfi=(211)
cfn=(4472)
calls=90 0 
0 2880
cob=(1)
cfi=(186)
cfn=(646)
calls=1 71 
0 737
0 5

fn=(4668) 0x0000000004a22b60
0 10
cob=(2)
cfi=(343)
cfn=(4672)
calls=5 25 
0 260
cob=(1)
cfi=(186)
cfn=(646)
calls=1 71 
0 791
0 5

fn=(4724)
0 2
cob=(8)
cfi=(211)
cfn=(4728)
calls=1 0 
0 2158
cob=(1)
cfi=(186)
cfn=(646)
calls=1 71 
0 689
0 5

fn=(4784)
0 8
cob=(8)
cfi=(211)
cfn=(4788)
calls=4 0 
0 3568
cob=(1)
cfi=(186)
cfn=(646)
calls=1 71 
0 701
0 5

fn=(4996)
0 4
cob=(8)
cfi=(211)
cfn=(5000)
calls=2 0 
0 46
cob=(1)
cfi=(186)
cfn=(646)
calls=1 71 
0 817
0 5

fn=(5004)
0 4
cob=(8)
cfi=(211)
cfn=(5008)
calls=2 0 
0 1300
cob=(1)
cfi=(186)
cfn=(646)
calls=1 71 
0 721
0 5

fn=(5062)
0 2
cob=(8)
cfi=(211)
cfn=(5066)
calls=1 0 
0 7959
cob=(1)
cfi=(186)
cfn=(646)
calls=1 71 
0 653
0 5

fn=(5254) 0x000000000010b530
0 2
cob=(2)
cfi=(351)
cfn=(5256)
calls=1 30 
0 132

fn=(5358) 0x0000000004a22e80
0 4
cob=(7)
cfi=(185)
cfn=(5362) __cxa_get_globals
calls=2 0 
0 1009
cob=(1)
cfi=(186)
cfn=(646)
calls=1 71 
0 739
0 5

fn=(5370) 0x0000000004a23980
0 6
cob=(7)
cfi=(185)
cfn=(5374) std::basic_ostream<wchar_t, std::char_traits<wchar_t> >::flush()
calls=3 0 
0 1672
cob=(1)
cfi=(186)
cfn=(646)
calls=1 71 
0 922
0 5

fn=(5371) 0x0000000004a23980'2
0 2
cob=(7)
cfi=(185)
cfn=(5375) std::basic_ostream<wchar_t, std::char_traits<wchar_t> >::flush()'2
calls=1 0 
0 142

fn=(5412) 0x0000000004c013c0
0 2
cob=(2)
cfi=(351)
cfn=(5256)
calls=1 30 
0 132

ob=(6) /usr/lib/x86_64-linux-gnu/libgcc_s.so.1
fl=(184) ???
fn=(628) 0x0000000000005b10
0 12

fn=(5394) 0x0000000000004940
0 5
cfn=(5396) 0x00000000000048f0
calls=1 0 
0 16
0 2
cfn=(5396)
calls=1 0 
0 16
0 3

fn=(5416) 0x0000000000005a60
0 5

fn=(5396)
0 32

fn=(626) __cpu_indicator_init
0 364

fn=(5406) 0x0000000000005ad0
0 9
cob=(4)
cfi=(175)
cfn=(5412)
calls=1 0 
0 134
0 1
cfn=(5416)
calls=1 0 
0 5
0 3

ob=(5) /usr/libexec/valgrind/vgpreload_core-amd64-linux.so
fl=(178) ???
fn=(5284) 0x0000000000001060
0 5

fn=(596) 0x0000000000001110
0 12

fn=(5274) 0x00000000000010d0
0 9
cob=(4)
cfi=(175)
cfn=(5280)
calls=1 0 
0 134
0 1
cfn=(5284)
calls=1 0 
0 5
0 3

ob=(7)
fl=(185)
fn=(848)
0 109

fn=(1058)
0 312

fn=(2094)
0 20

fn=(2188)
0 54
cob=(4)
cfi=(175)
cfn=(2854)
calls=2 0 
0 466
0 50

fn=(666)
0 12

fn=(3090) std::__cxx11::basic_stringbuf<char, std::char_traits<char>, std::allocator<char> >::overflow(int)
0 276
cob=(4)
cfi=(175)
cfn=(3092)
calls=4 0 
0 1119
0 90
cob=(4)
cfi=(175)
cfn=(3098)
calls=2 0 
0 1563
0 18
cob=(4)
cfi=(175)
cfn=(3102)
calls=2 0 
0 1198
0 30
cob=(4)
cfi=(175)
cfn=(3106)
calls=2 0 
0 1141
0 14
cob=(4)
cfi=(175)
cfn=(3112)
calls=2 0 
0 1159
0 6

fn=(3130)
0 44
cob=(4)
cfi=(175)
cfn=(3132)
calls=4 0 
0 1006
0 8
cob=(4)
cfi=(175)
cfn=(3138)
calls=4 0 
0 954
0 32
cob=(4)
cfi=(175)
cfn=(1054)
calls=4 0 
0 56

fn=(3978)
0 22
cob=(4)
cfi=(175)
cfn=(3980)
calls=2 0 
0 4500

fn=(4034)
0 30

fn=(4172)
0 3501126
cob=(4)
cfi=(175)
cfn=(4160)
calls=389014 0 
0 5057182
0 2723098

fn=(4942)
0 16

fn=(5334)
0 2

fn=(5362)
0 10
cob=(4)
cfi=(175)
cfn=(5364)
calls=2 0 
0 993
0 6

fn=(842)
0 353

fn=(854)
0 109

fn=(874) 0x00000000000ed260
0 25
cob=(4)
cfi=(175)
cfn=(876)
calls=1 0 
0 1397
0 8
cob=(4)
cfi=(175)
cfn=(730)
calls=1 0 
0 17
0 7
cob=(4)
cfi=(175)
cfn=(688)
calls=1 0 
0 25
0 7
cob=(4)
cfi=(175)
cfn=(730)
calls=1 0 
0 17
0 13
cob=(4)
cfi=(175)
cfn=(894)
calls=1 0 
0 1166
0 7
cob=(4)
cfi=(175)
cfn=(730)
calls=1 0 
0 17
0 13
cob=(4)
cfi=(175)
cfn=(906)
calls=1 0 
0 1183
0 7
cob=(4)
cfi=(175)
cfn=(730)
calls=1 0 
0 17
0 12
cob=(4)
cfi=(175)
cfn=(730)
calls=1 0 
0 17
0 12
cob=(4)
cfi=(175)
cfn=(730)
calls=1 0 
0 17
0 12
cob=(4)
cfi=(175)
cfn=(730)
calls=1 0 
0 17
0 6
cob=(4)
cfi=(175)
cfn=(930)
calls=1 0 
0 814
0 7
cob=(4)
cfi=(175)
cfn=(730)
calls=1 0 
0 17
0 16
cob=(4)
cfi=(175)
cfn=(942)
calls=1 0 
0 1341
0 7
cob=(4)
cfi=(175)
cfn=(730)
calls=1 0 
0 17
0 7
cob=(4)
cfi=(175)
cfn=(688)
calls=1 0 
0 25
0 7
cob=(4)
cfi=(175)
cfn=(730)
calls=1 0 
0 17
0 13
cob=(4)
cfi=(175)
cfn=(960)
calls=1 0 
0 1193
0 7
cob=(4)
cfi=(175)
cfn=(730)
calls=1 0 
0 17
0 13
cob=(4)
cfi=(175)
cfn=(972)
calls=1 0 
0 1169
0 7
cob=(4)
cfi=(175)
cfn=(730)
calls=1 0 
0 17
0 12
cob=(4)
cfi=(175)
cfn=(730)
calls=1 0 
0 17
0 12
cob=(4)
cfi=(175)
cfn=(730)
calls=1 0 
0 17
0 12
cob=(4)
cfi=(175)
cfn=(730)
calls=1 0 
0 17
0 6
cob=(4)
cfi=(175)
cfn=(996)
calls=1 0 
0 814
0 6
cob=(4)
cfi=(175)
cfn=(730)
calls=1 0 
0 17
0 4
cob=(4)
cfi=(175)
cfn=(730)
calls=1 0 
0 8
0 4
cob=(4)
cfi=(175)
cfn=(730)
calls=1 0 
0 8
0 5
cob=(4)
cfi=(175)
cfn=(730)
calls=1 0 
0 8
0 5
cob=(4)
cfi=(175)
cfn=(730)
calls=1 0 
0 8
0 4
cob=(4)
cfi=(175)
cfn=(730)
calls=1 0 
0 8
0 5
cob=(4)
cfi=(175)
cfn=(730)
calls=1 0 
0 8
0 10

fn=(1110) 0x00000000000b71c0
0 4
cob=(4)
cfi=(175)
cfn=(1112)
calls=1 0 
0 793
0 4

fn=(1116)
0 3

fn=(1202) 0x00000000000b7530
0 48

fn=(1380)
0 18

fn=(2062)
0 262
cob=(4)
cfi=(175)
cfn=(2064)
calls=131 0 
0 93342

fn=(638) 0x00000000000b74f0
0 8
cob=(4)
cfi=(175)
cfn=(640)
calls=1 0 
0 86383
0 7
cob=(4)
cfi=(175)
cfn=(1080)
calls=1 0 
0 1024

fn=(660) 0x00000000000e98b0
0 12
cob=(4)
cfi=(175)
cfn=(670)
calls=1 0 
0 74225
0 9
cob=(4)
cfi=(175)
cfn=(1022)
calls=1 0 
0 787
0 337
cob=(4)
cfi=(175)
cfn=(694)
calls=18 0 
0 224
0 91

fn=(4158)
0 1488969
cob=(4)
cfi=(175)
cfn=(4160)
calls=165441 0 
0 2151608
0 1158087

fn=(4594)
0 85
cob=(4)
cfi=(175)
cfn=(3082)
calls=5 0 
0 120
0 105
cfn=(4596) std::num_put<char, std::ostreambuf_iterator<char, std::char_traits<char> > >::do_put(std::ostreambuf_iterator<char, std::char_traits<char> >, std::ios_base&, char, double) const
calls=5 0 
0 16024
0 100

fn=(4608)
0 115

fn=(4610) 0x000000000010d1d0
0 140
cob=(4)
cfi=(175)
cfn=(790)
calls=5 0 
0 120
0 60
cob=(4)
cfi=(175)
cfn=(4616)
calls=5 0 
0 11146
0 15
cob=(4)
cfi=(175)
cfn=(790)
calls=5 0 
0 120
0 55

fn=(5330)
0 2

fn=(816)
0 88
cob=(4)
cfi=(175)
cfn=(818)
calls=1 0 
0 505
0 24
cob=(4)
cfi=(175)
cfn=(818)
calls=1 0 
0 395
0 3
cob=(4)
cfi=(175)
cfn=(818)
calls=1 0 
0 560
0 9
cob=(4)
cfi=(175)
cfn=(818)
calls=1 0 
0 205
0 3
cob=(4)
cfi=(175)
cfn=(818)
calls=1 0 
0 150
0 3
cob=(4)
cfi=(175)
cfn=(818)
calls=1 0 
0 890
0 3
cob=(4)
cfi=(175)
cfn=(818)
calls=1 0 
0 260
0 7
cob=(4)
cfi=(175)
cfn=(818)
calls=1 0 
0 340
0 3
cob=(4)
cfi=(175)
cfn=(818)
calls=1 0 
0 195
0 3
cob=(4)
cfi=(175)
cfn=(818)
calls=1 0 
0 615

fn=(1094) 0x00000000000b7120
0 10
cob=(4)
cfi=(175)
cfn=(1096)
calls=1 0 
0 799
0 7
cob=(4)
cfi=(175)
cfn=(1080)
calls=1 0 
0 78
0 3
cob=(4)
cfi=(175)
cfn=(1096)
calls=1 0 
0 7
0 9
cob=(4)
cfi=(175)
cfn=(1080)
calls=1 0 
0 78

fn=(1206) 0x00000000000b76c0
0 5
cob=(4)
cfi=(175)
cfn=(1080)
calls=1 0 
0 78

fn=(674)
0 142
cob=(4)
cfi=(175)
cfn=(676)
calls=1 0 
0 865
0 7
cob=(4)
cfi=(175)
cfn=(682)
calls=1 0 
0 4791
0 4
cob=(4)
cfi=(175)
cfn=(724)
calls=1 0 
0 2152
0 4
cob=(4)
cfi=(175)
cfn=(736)
calls=1 0 
0 876
0 4
cob=(4)
cfi=(175)
cfn=(724)
calls=1 0 
0 400
0 24
cob=(4)
cfi=(175)
cfn=(742)
calls=1 0 
0 1469
0 4
cob=(4)
cfi=(175)
cfn=(724)
calls=1 0 
0 400
0 8
cob=(4)
cfi=(175)
cfn=(724)
calls=1 0 
0 400
0 8
cob=(4)
cfi=(175)
cfn=(724)
calls=1 0 
0 400
0 5
cob=(4)
cfi=(175)
cfn=(688)
calls=1 0 
0 25
0 5
cob=(4)
cfi=(175)
cfn=(724)
calls=1 0 
0 400
0 29
cob=(4)
cfi=(175)
cfn=(748)
calls=1 0 
0 1230
0 4
cob=(4)
cfi=(175)
cfn=(724)
calls=1 0 
0 400
0 29
cob=(4)
cfi=(175)
cfn=(754)
calls=1 0 
0 1231
0 4
cob=(4)
cfi=(175)
cfn=(724)
calls=1 0 
0 400
0 8
cob=(4)
cfi=(175)
cfn=(724)
calls=1 0 
0 400
0 8
cob=(4)
cfi=(175)
cfn=(724)
calls=1 0 
0 400
0 35
cob=(4)
cfi=(175)
cfn=(760)
calls=1 0 
0 2125
0 4
cob=(4)
cfi=(175)
cfn=(724)
calls=1 0 
0 400
0 8
cob=(4)
cfi=(175)
cfn=(724)
calls=1 0 
0 400
0 8
cob=(4)
cfi=(175)
cfn=(724)
calls=1 0 
0 400
0 4
cob=(4)
cfi=(175)
cfn=(772)
calls=1 0 
0 890
0 4
cob=(4)
cfi=(175)
cfn=(724)
calls=1 0 
0 400
0 4
cob=(4)
cfi=(175)
cfn=(778)
calls=1 0 
0 27205
0 4
cob=(4)
cfi=(175)
cfn=(724)
calls=1 0 
0 400
0 4
cob=(4)
cfi=(175)
cfn=(832)
calls=1 0 
0 876
0 4
cob=(4)
cfi=(175)
cfn=(724)
calls=1 0 
0 400
0 23
cob=(4)
cfi=(175)
cfn=(838)
calls=1 0 
0 1381
0 4
cob=(4)
cfi=(175)
cfn=(724)
calls=1 0 
0 400
0 8
cob=(4)
cfi=(175)
cfn=(724)
calls=1 0 
0 400
0 8
cob=(4)
cfi=(175)
cfn=(724)
calls=1 0 
0 400
0 5
cob=(4)
cfi=(175)
cfn=(688)
calls=1 0 
0 25
0 18
cob=(4)
cfi=(175)
cfn=(724)
calls=1 0 
0 400
0 28
cob=(4)
cfi=(175)
cfn=(844)
calls=1 0 
0 1241
0 4
cob=(4)
cfi=(175)
cfn=(724)
calls=1 0 
0 400
0 27
cob=(4)
cfi=(175)
cfn=(850)
calls=1 0 
0 1209
0 4
cob=(4)
cfi=(175)
cfn=(724)
calls=1 0 
0 400
0 8
cob=(4)
cfi=(175)
cfn=(724)
calls=1 0 
0 400
0 8
cob=(4)
cfi=(175)
cfn=(724)
calls=1 0 
0 400
0 35
cob=(4)
cfi=(175)
cfn=(856)
calls=1 0 
0 2154
0 4
cob=(4)
cfi=(175)
cfn=(724)
calls=1 0 
0 400
0 8
cob=(4)
cfi=(175)
cfn=(724)
calls=1 0 
0 400
0 8
cob=(4)
cfi=(175)
cfn=(724)
calls=1 0 
0 400
0 4
cob=(4)
cfi=(175)
cfn=(868)
calls=1 0 
0 846
0 4
cob=(4)
cfi=(175)
cfn=(724)
calls=1 0 
0 400
0 8
cob=(4)
cfi=(175)
cfn=(724)
calls=1 0 
0 400
0 8
cob=(4)
cfi=(175)
cfn=(724)
calls=1 0 
0 400
0 8
cob=(4)
cfi=(175)
cfn=(724)
calls=1 0 
0 400
0 8
cob=(4)
cfi=(175)
cfn=(724)
calls=1 0 
0 400
0 9
cfn=(874)
calls=1 0 
0 9745
0 3
cob=(4)
cfi=(175)
cfn=(730)
calls=1 0 
0 8
0 5
cob=(4)
cfi=(175)
cfn=(730)
calls=1 0 
0 8
0 4
cob=(4)
cfi=(175)
cfn=(730)
calls=1 0 
0 8
0 5
cob=(4)
cfi=(175)
cfn=(730)
calls=1 0 
0 8
0 5
cob=(4)
cfi=(175)
cfn=(730)
calls=1 0 
0 8
0 4
cob=(4)
cfi=(175)
cfn=(730)
calls=1 0 
0 8
0 5
cob=(4)
cfi=(175)
cfn=(730)
calls=1 0 
0 8
0 4
cob=(4)
cfi=(175)
cfn=(730)
calls=1 0 
0 8
0 13

fn=(2846)
0 324
cob=(4)
cfi=(175)
cfn=(2194)
calls=6 0 
0 100
0 117
cob=(4)
cfi=(175)
cfn=(2848)
calls=3 0 
0 3765
0 15

fn=(4040)
0 1818192

fn=(4484)
0 22
cob=(4)
cfi=(175)
cfn=(4486)
calls=2 0 
0 1311
0 12

fn=(4582)
0 85
cob=(4)
cfi=(175)
cfn=(3082)
calls=5 0 
0 120
0 94
cfn=(4584) std::num_put<char, std::ostreambuf_iterator<char, std::char_traits<char> > >::do_put(std::ostreambuf_iterator<char, std::char_traits<char> >, std::ios_base&, char, unsigned long) const
calls=4 0 
0 1260
0 10
cfn=(4584)
calls=1 0 
0 1562
0 115

fn=(4920)
0 9

fn=(5326)
0 2

fn=(752)
0 114

fn=(1040)
0 112
cob=(4)
cfi=(175)
cfn=(1042)
calls=14 0 
0 3820
0 42
cob=(4)
cfi=(175)
cfn=(1060)
calls=14 0 
0 1845
0 182

fn=(1108) 0x00000000000b71b0
0 3

fn=(1204) 0x00000000000b76a0
0 5
cob=(4)
cfi=(175)
cfn=(1080)
calls=1 0 
0 78

fn=(2098)
0 9

fn=(2468)
0 154

fn=(652)
0 40
cob=(4)
cfi=(175)
cfn=(654)
calls=1 0 
0 75787
0 16
cob=(4)
cfi=(175)
cfn=(654)
calls=1 0 
0 32
0 14
cob=(4)
cfi=(175)
cfn=(654)
calls=1 0 
0 32
0 7
cob=(4)
cfi=(175)
cfn=(1030)
calls=1 0 
0 820
0 11
cob=(4)
cfi=(175)
cfn=(1036)
calls=1 0 
0 4557
0 4
cob=(4)
cfi=(175)
cfn=(1030)
calls=1 0 
0 94
0 15
cob=(4)
cfi=(175)
cfn=(1036)
calls=1 0 
0 185
0 4
cob=(4)
cfi=(175)
cfn=(1030)
calls=1 0 
0 94
0 11
cob=(4)
cfi=(175)
cfn=(1036)
calls=1 0 
0 185
0 4
cob=(4)
cfi=(175)
cfn=(1030)
calls=1 0 
0 94
0 11
cob=(4)
cfi=(175)
cfn=(1036)
calls=1 0 
0 185
0 23
cob=(4)
cfi=(175)
cfn=(654)
calls=1 0 
0 32
0 16
cob=(4)
cfi=(175)
cfn=(654)
calls=1 0 
0 32
0 14
cob=(4)
cfi=(175)
cfn=(654)
calls=1 0 
0 32
0 7
cob=(4)
cfi=(175)
cfn=(1030)
calls=1 0 
0 94
0 11
cob=(4)
cfi=(175)
cfn=(1066)
calls=1 0 
0 2251
0 4
cob=(4)
cfi=(175)
cfn=(1030)
calls=1 0 
0 94
0 15
cob=(4)
cfi=(175)
cfn=(1066)
calls=1 0 
0 185
0 4
cob=(4)
cfi=(175)
cfn=(1030)
calls=1 0 
0 94
0 11
cob=(4)
cfi=(175)
cfn=(1066)
calls=1 0 
0 185
0 4
cob=(4)
cfi=(175)
cfn=(1030)
calls=1 0 
0 94
0 11
cob=(4)
cfi=(175)
cfn=(1066)
calls=1 0 
0 185
0 15

fn=(658)
0 400
cfn=(660)
calls=40 0 
0 75685
0 480

fn=(3086)
0 1000
cob=(4)
cfi=(175)
cfn=(5349)
calls=1 0 
0 144
0 571

fn=(3087)
0 22

fn=(3998)
0 38
cfn=(4000) 0x0000000000142070
calls=2 0 
0 60
0 58
cfn=(4006) 0x0000000000146900
calls=2 0 
0 82
0 56
cfn=(3088) std::basic_streambuf<char, std::char_traits<char> >::xsputn(char const*, long)
calls=2 0 
0 296
0 32

fn=(4584)
0 15
cob=(4)
cfi=(175)
cfn=(4586)
calls=5 0 
0 2807

fn=(4666) __gnu_cxx::stdio_sync_filebuf<char, std::char_traits<char> >::overflow(int)
0 35
cob=(4)
cfi=(175)
cfn=(4668)
calls=5 0 
0 1066

fn=(5322)
0 2

fn=(5342)
0 4

fn=(734)
0 1230

fn=(836)
0 14
cob=(4)
cfi=(175)
cfn=(688)
calls=1 0 
0 25
0 5

fn=(1088) 0x00000000000b7ae0
0 12

fn=(1120) 0x00000000000b71e0
0 23
cob=(4)
cfi=(175)
cfn=(1122)
calls=1 0 
0 1760
0 27
cob=(4)
cfi=(175)
cfn=(1140)
calls=1 0 
0 2719
0 8

fn=(1248) 0x00000000000b7830
0 50

fn=(2276)
0 146
cob=(4)
cfi=(175)
cfn=(2278)
calls=6 0 
0 961
0 34
cob=(4)
cfi=(175)
cfn=(2284)
calls=4 0 
0 954
0 64

fn=(704)
0 7
cob=(4)
cfi=(175)
cfn=(708)
calls=1 0 
0 1895

fn=(3088)
0 294
cob=(4)
cfi=(175)
cfn=(2194)
calls=10 0 
0 180
0 146
cfn=(3090)
calls=6 0 
0 6614
0 30

fn=(3096)
0 84

fn=(3110)
0 102

fn=(3984)
0 34
cob=(4)
cfi=(175)
cfn=(3082)
calls=2 0 
0 48
0 40
cfn=(3992) std::num_put<char, std::ostreambuf_iterator<char, std::char_traits<char> > >::do_put(std::ostreambuf_iterator<char, std::char_traits<char> >, std::ios_base&, char, long) const
calls=2 0 
0 1871
0 70
cob=(4)
cfi=(175)
cfn=(3986)
calls=1 0 
0 1659
0 7

fn=(3990)
0 741
cob=(4)
cfi=(175)
cfn=(2284)
calls=1 0 
0 49
0 13

fn=(4000)
0 108
cob=(4)
cfi=(175)
cfn=(730)
calls=12 0 
0 96
0 156

fn=(4590)
0 95
cfn=(4000)
calls=5 0 
0 150
0 135
cfn=(4006)
calls=5 0 
0 205
0 120
cfn=(4552) __gnu_cxx::stdio_sync_filebuf<char, std::char_traits<char> >::xsputn(char const*, long)
calls=5 0 
0 765
0 80

fn=(4926)
0 6

fn=(728)
0 480
cob=(4)
cfi=(175)
cfn=(730)
calls=32 0 
0 1306
0 11712

fn=(770)
0 13
cob=(4)
cfi=(175)
cfn=(688)
calls=1 0 
0 25
0 119

fn=(776)
0 14
cob=(4)
cfi=(175)
cfn=(688)
calls=1 0 
0 25
0 2
cob=(4)
cfi=(175)
cfn=(676)
calls=1 0 
0 5
0 5

fn=(788)
0 11
cob=(4)
cfi=(175)
cfn=(790)
calls=1 0 
0 843
0 770
cob=(4)
cfi=(175)
cfn=(796)
calls=128 0 
0 4363
0 262
cob=(4)
cfi=(175)
cfn=(802)
calls=1 0 
0 812
0 510
cob=(4)
cfi=(175)
cfn=(802)
calls=255 0 
0 11618
0 1086
cob=(4)
cfi=(175)
cfn=(812)
calls=8 0 
0 3438
0 72
cob=(4)
cfi=(175)
cfn=(812)
calls=4 0 
0 1745
0 23
cob=(4)
cfi=(175)
cfn=(790)
calls=1 0 
0 24
0 2

fn=(860)
0 16
cob=(4)
cfi=(175)
cfn=(676)
calls=1 0 
0 5
0 4
cob=(4)
cfi=(175)
cfn=(862)
calls=1 0 
0 1190
0 4

fn=(872)
0 14
cob=(4)
cfi=(175)
cfn=(688)
calls=1 0 
0 25
0 2
cob=(4)
cfi=(175)
cfn=(676)
calls=1 0 
0 5
0 5

fn=(910)
0 115

fn=(964)
0 109

fn=(1046)
0 270
cob=(4)
cfi=(175)
cfn=(654)
calls=18 0 
0 716
0 54
cob=(4)
cfi=(175)
cfn=(1048)
calls=18 0 
0 1192
0 36
cob=(4)
cfi=(175)
cfn=(1054)
calls=18 0 
0 1006
0 144

fn=(1100)
0 10

fn=(1230) 0x00000000000b77b0
0 34

fn=(1274) 0x00000000000b78f0
0 50

fn=(2216)
0 423
cob=(4)
cfi=(175)
cfn=(1402)
calls=32 0 
0 5765
0 9
cob=(4)
cfi=(175)
cfn=(1402)
calls=3 0 
0 612

fn=(1340)
0 1441
cob=(4)
cfi=(175)
cfn=(1140)
calls=131 0 
0 107762
0 655

fn=(4066)
0 82

fn=(4372)
0 16
cob=(9)
cfi=(212)
cfn=(4374) std::thread::_State_impl<std::thread::_Invoker<std::tuple<(anonymous namespace)::run_oneway_phase(void*, void*, std::vector<char, std::allocator<char> >*, unsigned long, unsigned long, unsigned int, unsigned long*, perf_single_metric::phase_t, int, int, int, queue_probe_t*, unsigned long long*, latency_stats_t*)::{lambda()#1}> > >::_M_run()
calls=2 0 
0 100697052
0 6
cob=(9)
cfi=(212)
cfn=(4500) std::thread::_State_impl<std::thread::_Invoker<std::tuple<(anonymous namespace)::run_oneway_phase(void*, void*, std::vector<char, std::allocator<char> >*, unsigned long, unsigned long, unsigned int, unsigned long*, perf_single_metric::phase_t, int, int, int, queue_probe_t*, unsigned long long*, latency_stats_t*)::{lambda()#1}> > >::~_State_impl()
calls=2 0 
0 278
0 10

fn=(4664)
0 75
cob=(4)
cfi=(175)
cfn=(3082)
calls=5 0 
0 120
0 135
cfn=(4666)
calls=5 0 
0 1101
0 10

fn=(5332)
0 2

fn=(5344)
0 4
cob=(4)
cfi=(175)
cfn=(5338)
calls=1 0 
0 4

fn=(5380)
0 48
cob=(4)
cfi=(175)
cfn=(5371)
calls=1 0 
0 144
0 27

fn=(5381)
0 22

fn=(740)
0 14
cob=(4)
cfi=(175)
cfn=(688)
calls=1 0 
0 25
0 5

fn=(758)
0 115

fn=(934)
0 14
cob=(4)
cfi=(175)
cfn=(688)
calls=1 0 
0 25
0 2
cob=(4)
cfi=(175)
cfn=(676)
calls=1 0 
0 5
0 5

fn=(1034)
0 720
cob=(4)
cfi=(175)
cfn=(654)
calls=12 0 
0 520

fn=(1208) 0x00000000000b76e0
0 10
cob=(4)
cfi=(175)
cfn=(1080)
calls=1 0 
0 78
0 7
cob=(4)
cfi=(175)
cfn=(1080)
calls=1 0 
0 78

fn=(1212) 0x00000000000b7730
0 34

fn=(1300) 0x00000000000b79b0
0 10
cob=(4)
cfi=(175)
cfn=(1080)
calls=1 0 
0 78
0 4
cob=(4)
cfi=(175)
cfn=(1080)
calls=1 0 
0 78
0 7
cob=(4)
cfi=(175)
cfn=(1080)
calls=1 0 
0 78

fn=(692)
0 152
cob=(4)
cfi=(175)
cfn=(694)
calls=19 0 
0 3171
0 133

fn=(712)
0 8
cob=(4)
cfi=(175)
cfn=(714)
calls=1 0 
0 861
0 6

fn=(2852)
0 88
cob=(4)
cfi=(175)
cfn=(2854)
calls=1 0 
0 1270
0 6
cob=(4)
cfi=(175)
cfn=(2854)
calls=2 0 
0 431
0 39
cob=(4)
cfi=(175)
cfn=(2194)
calls=3 0 
0 39
0 22
cob=(4)
cfi=(175)
cfn=(2858)
calls=1 0 
0 751
0 46

fn=(3992)
0 6
cob=(4)
cfi=(175)
cfn=(3994)
calls=2 0 
0 1865

fn=(4152)
0 18
cob=(4)
cfi=(175)
cfn=(2858)
calls=9 0 
0 79700

fn=(4596)
0 20
cob=(4)
cfi=(175)
cfn=(4598)
calls=5 0 
0 16004

fn=(4602)
0 100
cfn=(4000)
calls=5 0 
0 150
0 55
cob=(4)
cfi=(175)
cfn=(4604)
calls=5 0 
0 1065
0 65
cob=(4)
cfi=(175)
cfn=(688)
calls=5 0 
0 125
0 55
cfn=(4610)
calls=5 0 
0 11656
0 25
cob=(4)
cfi=(175)
cfn=(730)
calls=5 0 
0 40
0 165
cob=(4)
cfi=(175)
cfn=(2278)
calls=5 0 
0 105
0 130
cfn=(4552)
calls=5 0 
0 742
0 120
cob=(4)
cfi=(175)
cfn=(2194)
calls=5 0 
0 77
0 20

fn=(4680) __gnu_cxx::stdio_sync_filebuf<char, std::char_traits<char> >::sync()
0 30
cob=(4)
cfi=(175)
cfn=(4682)
calls=10 0 
0 2339

fn=(5328)
0 2

fn=(5356)
0 8
cob=(4)
cfi=(175)
cfn=(5358)
calls=2 0 
0 1757
0 10

fn=(5386) 0x00000000000b7a30
0 5

fn=(764)
0 16
cob=(4)
cfi=(175)
cfn=(676)
calls=1 0 
0 5
0 4
cob=(4)
cfi=(175)
cfn=(766)
calls=1 0 
0 1169
0 4

fn=(946)
0 353

fn=(1026)
0 3

fn=(1076)
0 36
cob=(4)
cfi=(175)
cfn=(730)
calls=4 0 
0 32
0 28
cob=(4)
cfi=(175)
cfn=(730)
calls=4 0 
0 32
0 28
cob=(4)
cfi=(175)
cfn=(730)
calls=4 0 
0 32
0 36

fn=(1400)
0 168
cob=(4)
cfi=(175)
cfn=(1402)
calls=42 0 
0 12794
0 84

fn=(2298)
0 420
cob=(4)
cfi=(175)
cfn=(2300)
calls=35 0 
0 1416
0 315
cob=(4)
cfi=(175)
cfn=(2284)
calls=35 0 
0 768
0 364

fn=(686)
0 18
cob=(4)
cfi=(175)
cfn=(688)
calls=1 0 
0 3918
0 103

fn=(2818)
0 405

fn=(3080)
0 874
cob=(4)
cfi=(175)
cfn=(3082)
calls=46 0 
0 1867
0 1518
cfn=(4552)
calls=40 0 
0 8332
cfn=(3088)
calls=6 0 
0 6968
0 230

fn=(3116)
0 68
cob=(4)
cfi=(175)
cfn=(3092)
calls=2 0 
0 32

fn=(4006)
0 287

fn=(4504)
0 4

fn=(4552)
0 300
cob=(4)
cfi=(175)
cfn=(4554)
calls=50 0 
0 9539

fn=(4678)
0 136
cob=(4)
cfi=(175)
cfn=(3082)
calls=8 0 
0 345
0 56
cfn=(4680)
calls=8 0 
0 2215
0 137
cob=(4)
cfi=(175)
cfn=(5352)
calls=1 0 
0 2520
0 7
cfn=(4680)
calls=1 0 
0 77
0 2

fn=(4679)
0 17
cob=(4)
cfi=(175)
cfn=(3083)
calls=1 0 
0 24
0 7
cfn=(4680)
calls=1 0 
0 77
0 17

fn=(5310) 0x00000000000b7aa0
0 9
cob=(4)
cfi=(175)
cfn=(5316)
calls=1 0 
0 7794
0 1
cfn=(5386)
calls=1 0 
0 5
0 3

fn=(5318)
0 5

fn=(5324)
0 2

fn=(5336)
0 4
cob=(4)
cfi=(175)
cfn=(5338)
calls=1 0 
0 818

fn=(5374)
0 51
cob=(4)
cfi=(175)
cfn=(5376)
calls=3 0 
0 1196
0 21
cfn=(5382) __gnu_cxx::stdio_sync_filebuf<wchar_t, std::char_traits<wchar_t> >::sync()
calls=3 0 
0 231
0 52
cob=(4)
cfi=(175)
cfn=(5352)
calls=1 0 
0 35
0 7
cfn=(5382)
calls=1 0 
0 77
0 2

fn=(5375)
0 17
cob=(4)
cfi=(175)
cfn=(5377)
calls=1 0 
0 24
0 7
cfn=(5382)
calls=1 0 
0 77
0 17

fn=(5382)
0 15
cob=(4)
cfi=(175)
cfn=(4682)
calls=5 0 
0 370

fn=(746)
0 417

fn=(782)
0 14
cob=(4)
cfi=(175)
cfn=(688)
calls=1 0 
0 25
0 7
cob=(4)
cfi=(175)
cfn=(784)
calls=1 0 
0 26423

fn=(866)
0 12
cob=(4)
cfi=(175)
cfn=(688)
calls=1 0 
0 25
0 117

fn=(880)
0 417

fn=(898)
0 114

fn=(976)
0 109

fn=(1000)
0 14
cob=(4)
cfi=(175)
cfn=(688)
calls=1 0 
0 25
0 2
cob=(4)
cfi=(175)
cfn=(676)
calls=1 0 
0 5
0 5

fn=(1052)
0 414

fn=(1064)
0 126
cob=(4)
cfi=(175)
cfn=(730)
calls=14 0 
0 112
0 98
cob=(4)
cfi=(175)
cfn=(730)
calls=14 0 
0 112
0 98
cob=(4)
cfi=(175)
cfn=(730)
calls=14 0 
0 112
0 126

fn=(1070)
0 32
cob=(4)
cfi=(175)
cfn=(1042)
calls=4 0 
0 404
0 12
cob=(4)
cfi=(175)
cfn=(1072)
calls=4 0 
0 1265
0 52

fn=(1176) 0x00000000000b7400
0 78

fn=(1306) 0x00000000000b7a10
0 5
cob=(4)
cfi=(175)
cfn=(1080)
calls=1 0 
0 78

fn=(2192)
0 44
cob=(4)
cfi=(175)
cfn=(2194)
calls=2 0 
0 1094
0 20

fn=(680)
0 21

fn=(3136)
0 64

fn=(3142)
0 72

fn=(4178)
0 20
cob=(4)
cfi=(175)
cfn=(4180)
calls=2 0 
0 3325
0 12

fn=(5346)
0 13
cob=(4)
cfi=(175)
cfn=(5348)
calls=1 0 
0 879
0 2
cob=(4)
cfi=(175)
cfn=(5348)
calls=1 0 
0 2904
0 2
cob=(4)
cfi=(175)
cfn=(5348)
calls=1 0 
0 144
0 2
cob=(4)
cfi=(175)
cfn=(5370)
calls=1 0 
0 2042
0 2
cob=(4)
cfi=(175)
cfn=(5370)
calls=1 0 
0 419
0 2
cob=(4)
cfi=(175)
cfn=(5370)
calls=1 0 
0 144
0 2

ob=(9)
fl=(212)
fn=(1366) std::__cxx11::basic_string<char, std::char_traits<char>, std::allocator<char> >::basic_string<std::allocator<char> >(char const*, std::allocator<char> const&) [clone .isra.0]
0 48
cob=(4)
cfi=(175)
cfn=(1346)
calls=3 0 
0 48
0 78
cob=(4)
cfi=(175)
cfn=(1348)
calls=3 0 
0 55
0 3

fn=(4696) print_queue_metrics(std::__cxx11::basic_string<char, std::char_traits<char>, std::allocator<char> > const&, std::__cxx11::basic_string<char, std::char_traits<char>, std::allocator<char> > const&, std::__cxx11::basic_string<char, std::char_traits<char>, std::allocator<char> > const&, unsigned long, queue_stats_t const&)
0 24

fn=(5248) 0x0000000000006150
0 9
cob=(4)
cfi=(175)
cfn=(5254)
calls=1 0 
0 134
0 1
cfn=(5264) 0x00000000000060e0
calls=1 0 
0 5
0 3

fn=(1364)
0 32
cfn=(1366)
calls=1 0 
0 74
0 5
cfn=(1366)
calls=1 0 
0 79
0 4
cfn=(1366)
calls=1 0 
0 79
0 1
cob=(4)
cfi=(175)
cfn=(1368)
calls=1 0 
0 6
0 11
cob=(4)
cfi=(175)
cfn=(1372)
calls=1 0 
0 134
0 11
cob=(4)
cfi=(175)
cfn=(1378)
calls=1 0 
0 8
0 5
cob=(4)
cfi=(175)
cfn=(1378)
calls=1 0 
0 8
0 2
cob=(4)
cfi=(175)
cfn=(1378)
calls=1 0 
0 8
0 3
cob=(4)
cfi=(175)
cfn=(1384)
calls=1 0 
0 28209
0 6
cob=(4)
cfi=(175)
cfn=(1638)
calls=1 0 
0 793
0 3
cob=(4)
cfi=(175)
cfn=(1638)
calls=1 0 
0 802
0 7
cob=(4)
cfi=(175)
cfn=(1640)
calls=1 0 
0 2254
0 6
cob=(4)
cfi=(175)
cfn=(1638)
calls=1 0 
0 793
0 7
cob=(4)
cfi=(175)
cfn=(1662)
calls=1 0 
0 67584
0 4
cob=(4)
cfi=(175)
cfn=(1662)
calls=1 0 
0 8370
0 7
cob=(4)
cfi=(175)
cfn=(1638)
calls=1 0 
0 802
0 5
cob=(4)
cfi=(175)
cfn=(1638)
calls=1 0 
0 793
0 10
cob=(4)
cfi=(175)
cfn=(2074)
calls=1 0 
0 1673
0 12
cob=(4)
cfi=(175)
cfn=(2074)
calls=1 0 
0 10585
0 12
cob=(4)
cfi=(175)
cfn=(2186)
calls=1 0 
0 24
0 8
cob=(4)
cfi=(175)
cfn=(2190)
calls=1 0 
0 1111
0 8
cob=(4)
cfi=(175)
cfn=(2190)
calls=1 0 
0 51
0 5
cfn=(2198) setup_connected_pair(void*, void*, std::__cxx11::basic_string<char, std::char_traits<char>, std::allocator<char> > const&, std::__cxx11::basic_string<char, std::char_traits<char>, std::allocator<char> > const&)
calls=1 0 
0 175462
0 9
cob=(4)
cfi=(175)
cfn=(1638)
calls=1 0 
0 793
0 11
cob=(4)
cfi=(175)
cfn=(2074)
calls=1 0 
0 187
0 19
cob=(4)
cfi=(175)
cfn=(1338)
calls=1 0 
0 65
0 7
cob=(4)
cfi=(175)
cfn=(4154)
calls=1 0 
0 14
0 6
cob=(4)
cfi=(175)
cfn=(1638)
calls=1 0 
0 793
0 15
cob=(4)
cfi=(175)
cfn=(4156)
calls=1 0 
0 906
0 9
cob=(4)
cfi=(175)
cfn=(1638)
calls=1 0 
0 147
0 26
cfn=(4168) (anonymous namespace)::run_oneway_phase(void*, void*, std::vector<char, std::allocator<char> >*, unsigned long, unsigned long, unsigned int, unsigned long*, perf_single_metric::phase_t, int, int, int, queue_probe_t*, unsigned long long*, latency_stats_t*) [clone .constprop.0]
calls=1 0 
0 73161029
0 5
cob=(4)
cfi=(175)
cfn=(1638)
calls=1 0 
0 618
0 13
cob=(4)
cfi=(175)
cfn=(4164)
calls=1 0 
0 109
0 33
cfn=(4168)
calls=1 0 
0 74769508
0 46
cob=(4)
cfi=(175)
cfn=(4550)
calls=1 0 
0 2555
0 4
cob=(4)
cfi=(175)
cfn=(4550)
calls=1 0 
0 231
0 6
cob=(4)
cfi=(175)
cfn=(4550)
calls=1 0 
0 234
0 4
cob=(4)
cfi=(175)
cfn=(4550)
calls=1 0 
0 233
0 5
cob=(4)
cfi=(175)
cfn=(4550)
calls=1 0 
0 234
0 4
cob=(4)
cfi=(175)
cfn=(4550)
calls=1 0 
0 236
0 5
cob=(4)
cfi=(175)
cfn=(4550)
calls=1 0 
0 234
0 3
cob=(4)
cfi=(175)
cfn=(4580)
calls=1 0 
0 1660
0 5
cob=(4)
cfi=(175)
cfn=(4550)
calls=1 0 
0 231
0 11
cob=(4)
cfi=(175)
cfn=(4592)
calls=1 0 
0 5944
0 12
cob=(4)
cfi=(175)
cfn=(4662)
calls=1 0 
0 927
0 2
cob=(4)
cfi=(175)
cfn=(4676)
calls=1 0 
0 1091
0 4
cob=(4)
cfi=(175)
cfn=(4550)
calls=1 0 
0 233
0 4
cob=(4)
cfi=(175)
cfn=(4550)
calls=1 0 
0 231
0 5
cob=(4)
cfi=(175)
cfn=(4550)
calls=1 0 
0 234
0 4
cob=(4)
cfi=(175)
cfn=(4550)
calls=1 0 
0 233
0 5
cob=(4)
cfi=(175)
cfn=(4550)
calls=1 0 
0 234
0 4
cob=(4)
cfi=(175)
cfn=(4550)
calls=1 0 
0 236
0 5
cob=(4)
cfi=(175)
cfn=(4550)
calls=1 0 
0 234
0 3
cob=(4)
cfi=(175)
cfn=(4580)
calls=1 0 
0 399
0 5
cob=(4)
cfi=(175)
cfn=(4550)
calls=1 0 
0 231
0 11
cob=(4)
cfi=(175)
cfn=(4592)
calls=1 0 
0 1668
0 13
cob=(4)
cfi=(175)
cfn=(4662)
calls=1 0 
0 131
0 2
cob=(4)
cfi=(175)
cfn=(4676)
calls=1 0 
0 307
0 4
cob=(4)
cfi=(175)
cfn=(4550)
calls=1 0 
0 233
0 4
cob=(4)
cfi=(175)
cfn=(4550)
calls=1 0 
0 231
0 5
cob=(4)
cfi=(175)
cfn=(4550)
calls=1 0 
0 234
0 4
cob=(4)
cfi=(175)
cfn=(4550)
calls=1 0 
0 233
0 5
cob=(4)
cfi=(175)
cfn=(4550)
calls=1 0 
0 234
0 4
cob=(4)
cfi=(175)
cfn=(4550)
calls=1 0 
0 236
0 5
cob=(4)
cfi=(175)
cfn=(4550)
calls=1 0 
0 234
0 3
cob=(4)
cfi=(175)
cfn=(4580)
calls=1 0 
0 399
0 5
cob=(4)
cfi=(175)
cfn=(4550)
calls=1 0 
0 231
0 11
cob=(4)
cfi=(175)
cfn=(4592)
calls=1 0 
0 3030
0 13
cob=(4)
cfi=(175)
cfn=(4662)
calls=1 0 
0 131
0 2
cob=(4)
cfi=(175)
cfn=(4676)
calls=1 0 
0 307
0 4
cob=(4)
cfi=(175)
cfn=(4550)
calls=1 0 
0 233
0 4
cob=(4)
cfi=(175)
cfn=(4550)
calls=1 0 
0 231
0 5
cob=(4)
cfi=(175)
cfn=(4550)
calls=1 0 
0 234
0 4
cob=(4)
cfi=(175)
cfn=(4550)
calls=1 0 
0 233
0 5
cob=(4)
cfi=(175)
cfn=(4550)
calls=1 0 
0 234
0 4
cob=(4)
cfi=(175)
cfn=(4550)
calls=1 0 
0 236
0 5
cob=(4)
cfi=(175)
cfn=(4550)
calls=1 0 
0 234
0 3
cob=(4)
cfi=(175)
cfn=(4580)
calls=1 0 
0 399
0 5
cob=(4)
cfi=(175)
cfn=(4550)
calls=1 0 
0 231
0 11
cob=(4)
cfi=(175)
cfn=(4592)
calls=1 0 
0 2901
0 13
cob=(4)
cfi=(175)
cfn=(4662)
calls=1 0 
0 131
0 2
cob=(4)
cfi=(175)
cfn=(4676)
calls=1 0 
0 307
0 4
cob=(4)
cfi=(175)
cfn=(4550)
calls=1 0 
0 233
0 4
cob=(4)
cfi=(175)
cfn=(4550)
calls=1 0 
0 231
0 5
cob=(4)
cfi=(175)
cfn=(4550)
calls=1 0 
0 234
0 4
cob=(4)
cfi=(175)
cfn=(4550)
calls=1 0 
0 233
0 5
cob=(4)
cfi=(175)
cfn=(4550)
calls=1 0 
0 234
0 4
cob=(4)
cfi=(175)
cfn=(4550)
calls=1 0 
0 236
0 5
cob=(4)
cfi=(175)
cfn=(4550)
calls=1 0 
0 234
0 3
cob=(4)
cfi=(175)
cfn=(4580)
calls=1 0 
0 399
0 5
cob=(4)
cfi=(175)
cfn=(4550)
calls=1 0 
0 231
0 11
cob=(4)
cfi=(175)
cfn=(4592)
calls=1 0 
0 2901
0 12
cob=(4)
cfi=(175)
cfn=(4662)
calls=1 0 
0 131
0 2
cob=(4)
cfi=(175)
cfn=(4676)
calls=1 0 
0 307
0 6
cfn=(4696)
calls=1 0 
0 24
0 10
cob=(4)
cfi=(175)
cfn=(4150)
calls=1 0 
0 95
0 2
cob=(4)
cfi=(175)
cfn=(4698)
calls=1 0 
0 2641
0 2
cob=(4)
cfi=(175)
cfn=(4698)
calls=1 0 
0 255
0 3
cob=(4)
cfi=(175)
cfn=(4720)
calls=1 0 
0 2873
0 2
cob=(4)
cfi=(175)
cfn=(4742)
calls=1 0 
0 15229
0 6
cob=(4)
cfi=(175)
cfn=(1382)
calls=1 0 
0 21
0 10
cob=(4)
cfi=(175)
cfn=(4164)
calls=1 0 
0 109
0 13
cob=(4)
cfi=(175)
cfn=(2092)
calls=1 0 
0 22
0 4
cob=(4)
cfi=(175)
cfn=(1638)
calls=1 0 
0 793
0 4
cob=(4)
cfi=(175)
cfn=(2096)
calls=1 0 
0 11
0 1

fn=(2198)
0 21
cob=(4)
cfi=(175)
cfn=(1638)
calls=1 0 
0 802
0 6
cob=(4)
cfi=(175)
cfn=(1638)
calls=1 0 
0 802
0 5
cob=(4)
cfi=(175)
cfn=(1638)
calls=1 0 
0 802
0 6
cob=(4)
cfi=(175)
cfn=(1638)
calls=1 0 
0 802
0 9
cob=(4)
cfi=(175)
cfn=(2074)
calls=1 0 
0 1776
0 13
cob=(4)
cfi=(175)
cfn=(2074)
calls=1 0 
0 192
0 12
cob=(4)
cfi=(175)
cfn=(1638)
calls=1 0 
0 802
0 15
cob=(4)
cfi=(175)
cfn=(1638)
calls=1 0 
0 802
0 5
cob=(4)
cfi=(175)
cfn=(1638)
calls=1 0 
0 802
0 6
cob=(4)
cfi=(175)
cfn=(1638)
calls=1 0 
0 802
0 9
cob=(4)
cfi=(175)
cfn=(2074)
calls=1 0 
0 199
0 13
cob=(4)
cfi=(175)
cfn=(2074)
calls=1 0 
0 199
0 15
cfn=(2212) bind_and_resolve_endpoint(void*, std::__cxx11::basic_string<char, std::char_traits<char>, std::allocator<char> > const&, std::__cxx11::basic_string<char, std::char_traits<char>, std::allocator<char> > const&) [clone .isra.0]
calls=1 0 
0 107534
0 9
cob=(4)
cfi=(175)
cfn=(4150)
calls=1 0 
0 95
0 15
cob=(4)
cfi=(175)
cfn=(2864)
calls=1 0 
0 56726
0 14
cob=(4)
cfi=(175)
cfn=(1638)
calls=1 0 
0 802
0 7
cfn=(3156) set_sockopt_int(void*, int, int, char const*) [clone .isra.0]
calls=1 0 
0 213
0 7
cob=(4)
cfi=(175)
cfn=(1638)
calls=1 0 
0 802
0 9
cob=(4)
cfi=(175)
cfn=(2074)
calls=1 0 
0 187
0 13
cob=(4)
cfi=(175)
cfn=(3158)
calls=1 0 
0 98
0 14

fn=(2212)
0 24
cob=(4)
cfi=(175)
cfn=(2214)
calls=1 0 
0 79
0 40
cob=(4)
cfi=(175)
cfn=(2218)
calls=1 0 
0 101015
0 29
cob=(4)
cfi=(175)
cfn=(2820)
calls=1 0 
0 2777
0 5
cob=(4)
cfi=(175)
cfn=(1346)
calls=1 0 
0 16
0 6
cob=(4)
cfi=(175)
cfn=(2844)
calls=1 0 
0 3213
0 22
cob=(4)
cfi=(175)
cfn=(2862)
calls=1 0 
0 134
0 37
cob=(4)
cfi=(175)
cfn=(2862)
calls=1 0 
0 134
0 3

fn=(4500)
0 12
cob=(4)
cfi=(175)
cfn=(4502)
calls=2 0 
0 8
0 8
cob=(4)
cfi=(175)
cfn=(4150)
calls=2 0 
0 250

fn=(5264)
0 5

fn=(4374)
0 26
cob=(4)
cfi=(175)
cfn=(4170)
calls=2 0 
0 62
0 36
cob=(4)
cfi=(175)
cfn=(4170)
calls=1 0 
0 31
0 1945
cob=(4)
cfi=(175)
cfn=(4376)
calls=194 0 
0 2328
0 1164
cob=(4)
cfi=(175)
cfn=(4380)
calls=194 0 
0 270736
0 772
cob=(4)
cfi=(175)
cfn=(4422)
calls=192 0 
0 6720
0 960
cob=(4)
cfi=(175)
cfn=(4424)
calls=192 0 
0 5234
0 1344
cob=(4)
cfi=(175)
cfn=(4434)
calls=192 0 
0 7008
0 2688
cob=(4)
cfi=(175)
cfn=(4438)
calls=192 0 
0 25153
0 960
cob=(4)
cfi=(175)
cfn=(4170)
calls=192 0 
0 5952
0 1405
cob=(4)
cfi=(175)
cfn=(4170)
calls=91 0 
0 2821
0 2923
cob=(4)
cfi=(175)
cfn=(4170)
calls=91 0 
0 2821
0 537
cob=(4)
cfi=(175)
cfn=(4156)
calls=88 0 
0 2728
0 911000
cob=(4)
cfi=(175)
cfn=(4376)
calls=113501 0 
0 1362012
0 227777
cob=(4)
cfi=(175)
cfn=(4170)
calls=1 0 
0 31
0 27
cob=(4)
cfi=(175)
cfn=(4446)
calls=2 0 
0 28
0 6
cob=(4)
cfi=(175)
cfn=(4438)
calls=2 0 
0 90
0 19
cob=(4)
cfi=(175)
cfn=(4170)
calls=2 0 
0 62
0 9
cob=(4)
cfi=(175)
cfn=(1368)
calls=1 0 
0 6
0 3
cob=(4)
cfi=(175)
cfn=(1368)
calls=1 0 
0 6
0 178537
cob=(4)
cfi=(175)
cfn=(1368)
calls=8 0 
0 48
0 454020
cob=(4)
cfi=(175)
cfn=(4380)
calls=113501 0 
0 60340055
0 453620
cob=(4)
cfi=(175)
cfn=(4422)
calls=113309 0 
0 3854148
0 566545
cob=(4)
cfi=(175)
cfn=(4424)
calls=113309 0 
0 2719416
0 793163
cob=(4)
cfi=(175)
cfn=(4434)
calls=113309 0 
0 3968278
0 1586326
cob=(4)
cfi=(175)
cfn=(4438)
calls=113309 0 
0 8890203
0 566545
cob=(4)
cfi=(175)
cfn=(4170)
calls=113309 0 
0 3512579
0 830599
cob=(4)
cfi=(175)
cfn=(4170)
calls=53909 0 
0 1671179
0 377367
cob=(4)
cfi=(175)
cfn=(1368)
calls=1 0 
0 6
0 1300310
cob=(4)
cfi=(175)
cfn=(4170)
calls=53909 0 
0 1671179
0 317280
cob=(4)
cfi=(175)
cfn=(4156)
calls=51851 0 
0 1607381
0 1814977
cob=(4)
cfi=(175)
cfn=(4446)
calls=192 0 
0 2688
0 576
cob=(4)
cfi=(175)
cfn=(4438)
calls=192 0 
0 8640
0 363957

fn=(5240)
0 68
cob=(4)
cfi=(175)
cfn=(4150)
calls=2 0 
0 190
0 23

fn=(4168)
0 84
cob=(4)
cfi=(175)
cfn=(4170)
calls=2 0 
0 62
0 32
cob=(4)
cfi=(175)
cfn=(1638)
calls=2 0 
0 1604
0 30
cob=(4)
cfi=(175)
cfn=(1338)
calls=2 0 
0 80344
0 34
cob=(4)
cfi=(175)
cfn=(1338)
calls=2 0 
0 518
0 86
cob=(4)
cfi=(175)
cfn=(4176)
calls=2 0 
0 3361
0 59512
cob=(4)
cfi=(175)
cfn=(4170)
calls=59502 0 
0 1844562
0 178505
cob=(4)
cfi=(175)
cfn=(4156)
calls=59501 0 
0 1844531
0 1785030
cob=(4)
cfi=(175)
cfn=(4184)
calls=59501 0 
0 67146287
0 297515
cob=(4)
cfi=(175)
cfn=(4170)
calls=1 0 
0 31
0 9
cob=(4)
cfi=(175)
cfn=(4482)
calls=2 0 
0 1349
0 20
cob=(4)
cfi=(175)
cfn=(4150)
calls=2 0 
0 79011
0 30
cob=(4)
cfi=(175)
cfn=(4170)
calls=1 0 
0 31
0 54007
cob=(4)
cfi=(175)
cfn=(4170)
calls=54001 0 
0 1674031
0 162002
cob=(4)
cfi=(175)
cfn=(4156)
calls=54000 0 
0 1674000
0 1620000
cob=(4)
cfi=(175)
cfn=(4184)
calls=54000 0 
0 60915259
0 594000
cob=(4)
cfi=(175)
cfn=(4170)
calls=54000 0 
0 1674000
0 378036
cob=(4)
cfi=(175)
cfn=(1368)
calls=9 0 
0 54
0 68
cfn=(4544) void std::__introsort_loop<__gnu_cxx::__normal_iterator<double*, std::vector<double, std::allocator<double> > >, long, __gnu_cxx::__ops::_Iter_less_iter>(__gnu_cxx::__normal_iterator<double*, std::vector<double, std::allocator<double> > >, __gnu_cxx::__normal_iterator<double*, std::vector<double, std::allocator<double> > >, long, __gnu_cxx::__ops::_Iter_less_iter) [clone .isra.0]
calls=1 0 
0 4936508
0 19
cob=(4)
cfi=(175)
cfn=(4548)
calls=1 0 
0 14
0 297
cob=(4)
cfi=(175)
cfn=(1368)
calls=1 0 
0 6
0 3
cob=(4)
cfi=(175)
cfn=(1368)
calls=1 0 
0 6
0 925649

fn=(4546) void std::__adjust_heap<__gnu_cxx::__normal_iterator<double*, std::vector<double, std::allocator<double> > >, long, double, __gnu_cxx::__ops::_Iter_less_iter>(__gnu_cxx::__normal_iterator<double*, std::vector<double, std::allocator<double> > >, long, long, double, __gnu_cxx::__ops::_Iter_less_iter) [clone .isra.0]
0 1660

fn=(1330)
0 12

fn=(4544)
0 777912
cfn=(4545) void std::__introsort_loop<__gnu_cxx::__normal_iterator<double*, std::vector<double, std::allocator<double> > >, long, __gnu_cxx::__ops::_Iter_less_iter>(__gnu_cxx::__normal_iterator<double*, std::vector<double, std::allocator<double> > >, __gnu_cxx::__normal_iterator<double*, std::vector<double, std::allocator<double> > >, long, __gnu_cxx::__ops::_Iter_less_iter) [clone .isra.0]'2
calls=13 0 
0 4158442
0 154

fn=(4545)
0 4094570
cfn=(4545)
calls=5201 0 
0 11884526
0 44847
cfn=(4546)
calls=8 0 
0 528
0 5
cfn=(4546)
calls=1 0 
0 44
0 31
cfn=(4546)
calls=1 0 
0 71
0 176
cfn=(4546)
calls=16 0 
0 1017
0 17153

fn=(1322) (below main)
0 12
cob=(2)
cfi=(213)
cfn=(1324)
calls=1 242 
0 148304856

fn=(3156)
0 16
cob=(4)
cfi=(175)
cfn=(2074)
calls=1 0 
0 180
0 17

fn=(5242)
0 8
cob=(4)
cfi=(175)
cfn=(4150)
calls=1 0 
0 95

fn=(1336)
0 19
cob=(4)
cfi=(175)
cfn=(1338)
calls=1 0 
0 210
0 28
cob=(4)
cfi=(175)
cfn=(1342)
calls=1 0 
0 78
0 8
cfn=(1344) std::vector<std::__cxx11::basic_string<char, std::char_traits<char>, std::allocator<char> >, std::allocator<std::__cxx11::basic_string<char, std::char_traits<char>, std::allocator<char> > > >::vector<char const* const*, void>(char const* const*, char const* const*, std::allocator<std::__cxx11::basic_string<char, std::char_traits<char>, std::allocator<char> > > const&) [clone .constprop.0]
calls=1 0 
0 455
0 5
cob=(4)
cfi=(175)
cfn=(1342)
calls=1 0 
0 78
0 13
cfn=(1344)
calls=1 0 
0 520
0 11
cob=(4)
cfi=(175)
cfn=(1342)
calls=1 0 
0 78

fn=(1344)
0 56
cob=(4)
cfi=(175)
cfn=(1338)
calls=2 0 
0 417
0 129
cob=(4)
cfi=(175)
cfn=(1346)
calls=7 0 
0 112
0 56
cob=(4)
cfi=(175)
cfn=(1348)
calls=7 0 
0 137
0 68

ob=(1)
fl=(27) ./elf/./elf/dl-minimal-malloc.c
fn=(74) __minimal_calloc
80 19
+4 19
-4 76
+7 19
+1 57
fi=(28) ./elf/../include/rtld-malloc.h
-32 19
cfi=(27)
cfn=(78) __minimal_malloc
calls=19 -20 
* 843
fe=(27)

fn=(78)
36 408
+1 153
+11 150
+3 50
-3 50
+3 100
-3 2
+3 1
-3 1
+3 190
+19 51
+1 51
+2 306
-17 16
+1 8
+2 4
+1 28
cfi=(57) ./misc/../sysdeps/unix/sysv/linux/mmap64.c
cfn=(186) mmap
calls=4 -13 
* 104
* 4
+2 8
+2 16
cfi=(58) ./misc/../sysdeps/unix/sysv/linux/setvmaname.c
cfn=(188) __set_vma_name
calls=4 -31 
* 66
+1 12
+2 3
+4 3
-4 6
-24 1
-1 1
+1 1
+1 2
-2 2
+28 1
-3 2
+4 2

fn=(144) __minimal_free
97 5
+2 20

fl=(168) ./elf/./elf/dl-lookup-direct.c
fn=(552) _dl_lookup_direct
74 30
+2 3
-2 6
+4 3
-4 3
+2 3
+2 9
+37 3
-37 9
+1 6
+2 12
+3 25
+2 6
-54 3
+54 3
-54 3
+54 3
-54 9
+1 9
+2 6
+1 6
+12 9
+3 3
+2 6
-2 3
+2 9
cfi=(32) ./string/../sysdeps/x86_64/multiarch/../multiarch/strcmp-sse2.S
cfn=(94) strcmp
calls=3 +45 
* 209
* 6
+4 6
+1 3
-1 3
+1 18
+1 9
cfi=(32)
cfn=(94)
calls=3 +39 
* 198
* 6
+57 27
-23 6

fl=(30) ./elf/./elf/dl-load.c
fn=(132) decompose_rpath
580 12
+11 1
-9 1
+9 2
+31 2
+7 1
cfi=(44) ./string/./string/strdup.c
cfn=(134) strdup
calls=1 40 
* 137
* 1
+1 2
+8 4
-1 2
+3 2
-2 1
+2 2
-2 3
+2 166
-2 83
+2 166
-2 249
+6 1
fi=(28)
56 1
cfi=(27)
cfn=(78)
calls=1 -20 
* 30
fe=(30)
646 2
+8 8
cfn=(136) fillin_rpath.isra.0
calls=1 468 
* 1536
fi=(28)
50 2
cfi=(27)
cfn=(144)
calls=1 +47 
* 5
fe=(30)
661 3
+7 1
+3 1
-1 1
+2 8

fn=(106) _dl_init_paths
706 11
+14 1
-14 2
+14 2
cfi=(37) ./elf/./elf/dl-hwcaps.c
cfn=(108) _dl_important_hwcaps
calls=1 172 
* 1244
fi=(28)
56 1
fe=(30)
720 1
fi=(28)
56 1
cfi=(27)
cfn=(78)
calls=1 -20 
* 30
fe=(30)
725 1
+2 3
+8 2
-1 3
+5 3
fi=(28)
56 1
cfi=(27)
cfn=(78)
calls=1 -20 
* 30
fe=(30)
739 1
+2 4
+7 1
+8 1
+2 1
+12 2
-23 1
+9 1
+11 1
-4 1
-5 1
+3 2
+7 2
+2 2
-11 1
+11 3
-8 1
+4 1
+1 3
+1 16
cfi=(43) ./string/../sysdeps/x86_64/multiarch/../multiarch/memset-vec-unaligned-erms.S
cfn=(130) memset
calls=4 132 
* 56
+2 15
-14 3
+10 3
+4 9
-12 3
-2 3
+2 3
+4 3
-3 3
+3 3
+1 3
-2 3
+5 9
+1 6
+3 1
+15 1
-8 1
+5 1
-6 1
+9 2
+2 4
+2 3
+5 5
+1 1
-2 2
+2 1
-2 2
cfn=(132)
calls=1 580 
* 2436
+6 1
+3 1
+23 5
+2 2
cfi=(22) ./string/../sysdeps/x86_64/multiarch/../multiarch/strlen-sse2.S
cfn=(62) strlen
calls=1 57 
* 17
* 18
cfi=(29) ./string/../sysdeps/x86_64/multiarch/memmove-vec-unaligned-erms.S
cfn=(82) memcpy
calls=1 210 
* 11
* 1
+5 4
-1 2
+2 1
+1 2
-2 4
+1 13
+1 26
-2 52
+5 1
fi=(28)
56 1
cfi=(27)
cfn=(78)
calls=1 -20 
* 30
fe=(30)
836 1
fi=(28)
56 1
fe=(30)
838 2
+6 6
cfn=(136)
calls=1 468 
* 586
+3 3
+6 1
+4 8
-30 2

fn=(170) _dl_map_object
1967 204
+8 34
+1 68
+3 394
+5 560
+2 240
cfi=(52) ./elf/./elf/dl-misc.c
cfn=(172) _dl_name_match_p
calls=80 68 
* 8498
* 160
+4 138
+1 207
+4 40
-1 200
+1 40
+1 40
-1 40
+1 80
cfi=(32)
cfn=(94)
calls=40 98 
* 1243
* 80
2270 159
2011 18
-1 12
+9 6
-50 6
+50 12
+17 12
-2 6
+2 6
cfi=(41) ./string/../sysdeps/x86_64/multiarch/../multiarch/strchr-sse2.S
cfn=(118) index
calls=6 32 
* 144
* 12
2202 2
-1 3
cfn=(140) expand_dynamic_string_token
calls=1 385 
* 175
+6 1
-7 1
+1 1
+2 2
+4 7
cfn=(174) open_verify.constprop.0
calls=1 1572 
* 106
+3 2
-3 1
+3 1
+12 4
+45 1
+1 5
-1 1
+1 8
cfn=(180) _dl_map_object_from_fd
calls=1 944 
* 1940
-1 5
+1 25
-1 5
+1 40
cfn=(180)
calls=5 944 
* 10876
* 18
2040 10
cfi=(22)
cfn=(62)
calls=5 57 
* 85
* 10
+2 10
+7 20
+50 8
+1 65
cfn=(212) open_path
calls=5 1812 
* 1556
+6 5
-6 5
+6 10
+88 2
+28 20
+46 10
682 5
2107 5
682 10
+3 10
2109 52
cfn=(212)
calls=4 1812 
* 1436
* 8
+4 8
+2 3
+14 6
+2 9
+4 8
cfi=(67) ./elf/./elf/dl-cache.c
cfn=(218) _dl_load_cache_lookup
calls=4 403 
* 5047
* 4
+2 8
+4 8
+31 4
-23 8
+23 28
cfn=(174)
calls=4 1572 
* 461
+4 8
-4 4
+4 4
+1 4
+17 8
2074 5
682 1
2075 1
682 3
2099 2
+1 2
-47 1
+1 1
696 5
2058 6
682 2
2059 2
682 4
+3 2
+3 3
+3 1
+1 1
2073 5
+1 2
688 3
2131 3
-47 2
691 1
2115 1
+14 2

fn=(88) _dl_process_pt_gnu_property
868 7
+8 7
-8 14
+8 7
-6 7
+12 14
-13 7
+13 7
-13 7
+13 14
+3 21
+1 14
+1 14
+3 21
+1 21
+4 7
+1 14
+22 7
+2 7
-2 14
+2 21
-20 20
+1 10
+3 20
+3 10
+1 40
fi=(31) ./elf/../sysdeps/x86/dl-prop.h
95 40
+7 20
+16 10
-3 20
254 14
+1 7
+2 28
+3 7
-8 6
+5 3
-4 3
+4 9
+3 3
-2 4
fe=(30)

fn=(180)
944 60
+15 6
-15 12
+15 6
-15 12
+15 12
+77 24
+10 12
+7 42
cfi=(26) ./elf/./elf/dl-object.c
cfn=(72) _dl_new_object
calls=6 59 
* 2314
* 6
+1 12
+11 6
+5 6
-4 6
-1 6
+2 6
+2 6
-2 6
+2 12
+1 18
+1 10
+19 10
-2 5
+2 52
-2 1
+2 64
+10 6
-10 6
+10 18
+27 6
-33 6
-3 6
+2 6
-1 6
+35 6
+9 6
-50 6
+41 6
+9 6
-36 6
+63 30
-62 238
+26 168
+8 48
+1 24
-1 24
+1 96
+1 24
-1 24
+1 24
+2 24
-2 24
+2 24
+2 24
-4 24
+1 24
+3 24
-4 24
+4 120
+2 48
+13 48
+1 90
+5 18
+1 162
-28 36
-35 54
+62 6
+1 54
-28 12
-35 141
+1 365
1213 6
1100 6
1213 12
1100 18
1218 42
+10 18
+1 6
-1 6
+1 6
-1 18
+1 18
-1 18
+1 18
-1 54
1066 12
1235 12
+10 24
+7 24
fi=(59) ./elf/./dl-map-segments.h
28 6
fe=(30)
1252 18
fi=(59)
28 12
+1 48
cfi=(57)
cfn=(186)
calls=6 +18 
* 168
+73 12
-1 6
-72 6
+73 6
+3 12
+1 6
+2 6
-3 6
+1 6
+2 6
+17 6
-44 6
fi=(60) ./elf/./dl-load.h
+10 48
fi=(59)
+58 96
+6 6
+2 6
-2 6
+1 6
+2 12
-1 12
+3 12
+5 12
+3 18
+8 36
cfi=(43)
cfn=(130)
calls=6 -44 
* 805
* 6
+6 12
+12 24
-59 144
+2 72
+2 144
cfi=(57)
cfn=(186)
calls=18 -92 
* 378
* 36
fe=(30)
1264 6
fi=(56) ./elf/../sysdeps/posix/dl-fileid.h
37 12
cfi=(55) ./io/../sysdeps/unix/sysv/linux/fstat64.c
cfn=(182) fstat
calls=6 -7 
* 36
* 12
fe=(30)
989 12
fi=(56)
40 18
fe=(30)
989 6
fi=(56)
40 6
fe=(30)
989 105
+1 54
fi=(56)
49 84
fe=(30)
1519 54
1074 13
+1 2
-1 1
+1 1
-1 1
+1 1
cfi=(70) ./io/../sysdeps/unix/sysv/linux/pread64_nocancel.c
cfn=(230) __pread64_nocancel
calls=1 25 
* 7
* 2
+46 2
+1 1
-15 12
+7 6
+2 6
-2 6
+1 6
+1 6
-1 12
+1 48
+60 9
+5 3
-1 6
+5 3
-5 6
-66 3
+71 12
+1 3
+3 3
-3 3
+8 12
+15 12
+1 6
1008 12
1268 24
+1 18
fi=(61) ./elf/./elf/get-dynamic-info.h
39 12
+6 6
-2 6
+11 6
+1 6
-10 12
+8 6
+15 6
-23 24
+23 158
-23 632
+4 328
+3 42
-1 84
+3 144
+1 120
+1 30
+16 24
+12 20
+1 24
+1 24
+1 24
+1 20
+1 23
+1 23
+1 24
+12 6
+7 6
-7 42
+7 13
+5 10
+7 10
+1 18
+6 18
+1 6
+17 18
+5 4
+2 4
+2 4
+2 4
+4 18
+2 9
+1 6
+9 6
+6 6
+4 12
fe=(30)
1275 12
+1 12
+2 12
+10 18
+19 18
+2 36
+52 18
+1 6
+6 54
+1 118
+6 24
cfn=(88)
calls=6 868 
* 436
-7 148
+1 71
+6 71
-6 142
fi=(31)
149 24
fe=(30)
1380 12
cfi=(62) ./io/../sysdeps/unix/sysv/linux/close_nocancel.c
cfn=(198) __GI___close_nocancel
calls=6 25 
* 36
* 12
+13 12
+2 24
+2 12
+16 12
cfi=(8) ./elf/./elf/dl-setup_hash.c
cfn=(14) _dl_setup_hash
calls=6 25 
* 162
+4 12
+1 12
+17 12
+1 1
+3 1
+5 1
-5 1
+5 1
-5 5
+5 5
-5 5
+5 5
+5 12
+12 48
+10 12
+1 12
+5 6
cfi=(46)
cfn=(228) _dl_assign_tls_modid
calls=3 125 
* 36
+7 18
cfi=(26)
cfn=(84) _dl_add_to_namespace_list
calls=6 31 
* 366
+3 12
+4 12
cfi=(45) ./elf/./elf/dl-debug.c
cfn=(200) _dl_debug_update
calls=6 38 
* 42
* 6
+1 18
+22 42
+1 18
cfi=(48)
cfn=(202) _dl_audit_objopen
calls=6 77 
* 30
* 6
fi=(60)
92 20
+2 5
-1 5
+1 5
-1 5
+1 5
-1 5
+1 5
-1 10
+3 20
fi=(61)
-37 24
+3 24
+2 24
181 6
-22 4
fe=(30)
1510 12
1074 2
fi=(59)
186 16
cfi=(57)
cfn=(186)
calls=2 47 
* 42
+3 4
fe=(30)
1462 15
+2 4
-1 20
+1 4
-1 4
+1 4
-1 4
cfi=(32)
cfn=(94)
calls=4 98 
* 100
* 8
+2 5
1275 6

fn=(174)
1572 180
+32 18
-32 36
+32 36
+19 72
cfi=(53) ./io/../sysdeps/unix/sysv/linux/open64_nocancel.c
cfn=(176) __open_nocancel
calls=18 28 
* 396
* 18
+2 36
+8 6
+1 12
+5 6
-5 6
+5 30
cfi=(54) ./io/../sysdeps/unix/sysv/linux/read_nocancel.c
cfn=(178) __read_nocancel
calls=6 25 
* 36
+2 12
+2 12
+2 12
+6 12
+17 78
+81 12
+5 12
+6 24
+6 12
+6 6
+1 6
-1 18
+1 18
+26 162
-22 13
+1 2
-1 1
+1 1
cfi=(70)
cfn=(230)
calls=1 25 
* 7
* 2
1668 12
-59 24
1777 2

fn=(140)
385 27
241 6
385 3
241 3
cfi=(41)
cfn=(118)
calls=3 32 
* 182
+3 6
410 3
-11 3
+11 18
-11 3
cfi=(44)
cfn=(134)
calls=3 40 
* 325

fn=(208) _dl_dst_count
238 32
+3 16
-3 80
+7 16
-7 32
+3 16
cfi=(41)
cfn=(118)
calls=16 32 
* 480
+3 32
+20 144

fn=(136)
468 18
+4 2
-4 16
+6 6
cfi=(7) ./elf/./elf/dl-minimal.c
cfn=(138) strsep
calls=2 239 
* 1180
* 6
cfi=(7)
cfn=(138)
calls=2 239 
* 16
* 12
+7 4
+2 6
cfn=(140)
calls=2 -98 
* 404
* 2
+4 4
+5 4
cfi=(22)
cfn=(62)
calls=2 57 
* 78
* 2
+1 4
+7 10
+9 33
+1 18
fi=(28)
50 4
cfi=(27)
cfn=(144)
calls=2 +47 
* 10
+1 2
fe=(30)
528 10
cfi=(22)
cfn=(62)
calls=1 57 
* 17
* 2
+4 4
fi=(28)
56 1
cfi=(27)
cfn=(78)
calls=1 -20 
* 30
fe=(30)
532 4
fi=(28)
56 1
cfi=(27)
cfn=(78)
calls=1 -20 
* 30
* 2
fe=(30)
534 4
+5 2
+1 4
-1 2
-1 2
+2 2
cfi=(29)
cfn=(126) mempcpy
calls=2 197 
* 42
+3 2
-3 2
+1 2
+2 2
+1 1
+5 1
+1 1
-1 3
+1 2
-1 1
+1 1
-1 3
+1 8
+1 2
-1 2
+1 2
-1 6
+1 2
-1 4
+1 2
+2 4
+1 6
+2 1
-1 4
cfi=(29)
cfn=(82)
calls=1 210 
* 14
* 2
+6 4
+1 2
+3 6
-60 4
-22 4
+88 2
+3 16
-24 4

fn=(212)
1812 72
+1 9
-1 27
+1 9
+6 18
+5 153
+67 18
-74 9
+7 27
+57 9
-65 9
+65 9
+10 18
-64 18
+8 54
+7 18
-11 9
+12 9
-1 36
cfi=(29)
cfn=(126)
calls=9 197 
* 181
+1 90
+50 14
-2 28
-48 96
+3 54
+5 91
cfi=(29)
cfn=(126)
calls=13 197 
* 169
* 52
cfi=(29)
cfn=(126)
calls=13 197 
* 169
+3 26
+6 39
+3 91
cfn=(174)
calls=13 1572 
* 781
* 13
+2 39
+2 12
+1 4
+25 1
fi=(28)
56 2
cfi=(27)
cfn=(78)
calls=1 -20 
* 30
fe=(30)
1919 2
-1 1
fi=(28)
56 1
fe=(30)
1919 1
+2 3
cfi=(29)
cfn=(82)
calls=1 210 
* 27
+1 1
+38 81
-88 10
+1 35
+6 5
+2 10
-2 10
+2 5
cfi=(65) ./io/../sysdeps/unix/sysv/linux/stat64.c
cfn=(214) stat
calls=5 28 
* 78
* 5
+3 5
-3 10
+1 2
+9 8
+2 1
-2 4
+2 12
+44 64
+6 16
-2 8
+2 16
+3 24
1822 16
+2 18

fl=(44)
fn=(134)
40 48
+1 8
cfi=(22)
cfn=(62)
calls=8 +16 
* 322
* 8
fi=(370) ./string/../include/rtld-malloc.h
+15 16
cfi=(27)
cfn=(78)
calls=8 -20 
* 240
fe=(44)
-12 16
+3 24
+1 24
-1 8
cfi=(29)
cfn=(82)
calls=8 210 
* 144

fl=(54)
fn=(178)
25 6
+1 24
+1 6

fl=(58)
fn=(188)
33 4
+2 15
-2 4
+7 1
-7 2
+7 1
-7 2
+7 1
-7 1
+7 1
cfi=(11)
cfn=(28)
calls=1 387 
* 24
* 3
+7 1
+2 6

fl=(354)
fn=(5368)
29 2
+1 2
+1 2
+2 2
+1 2
+1 2
+3 2
+1 2
+4 2
+1 2
+1 2
+1 2

fl=(9) ./elf/../sysdeps/unix/sysv/linux/dl-sysdep.c
fn=(16) _dl_sysdep_start
102 5
+4 1
-4 1
+1 1
+3 1
cfn=(18) _dl_sysdep_parse_arguments
calls=1 -28 
* 501
+4 2
cfi=(11)
cfn=(22) __GI___tunables_init
calls=1 261 
* 43299
+3 1
cfi=(13) ./elf/./elf/dl-sort-maps.c
cfn=(26) _dl_sort_maps_init
calls=1 289 
* 38
+2 2
cfi=(14) ./elf/../sysdeps/unix/sysv/linux/brk.c
cfn=(30) brk
calls=1 -79 
* 8
fi=(6) ./elf/../sysdeps/x86_64/dl-machine.h
220 1
cfi=(15) ./elf/../sysdeps/x86/dl-get-cpu-features.c
cfn=(34) _dl_x86_init_cpu_features
calls=1 37 
* 7349
fe=(9)
-98 3
+1 1
cfi=(22)
cfn=(62)
calls=1 -66 
* 17
* 1
+2 2
cfi=(23) ./elf/../misc/sbrk.c
cfn=(64) sbrk
calls=1 -88 
* 16
* 3
+12 3
+3 5
cfi=(2) ./elf/./elf/rtld.c
cfn=(66) dl_main
calls=1 1346 
* 2892518
+3 4

fn=(572) _dl_sysdep_start_cleanup
147 1
+1 1

fn=(18)
78 1
+2 1
-2 6
+1 1
+1 1
-1 1
+2 2
+2 1
-2 1
+2 2
-1 1
+1 2
-1 68
+1 136
+7 56
fi=(10) ./elf/../sysdeps/unix/sysv/linux/dl-parse_auxv.h
-49 1
fe=(9)
+45 1
fi=(10)
-54 1
fe=(9)
+54 1
fi=(10)
-54 1
+1 1
+1 1
+7 3
+1 44
+1 22
-2 22
+2 22
-2 67
fe=(9)
+52 3
+1 1
+1 2
fi=(10)
-49 1
+1 1
fe=(9)
+46 1
fi=(10)
-45 1
+3 1
+1 1
+1 1
+1 1
+2 1
-5 1
-4 1
+1 1
+4 1
+1 1
+3 1
-7 1
-4 1
+1 1
+8 1
fe=(9)
+40 1
-1 1
+2 1
+1 6

fl=(140) ./misc/../sysdeps/unix/syscall-template.S
fn=(578) munmap
117 5
+5 1

fn=(440) mprotect
117 40
+5 8

fl=(32)
fn=(248) strncmp
98 1
+27 1
+1 1
+1 1
+1 1
+1 1
+2 1
+1 1
+2 1
+1 1
+21 1
+1 1
+1 1
+1 1
+1 1
+1 1
+1 1
+1 1
+17 1
+1 1
+1 1
+1 1
+1 1
+1 1
+1 1
2104 1
+3 1
+1 1
+2 1
+1 1
+8 1
+1 1

fn=(94)
98 2823
+33 2823
+1 2823
+2 2823
+1 2823
+21 2823
+1 2823
+1 2483
+1 2483
+1 2332
+1 2332
+1 2332
+1 2332
+17 2332
+1 2332
+1 2332
+1 2332
+1 2332
+1 2332
+1 2332
+5 72
+1 216
+9 72
+1 72
+1 72
+1 72
+1 72
+1 72
+1 72
+1 72
-7 491
+1 491
+1 491
+1 491
+1 491
+1 491
+1 491
+1 491
+1 470
+1 215
+1 215
+1 215
+2 215
+1 215
+1 215
+1 215
+1 215
+1 215
-5 255
+1 255
+1 255
+1 255
+1 255
+1 255
+10 93
+1 93
+1 93
+2 93
+6 93
+1 93
+1 93
+1 93
+1 93
+5 93
+2 81
+1 81
+1 162
+8 81
+1 81
+3 81
+1 81
+1 81
+1 81
+1 81
+1 81
-9 4
+1 4
+3 4
+1 4
+1 4
+1 4
+1 4
+1 4
+6 5
+1 5
+1 5
+3 5
+1 5
+1 5
+1 5
+1 5
+1 5
+5 4
+1 4
+9 15
+1 15
+1 15
+1 15
+1 15
+2 15
+1 15
+1 15
+1 15
+1 15
+1 15
+1 15
+1 6
+3 6
+1 6
+1 6
+6 6
+1 6
+1 12
+4 6
+1 6
+3 6
+1 6
+1 6
+2 6
+1 6
+1 6
+4 6
+1 6
+1 6
+1 6
+1 6
+1 6
+75 3
+1 3
+1 3
+1 3
+1 3
+2 3
+1 3
+1 3
+1 3
+1 3
+1 3
+1 3
+1 3
+3 3
+1 3
+1 3
+6 3
+1 3
+1 6
+4 3
+1 3
+3 3
+1 3
+1 3
+2 3
+1 3
+1 3
+4 3
+1 3
+1 3
+1 3
+1 3
+1 3
+7 1
+1 1
+2 1
+1 1
+2 1
+1 1
+1 1
+2 1
+1 1
+1 1
+4 1
+1 1
+1 1
+1 1
+1 1
+1 1
+41 47
+1 47
+1 47
+1 47
+1 47
+2 47
+1 47
+1 47
+1 47
+1 47
+1 47
+1 47
+1 47
+4 47
+1 47
+1 47
+6 47
+1 47
+1 94
+4 47
+1 47
+3 47
+1 47
+1 47
+2 47
+1 47
+1 47
+4 47
+1 47
+1 47
+1 47
+1 47
+1 47
+69 4
+1 4
+1 4
+1 4
+1 4
+2 4
+1 4
+1 4
+1 4
+1 4
+1 4
+1 4
+1 2
+4 2
+1 2
+1 2
+6 2
+1 2
+1 4
+4 2
+1 2
+3 2
+1 2
+1 2
+2 2
+1 2
+1 2
+4 2
+1 2
+1 2
+1 2
+1 2
+1 2
+69 10
+1 10
+1 10
+1 10
+1 10
+2 10
+1 10
+1 10
+1 10
+1 10
+1 10
+1 10
+1 7
+4 7
+1 7
+1 7
+6 7
+1 7
+1 14
+4 7
+1 7
-1 3
+1 3
+3 10
+1 10
+1 10
+2 10
+1 10
+1 10
+4 10
+1 10
+1 10
+1 10
+1 10
+1 10
+7 4
+1 4
+2 4
+1 4
+2 4
+1 4
+1 4
+2 4
+1 4
+1 4
+4 4
+1 4
+1 4
+1 4
+1 4
+1 4
+7 3
+1 3
+1 3
+32 16
+1 16
+1 16
+1 16
+1 16
+2 16
+1 16
+1 16
+1 16
+1 16
+1 16
+1 16
+1 14
+4 14
+1 14
+1 14
+6 14
+1 14
+1 28
+4 14
+1 14
-1 1
+1 1
+3 15
+1 15
+1 15
+2 15
+1 15
+1 15
+4 15
+1 15
+1 15
+1 15
+1 15
+1 15
+7 5
+1 5
+2 5
+1 5
+2 5
+1 5
+1 5
+2 5
+1 5
+1 5
+4 5
+1 5
+1 5
+1 5
+1 5
+1 5
+7 1
+1 1
+1 1
+32 14
+1 14
+1 14
+1 14
+1 14
+2 14
+1 14
+1 14
+1 14
+1 14
+1 14
+1 14
+1 12
+4 12
+1 12
+1 12
+6 12
+1 12
+1 24
+4 12
+1 12
-1 2
+1 2
+3 14
+1 14
+1 14
+2 14
+1 14
+1 14
+4 14
+1 14
+1 14
+1 14
+1 14
+1 14
+7 4
+1 4
+2 4
+1 4
+2 4
+1 4
+1 4
+2 4
+1 4
+1 4
+4 4
+1 4
+1 4
+1 4
+1 4
+1 4
+7 2
+1 2
+1 2
+32 28
+1 28
+1 28
+1 28
+1 28
+2 28
+1 28
+1 28
+1 28
+1 28
+1 28
+1 28
+1 14
+4 14
+1 14
+1 14
+6 14
+1 14
+1 28
+4 14
+1 14
-1 2
+1 2
+3 16
+1 16
+1 16
+2 16
+1 16
+1 16
+4 16
+1 16
+1 16
+1 16
+1 16
+1 16
+7 6
+1 6
+2 6
+1 6
+2 6
+1 6
+1 6
+2 6
+1 6
+1 6
+4 6
+1 6
+1 6
+1 6
+1 6
+1 6
+7 2
+1 2
+1 2
+32 75
+1 75
+1 75
+1 75
+1 75
+2 75
+1 75
+1 75
+1 75
+1 75
+1 75
+1 75
+1 36
+4 36
+1 36
+1 36
+6 36
+1 36
+1 72
+4 36
+1 36
-1 7
+1 7
+3 43
+1 43
+1 43
+2 43
+1 43
+1 43
+4 43
+1 43
+1 43
+1 43
+1 43
+1 43
+7 8
+1 8
+2 8
+1 8
+2 8
+1 8
+1 8
+2 8
+1 8
+1 8
+4 8
+1 8
+1 8
+1 8
+1 8
+1 8
+7 7
+1 7
+1 7
+32 33
+1 33
+1 33
+1 33
+1 33
+2 33
+1 33
+1 33
+1 33
+1 33
+1 33
+1 33
+1 26
+4 26
+1 26
+1 26
+6 26
+1 26
+1 52
+4 26
+1 26
-1 7
+1 7
+3 33
+1 33
+1 33
+2 33
+1 33
+1 33
+4 33
+1 33
+1 33
+1 33
+1 33
+1 33
+7 9
+1 9
+2 9
+1 9
+2 9
+1 9
+1 9
+2 9
+1 9
+1 9
+4 9
+1 9
+1 9
+1 9
+1 9
+1 9
+7 7
+1 7
+1 7
+32 43
+1 43
+1 43
+1 43
+1 43
+2 43
+1 43
+1 43
+1 43
+1 43
+1 43
+1 43
+1 22
+4 22
+1 22
+1 22
+6 22
+1 22
+1 44
+4 22
+1 22
-1 3
+1 3
+3 25
+1 25
+1 25
+2 25
+1 25
+1 25
+4 25
+1 25
+1 25
+1 25
+1 25
+1 25
+7 4
+1 4
+2 4
+1 4
+2 4
+1 4
+1 4
+2 4
+1 4
+1 4
+4 4
+1 4
+1 4
+1 4
+1 4
+1 4
+7 3
+1 3
+1 3
+32 44
+1 44
+1 44
+1 44
+1 44
+2 44
+1 44
+1 44
+1 44
+1 44
+1 44
+1 44
+1 18
+4 18
+1 18
+1 18
+6 18
+1 18
+1 36
+4 18
+1 18
-1 3
+1 3
+3 21
+1 21
+1 21
+2 21
+1 21
+1 21
+4 21
+1 21
+1 21
+1 21
+1 21
+1 21
+7 6
+1 6
+2 6
+1 6
+2 6
+1 6
+1 6
+2 6
+1 6
+1 6
+4 6
+1 6
+1 6
+1 6
+1 6
+1 6
+7 3
+1 3
+1 3
+32 39
+1 39
+1 39
+1 39
+1 39
+2 39
+1 39
+1 39
+1 39
+1 39
+1 39
+1 39
+1 28
+4 28
+1 28
+1 28
+6 28
+1 28
+1 56
+4 28
+1 28
-1 3
+1 3
+3 31
+1 31
+1 31
+2 31
+1 31
+1 31
+4 31
+1 31
+1 31
+1 31
+1 31
+1 31
+7 4
+1 4
+2 4
+1 4
+2 4
+1 4
+1 4
+2 4
+1 4
+1 4
+4 4
+1 4
+1 4
+1 4
+1 4
+1 4
+7 3
+1 3
+1 3
+32 40
+1 40
+1 40
+1 40
+1 40
+2 40
+1 40
+1 40
+1 40
+1 40
+1 40
+1 40
+1 28
+4 28
+1 28
+1 28
+6 28
+1 28
+1 56
+4 28
+1 28
-1 3
+1 3
+3 31
+1 31
+1 31
+2 31
+1 31
+1 31
+4 31
+1 31
+1 31
+1 31
+1 31
+1 31
+7 7
+1 7
+2 7
+1 7
+2 7
+1 7
+1 7
+2 7
+1 7
+1 7
+4 7
+1 7
+1 7
+1 7
+1 7
+1 7
+7 3
+1 3
+1 3
+32 59
+1 59
+1 59
+1 59
+1 59
+2 59
+1 59
+1 59
+1 59
+1 59
+1 59
+1 59
+2 26
+4 26
+1 26
+1 26
+6 26
+1 26
+2 52
+4 26
+1 26
-1 5
+1 5
+3 31
+1 31
+1 31
+2 31
+1 31
+1 31
+4 31
+1 31
+1 31
+1 31
+1 31
+1 31
+7 7
+1 7
+2 7
+1 7
+2 7
+1 7
+1 7
+2 7
+1 7
+1 7
+4 7
+1 7
+1 7
+1 7
+1 7
+1 7
+7 5
+1 5
+1 5
+34 370
+2 370
+1 370
+1 370
+1 370
-3 193
+1 193
+1 193
+1 193
+1 430
+5 215
+6 215
+1 215
+8 215
+1 215
-16 2608
+6 2608
+1 2608
+8 2608
+1 2608

fl=(49) ./string/../string/strcspn.c
fn=(160) strcspn
32 6
+1 3
+1 2
+5 6
+1 4
+1 4
+1 4
+2 1
+3 3
+1 2
-1 6
+1 4
+3 4
+1 4
+1 4
+1 4
+2 3
+6 1
-1 1
+1 1
+2 2
-1 2
+2 1
+2 6
-5 12
-1 12
+1 12
+2 24
-1 24
+2 12
+2 72
+2 1
+1 4
+1 3

fl=(51) ./setjmp/../sysdeps/x86_64/setjmp.S
fn=(166) __sigsetjmp
31 17
+2 17
+9 17
+1 34
+1 17
+4 17
+1 17
+1 17
+1 17
+1 17
+2 34
+2 17
+1 17
+1 17
+2 34
+2 17
+8 17
+3 17
+1 17
+7 17
+1 17

fl=(20) ./elf/../sysdeps/x86/dl-cacheinfo.h
fn=(50) handle_intel.constprop.0
255 24
-5 12
+17 12
-17 96
+11 12
+1 12
+5 36
+4 24
+34 96
-29 12
+3 24
-3 12
+3 36
cfn=(52) intel_check_word.constprop.0
calls=12 123 
* 4092
+2 24
+3 60
cfn=(52)
calls=12 123 
* 1272
+2 24

fn=(52)
123 48
-4 72
+10 24
-10 96
+10 48
-10 24
+10 24
-10 24
+10 24
+2 48
+71 48
fi=(21) ./elf/../bits/stdlib-bsearch.h
32 24
fe=(20)
202 120
-71 96
+2 60
+2 120
+8 120
+51 96
+22 48
fi=(21)
28 48
-1 96
+2 216
+2 168
+1 84
fe=(20)
+78 168
+3 324
fi=(21)
-78 264
-6 528
+2 480
+1 240
fe=(20)
+78 480
+15 12
246 144
fi=(21)
37 120
fe=(20)
155 36
+3 36
-6 12
+3 39
+9 18
+23 21
-32 63
+3 63
+4 58
+2 116
+3 84
+1 48
+1 48
+1 30
+2 11
+2 22
+6 14
+3 8
+1 12
-20 15
+12 4
+2 4
+1 4
-2 4
-1 4
+2 8
-2 4
+3 4
-2 12
+2 12
+11 2
-9 12

fn=(56) get_common_cache_info.constprop.0
571 11
+17 1
+1 1
+9 1
-12 1
+2 1
+2 1
+8 1
-11 1
+3 1
+11 2
-5 3
+17 1
+5 3
+4 2
770 5
+1 5
+4 2
+8 1
-1 1
+1 1
+1 1
+1 7
627 5
+3 6
-32 5
+75 4
+8 5
+2 2
-2 1
+6 3
+3 1
+1 5
-4 4
+21 2
-21 4
+2 1
+2 4
-4 1
+6 4
+3 2
+5 1
+2 2
+1 1
+1 1
-2 2
+1 1
-19 4
+46 2
+1 1
+1 2
+1 1
+25 3
630 3
+10 6
+14 2
+4 1
+3 1
+1 1
-4 2
+3 3
+6 4
-37 12
+7 6
-7 3
+7 2
+3 20
+5 2
+4 1
+1 1
-1 2
+1 1
+61 2
+7 1
+2 2
-16 1
+22 1
-6 2
+1 1
+5 1
-30 5

fl=(169) ./elf/./elf/dl-call-libc-early-init.c
fn=(556) _dl_call_libc_early_init
27 1
+2 2
-2 1
+6 3
-6 3
+6 1
-6 2
+6 1
cfi=(168)
cfn=(552)
calls=1 +41 
* 225
+4 2
+2 3
+2 1
-1 1
-1 1
+2 2
-1 1
cob=(2)
cfi=(170)
cfn=(558)
calls=1 -7 
* 353

fl=(177) ./elf/./elf/dl-init.c
fn=(590) call_init.part.0
26 96
+17 8
+3 8
-3 16
+3 16
+5 14
+8 21
+1 30
cob=(4)
cfi=(175)
cfn=(1308)
calls=1 -60 
* 7
cob=(4)
cfi=(175)
cfn=(634)
calls=1 -60 
* 7
cob=(4)
cfi=(175)
cfn=(622)
calls=1 -60 
* 7
cob=(4)
cfi=(175)
cfn=(612)
calls=1 -60 
* 7
cob=(4)
cfi=(175)
cfn=(592)
calls=1 -60 
* 7
+3 7
+1 14
+6 12
+2 12
-2 6
+3 55
+1 76
cob=(8)
cfi=(211)
cfn=(1318)
calls=1 -74 
* 4
cob=(7)
cfi=(185)
cfn=(1306)
calls=1 -74 
* 83
cob=(7)
cfi=(185)
cfn=(1300)
calls=1 -74 
* 255
cob=(7)
cfi=(185)
cfn=(1274)
calls=1 -74 
* 50
cob=(7)
cfi=(185)
cfn=(1248)
calls=1 -74 
* 50
cob=(7)
cfi=(185)
cfn=(1230)
calls=1 -74 
* 34
cob=(7)
cfi=(185)
cfn=(1212)
calls=1 -74 
* 34
cob=(7)
cfi=(185)
cfn=(1208)
calls=1 -74 
* 173
cob=(7)
cfi=(185)
cfn=(1206)
calls=1 -74 
* 83
cob=(7)
cfi=(185)
cfn=(1204)
calls=1 -74 
* 83
cob=(7)
cfi=(185)
cfn=(1202)
calls=1 -74 
* 48
cob=(7)
cfi=(185)
cfn=(1176)
calls=1 -74 
* 78
cob=(7)
cfi=(185)
cfn=(1120)
calls=1 -74 
* 4537
cob=(7)
cfi=(185)
cfn=(1110)
calls=1 -74 
* 801
cob=(7)
cfi=(185)
cfn=(1108)
calls=1 -74 
* 3
cob=(7)
cfi=(185)
cfn=(1094)
calls=1 -74 
* 991
cob=(7)
cfi=(185)
cfn=(1088)
calls=1 -74 
* 12
cob=(6)
cfi=(184)
cfn=(628)
calls=1 -74 
* 12
cob=(2)
cfi=(182)
cfn=(610)
calls=1 545 
* 12
* 24
cob=(8)
cfi=(211)
cfn=(1312)
calls=1 -74 
* 12
cob=(7)
cfi=(185)
cfn=(638)
calls=1 -74 
* 87422
cob=(6)
cfi=(184)
cfn=(626)
calls=1 -74 
* 364
cob=(3)
cfi=(183)
cfn=(616)
calls=1 -74 
* 12
cob=(2)
cfi=(179)
cfn=(602)
calls=1 -28 
* 79
cob=(5)
cfi=(178)
cfn=(596)
calls=1 -74 
* 12
-1 75
+3 64
-29 2

fn=(588) _dl_init
81 13
+1 1
+1 1
+3 3
+8 2
+25 1
+1 8
+1 16
-92 16
+6 24
+2 37
+83 14
cfn=(590)
calls=7 -94 
* 95758
* 14
+7 8
-98 2
+60 2
-54 3
+2 7
cfn=(590)
calls=1 -11 
* 77
* 2

fl=(45)
fn=(154) _dl_debug_state
116 2
+1 2

fn=(200)
38 7
+3 7
-1 14
+4 14
+4 7

fn=(148) _dl_debug_initialize
56 3
+3 2
+4 1
+22 1
+10 1
-32 2
+1 1
+21 2
+5 2
+1 1
+4 1
-4 1
-1 1
+2 1
+3 1
+4 2
+8 2
-50 1
+4 2
+35 6

fl=(70)
fn=(230)
25 4
+1 8
+1 2

fl=(16) ./elf/../sysdeps/x86/cpu-features.c
fn=(42) update_active.constprop.0
72 8
+4 1
+10 1
+9 1
+9 1
-19 1
-1 1
+29 1
-4 1
-24 1
+9 1
+9 1
+9 1
-28 2
+25 1
-15 1
-9 1
+9 1
+9 1
+9 1
-3 1
+7 1
-13 1
+9 1
+4 2
-22 1
+22 2
-13 1
+6 1
+3 1
+5 1
+12 1
-8 1
-4 1
+7 1
-3 4
+1 1
+2 1
-2 2
+1 3
+5 1
+2 1
-2 4
+1 1
+1 1
-1 2
+1 1
-1 1
+3 2
+1 4
+14 2
356 2
+4 3
fi=(18) ./elf/../sysdeps/unix/sysv/linux/x86/dl-hwcap2.h
25 2
fi=(19) ./elf/../sysdeps/x86/get-isa-level.h
+5 1
-2 1
+2 3
fe=(16)
369 1
+1 8
151 2
+1 2
-1 5
+1 2
+2 3
+90 1
+1 1
-1 2
+17 4
+16 2
+5 1
-1 2
+4 4
+4 2
+4 3
+1 2
+3 1
-1 1
+9 1
-5 1
+2 1
-2 1
+5 1
+51 1
fi=(19)
31 1
fe=(16)
356 2
fi=(19)
32 3
+4 3
fe=(16)
158 4
+3 1
+3 2
+14 1
+2 1
+10 3
-12 1
+12 1
-12 1
+2 2
-2 1
+2 1
+8 1
-8 1
+6 3
+2 1
-2 1
+2 3
+7 5
fi=(19)
39 2
+1 4
-2 1
+7 4
+2 1
+1 2
+3 5
+2 4
+1 2
+1 2
+3 1
-1 1
+1 3
fe=(16)
171 1
-5 2
+4 1

fn=(36) init_cpu_features.constprop.0
682 1
+17 1
-17 7
+3 1
+1 1
+1 1
+3 1
+9 2
+3 6
1001 3
+1 2
+3 2
+1 2
+6 1
+1 1
+1 1
+1 1
fi=(20)
792 1
+1 1
+2 1
+14 2
+85 1
+1 1
+15 1
-5 1
+5 1
-10 1
-6 1
+2 1
+14 1
-15 1
+2 1
-1 1
+2 1
-1 1
+2 1
-1 1
+1 1
+2 1
+1 1
+1 1
+1 1
+35 2
-15 3
+8 2
+27 6
+9 2
+19 2
+8 6
cfi=(11)
cfn=(28)
calls=1 387 
* 23
* 1
+2 2
+3 4
cfi=(11)
cfn=(28)
calls=1 387 
* 23
* 1
+2 2
+3 4
cfi=(11)
cfn=(28)
calls=1 387 
* 23
* 1
+1 5
+16 2
-12 5
cfi=(11)
cfn=(28)
calls=1 387 
* 23
* 1
+1 3
+6 3
+3 1
-3 2
cfi=(11)
cfn=(28)
calls=1 387 
* 23
* 1
+3 5
-3 1
+3 5
cfi=(11)
cfn=(58) __GI___tunable_set_val
calls=1 153 
* 62
+1 10
cfi=(11)
cfn=(58)
calls=1 153 
* 62
+1 11
cfi=(11)
cfn=(58)
calls=1 153 
* 62
+3 10
cfi=(11)
cfn=(58)
calls=1 153 
* 62
+2 10
cfi=(11)
cfn=(58)
calls=1 153 
* 62
+13 1
+2 1
fe=(16)
-23 1
fi=(20)
+21 1
+3 1
fe=(16)
-24 1
fi=(20)
+26 1
-5 1
+2 1
-2 1
+3 1
fe=(16)
-24 1
fi=(20)
+25 1
+3 1
-1 1
fe=(16)
-27 1
cfi=(11)
cfn=(28)
calls=1 387 
* 22
+3 4
cfi=(11)
cfn=(28)
calls=1 387 
* 24
+6 3
+54 1
-1 1
+1 1
+45 4
cfi=(11)
cfn=(28)
calls=1 387 
* 22
+2 4
cfi=(11)
cfn=(28)
calls=1 387 
* 22
+6 4
cfi=(11)
cfn=(28)
calls=1 387 
* 24
+7 8
fi=(20)
974 12
fe=(16)
+68 1
-1 2
+1 3
+44 3
+27 2
-10 2
+1 2
+2 3
+1 2
+2 3
+1 2
fi=(20)
811 2
cfn=(50)
calls=1 255 
* 455
+1 1
-1 1
+1 1
cfn=(50)
calls=1 255 
* 503
+1 1
-1 1
+1 1
cfn=(50)
calls=1 255 
* 530
+4 1
-4 1
+1 2
+3 1
cfn=(50)
calls=1 255 
* 476
+2 1
-2 1
+2 1
cfn=(50)
calls=1 255 
* 468
+3 1
-3 1
+1 2
+2 1
cfn=(50)
calls=1 255 
* 446
+2 1
-2 1
+2 1
cfn=(50)
calls=1 255 
* 447
+3 1
-2 1
-1 1
+3 1
cfn=(50)
calls=1 255 
* 494
+2 1
-2 1
+2 1
cfn=(50)
calls=1 255 
* 495
+1 1
+2 1
-3 1
+1 1
+2 1
cfn=(50)
calls=1 255 
* 521
+2 1
-2 1
+2 1
cfn=(50)
calls=1 255 
* 522
+2 1
-2 1
+2 1
cfn=(50)
calls=1 255 
* 523
+2 4
-2 1
+2 1
cfn=(56)
calls=1 571 
* 223
+93 1
-6 3
+6 1
-6 2
+6 2
-6 2
+6 2
-1 2
fe=(16)
708 6
cfn=(38) get_common_indices.constprop.0
calls=1 398 
* 74
376 3
+1 2
+1 6
+5 2
713 1
cfn=(42)
calls=1 72 
* 222
+2 1
+2 1
1015 1
715 2
878 2
+7 2
+2 2
+4 2
+6 2
+2 1
706 2
-3 1
384 6
+5 2
+1 7
717 1
fi=(20)
987 1
-48 1
fe=(16)
717 1
fi=(20)
987 2
fe=(16)
717 6
+4 7
+78 1
-25 3
+92 2
+3 2
fi=(20)
+38 1
fe=(16)
-37 1
-89 2
+51 2

fn=(38)
398 3
+4 4
+3 3
+5 2
-5 1
+5 1
-5 1
+4 1
+1 1
+1 4
+1 4
+1 3
+1 2
+7 2
+2 5
+5 1
-5 1
+5 1
-5 1
+5 1
-5 2
+5 1
+7 1
-7 4
+7 1
+1 3
+6 1
-6 4
+6 1
fi=(17) ./elf/../sysdeps/unix/sysv/linux/x86/dl-minsigstacksize.h
24 2
+3 2
+1 2
+37 3
+7 1
+2 1
fe=(16)
457 3

fl=(14)
fn=(30)
36 1
fi=(371) ./elf/../sysdeps/unix/sysv/linux/brk_call.h
-12 2
fe=(14)
+13 1
+1 2
+6 1
+1 1

fl=(167) ./elf/../sysdeps/nptl/dl-mutex.c
fn=(550) __rtld_mutex_init
30 2
+10 3
-10 3
+10 1
-10 1
+10 1
-10 1
+7 1
+3 2
cfi=(168)
cfn=(552)
calls=1 +34 
* 233
+4 2
+1 8
+2 3
-2 1
+2 3
cfi=(168)
cfn=(552)
calls=1 +27 
* 223
+4 2
+1 7
+1 6

fl=(13)
fn=(238) dfs_traversal.part.0
135 126
+10 14
-2 14
+2 28
+2 44
-7 80
+7 152
+9 28
+15 42
+1 14
+1 90
cfn=(239) dfs_traversal.part.0'2
calls=2 -38 
* 85
-26 10
+9 21

fn=(239)
135 18
+10 2
-2 2
+2 4
+2 8
-7 8
+7 16
+9 4
+15 6
+1 2
+1 12
-17 3

fn=(26)
289 2
+1 2
-1 2
+1 2
cfi=(11)
cfn=(28)
calls=1 +97 
* 24
+2 3
-1 1
+2 2

fn=(236) _dl_sort_maps
298 24
+8 2
-8 2
+8 4
+4 16
-99 2
-28 2
-2 2
+1 4
+29 2
-28 8
+1 2
-1 2
+1 2
-1 4
+1 14
-1 14
+1 14
-1 28
+28 30
+8 6
-3 2
+2 2
+1 4
-3 2
+5 50
+2 16
-83 74
cfn=(238)
calls=14 -5 
* 748
+86 46
+18 8
+32 8
+7 2
+27 2
-47 6
cfi=(29)
cfn=(82)
calls=2 -53 
* 38
* 2

fl=(25) ./elf/./elf/dl-environ.c
fn=(70) _dl_next_ld_env_entry
28 3
+1 3
+3 77
+13 67
-13 134
+2 138
+1 22
+5 2
-3 2
+3 2
+2 2

fl=(22)
fn=(62)
57 37
+44 37
+1 37
+1 37
+1 37
+1 37
+1 37
+1 37
+2 37
+2 37
+31 37
+1 37
+1 37
+1 37
+1 37
+1 18
+2 18
+4 19
+1 19
+1 19
+1 19
+1 19
+1 19
+1 19
+1 19
+1 19
+1 19
+1 19
+1 19
+5 144
+74 4
+1 4
+1 4
+1 4
+1 4
+1 4
+1 4
+1 4
+2 1
+2 1
+1 1
+1 1
+1 1
+1 1
+1 1
+1 1
+1 1
+5 3
+2 3
+1 42
+2 3
+1 3
+1 3
+2 3
-7 1
+1 14
+2 1
+1 1
+1 1
+2 1

fl=(349)
fn=(5244)
26 5
+17 1
-17 6
+20 13
+3 2
cob=(2)
cfi=(230)
cfn=(1518)
calls=1 +28 
* 44
+2 1
+3 2
+2 5
+7 3
-2 1
+2 1
cfi=(48)
cfn=(574) _dl_audit_activity_nsid
calls=1 -22 
* 11
+5 15
+5 1
-5 1
+5 3
+2 16
+2 16
+2 16
+1 8
+1 8
+4 8
-12 24
+14 6
+1 4
+6 6
cfi=(13)
cfn=(236)
calls=1 298 
* 635
+9 2
cob=(2)
cfi=(236)
cfn=(1618)
calls=1 367 
* 37
+5 6
+2 1
+2 2
-2 7
+2 14
+2 32
cfi=(350) ./elf/./elf/dl-call_fini.c
cfn=(5246) _dl_call_fini
calls=8 -90 
* 8923
+3 16
cfi=(48)
cfn=(5272) _dl_audit_objclose
calls=8 -20 
* 40
-9 16
+14 8
-14 24
+18 3
cfi=(48)
cfn=(574)
calls=1 -85 
* 11
* 2
+6 4
+2 1
-2 2
+6 2
+7 8
-77 2

fl=(23)
fn=(64)
37 4
+3 1
-3 2
+21 2
+4 2
+16 5

fl=(66) ./io/../sysdeps/unix/sysv/linux/fstatat64.c
fn=(216) fstatat
146 10
-55 10
+70 11
+1 1
-2 8
+1 8

fl=(26)
fn=(84)
31 28
+2 7
-2 14
+2 7
-2 21
+2 7
cfi=(24) ./elf/../sysdeps/nptl/dl-tls_init_tp.c
cfn=(86) rtld_mutex_dummy
calls=7 +9 
* 21
+2 62
+3 108
+2 6
+2 6
+4 6
+4 6
-4 12
+1 12
+1 12
+3 30
-1 6
cfi=(24)
cfn=(86)
calls=6 -8 
* 18
-4 1
+4 1
-4 2
+1 2
+1 2
+3 5
-1 1
cfi=(24)
cfn=(86)
calls=1 -8 
* 3
-5 2

fn=(72)
59 105
+3 14
+18 12
+3 6
cfi=(22)
cfn=(62)
calls=6 -26 
* 120
+4 6
-4 6
+4 6
+5 6
-9 18
fi=(28)
-39 12
cfi=(27)
cfn=(74)
calls=6 +36 
* 402
fe=(26)
+39 1
fi=(28)
-39 2
cfi=(27)
cfn=(74)
calls=1 +36 
* 47
* 7
fe=(26)
+51 14
+5 7
+4 7
-6 7
+2 7
+4 7
-5 7
+4 7
+1 7
-1 7
+1 14
cfi=(29)
cfn=(82)
calls=7 210 
* 88
* 7
+15 7
-15 7
+2 7
+13 14
+6 1
+2 7
+3 2
-3 42
+3 12
+2 7
+4 7
+3 18
+2 12
-2 8
+2 8
-2 16
+16 14
-5 7
+5 7
-6 7
+6 7
-6 7
+6 14
+2 12
+3 12
-3 12
+7 28
+4 18
+8 1
+13 1
-10 2
+10 9
-10 12
+10 18
+2 6
cfi=(22)
cfn=(62)
calls=6 57 
* 236
+21 6
-21 18
+17 6
-13 18
+50 18
cfi=(29)
cfn=(126)
calls=6 -48 
* 118
* 6
+5 12
+1 12
-1 182
+1 182
+4 12
+1 6
+3 6
+4 63
131 14
-8 6
-4 12
+34 1
+7 4
+8 24
fi=(28)
56 12
cfi=(27)
cfn=(78)
calls=6 -20 
* 180
* 6
fe=(26)
200 12
-1 12
64 2
+2 3
+1 2
+4 6
+6 2

fl=(52)
fn=(172)
68 1204
+1 344
cfi=(32)
cfn=(94)
calls=172 +29 
* 5741
* 344
+3 172
+2 344
+6 167
-6 334
+1 579
cfi=(32)
cfn=(94)
calls=193 +23 
* 7524
* 386
+8 26
-13 26
+13 224
-1 146
+1 438

fn=(528) _dl_higher_prime_number
87 2
+38 2
-1 2
+3 2
+2 80
+1 30
+3 7
-6 24
+18 2
+1 2
-15 6

fn=(220) _dl_sysdep_read_whole_file
36 2
+3 1
-3 7
+3 1
-3 2
+3 1
cfi=(53)
cfn=(176)
calls=1 -11 
* 20
+1 2
+23 8
-21 4
cfi=(55)
cfn=(182)
calls=1 -12 
* 6
* 2
+2 2
+3 2
+13 2
cfi=(62)
cfn=(198)
calls=1 -35 
* 6
* 1
-11 6
cfi=(57)
cfn=(186)
calls=1 -2 
* 26
* 2

fl=(38) ./elf/../sysdeps/x86_64/dl-hwcaps-subdirs.c
fn=(110) _dl_hwcaps_subdirs_active
29 1
fi=(19)
+2 1
fe=(38)
+7 1
fi=(19)
-8 4
fe=(38)
+22 1
fi=(19)
-20 3
+4 1
fe=(38)
+2 1
fi=(19)
-2 2
+3 4
+1 4
+5 1
fe=(38)
-7 1
fi=(19)
+7 3
fe=(38)
-2 1
fi=(19)
+5 2
+3 5
+2 4
+1 2
+1 2
+3 1
fe=(38)
-10 1
fi=(19)
+10 3
fe=(38)

fl=(163) ./elf/./elf/dl-find_object.c
fn=(538) _dlfo_process_initial
474 2
+3 2
-3 6
+1 2
+3 4
+26 14
+1 6
+1 16
-1 32
+3 60
+3 56
-7 10
+27 2
-2 2
+2 6
-18 42
+3 14
-1 14
cfi=(164) ./elf/./dl-find_object.h
cfn=(536) _dl_find_object_from_map
calls=7 95 
* 431
+2 28

fn=(540) _dlfo_sort_mappings
536 1
+1 2
+3 4
+4 1
+1 1
-1 1
+1 2
-1 5
+1 5
-1 5
+1 22
+1 105
+3 6
-1 6
-3 63
+8 18
+1 12
-1 6
-13 12
+14 18
+1 12
-15 12
+17 1

fn=(534) _dl_find_object_init
561 2
+3 1
-3 3
+5 2
+13 1
cfn=(538)
calls=1 474 
* 145
+1 1
-1 1
+1 1
fi=(28)
56 1
cfi=(27)
cfn=(78)
calls=1 -20 
* 30
fe=(163)
580 1
fi=(28)
56 1
fe=(163)
582 2
+3 2
+5 1
+1 1
cfn=(538)
calls=1 474 
* 604
+3 3
+10 4
-37 2
cfi=(164)
cfn=(536)
calls=1 95 
* 68
* 1
+29 2
cfn=(540)
calls=1 -60 
* 320
+3 6
+2 1

fl=(7)
fn=(12) __rtld_malloc_init_stubs
42 1
+1 2
+1 2
+1 2
+1 2
+1 1

fn=(138)
239 4
+3 8
+2 4
+1 8
+4 6
-2 4
+4 196
+5 336
-2 224
+13 2
+4 8
-22 98
+15 98
-15 200

fn=(546) lookup_malloc_symbol
61 8
+3 4
-3 12
+3 4
-3 12
+3 4
-3 4
+2 4
+1 16
cfi=(78) ./elf/./elf/dl-lookup.c
cfn=(274) _dl_lookup_symbol_x
calls=4 772 
* 2892
+4 28
+1 28
+2 4
fi=(166) ./elf/./dl-sym-post.h
-30 8
+12 12
fe=(7)
+19 24

fn=(542) __rtld_malloc_init_real
76 2
+10 1
fi=(165) ./elf/../sysdeps/generic/dl-hash.h
-41 1
-1 1
fe=(7)
+32 8
+11 1
-1 1
fi=(165)
-43 1
+5 3
+14 4
-17 3
+3 15
+14 20
-17 15
fe=(7)
+46 2
fi=(165)
-24 1
fe=(7)
+22 1
+2 2
fi=(165)
-19 1
fe=(7)
+19 1
cfn=(546)
calls=1 -30 
* 739
+1 3
-1 1
+1 1
cfn=(546)
calls=1 -31 
* 776
+1 3
-1 1
+1 1
cfn=(546)
calls=1 -32 
* 837
+1 3
-1 1
+1 1
cfn=(546)
calls=1 -33 
* 712
+5 1
+1 1
+1 1
+1 1
+1 8

fl=(42) ./string/../sysdeps/x86_64/multiarch/../multiarch/memcmp-sse2.S
fn=(122) bcmp
59 1
+12 1
+1 1
+22 1
+1 1
+45 1
+1 1
+2 1
+1 1
+2 1
+1 1
+2 1
+1 1
+47 1
+1 1
+1 1
+1 1
+1 1
+1 1

fl=(2)
fn=(2) _dl_start
517 16
85 1
547 4
85 1
543 1
fi=(6)
55 1
fe=(2)
+30 1
546 1
85 1
fi=(3) ./elf/./get-dynamic-info.h
-40 1
fe=(2)
546 1
fi=(3)
45 2
+23 18
-23 72
+4 36
+3 5
-1 10
+3 20
+1 16
+1 5
fi=(4) ./elf/../sysdeps/generic/ldsodefs.h
+23 1
fi=(3)
+31 1
-38 3
+12 4
+1 3
+1 4
+1 4
+1 5
+1 3
+1 4
+1 4
+12 7
+7 2
-51 4
+64 3
+6 3
+1 3
+3 2
+1 3
+5 5
+3 5
fe=(2)
563 154
fi=(4)
79 1
fe=(2)
563 1
fi=(4)
79 2
fe=(2)
563 27
fi=(6)
287 3
fi=(5) ./elf/./elf/do-rel.h
49 1
fe=(2)
563 1
fi=(5)
50 1
-1 2
+4 1
-3 1
+3 4
+3 2
-7 1
fe=(2)
563 1
fi=(5)
50 1
-1 2
+4 1
-3 1
+3 4
+3 2
+7 3
+2 3
-2 6
fi=(6)
278 3
fi=(5)
64 6
fi=(6)
278 6
+9 24
+3 6
+1 6
+26 8
+6 2
fi=(5)
61 13
fe=(2)
563 6
fi=(5)
51 1
fi=(4)
+28 2
fi=(3)
-17 4
+2 4
fe=(2)
565 1
+13 1
cfi=(7)
cfn=(12)
calls=1 42 
* 10
458 2
85 1
476 2
85 3
476 1
cfi=(8)
cfn=(14)
calls=1 25 
* 27
+2 1
+16 2
-17 1
+11 1
-10 1
+16 1
cfi=(9)
cfn=(16)
calls=1 102 
* 2943783
* 1
+2 2
+89 9
fi=(3)
103 3
fe=(2)

fn=(158) handle_preload_list
869 11
+5 1
-5 2
+5 2
-4 3
+7 3
cfi=(49)
cfn=(160)
calls=1 32 
* 254
* 1
+1 3
+9 1
183 1
889 2
183 2
891 2
-80 1
+5 1
-6 1
-4 1
+10 2
-6 1
+4 1
+2 2
-5 1
+1 1
+4 1
cfi=(50) ./elf/./elf/dl-catch.c
cfn=(162) _dl_catch_error
calls=1 254 
* 2754
+1 3
+8 3
+67 1
-18 2
+21 9
-15 4
cfi=(29)
cfn=(82)
calls=1 210 
* 19
+1 2

fn=(66)
1346 2
197 1
1346 11
199 1
302 1
+1 1
197 1
+99 3
1357 1
cfi=(24)
cfn=(68) __tls_pre_init_tp
calls=1 53 
* 17
2749 1
2538 1
2749 2
2598 1
+2 2
+15 1
-13 2
cfi=(25)
cfn=(70)
calls=1 28 
* 65
* 4
cfi=(25)
cfn=(70)
calls=2 28 
* 387
* 9
+4 6
-2 2
+2 6
+1 2
-1 6
+1 17
-1 89
+9 12
2727 3
1373 1
+1 2
-1 2
+1 2
2687 3
-47 2
+10 2
1637 9
cfi=(26)
cfn=(72)
calls=1 59 
* 210
* 1
+2 2
+1 3
+6 1
-5 2
+1 3
+4 1
cfi=(26)
cfn=(84)
calls=1 31 
* 42
+1 2
1116 1
-1 1
1351 1
1143 1
-21 2
+21 2
-19 1
+1 1
-3 1
+21 2
+57 1
-82 1
+25 1
-3 1
+4 1
+19 1
+37 4
-56 102
+56 4
-1 4
+1 8
-1 4
+2 8
+1 1
+2 12
+1 14
+4 8
+1 8
+1 4
+4 12
-72 27
1253 2
+1 22
+6 4
cfi=(30)
cfn=(88)
calls=1 868 
* 90
-7 26
+1 13
+6 13
-6 26
fi=(31)
235 4
+1 2
-87 4
fe=(2)
1148 1
-5 1
+5 2
-5 2
+30 1
-9 2
+2 1
-3 1
+10 2
+18 2
-38 2
-10 1
+10 1
+1 9
-11 2
+1 14
1247 1
1143 1
1247 2
1143 3
1266 4
+3 3
+2 3
1672 3
+2 2
-1 1
+1 1
+1 3
-2 2
cfi=(32)
cfn=(94)
calls=1 98 
* 25
* 2
+7 1
+3 1
-5 1
+3 1
+2 1
+1 2
+4 2
+2 2
fi=(3)
39 4
+4 1
+2 1
+9 1
+1 1
-10 2
+23 30
-23 120
+4 60
+3 6
-1 12
+3 24
+1 20
fe=(2)
1243 1
1143 1
1243 1
1143 2
fi=(3)
72 4
+43 2
+7 3
+1 4
+6 3
+18 4
+5 2
+2 2
+2 2
+2 2
+1 2
+3 4
+2 3
+1 2
+9 2
+6 2
+1 3
+3 3
+2 1
fe=(2)
1698 4
+7 2
cfi=(8)
cfn=(14)
calls=1 25 
* 27
+3 2
fi=(33) ./elf/./setup-vdso.h
24 2
fi=(36) ./elf/./dl-main.h
+85 2
fi=(35) ./elf/../sysdeps/unix/sysv/linux/dl-vdso-setup.h
-64 1
fi=(36)
+64 3
cfi=(30)
cfn=(106)
calls=1 706 
* 4770
fe=(2)
1733 3
cfi=(45)
cfn=(148)
calls=1 56 
* 34
+7 1
-5 1
-2 1
+7 1
+4 1
+1 1
+2 1
-3 3
+1 2
+3 1
+11 1
-13 1
+13 1
+1 2
+5 1
-3 2
+2 1
+1 2
+5 3
+1 5
-1 2
224 1
+1 1
-1 1
+1 3
+1 2
1788 2
+5 1
-1 1
1352 1
1793 1
+24 1
cfi=(46)
cfn=(150) _dl_count_modids
calls=1 192 
* 6
* 1
fi=(47) ./elf/../sysdeps/generic/dl-debug.h
29 4
+1 1
fe=(2)
1823 1
+1 1
cfi=(45)
cfn=(154)
calls=1 116 
* 2
+1 1
+4 3
cfi=(48)
cfn=(156) _dl_audit_activity_map
calls=1 29 
* 17
+5 3
+2 1
+2 2
+9 2
+16 4
cfi=(63) ./io/../sysdeps/unix/sysv/linux/access.c
cfn=(204) access
calls=1 25 
* 9
* 2
+76 4
+16 3
85 1
1965 1
85 2
1965 1
85 1
1965 5
85 1
1965 2
cfi=(64) ./elf/./elf/dl-deps.c
cfn=(206) _dl_map_object_deps
calls=1 143 
* 38488
92 1
+9 1
1971 1
92 2
+9 2
1971 2
+1 6
-1 4
+1 14
-1 28
+4 3
+1 2
+1 1
+2 30
+1 14
+46 1
-42 2
+8 3
+1 2
+2 1
+2 3
+2 1
-4 1
+5 1
-1 2
+14 2
+1 2
+1 3
-25 1
+36 2
+2 1
-2 1
+2 2
-2 1
+1 2
+1 1
-1 2
+1 1
cfi=(50)
cfn=(240) _dl_receive_error
calls=1 186 
* 36909
+10 1
+1 1
-1 1
+1 1
+3 2
837 1
fi=(372) ./elf/../sysdeps/unix/sysv/linux/dl-osinfo.h
39 2
fe=(2)
839 1
fi=(372)
52 1
fe=(2)
848 1
+7 1
-5 1
2047 3
2246 2
+4 1
-4 1
+10 1
-6 1
+6 1
-6 1
+9 2
+8 2
fi=(31)
36 2
+1 3
+3 3
+13 10
-13 7
+9 14
-9 1
+9 32
+4 28
-16 24
+34 1
fe=(2)
2279 1
fi=(31)
71 1
cfi=(76) ./elf/../sysdeps/x86_64/dl-cet.c
cfn=(264) _dl_cet_check
calls=1 361 
* 55
fe=(2)
2282 1
-3 2
+5 1
-2 2
+2 2
+1 6
cfi=(77) ./elf/./elf/dl-reloc.c
cfn=(266) _dl_relocate_object
calls=1 207 
* 79998
85 2
2292 1
85 2
2292 1
+1 23
+2 16
+5 16
+2 16
+6 8
+2 16
+1 56
cfi=(77)
cfn=(266)
calls=7 207 
* 2717606
+4 22
+1 6
-23 3
+23 3
cfi=(46)
cfn=(442) _dl_add_to_slotinfo
calls=3 1017 
* 84
-23 7
92 3
+1 1
2325 1
93 1
2325 1
+4 4
+2 1
+7 4
cfi=(46)
cfn=(532)
calls=1 523 
* 306
+3 2
+4 3
+2 2
+33 3
cfi=(169)
cfn=(556)
calls=1 27 
* 603
+7 1
cfi=(9)
cfn=(572)
calls=1 147 
* 2
+3 3
cfi=(48)
cfn=(574)
calls=1 41 
* 11
+4 2
cfi=(45)
cfn=(200)
calls=1 38 
* 7
+1 1
-1 1
+2 1
cfi=(45)
cfn=(154)
calls=1 116 
* 2
+1 1
+4 1
cfi=(67)
cfn=(576) _dl_unload_cache
calls=1 525 
* 19
+5 8
2304 1
+1 1
-3 2
226 2
-2 1
+1 1
1773 1
+6 1
-6 2
+6 1
fi=(3)
56 5
+3 4
fi=(34) ./elf/../sysdeps/unix/sysv/linux/dl-vdso.h
-19 2
+1 5
fi=(35)
-11 1
+3 1
+3 1
+3 1
fi=(34)
+16 2
fi=(3)
+17 3
+12 3
+1 5
+1 5
+1 5
+1 4
+1 5
+1 5
+1 5
+12 2
+7 1
-7 7
+7 2
fe=(2)
1743 4
2357 1
cfi=(163)
cfn=(534)
calls=1 561 
* 1207
+5 3
cfi=(7)
cfn=(542)
calls=1 76 
* 3175
+3 1
cfi=(167)
cfn=(550)
calls=1 30 
* 503
85 1
2371 1
+1 3
85 3
2372 2
cfi=(77)
cfn=(266)
calls=1 207 
* 1957
92 3
+9 3
2687 2
+2 1
+1 1
-1 1
+1 1
+1 1
2040 2
cfn=(250) init_tls
calls=1 734 
* 927
* 2
2650 2
+2 2
+1 1
fi=(3)
62 4
+2 4
fe=(2)
1943 10
85 1
1842 2
85 3
1842 2
cfn=(158)
calls=1 869 
* 3098
* 1
92 3
+9 3
1943 6
+1 1
-1 1
+4 3
+1 1
+1 2
+1 2
-7 2

fn=(250)
734 1
+6 1
-6 3
+2 2
+4 2
+11 1
fi=(28)
44 1
fe=(2)
746 1
+4 1
fi=(28)
44 1
cfi=(27)
cfn=(74)
calls=1 +36 
* 96
fe=(2)
761 1
-12 1
+6 1
-9 1
+11 1
+4 1
+2 3
-1 2
+3 16
+4 3
+2 3
-2 6
-5 3
-1 6
+10 3
+3 2
cfi=(46)
cfn=(252) _dl_tls_static_surplus_init
calls=1 97 
* 86
+3 1
cfi=(46)
cfn=(254) _dl_determine_tlsoffset
calls=1 216 
* 147
+7 1
cfi=(46)
cfn=(256) _dl_allocate_tls_storage
calls=1 417 
* 414
* 1
+1 2
+6 1
fi=(74) ./elf/../sysdeps/generic/dl-call_tls_init_tp.h
31 2
fe=(2)
793 1
fi=(74)
31 6
+2 1
cfi=(24)
cfn=(260) __tls_init_tp
calls=1 +35 
* 79
fe=(2)
800 1
-3 1
+3 4
-36 5
-1 11

fn=(168) map_doit
641 2
+2 1
-2 4
+2 1
+1 2
-1 2
+1 3
cfi=(30)
cfn=(170)
calls=1 1967 
* 2643
* 1
+2 3

fn=(242) version_check_doit
674 2
+2 1
-2 4
+2 3
cfi=(73) ./elf/./elf/dl-version.c
cfn=(244) _dl_check_all_versions
calls=1 392 
* 36872
* 2
+4 3

fl=(48)
fn=(202)
77 6
+1 24

fn=(156)
29 2
+2 1
-2 5
+1 1
+1 2
+6 6

fn=(574)
41 3
+4 12
+1 3
+1 15

fn=(5272)
97 8
+1 32

fn=(1354)
118 1
+1 4

fl=(39) ./elf/./elf/dl-hwcaps_split.c
fn=(120) _dl_hwcaps_split
25 5
+1 3
+21 1
-20 1
+20 3

fn=(114) _dl_hwcaps_split_masked
51 110
-25 44
+36 5
-7 5
+7 35
-26 24
+5 27
cfi=(41)
cfn=(118)
calls=9 -9 
* 216
* 9
+1 18
+3 6
+11 12
+1 18
+1 12
-2 6
+1 9
+1 6
-28 24
+4 48
+1 12
-1 30
+24 6
+9 12
-5 6
-2 6
+2 42
-19 6
cfi=(22)
cfn=(62)
calls=3 +14 
* 51
* 6

fl=(73)
fn=(244)
392 7
+4 5
-2 1
+4 48
cfn=(246) _dl_check_map_versions
calls=8 155 
* 36748
-2 8
+2 24
-1 8
-1 16
+5 7

fn=(246)
155 80
+15 24
+2 40
+2 8
+1 8
+2 16
+3 12
-16 12
+20 6
-4 6
-24 6
+28 42
+16 12
36 6
200 6
36 42
200 18
36 9
200 9
36 63
+1 77
-1 154
+2 276
cfi=(52)
cfn=(172)
calls=92 +30 
* 9501
* 199
208 45
+5 15
fi=(373) ./elf/../sysdeps/generic/_itoa.h
76 45
fe=(73)
213 30
+4 30
+1 30
-1 30
+4 15
-3 15
+3 15
-3 45
-1 140
+1 140
-1 140
+4 70
-3 70
+3 70
-3 300
56 340
+8 255
+6 255
+16 85
+1 170
+2 85
+5 595
+14 2960
+12 4185
+4 1395
-30 2790
231 340
+3 255
+5 70
-24 70
110 85
+3 425
cfi=(32)
cfn=(94)
calls=85 -15 
* 3508
* 255
224 255
+1 3
cfi=(32)
cfn=(94)
calls=1 98 
* 71
* 2
+3 32
+15 45
+5 9
-50 9
+59 30
+3 10
+3 35
+3 20
+4 5
-7 20
+3 15
+4 124
-7 496
+3 377
+8 15
+6 14
fi=(28)
44 7
fe=(73)
280 14
fi=(28)
44 7
cfi=(27)
cfn=(74)
calls=7 +36 
* 287
fe=(73)
281 14
-2 7
fi=(28)
44 7
fe=(73)
281 7
+13 7
-3 7
+3 28
+2 14
+3 24
+4 45
+7 85
+1 85
-1 255
+1 85
+1 85
-2 85
+2 170
+1 255
+3 255
+5 70
-15 70
+2 70
-2 70
+2 70
-2 70
+2 140
-2 15
+2 15
-2 15
+2 15
-2 15
+2 30
+16 45
+5 9
-28 9
+33 12
+3 10
+4 129
+6 129
+1 129
+1 129
-1 387
+1 129
-1 129
+1 129
+1 129
+3 387
+4 129
-14 268
+10 15
+12 10
+1 12
+1 12
+1 4
+19 72
164 2
-8 2
257 5
+17 6
+60 2
-40 2
+76 4
+2 4
+4 2
-4 120
+1 60
+2 1
+1 2
-1 1
+1 1
cfi=(32)
cfn=(248)
calls=1 98 
* 32
* 2

fl=(41)
fn=(118)
32 34
+1 34
+1 34
+1 34
+1 34
+1 34
+1 34
+1 34
+1 34
+1 34
+1 34
+1 34
+1 34
+1 34
+1 34
+1 34
+1 34
+1 34
+1 28
+4 28
+1 28
+1 28
+1 28
+2 28
+4 6
+1 6
+1 6
+1 6
+1 6
+1 6
+1 6
+1 6
+1 6
+1 6
+1 6
+1 6
+1 6
+1 6
+1 6
+1 6
+1 6
+1 6
+1 6
+1 6
+1 6
+1 6
+1 6
+1 8
+5 1
+1 1
+3 1
+1 1
+1 1
+1 1
+1 1
+1 1
+1 1
+1 1
+1 1
+1 1
+1 1
+1 1
+1 1
+1 1
+1 1
+1 1
+1 1
+1 1
+2 1
+1 1
-20 1
+1 1
+1 1
+1 1
+1 1
+1 1
+1 1
+1 1
+1 1
+1 1
+1 1
+1 1
+1 1
+1 1
+1 1
+1 1
+1 1
+1 1
+2 1
+1 1
+2 1
+1 1
+1 1
+1 1
+1 1
+1 1
+1 1
+1 1
+2 1
+1 1
+1 1
+1 1
+1 1
+1 1
+1 1
+1 1
+1 1
+1 1
+3 1
+4 1
+1 1
+1 1
+1 1
+2 1
-9 5
+4 5
+1 5
+1 5
+1 5
+2 5

fl=(46)
fn=(532)
523 22
+1 4
+4 2
+6 2
-6 2
+6 2
cob=(2)
cfi=(230)
cfn=(1518)
calls=1 77 
* 44
cfi=(24)
cfn=(86)
calls=1 42 
* 3
+3 6
+12 2
-18 2
+42 6
-19 24
+9 18
+1 12
+6 18
+3 6
-2 6
+2 6
-2 6
+2 24
+4 6
-4 6
+4 6
-1 12
+4 12
+1 24
+2 12
+1 12
+17 6
-8 6
+8 6
+2 24
cfi=(29)
cfn=(126)
calls=6 197 
* 78
* 36
cfi=(43)
cfn=(130)
calls=6 132 
* 104
-49 6
+55 6
-55 24
+6 18
+55 4
cob=(2)
cfi=(236)
cfn=(1618)
calls=1 367 
* 37
cfi=(24)
cfn=(86)
calls=1 42 
* 3
+3 4
+3 18

fn=(1886)
626 30
+1 6
365 3
fi=(28)
44 3
fe=(46)
369 3
+1 3
fi=(28)
44 3
cob=(2)
cfi=(204)
cfn=(1888)
calls=3 3699 
* 794
fe=(46)
371 6
+9 3
-6 3
+6 6
534 6
cob=(2)
cfi=(230)
cfn=(1518)
calls=3 77 
* 132
+3 9
+12 3
+24 3
-42 3
-1 6
+24 24
+9 27
+1 18
+6 27
+3 9
-2 9
+6 9
-6 9
+2 9
+4 9
-4 27
+3 18
+4 18
+1 36
+2 18
+1 9
+19 36
-19 9
+19 9
-10 9
+10 18
cfi=(29)
cfn=(126)
calls=9 197 
* 117
* 54
cfi=(43)
cfn=(130)
calls=9 132 
* 156
-49 9
+55 27
-55 36
+6 24
+55 6
cob=(2)
cfi=(236)
cfn=(1618)
calls=3 367 
* 111
+3 3
+2 3
+10 24

fn=(150)
192 1
+2 2
+1 1
+15 2

fn=(252)
97 2
+3 1
-3 3
+3 1
-3 1
+3 1
-3 1
+3 1
-3 1
+3 1
cfi=(11)
cfn=(28)
calls=1 387 
* 23
* 1
+1 4
cfi=(11)
cfn=(28)
calls=1 387 
* 23
+1 1
+2 1
-3 1
+1 2
+2 3
+3 1
+2 1
-26 3
+28 3
+1 6

fn=(254)
216 9
+6 4
+3 2
+36 3
+2 1
-2 1
-2 1
-40 1
-1 1
-1 1
+46 2
+23 9
+3 3
-3 15
+2 6
+6 3
-33 6
+20 3
-20 15
+2 6
+3 3
-1 3
+5 6
-5 3
+1 3
-1 3
+3 6
+2 9
+32 2
-1 1
+53 1
-52 5
+2 2
+51 8

fn=(256)
417 7
+2 1
+11 1
+1 1
fi=(28)
56 1
cfi=(27)
cfn=(78)
calls=1 -20 
* 30
fe=(46)
432 2
+8 3
fi=(28)
44 1
fe=(46)
440 2
+5 1
-5 1
+1 1
+4 304
+19 1
-99 1
+4 1
+1 1
fi=(28)
44 1
cfi=(27)
cfn=(74)
calls=1 +36 
* 41
fe=(46)
371 2
+3 1
+6 2
+90 7

fn=(442)
1017 24
+9 3
-9 3
+6 3
+4 3
+4 9
+34 6
+3 6
+1 9
+3 18

fn=(228)
125 3
+16 3
-13 3
-3 9
+3 3
+55 3
-2 3
+5 3
+1 6

fl=(50)
fn=(164) _dl_catch_exception
204 102
58 17
204 34
+3 34
+22 17
-1 17
+1 17
58 34
235 51
cfi=(51)
cfn=(166)
calls=17 31 
* 408
* 51
+2 51
cfi=(64)
cfn=(210) openaux
calls=16 61 
* 32631
cfi=(2)
cfn=(168)
calls=1 641 
* 2662
69 17
+1 17
-1 17
+1 17
239 68
-25 17
+34 51
59 34
+11 51

fn=(162)
254 6
+2 1
-2 6
+2 1
cfn=(164)
calls=1 -52 
* 2728
+1 2
+1 1
+1 1
-1 1
+1 1
+2 6

fn=(240)
186 2
58 1
186 4
+2 1
-2 1
58 1
+1 1
+11 1
192 1
+2 1
cfi=(2)
cfn=(242)
calls=1 674 
* 36887
69 2
+1 1
198 1
-1 1
+1 3

fl=(67)
fn=(576)
525 1
+1 4
-1 1
+3 1
-3 1
+3 1
cfi=(140)
cfn=(578)
calls=1 117 
* 6
+7 1
-6 1
+4 1
+2 1

fn=(218)
403 40
+2 8
+3 12
+69 9
+5 4
205 4
482 8
+3 12
fi=(69) ./elf/../sysdeps/x86/dl-procinfo.h
39 8
+3 12
cfi=(32)
cfn=(94)
calls=4 +56 
* 100
* 16
fe=(67)
208 24
cfi=(11)
cfn=(28)
calls=4 387 
* 92
* 4
+12 4
-10 4
-2 4
+12 8
-7 20
+9 20
+1 4
-32 8
+36 4
-4 4
+4 8
-5 110
+1 22
-32 44
+36 22
-4 22
+4 44
+4 78
cfn=(226) _dl_cache_libcmp
calls=26 357 
* 2106
+1 52
346 22
+3 10
220 20
347 12
220 32
+2 40
+20 14
+3 14
+2 28
cfn=(226)
calls=7 357 
* 842
* 14
+2 3
-9 14
-30 12
+1 4
fi=(374) ./elf/../sysdeps/x86/dl-isa-level.h
28 8
fe=(67)
210 8
fi=(374)
28 4
fe=(67)
210 4
+1 4
-1 12
+76 12
fi=(374)
28 12
fe=(67)
259 8
+10 12
+1 16
+16 4
fi=(68) ./elf/../sysdeps/generic/dl-cache.h
125 4
fe=(67)
286 12
+9 8
+3 8
+3 4
+1 12
+28 8
500 8
+12 8
cfi=(22)
cfn=(62)
calls=4 57 
* 140
+1 4
-1 4
+1 48
+1 4
-1 4
+1 4
-1 4
+1 4
cfi=(29)
cfn=(82)
calls=4 210 
* 60
* 4
+1 4
cfi=(44)
cfn=(134)
calls=4 40 
* 396
+1 32
411 4
cfi=(52)
cfn=(220)
calls=1 36 
* 103
* 1
+8 5
+1 8
+3 3
+1 1
-1 3
fi=(68)
194 1
+1 5
fe=(67)
431 1
+1 2

fn=(226)
357 33
+1 33
+32 33
-33 33
+1 80
+2 195
+2 195
-2 390
+20 376
+2 376
-12 162
+2 162
+14 162
+1 162
-29 324
+32 21
-28 14
+6 7
+2 7
-2 7
+1 7
-1 7
+1 7
-1 7
+2 21
+2 7
-3 7
+3 21
+2 14
+9 78

fl=(164)
fn=(536)
95 16
+1 16
+1 8
+6 40
+1 229
+1 158
+2 24
+5 8

fl=(11)
fn=(58)
153 15
-81 40
+81 15
-81 10
+10 5
fi=(375) ./elf/./dl-tunable-types.h
+2 5
fe=(11)
+9 40
+1 25
fi=(12) ./elf/./elf/dl-tunables.h
+47 10
fe=(11)
-26 25
+1 5
+1 5
+1 5
+39 15
fi=(12)
-15 10
fe=(11)
-45 10
+3 5
fi=(12)
+51 5
fe=(11)
-51 5
+4 10
+7 10
+1 10
-12 25

fn=(22)
261 8
+22 1
-22 1
128 1
283 1
-22 1
+6 4
42 350
+6 69
-3 69
+3 7540
+4 138
+4 138
fi=(12)
160 69
fe=(11)
56 138
fi=(12)
161 36
-1 177
+1 243
-1 138
fe=(11)
281 11316
+6 20493
fi=(12)
160 690
+1 1380
-1 29
+1 116
-1 145
fe=(11)
304 8

fn=(28)
387 40
+3 80
-3 40
+3 320
+9 37
-9 74
+19 25
+7 240
+2 40
-19 15
+1 15
+9 6

fl=(15)
fn=(34)
37 1
+2 3
+2 1
cfi=(16)
cfn=(36)
calls=1 682 
* 7344

fn=(554) __x86_cpu_features
71 1
-32 3
+32 2

fl=(78)
fn=(274)
772 21528
+3 3588
-3 10764
+3 3588
-3 14352
fi=(79) ./elf/../sysdeps/generic/dl-new-hash.h
74 3588
+3 7176
-8 3588
+1 7176
+10 3588
+1 7176
-1 67680
+1 135360
+20 69518
-2 69518
+6 69518
-3 139036
+2 69518
-30 69518
+3 139036
fe=(78)
774 3588
+1 3588
+3 3588
-4 3588
+1 3588
+7 11262
+5 3588
-2 3588
+2 3588
-2 3588
+6 50327
+1 50232
cfn=(278) do_lookup_x
calls=3588 347 
* 1307441
* 10764
+28 3588
-23 10764
+23 3588
-23 7176
+24 21398
+7 3569
-7 3569
+35 14276
+34 14276
-20 10707
+3 7138
-57 3588
+76 32292
fi=(79)
87 1750
+1 1750
+1 3500
+1 1750
fe=(78)
871 2
-72 114
+18 57
+11 76

fn=(280) check_match
70 53775
+3 21498
+13 3579
-13 3579
+13 3579
-13 3579
+13 10737
+3 8262
cfi=(32)
cfn=(94)
calls=276 +9 
* 17297
* 552
+4 3579
+1 7158
+2 4106
+19 4106
+1 16424
+2 24
+1 4
+42 3568
+1 28680
-18 3052
+2 3052
+1 1526
-1 3052
+1 4578
-1 3052
+4 2
+1 7
+2 3
-75 22
+39 6123
cfi=(32)
cfn=(94)
calls=2041 -19 
* 55945
* 4082
-44 24
+5 12

fn=(278)
347 32292
+1 3588
-1 14352
+6 3588
-6 3588
+65 3588
-58 3588
+11 3588
+50 3588
-3 7176
+3 7176
-50 3588
+50 14352
-19 40167
+8 13389
-4 13389
+1 13389
+3 53556
+1 26778
+3 13389
-3 13389
+4 26778
+4 26778
-2 13389
+5 53556
+3 93723
+99 29460
358 26778
+3 26778
+4 26778
+21 26778
+4 26778
+71 28544
fi=(4)
139 7136
+1 10704
fe=(78)
476 7136
fi=(4)
139 2
+1 3
fe=(78)
476 2
fi=(80) ./elf/../sysdeps/generic/dl-protected.h
29 14276
fe=(78)
483 21514
+16 6972
+1 3486
+22 3486
-21 3486
+21 24485
-21 83
+21 581
-99 11298
-1 7532
+2 7532
+2 3719
+6 14876
-6 3719
+6 26033
+7 13005
-10 39515
+2 3585
+1 10755
-1 3585
+1 7170
-1 3585
+1 3585
+1 3585
-1 3585
+1 3585
-1 25095
cfn=(280)
calls=3585 70 
* 278618
+4 10755
+3 34
+31 1209
+2 2
+50 19
-1 19
+1 133
222 83
+2 83
-2 249
+2 83
-2 83
+2 83
-2 83
+2 249
+2 83
-2 249
cfi=(24)
cfn=(86)
calls=83 42 
* 249
+2 83
+2 83
-1 83
+1 249
+2 164
+1 82
-1 574
+1 82
-1 164
+1 164
-1 164
+1 164
-1 1676
+24 358
+3 97
+1 291
-23 179
-1 358
487 5154
+4 1
fi=(28)
44 4
cfi=(27)
cfn=(74)
calls=1 +36 
* 41
* 1
fe=(78)
302 2
-72 1
+70 2
+5 1
+2 1
-7 1
+6 1
+1 1
170 12
+1 9
311 6
-1 2
+1 492
-1 164
+19 249
+2 83
-2 332
+2 83
cfi=(24)
cfn=(86)
calls=83 42 
* 249
+2 166
+1 83
-1 83
+1 83
176 532
-2 86
+1 258
-3 338
+7 83
+1 83
+1 83
+1 83
318 332
-56 1394
+7 10
cfi=(52)
cfn=(528)
calls=2 87 
* 159
fi=(28)
44 2
fe=(78)
269 2
fi=(28)
44 4
cfi=(27)
cfn=(74)
calls=2 +36 
* 138
* 2
fe=(78)
272 4
171 4
279 2
171 4
279 296
+1 276
+1 140
170 70
281 140
170 70
281 70
170 70
+1 70
-1 70
+1 210
+1 440
+2 14
+1 42
-3 168
+7 70
+3 70
-2 70
+3 70
+76 336
-83 12
285 10
+2 2
-2 10
cfi=(27)
cfn=(144)
calls=2 97 
* 10
170 2
288 2
-2 2
+3 4
-1 2
+1 4
170 4
+1 2
-1 2
+1 8

fl=(65)
fn=(214)
28 10
+1 20
cfi=(66)
cfn=(216)
calls=5 146 
* 48

fl=(64)
fn=(206)
143 4
+1 2
-1 1
+1 1
-1 2
+1 1
-1 1
+1 1
-1 4
+1 3
-1 1
+1 7
-8 1
+8 2
-8 1
-6 1
-2 1
+16 1
-8 1
-7 1
+1 1
+6 1
+24 4
-28 3
-2 1
+31 1
-33 2
+2 2
+30 2
-30 1
-1 4
+7 4
+24 3
+28 3
-6 1
+46 1
fi=(72) ./elf/../include/scratch_buffer.h
77 1
fe=(64)
+87 1
fi=(72)
-87 1
+1 1
fe=(64)
184 1
+44 4
-31 1
-4 1
+4 9
-4 7
+4 14
+11 20
-18 2
+18 4
417 16
+2 6
+3 6
-3 18
+3 6
-3 6
fi=(28)
56 6
cfi=(27)
cfn=(78)
calls=6 -20 
* 180
fe=(64)
423 18
fi=(28)
56 6
fe=(64)
423 6
+6 6
+1 30
cfi=(29)
cfn=(82)
calls=6 210 
* 74
+1 30
cfi=(29)
cfn=(82)
calls=6 210 
* 74
+3 6
+1 12
+4 24
188 14
442 21
-1 8
+1 16
183 6
+27 24
+7 6
+4 6
-6 6
+1 6
+1 6
+1 12
+3 18
-2 6
-29 30
+32 354
+6 64
cfi=(30)
cfn=(208)
calls=16 +10 
* 848
* 48
+4 32
-2 16
+2 32
cfi=(50)
cfn=(164)
calls=16 -28 
* 33687
+1 32
+9 16
+2 32
+5 30
+6 6
+2 6
-8 12
+3 6
+1 6
+1 6
+1 6
+4 6
-3 6
+3 18
+4 48
+1 36
-43 726
+7 32
+38 483
fi=(72)
85 3
fe=(64)
448 5
+1 1
+3 4
+11 5
fi=(28)
56 1
cfi=(27)
cfn=(78)
calls=1 -20 
* 30
fe=(64)
465 3
fi=(28)
56 1
fe=(64)
465 1
+5 2
+1 1
-1 3
+4 3
-2 2
+13 7
+5 7
-16 21
+11 7
-7 7
+7 7
-2 14
-5 1
+7 1
-2 2
+2 1
-11 1
+11 1
+5 1
-16 3
+21 3
+37 2
+15 2
-14 2
+20 1
-1 4
+1 4
-1 5
cfi=(13)
cfn=(236)
calls=1 298 
* 559
+5 1
+2 1
+1 1
+1 2
-2 1
+2 1
+7 3
+3 2
+3 8
198 53
+3 6
fi=(72)
-70 24
cfi=(71) ./malloc/./malloc/scratch_buffer_set_array_size.c
cfn=(232) __libc_scratch_buffer_set_array_size
calls=6 30 
* 150
fe=(64)
+70 18
+4 12
547 4
cfi=(29)
cfn=(82)
calls=1 210 
* 19
* 3
-53 2
144 2

fn=(210)
61 96
+7 16
-4 48
+1 16
-1 112
cfi=(30)
cfn=(170)
calls=16 1967 
* 32279
* 16
+5 48

fl=(37)
fn=(108)
172 6
+3 1
-3 3
+3 1
-3 5
+2 1
cfi=(38)
cfn=(110)
calls=1 29 
* 49
+1 1
fi=(40) ./elf/./dl-hwcaps.h
43 1
fe=(37)
174 1
fi=(40)
45 2
+32 1
+1 1
+1 1
fe=(37)
-27 2
cfi=(39)
cfn=(114)
calls=1 -1 
* 23
* 2
fi=(40)
-9 1
+2 1
-2 1
+34 2
+1 2
+1 1
fe=(37)
-24 2
-1 2
+1 2
+1 2
+1 2
-5 4
cfi=(39)
cfn=(114)
calls=2 -1 
* 130
* 2
cfi=(39)
cfn=(114)
calls=1 -1 
* 125
* 6
+48 4
fi=(28)
-44 2
cfi=(27)
cfn=(78)
calls=1 -20 
* 30
fe=(37)
+46 2
-2 1
+2 1
+3 1
+3 1
fi=(40)
-65 1
+2 1
fe=(37)
+67 1
fi=(40)
-66 1
fe=(37)
+66 2
cfi=(39)
cfn=(120)
calls=1 -87 
* 13
* 2
fi=(40)
-69 1
+2 1
-2 1
+34 2
+1 2
+1 1
fe=(37)
+48 10
+1 4
+1 2
+1 2
-1 2
-4 4
cfi=(39)
cfn=(114)
calls=2 -74 
* 130
* 2
cfi=(39)
cfn=(114)
calls=1 -74 
* 125
* 6
+8 3
+9 5
+3 8
-2 6
+14 1
+4 1
+1 1
+1 1
-20 3
+19 1
+1 1
-20 2
+8 2
+4 2
-4 3
+4 2
cfi=(42)
cfn=(122)
calls=1 -96 
* 19
+1 3
-14 8
+47 1
-4 2
+4 2
-3 1
+7 1
-7 2
+7 1
fi=(28)
56 1
cfi=(27)
cfn=(78)
calls=1 -20 
* 30
* 1
fe=(37)
194 2
+8 1
fi=(40)
43 1
fe=(37)
201 1
80 1
fi=(40)
-35 1
fe=(37)
+35 1
202 1
fi=(40)
77 1
+1 1
fe=(37)
202 3
fi=(40)
79 1
fe=(37)
-2 2
cfi=(39)
cfn=(114)
calls=1 -26 
* 23
* 2
fi=(40)
-34 1
+2 1
fe=(37)
+35 2
fi=(40)
-37 1
+34 2
+1 2
+1 3
fe=(37)
+1 4
+7 2
-7 8
cfi=(29)
cfn=(126)
calls=2 197 
* 26
+4 2
+2 2
+2 2
-2 4
-9 4
cfi=(39)
cfn=(114)
calls=2 -26 
* 130
* 2
cfi=(39)
cfn=(114)
calls=1 -26 
* 125
* 6
213 2
-5 1
+1 1
-1 1
+5 1
+3 9

fl=(62)
fn=(198)
25 7
+1 28
+1 7

fl=(187) ./elf/./elf/dl-runtime.c
fn=(648) _dl_fixup
46 6413
+2 2915
+1 583
+6 583
fi=(376) ./elf/../sysdeps/x86_64/dl-runtime.h
-27 583
fe=(187)
+21 583
+5 583
+1 583
-6 583
+6 1166
+1 583
+2 583
-2 583
+2 583
-2 2915
+7 1166
+4 1166
+4 583
-2 583
+2 1166
+4 1749
+1 2332
+1 1749
-8 408
+16 408
-1 408
+1 991
-1 175
+1 350
+2 461
+1 461
+7 4610
cfi=(78)
cfn=(274)
calls=461 772 
* 321592
* 1220
cfi=(78)
cfn=(274)
calls=122 772 
* 83961
* 583
+4 2915
+10 5830
+15 2332
+9 1749
+26 1749
fi=(6)
+75 583
fe=(187)
-71 4664
-63 1844
fi=(237) ./elf/../sysdeps/x86_64/dl-irel.h
-68 13
cob=(2)
cfi=(94)
cfn=(312)
calls=1 -3 
* 22
cob=(2)
cfi=(86)
cfn=(294)
calls=1 +47 
* 19
cob=(2)
cfi=(106)
cfn=(340)
calls=1 -4 
* 25
cob=(2)
cfi=(121)
cfn=(378)
calls=2 -3 
* 48
cob=(2)
cfi=(134)
cfn=(422)
calls=1 -3 
* 23
cob=(2)
cfi=(127)
cfn=(398)
calls=2 -3 
* 50
cob=(2)
cfi=(98)
cfn=(324)
calls=2 -3 
* 44
cob=(2)
cfi=(133)
cfn=(418)
calls=1 -3 
* 22
cob=(2)
cfi=(128)
cfn=(402)
calls=1 -3 
* 19
cob=(2)
cfi=(89)
cfn=(300)
calls=1 -3 
* 24
fe=(187)
+93 26

fl=(76)
fn=(264)
361 8
-76 1
-10 2
+2 2
-1 1
+6 1
+3 1
+8 1
-11 1
+1 1
-1 1
+1 1
-1 1
+1 1
+10 4
+3 1
+4 2
+2 2
-1 1
+2 2
+2 2
-1 2
+4 1
+2 1
+3 2
145 2
+12 2
+16 1
+6 1
363 6

fn=(584) _dl_cet_setup_features
331 1
+3 2
+16 1

fl=(53)
fn=(176)
28 38
+3 19
-3 38
+3 114
+8 133
+2 14
-2 36
+2 24

fl=(71)
fn=(232)
30 78
+4 6
+1 12
+10 12
+18 6
-17 6
+17 30

fl=(77)
fn=(266)
207 99
+1 18
+12 8
+4 32
-4 8
+6 24
+3 8
-1 8
+1 16
+22 40
+4 10
+7 15
fi=(6)
81 26
+6 12
+4 9
+17 3
-11 3
+11 6
+21 6
+5 12
-2 6
fi=(4)
-53 3
fe=(77)
301 6
fi=(4)
79 6
fe=(77)
301 6
fi=(4)
79 5
fe=(77)
301 10
fi=(4)
79 10
fe=(77)
301 9893
fi=(4)
79 2
fe=(77)
301 2
fi=(4)
79 4
fe=(77)
301 346
-80 16
fi=(6)
393 16
fe=(77)
190 8
+31 8
-31 8
fi=(6)
393 24
fi=(5)
49 8
fe=(77)
301 8
fi=(5)
50 8
+30 8
-31 16
+4 8
-3 8
+3 8
-3 8
+3 24
+27 16
-31 8
fe=(77)
301 8
fi=(5)
50 8
+30 8
-31 16
+4 8
-3 8
+3 8
-3 8
+3 24
+27 16
-7 3
-1 3
+11 24
fi=(6)
514 4560
+4 4560
+3 6840
+1 2280
fi=(5)
83 6840
+2 9120
+11 18
fe=(77)
301 48
fi=(5)
51 8
fi=(4)
+28 40
fi=(6)
730 16
+4 8
fe=(77)
304 40
+24 8
+3 16
+17 24
+2 72
-98 16
+3 6
+7 3
-9 3
+9 6
fi=(6)
81 6
fi=(5)
+33 39
+9 27
+1 5
fi=(6)
498 5
fi=(5)
124 5
fi=(6)
498 10
fi=(5)
124 1108
fi=(6)
498 1108
fi=(5)
124 1108
fi=(6)
498 2216
+5 2226
+1 1113
fi=(5)
123 1113
fi=(6)
504 1113
-5 1113
fi=(5)
123 2226
+3 39
+3 44
+2 40
fe=(77)
+59 14
fi=(5)
73 7
fe=(77)
190 7
fi=(5)
72 7
fe=(77)
190 63
fi=(5)
-57 14
+1 7
+1 7
-2 7
+2 7
+3 7
-5 7
+2 7
-2 7
+1 14
+2 7
-2 7
+2 21
+2 14
-5 13254
+1 6627
+1 6627
-2 6627
+2 6627
+3 6627
-5 6627
+2 6627
-2 6627
+1 13254
+2 6627
-2 6627
+2 19881
+2 13254
+9 6566
fi=(6)
267 13132
+7 13132
+4 13132
fe=(77)
170 26264
fi=(4)
-30 19647
fe=(77)
+31 13098
+3 13098
+8 5990
-8 26931
+12 5982
-3 2991
+1 2991
+2 11972
-3 4
+1 4
+2 3011
+1 2995
-1 2995
+2 5990
-1 11980
+3 17970
cfi=(78)
cfn=(274)
calls=2995 772 
* 2109625
+3 2995
+1 5990
-4 2995
+4 14975
fi=(6)
+93 26180
+3 6533
-3 19616
+3 6550
-3 6550
+5 13112
+25 39396
423 17058
fi=(5)
150 17058
fi=(6)
423 1714
fi=(5)
150 2617
-19 26557
+33 28
+1 72
+1 252
+3 136
+4 68
-1 68
-3 68
+2 136
+2 68
-2 136
fe=(77)
-1 272
fi=(6)
287 68
+3 68
-3 68
+4 136
476 136
+2 68
cfi=(15)
cfn=(554)
calls=1 71 
* 6
cob=(3)
cfi=(162)
cfn=(522)
calls=1 26 
* 8
cob=(3)
cfi=(146)
cfn=(518)
calls=1 27 
* 9
cob=(3)
cfi=(161)
cfn=(514)
calls=1 26 
* 9
cob=(3)
cfi=(160)
cfn=(510)
calls=1 27 
* 9
cob=(3)
cfi=(159)
cfn=(506)
calls=1 26 
* 9
cob=(3)
cfi=(156)
cfn=(502)
calls=1 27 
* 8
cob=(3)
cfi=(158)
cfn=(500)
calls=1 49 
* 6
cob=(3)
cfi=(157)
cfn=(496)
calls=1 26 
* 9
cob=(3)
cfi=(156)
cfn=(492)
calls=1 35 
* 8
cob=(3)
cfi=(155)
cfn=(488)
calls=1 27 
* 9
cob=(3)
cfi=(154)
cfn=(484)
calls=1 26 
* 9
cob=(3)
cfi=(153)
cfn=(480)
calls=1 27 
* 9
cob=(3)
cfi=(151)
cfn=(476)
calls=1 27 
* 8
cob=(3)
cfi=(150)
cfn=(472)
calls=1 30 
* 9
cob=(3)
cfi=(149)
cfn=(468)
calls=1 26 
* 9
cob=(3)
cfi=(148)
cfn=(464)
calls=1 27 
* 9
cob=(3)
cfi=(147)
cfn=(460)
calls=1 27 
* 9
cob=(3)
cfi=(146)
cfn=(456)
calls=1 34 
* 9
cob=(3)
cfi=(145)
cfn=(452)
calls=1 27 
* 9
cob=(3)
cfi=(143)
cfn=(448)
calls=1 27 
* 9
cob=(3)
cfi=(141)
cfn=(444)
calls=1 26 
* 9
cob=(2)
cfi=(139)
cfn=(436)
calls=1 31 
* 21
cob=(2)
cfi=(138)
cfn=(432)
calls=1 33 
* 22
cob=(2)
cfi=(137)
cfn=(428)
calls=1 31 
* 18
cob=(2)
cfi=(136)
cfn=(426)
calls=1 29 
* 7
cob=(2)
cfi=(134)
cfn=(422)
calls=1 29 
* 23
cob=(2)
cfi=(133)
cfn=(418)
calls=1 29 
* 22
cob=(2)
cfi=(132)
cfn=(414)
calls=1 33 
* 17
cob=(2)
cfi=(131)
cfn=(410)
calls=1 29 
* 22
cob=(2)
cfi=(129)
cfn=(406)
calls=1 29 
* 24
cob=(2)
cfi=(128)
cfn=(402)
calls=1 29 
* 19
cob=(2)
cfi=(127)
cfn=(398)
calls=1 29 
* 25
cob=(2)
cfi=(100)
cfn=(394)
calls=1 31 
* 18
cob=(2)
cfi=(126)
cfn=(390)
calls=1 31 
* 21
cob=(2)
cfi=(125)
cfn=(386)
calls=1 29 
* 17
cob=(2)
cfi=(123)
cfn=(382)
calls=2 31 
* 20
cob=(2)
cfi=(121)
cfn=(378)
calls=1 29 
* 24
cob=(2)
cfi=(120)
cfn=(374)
calls=1 31 
* 25
cob=(2)
cfi=(119)
cfn=(370)
calls=1 31 
* 21
cob=(2)
cfi=(117)
cfn=(366)
calls=1 29 
* 17
cob=(2)
cfi=(116)
cfn=(364)
calls=1 60 
* 16
cob=(2)
cfi=(115)
cfn=(362)
calls=1 29 
* 7
cob=(2)
cfi=(113)
cfn=(358)
calls=1 31 
* 21
cob=(2)
cfi=(112)
cfn=(356)
calls=1 67 
* 21
cob=(2)
cfi=(110)
cfn=(352)
calls=2 31 
* 46
cob=(2)
cfi=(108)
cfn=(348)
calls=1 31 
* 19
cob=(2)
cfi=(107)
cfn=(344)
calls=1 30 
* 25
cob=(2)
cfi=(106)
cfn=(340)
calls=1 28 
* 25
cob=(2)
cfi=(104)
cfn=(336)
calls=1 29 
* 24
cob=(2)
cfi=(103)
cfn=(334)
calls=1 65 
* 19
cob=(2)
cfi=(100)
cfn=(328)
calls=2 31 
* 50
cob=(2)
cfi=(98)
cfn=(324)
calls=1 29 
* 22
cob=(2)
cfi=(96)
cfn=(320)
calls=1 31 
* 18
cob=(2)
cfi=(95)
cfn=(316)
calls=1 29 
* 25
cob=(2)
cfi=(94)
cfn=(312)
calls=1 29 
* 22
cob=(2)
cfi=(92)
cfn=(308)
calls=1 29 
* 22
cob=(2)
cfi=(91)
cfn=(304)
calls=1 29 
* 19
cob=(2)
cfi=(89)
cfn=(300)
calls=1 29 
* 24
cob=(2)
cfi=(87)
cfn=(296)
calls=1 30 
* 19
cob=(2)
cfi=(86)
cfn=(294)
calls=1 79 
* 19
cob=(2)
cfi=(85)
cfn=(292)
calls=1 29 
* 7
cob=(2)
cfi=(83)
cfn=(288)
calls=2 31 
* 50
cob=(2)
cfi=(81)
cfn=(284)
calls=1 86 
* 28
fi=(5)
165 68
fi=(6)
479 68
fi=(5)
165 145
-14 318
fi=(6)
400 51
+2 68
+4 17
+9 17
-9 34
+9 17
fi=(5)
150 34
fi=(6)
320 106
+3 106
+29 6
+11 2
-9 4
+9 2
fi=(5)
150 4
fi=(6)
346 8
+1 12
fi=(5)
150 8
fi=(6)
287 85
fi=(5)
141 68
+1 68
-1 204
+2 68
fi=(6)
287 340
fe=(77)
175 31984
+3 3554
-1 3554
+19 3554
-18 7108
fi=(6)
295 12
+1 18
+11 12
+7 6
cob=(2)
cfi=(133)
cfn=(418)
calls=1 29 
* 22
cob=(2)
cfi=(86)
cfn=(294)
calls=1 79 
* 19
cob=(2)
cfi=(98)
cfn=(324)
calls=1 29 
* 22
cob=(2)
cfi=(89)
cfn=(300)
calls=1 29 
* 24
cob=(2)
cfi=(121)
cfn=(378)
calls=1 29 
* 24
cob=(2)
cfi=(127)
cfn=(398)
calls=1 29 
* 25
* 24
fe=(77)
-13 9
+55 40
+3 8
-3 8
+3 8
+4 16
+1 32
cfi=(140)
cfn=(440)
calls=8 117 
* 48
* 16
-63 9
fi=(5)
180 7
fe=(77)
+10 2
fi=(5)
73 1
fe=(77)
190 3
fi=(6)
436 7
fi=(5)
182 2
+1 2
-1 1
+3 1
-3 4
+3 2
-3 10
+1 10
-1 5
+3 5
-3 20
+3 10
+8 6
fi=(6)
+74 12
+7 12
+4 12
fe=(77)
170 24
fi=(4)
-30 18
fe=(77)
+31 12
+3 12
+8 12
-8 54
+12 12
-3 6
+1 6
+2 36
+4 24
-4 6
+4 18
cfi=(78)
cfn=(274)
calls=6 772 
* 3990
+3 6
+1 12
-4 6
+4 30
fi=(6)
+93 21
+3 3
-3 9
+3 3
-3 3
+5 6
+25 36
423 6
fi=(5)
196 18
-16 24
+31 7
fe=(77)
-33 3552
-3 10656

fl=(350)
fn=(5246)
24 64
+4 16
+6 8
-2 8
+3 16
+3 6
+1 6
-1 6
+1 12
+3 24
+1 6
cob=(3)
cfi=(183)
cfn=(5424)
calls=1 -43 
* 152
cob=(6)
cfi=(184)
cfn=(5394)
calls=1 -43 
* 42
cob=(7)
cfi=(185)
cfn=(5310)
calls=1 -43 
* 7812
cob=(8)
cfi=(211)
cfn=(5292)
calls=1 -43 
* 152
cob=(5)
cfi=(178)
cfn=(5274)
calls=1 -43 
* 152
cob=(9)
cfi=(212)
cfn=(5248)
calls=1 -43 
* 152
* 1
cob=(6)
cfi=(184)
cfn=(5406)
calls=1 -43 
* 152
-1 28
+5 8
+1 16
+1 12
+1 30
-1 6
cob=(4)
cfi=(175)
cfn=(5440)
calls=1 -49 
* 4
cob=(4)
cfi=(175)
cfn=(5422)
calls=1 -49 
* 4
cob=(4)
cfi=(175)
cfn=(5392)
calls=1 -49 
* 4
cob=(4)
cfi=(175)
cfn=(5308)
calls=1 -49 
* 4
cob=(4)
cfi=(175)
cfn=(5290)
calls=1 -49 
* 4
cob=(4)
cfi=(175)
cfn=(5270)
calls=1 -49 
* 4
+1 12

fl=(63)
fn=(204)
25 1
+2 7
+4 1

fl=(8)
fn=(14)
25 8
+3 8
-3 8
+3 16
+3 24
+1 16
+2 8
-1 8
+3 24
+1 8
+1 16
+7 8
-5 8
-2 8
+3 16
+2 8
+2 16
+5 8

fl=(186)
fn=(646)
71 583
+5 583
+3 583
+2 583
+10 583
+6 583
+1 583
+1 583
+1 583
+1 583
+1 583
+1 583
+4 583
+1 583
+3 583
+1 583
+2 583
+1 583
+1 583
+1 583
+1 583
+1 583
+2 583
+7 583
+1 583
+1 583
cfi=(187)
cfn=(648)
calls=583 -84 
* 467945
+1 583
+5 583
+1 583
+1 583
+2 583
+1 583
+1 583
+1 583
+1 583
+1 583
+1 583
+2 583
+2 583
+4 583
+2 583

fl=(57)
fn=(186)
47 31
+3 62
-3 186
+6 62
+5 186
+2 124
-7 67

fl=(1) ???
fn=(0) 0x000000000001f540
0 2
cfi=(2)
cfn=(2)
calls=1 517 
0 2944456
0 8
cfi=(76)
cfn=(584)
calls=1 331 
0 4
0 10
cfi=(177)
cfn=(588)
calls=1 81 
0 96009
0 3
cob=(9)
cfi=(212)
cfn=(1322)
calls=1 0 
0 148304868

fl=(24)
fn=(260)
68 2
fi=(377) ./elf/../include/list.h
-24 1
fe=(24)
+24 3
fi=(377)
-25 1
fe=(24)
+26 1
+3 1
fi=(377)
-29 1
+1 1
+1 1
+2 1
fe=(24)
+28 4
+1 2
+1 1
+5 2
+5 1
+6 1
-3 1
+3 1
-6 3
+6 1
+12 4
cfi=(11)
cfn=(28)
calls=1 387 
* 24
fi=(75) ./elf/../sysdeps/unix/sysv/linux/rseq-internal.h
-73 3
+8 1
fe=(24)
+81 3
+7 2
+1 3
fi=(75)
-95 7
+3 2
fe=(24)

fn=(68)
53 3
+3 8
+5 1
-5 1
+5 1
+1 1
-6 1
+8 1

fn=(86)
42 182
+2 364

fl=(55)
fn=(182)
30 7
+9 28
+33 7

fl=(43)
fn=(130)
132 25
+1 125
+5 25
+1 25
+3 14
+1 14
+2 5
+1 5
+1 5
+97 9
+1 9
+12 9
+3 9
+1 9
+12 9
+1 9
+13 9
+1 9
+2 9
+3 4
+3 8
+3 4
+1 4
+1 4
+1 4
+1 4
+1 4
+1 4
-6 91
+1 91
+1 91
+1 91
+1 91
+1 91
+1 91
+3 9
+1 9
+1 9
+1 9
+5 9
+34 11
+2 11
+1 11
+39 11
+1 11
+2 11

fl=(29)
fn=(82)
210 38
+1 38
+6 38
+1 38
+2 27
+1 27
+1 27
+2 12
+1 12
+1 12
+2 12
+80 11
+1 11
+2 2
+4 2
+1 2
+1 2
+1 2
+1 2
+4 2
+2 2
+39 9
+1 9
+1 9
+1 9
+1 9
+7 12
+1 12
+1 12
+1 12
+1 12
+1 12
+1 12
+11 15
+1 15
+2 15
+1 15
+1 15
+2 3
+1 3
+1 3
+1 3
+1 3
+1 3
+1 3
+1 3
+1 3
+1 3
+1 3
+1 3
+1 3
+1 3
+1 3

fn=(126)
197 60
+1 60
+1 60
+1 60
+17 60
+1 60
+2 20
+1 20
+1 20
+2 11
+1 11
+1 11
+2 11
+80 40
+1 40
+2 19
+4 19
+1 19
+1 19
+8 19
+39 21
+1 21
+1 21
+1 21
+1 21
+7 3
+1 3
+1 3
+1 3
+1 3
+1 3
+1 3
+11 9
+1 9
+2 9
+1 9
+1 9
+2 6
+1 6
+1 6
+1 6
+1 6
+1 6
+1 6
+1 6
+1 6
+1 6
+1 6
+1 6
+1 6
+1 6
+1 6

totals: 417975000
