# callgrind format
version: 1
creator: callgrind-3.22.0
pid: 946324
cmd:  core/build/bin/comp_zlink_pubsub zlink tcp 64
part: 1


desc: I1 cache: 
desc: D1 cache: 
desc: LL cache: 

desc: Timerange: Basic block 0 - 109113470
desc: Trigger: Program termination

positions: line
events: Ir
summary: 427660838


ob=(4) ???
fl=(178) ???
fn=(4568) 0x00000000048c56f0
0 2
cob=(2) /usr/lib/x86_64-linux-gnu/libc.so.6
cfi=(329) ./socket/../sysdeps/unix/sysv/linux/connect.c
cfn=(4572) connect
calls=1 24 
0 62
cob=(1) /usr/lib/x86_64-linux-gnu/ld-linux-x86-64.so.2
cfi=(193) ./elf/../sysdeps/x86_64/dl-trampoline.h
cfn=(728) _dl_runtime_resolve_xsave
calls=1 71 
0 920
0 5

fn=(3302) 0x00000000048c5f50
0 4
cob=(2)
cfi=(299) ./socket/../sysdeps/unix/syscall-template.S
cfn=(3148) socket
calls=2 120 
0 12
cob=(1)
cfi=(193)
cfn=(728)
calls=1 71 
0 812
0 5

fn=(4064) 0x00000000048c9380
0 12
cob=(9) /usr/lib/x86_64-linux-gnu/libstdc++.so.6.0.33
cfi=(192) ???
cfn=(4068) std::basic_ostream<char, std::char_traits<char> >& std::__ostream_insert<char, std::char_traits<char> >(std::basic_ostream<char, std::char_traits<char> >&, char const*, long)
calls=6 0 
0 8218
cob=(1)
cfi=(193)
cfn=(728)
calls=1 71 
0 1277
0 5

fn=(4110) 0x00000000048c9410
0 8
cob=(9)
cfi=(192)
cfn=(1136) std::locale::~locale()
calls=4 0 
0 48
cob=(1)
cfi=(193)
cfn=(728)
calls=1 71 
0 880
0 5

fn=(764) 0x0000000004cd37a0
0 2
cob=(9)
cfi=(192)
cfn=(768) std::ctype<char>::ctype(unsigned short const*, bool, unsigned long)
calls=1 0 
0 4039
cob=(1)
cfi=(193)
cfn=(728)
calls=1 71 
0 745
0 5

fn=(830) 0x0000000004cd4e30
0 2
cob=(9)
cfi=(192)
cfn=(834) std::__cxx11::moneypunct<char, false>::_M_initialize_moneypunct(__locale_struct*, char const*)
calls=1 0 
0 114
cob=(1)
cfi=(193)
cfn=(728)
calls=1 71 
0 1109
0 5

fn=(866) 0x0000000004cd4a90
0 2
cob=(9)
cfi=(192)
cfn=(870) std::ctype<wchar_t>::_M_initialize_ctype()
calls=1 0 
0 25543
cob=(1)
cfi=(193)
cfn=(728)
calls=1 71 
0 837
0 5

fn=(940) 0x0000000004cd5300
0 2
cob=(9)
cfi=(192)
cfn=(944) std::__timepunct<wchar_t>::_M_initialize_timepunct(__locale_struct*)
calls=1 0 
0 154
cob=(1)
cfi=(193)
cfn=(728)
calls=1 71 
0 1029
0 5

fn=(984) 0x0000000004cd7050
0 2
cob=(9)
cfi=(192)
cfn=(988) std::moneypunct<char, true>::_M_initialize_moneypunct(__locale_struct*, char const*)
calls=1 0 
0 115
cob=(1)
cfi=(193)
cfn=(728)
calls=1 71 
0 1061
0 5

fn=(1050) 0x0000000004cd6280
0 2
cob=(9)
cfi=(192)
cfn=(1054) std::moneypunct<wchar_t, true>::_M_initialize_moneypunct(__locale_struct*, char const*)
calls=1 0 
0 109
cob=(1)
cfi=(193)
cfn=(728)
calls=1 71 
0 1053
0 5

fn=(1200) 0x0000000004cd4cb0
0 2
cob=(2)
cfi=(207) ./stdlib/./stdlib/secure-getenv.c
cfn=(1204) secure_getenv
calls=1 28 
0 797
cob=(1)
cfi=(193)
cfn=(728)
calls=1 71 
0 956
0 5

fn=(1216) 0x0000000004cd4210
0 6452
cob=(2)
cfi=(209) ./malloc/./malloc/malloc.c
cfn=(1220) malloc
calls=3226 3294 
0 276642
cob=(1)
cfi=(193)
cfn=(728)
calls=1 71 
0 901
0 5

fn=(1634) 0x000000000010b700
0 106238
cob=(2)
cfi=(223) ./string/../sysdeps/x86_64/multiarch/memmove-vec-unaligned-erms.S
cfn=(1636) __memcpy_avx_unaligned_erms
calls=53119 255 
0 637480

fn=(1680) 0x00000000048c67d0
0 2
cob=(10) /home/hep7/project/kairos/zlink/core/build/lib/libzlink.so.5.2.5
cfi=(216) ???
cfn=(1684) zlink::initialize_network()
calls=1 0 
0 3
cob=(1)
cfi=(193)
cfn=(728)
calls=1 71 
0 743
0 5

fn=(1774) 0x00000000048ca830
0 2
cob=(10)
cfi=(216)
cfn=(1778) zlink::ctx_inproc_registry_t::ctx_inproc_registry_t()
calls=1 0 
0 122
cob=(1)
cfi=(193)
cfn=(728)
calls=1 71 
0 779
0 5

fn=(1810) 0x00000000048cac00
0 2
cob=(10)
cfi=(216)
cfn=(1814) zlink::seed_random()
calls=1 0 
0 8745
cob=(1)
cfi=(193)
cfn=(728)
calls=1 71 
0 683
0 5

fn=(1866) 0x00000000048c4ec0
0 2
cob=(10)
cfi=(216)
cfn=(1870) zlink_ctx_set_ext(void*, int, void const*, unsigned long)
calls=1 0 
0 1591
cob=(1)
cfi=(193)
cfn=(728)
calls=1 71 
0 707
0 5

fn=(1890) 0x00000000048c3800
0 20
cob=(10)
cfi=(216)
cfn=(1894) zlink::ctx_t::create_socket(int)
calls=10 0 
0 195011
cob=(1)
cfi=(193)
cfn=(728)
calls=1 71 
0 731
0 5

fn=(1950) 0x00000000048c4c40
0 24
cob=(10)
cfi=(216)
cfn=(1954) zlink::object_t::object_t(zlink::ctx_t*, unsigned int)
calls=12 0 
0 84
cob=(1)
cfi=(193)
cfn=(728)
calls=1 71 
0 739
0 5

fn=(1968) 0x00000000048c8760
0 30
cob=(10)
cfi=(216)
cfn=(1972) zlink::clock_t::clock_t()
calls=15 0 
0 1626
cob=(1)
cfi=(193)
cfn=(728)
calls=1 71 
0 683
0 5

fn=(1990) 0x00000000048c8ce0
0 4
cob=(2)
cfi=(243) ./nptl/./nptl/pthread_condattr_setclock.c
cfn=(1994) pthread_condattr_setclock@@GLIBC_2.34
calls=2 28 
0 22
cob=(1)
cfi=(193)
cfn=(728)
calls=1 71 
0 1164
0 5

fn=(2008) 0x00000000048c6fa0
0 28
cob=(10)
cfi=(216)
cfn=(2012) zlink::mailbox_t::set_io_context(boost::asio::io_context*, void (*)(void*), void*, void (*)(void*))
calls=14 0 
0 84
cob=(1)
cfi=(193)
cfn=(728)
calls=1 71 
0 983
0 5

fn=(2132) 0x0000000004f06700
0 12
cob=(1)
cfi=(46) ./elf/../elf/dl-tls.c
cfn=(2134) _dl_allocate_tls
calls=6 626 
0 4846

fn=(2170) 0x00000000048c7570
0 2
cob=(10)
cfi=(216)
cfn=(2174) zlink::service_control_runtime_t::start()
calls=1 0 
0 2635
cob=(1)
cfi=(193)
cfn=(728)
calls=1 71 
0 817
0 5

fn=(2184) 0x00000000048c3f10
0 2
cob=(10)
cfi=(216)
cfn=(2188) zlink::ctx_runtime_resources_t::start_io_threads_locked(zlink::ctx_t&, zlink::ctx_socket_registry_t&, int)
calls=1 0 
0 10282
cob=(1)
cfi=(193)
cfn=(728)
calls=1 71 
0 1145
0 5

fn=(2202) 0x00000000048ca430
0 2
cob=(10)
cfi=(216)
cfn=(2206) zlink::ctx_io_thread_registry_t::add(zlink::io_thread_t*)
calls=1 0 
0 269
cob=(1)
cfi=(193)
cfn=(728)
calls=1 71 
0 933
0 5

fn=(2242) 0x00000000048c41d0
0 2
cob=(10)
cfi=(216)
cfn=(2246) zlink::pub_t::pub_t(zlink::ctx_t*, unsigned int, int)
calls=1 0 
0 14874
cob=(1)
cfi=(193)
cfn=(728)
calls=1 71 
0 733
0 5

fn=(2532) 0x00000000048c4180
0 14
cob=(2)
cfi=(223)
cfn=(1636)
calls=7 255 
0 84
cob=(1)
cfi=(193)
cfn=(728)
calls=1 71 
0 889
0 5

fn=(2600) 0x00000000048c84e0
0 156
cob=(10)
cfi=(216)
cfn=(2604) zlink::socket_lifecycle_coordinator_t::unlock_public_api_sync()
calls=78 0 
0 312
cob=(1)
cfi=(193)
cfn=(728)
calls=1 71 
0 957
0 5

fn=(2618) 0x00000000048c6ca0
0 4
cob=(10)
cfi=(216)
cfn=(2622) zlink::options_getsockopt_core_socket(zlink::options_t const*, int, void*, unsigned long*, bool, int*)
calls=2 0 
0 28
cob=(1)
cfi=(193)
cfn=(728)
calls=1 71 
0 941
0 5

fn=(2660) 0x000000000010b900
0 44
cob=(10)
cfi=(216)
cfn=(2662) zlink_set_option
calls=22 0 
0 19222

fn=(2794) 0x00000000048c7d60
0 6
cob=(10)
cfi=(216)
cfn=(2798) zlink::xsub_t::refresh_delivery_ready_state(zlink::endpoint_uri_pair_t const&)
calls=3 0 
0 10733
cob=(1)
cfi=(193)
cfn=(728)
calls=1 71 
0 989
0 5

fn=(2800) 0x00000000048c6750
0 6
cob=(10)
cfi=(216)
cfn=(2804) zlink::xsub_t::compute_delivery_ready_count() const
calls=3 0 
0 2170
cob=(1)
cfi=(193)
cfn=(728)
calls=1 71 
0 857
0 5

fn=(2890) 0x00000000048c9e70
0 162
cob=(2)
cfi=(205) ./string/../sysdeps/x86_64/multiarch/memcmp-avx2-movbe.S
cfn=(908) __memcmp_avx2_movbe
calls=81 73 
0 1522
cob=(1)
cfi=(193)
cfn=(728)
calls=1 71 
0 848
0 5

fn=(2936) 0x00000000048c95f0
0 8
cob=(10)
cfi=(216)
cfn=(2940) zlink::own_t::own_t(zlink::io_thread_t*, zlink::options_t const&)
calls=4 0 
0 2882
cob=(1)
cfi=(193)
cfn=(728)
calls=1 71 
0 873
0 5

fn=(2942) 0x00000000048c9bb0
0 32
cob=(10)
cfi=(216)
cfn=(2946) zlink::object_t::object_t(zlink::object_t*)
calls=16 0 
0 144
cob=(1)
cfi=(193)
cfn=(728)
calls=1 71 
0 729
0 5

fn=(2964) 0x00000000048c4ae0
0 12
cob=(10)
cfi=(216)
cfn=(2968) zlink::io_thread_t::get_poller() const
calls=6 0 
0 30
cob=(1)
cfi=(193)
cfn=(728)
calls=1 71 
0 769
0 5

fn=(2978) 0x00000000048c8380
0 34
cob=(2)
cfi=(208) ./string/../sysdeps/x86_64/multiarch/strcmp-avx2.S
cfn=(2982) __strcmp_avx2
calls=17 206 
0 449
cob=(1)
cfi=(193)
cfn=(728)
calls=1 71 
0 851
0 5

fn=(2994) 0x00000000048c6350
0 2
cob=(2)
cfi=(231) ./misc/../sysdeps/unix/syscall-template.S
cfn=(2998) epoll_create1
calls=1 120 
0 6
cob=(1)
cfi=(193)
cfn=(728)
calls=1 71 
0 816
0 5

fn=(3050) 0x00000000048c8ec0
0 10
cob=(2)
cfi=(184) ./string/../sysdeps/x86_64/multiarch/strrchr-avx2.S
cfn=(614) __strrchr_avx2
calls=5 53 
0 106
cob=(1)
cfi=(193)
cfn=(728)
calls=1 71 
0 890
0 5

fn=(3066) 0x00000000048ca850
0 4
cob=(10)
cfi=(216)
cfn=(3070) zlink::ip_resolver_options_t::allow_dns(bool)
calls=2 0 
0 8
cob=(1)
cfi=(193)
cfn=(728)
calls=1 71 
0 809
0 5

fn=(3090) 0x00000000048c9f60
0 4
cob=(10)
cfi=(216)
cfn=(3094) zlink::ip_resolver_t::ip_resolver_t(zlink::ip_resolver_options_t)
calls=2 0 
0 18
cob=(1)
cfi=(193)
cfn=(728)
calls=1 71 
0 885
0 5

fn=(3102) 0x00000000048c7f60
0 4
cob=(10)
cfi=(216)
cfn=(3106) zlink::ip_resolver_options_t::expect_port()
calls=2 0 
0 6
cob=(1)
cfi=(193)
cfn=(728)
calls=1 71 
0 837
0 5

fn=(3138) 0x00000000048c8f90
0 2
cob=(2)
cfi=(298) ./inet/../sysdeps/unix/sysv/linux/ifaddrs.c
cfn=(3142) getifaddrs
calls=1 827 
0 10089
cob=(1)
cfi=(193)
cfn=(728)
calls=1 71 
0 851
0 5

fn=(3184) 0x0000000004cd6490
0 216
cob=(2)
cfi=(290) ./nptl/./nptl/pthread_cond_wait.c
cfn=(3188) pthread_cond_wait@@GLIBC_2.3.2
calls=108 625 
0 30132
cob=(1)
cfi=(193)
cfn=(728)
calls=1 71 
0 883
0 5

fn=(3208) 0x0000000004f066f0
0 42
cob=(2)
cfi=(223)
cfn=(3210) __memcpy_chk_avx_unaligned_erms
calls=21 249 
0 778

fn=(6678) 0x00000000048c4780
0 2
cob=(9)
cfi=(192)
cfn=(6682) std::__detail::_List_node_base::_M_hook(std::__detail::_List_node_base*)
calls=1 0 
0 9
cob=(1)
cfi=(193)
cfn=(728)
calls=1 71 
0 1081
0 5

fn=(3338) 0x00000000048c8f00
0 6
cob=(10)
cfi=(216)
cfn=(3342) zlink::asio_tcp_listener_t::get_socket_name[abi:cxx11](int, zlink::socket_end_t) const
calls=3 0 
0 15207
cob=(1)
cfi=(193)
cfn=(728)
calls=1 71 
0 997
0 5

fn=(3368) 0x00000000048c7ee0
0 8
cob=(10)
cfi=(216)
cfn=(3372) zlink::tcp_address_t::addrlen() const
calls=4 0 
0 846
cob=(1)
cfi=(193)
cfn=(728)
calls=1 71 
0 765
0 5

fn=(3374) 0x00000000048c9c40
0 8
cob=(10)
cfi=(216)
cfn=(3378) zlink::ip_addr_t::sockaddr_len() const
calls=4 0 
0 56
cob=(1)
cfi=(193)
cfn=(728)
calls=1 71 
0 769
0 5

fn=(3446) 0x00000000048c6d80
0 4
cob=(10)
cfi=(216)
cfn=(3450) zlink::socket_endpoint_runtime_t::last_endpoint_uri[abi:cxx11]() const
calls=2 0 
0 6
cob=(1)
cfi=(193)
cfn=(728)
calls=1 71 
0 937
0 5

fn=(3464) 0x00000000048c4f70
0 8
cob=(10)
cfi=(216)
cfn=(3468) zlink::own_t::set_owner(zlink::own_t*)
calls=4 0 
0 68
cob=(1)
cfi=(193)
cfn=(728)
calls=1 71 
0 733
0 5

fn=(3476) 0x00000000048c5380
0 30
cob=(10)
cfi=(216)
cfn=(3480) zlink::own_t::inc_seqnum()
calls=15 0 
0 45
cob=(1)
cfi=(193)
cfn=(728)
calls=1 71 
0 721
0 5

fn=(3482) 0x00000000048c7770
0 2192
cob=(10)
cfi=(216)
cfn=(3486) zlink::object_t::send_command(zlink::command_t const&)
calls=1096 0 
0 509882
cob=(1)
cfi=(193)
cfn=(728)
calls=1 71 
0 849
0 5

fn=(3494) 0x00000000048c3b10
0 2210
cob=(10)
cfi=(216)
cfn=(3498) zlink::ctx_socket_registry_t::mailbox(unsigned int) const
calls=1105 0 
0 13260
cob=(1)
cfi=(193)
cfn=(728)
calls=1 71 
0 805
0 5

fn=(3508) 0x00000000048c74c0
0 8
cob=(10)
cfi=(216)
cfn=(3512) zlink::object_t::send_own(zlink::own_t*, zlink::own_t*)
calls=4 0 
0 1226
cob=(1)
cfi=(193)
cfn=(728)
calls=1 71 
0 797
0 5

fn=(3514) 0x00000000048c9c70
0 68
cob=(9)
cfi=(192)
cfn=(3518) std::_Rb_tree_insert_and_rebalance(bool, std::_Rb_tree_node_base*, std::_Rb_tree_node_base*, std::_Rb_tree_node_base&)
calls=34 0 
0 597
cob=(1)
cfi=(193)
cfn=(728)
calls=1 71 
0 1200
0 5

fn=(3540) 0x0000000004cd7150
0 38
cob=(9)
cfi=(192)
cfn=(3544) std::__cxx11::basic_string<char, std::char_traits<char>, std::allocator<char> >::_M_mutate(unsigned long, unsigned long, char const*, unsigned long)
calls=19 0 
0 3452
cob=(1)
cfi=(193)
cfn=(728)
calls=1 71 
0 1062
0 5

fn=(3584) 0x00000000048c4290
0 18
cob=(10)
cfi=(216)
cfn=(3588) zlink::object_t::get_ctx() const
calls=9 0 
0 27
cob=(1)
cfi=(193)
cfn=(728)
calls=1 71 
0 721
0 5

fn=(3604) 0x00000000048ca200
0 8
cob=(10)
cfi=(216)
cfn=(2832) zlink_bind
calls=4 0 
0 28945
cob=(1)
cfi=(193)
cfn=(728)
calls=1 71 
0 629
0 5

fn=(3642) 0x00000000048ca6d0
0 8
cob=(10)
cfi=(216)
cfn=(3646) zlink::ctx_t::connect_pending(char const*, zlink::socket_base_t*)
calls=4 0 
0 4532
cob=(1)
cfi=(193)
cfn=(728)
calls=1 71 
0 905
0 5

fn=(3670) 0x00000000048caac0
0 8
cob=(10)
cfi=(216)
cfn=(3674) zlink_connect
calls=4 0 
0 68104
cob=(1)
cfi=(193)
cfn=(728)
calls=1 71 
0 649
0 5

fn=(3694) 0x00000000048c8ac0
0 8
cob=(10)
cfi=(216)
cfn=(3698) zlink::ctx_t::find_endpoint(char const*)
calls=4 0 
0 6763
cob=(1)
cfi=(193)
cfn=(728)
calls=1 71 
0 749
0 5

fn=(3718) 0x00000000048ca130
0 56
cob=(10)
cfi=(216)
cfn=(3722) zlink::pipe_t::compute_lwm(int)
calls=28 0 
0 196
cob=(1)
cfi=(193)
cfn=(728)
calls=1 71 
0 757
0 5

fn=(3820) 0x00000000048c5930
0 24
cob=(10)
cfi=(216)
cfn=(3824) zlink::pipe_t::set_event_sink(zlink::i_pipe_events*)
calls=12 0 
0 204
cob=(1)
cfi=(193)
cfn=(728)
calls=1 71 
0 865
0 5

fn=(3854) 0x00000000048c7820
0 8
cob=(10)
cfi=(216)
cfn=(3858) set_monitor_handler_state(zlink::socket_base_t*, void (*)(zlink_monitor_event_t const*, void*), void (*)(zlink_service_event_t const*, void*), bool, int (*)(void*, zlink_monitor_snapshot_t*), void*, void*, void*)
calls=4 0 
0 3227
cob=(1)
cfi=(193)
cfn=(728)
calls=1 71 
0 1521
0 5

fn=(3940) 0x00000000048c5880
0 2
cob=(10)
cfi=(216)
cfn=(3944) zlink::trie_t::apply(void (*)(unsigned char*, unsigned long, void*), void*)
calls=1 0 
0 5590
cob=(1)
cfi=(193)
cfn=(728)
calls=1 71 
0 773
0 5

fn=(3980) 0x00000000048c3c90
0 4
cob=(2)
cfi=(209)
cfn=(3984) realloc
calls=2 3407 
0 532
cob=(1)
cfi=(193)
cfn=(728)
calls=1 71 
0 862
0 5

fn=(4012) 0x00000000048c7c90
0 4
cob=(10)
cfi=(216)
cfn=(4016) zlink::socket_monitor_runtime_t::enqueue_worker_event(zlink::socket_monitor_event_record_t const&, unsigned long)
calls=2 0 
0 3809
cob=(1)
cfi=(193)
cfn=(728)
calls=1 71 
0 1121
0 5

fn=(4206) 0x00000000048c5020
0 202
cob=(2)
cfi=(326) ./io/../sysdeps/unix/sysv/linux/poll.c
cfn=(4210) poll
calls=101 27 
0 5757
cob=(1)
cfi=(193)
cfn=(728)
calls=1 71 
0 852
0 5

fn=(4262) 0x00000000048c3d60
0 2208
cob=(10)
cfi=(216)
cfn=(4266) zlink::object_t::process_command(zlink::command_t const&)
calls=1104 0 
0 105181757
cob=(1)
cfi=(193)
cfn=(728)
calls=1 71 
0 857
0 5

fn=(4288) 0x00000000048c9450
0 4
cob=(10)
cfi=(216)
cfn=(4292) zlink::socket_base_t::dispatch_monitor_event(void*, zlink::socket_monitor_event_record_t const&) const
calls=2 0 
0 16796
cob=(1)
cfi=(193)
cfn=(728)
calls=1 71 
0 1089
0 5

fn=(4294) 0x00000000048ca390
0 4
cob=(10)
cfi=(216)
cfn=(4298) zlink_msg_init_size
calls=2 0 
0 480
cob=(1)
cfi=(193)
cfn=(728)
calls=1 71 
0 661
0 5

fn=(4402) 0x00000000048c83c0
0 6
cob=(2)
cfi=(328) ./socket/../sysdeps/unix/sysv/linux/accept.c
cfn=(4406) accept
calls=3 24 
0 181
cob=(1)
cfi=(193)
cfn=(728)
calls=1 71 
0 872
0 5

fn=(4440) 0x00000000048c49c0
0 4
cob=(10)
cfi=(216)
cfn=(4444) require_monitor_recv_model(void*, bool)
calls=2 0 
0 1237
cob=(1)
cfi=(193)
cfn=(728)
calls=1 71 
0 745
0 5

fn=(4446) 0x00000000048c3e80
0 58
cob=(10)
cfi=(216)
cfn=(4450) find_monitor_handler_state(zlink::socket_base_t*)
calls=29 0 
0 4154
cob=(1)
cfi=(193)
cfn=(728)
calls=1 71 
0 869
0 5

fn=(4464) 0x00000000048c9100
0 4
cob=(10)
cfi=(216)
cfn=(4468) zlink::recv_msg_internal(void*, zlink_msg_t*, int)
calls=2 0 
0 5902
cob=(1)
cfi=(193)
cfn=(728)
calls=1 71 
0 821
0 5

fn=(4504) 0x00000000048c4450
0 4
cob=(10)
cfi=(216)
cfn=(4508) zlink::socket_base_t::extract_flags(zlink::msg_t const*)
calls=2 0 
0 36
cob=(1)
cfi=(193)
cfn=(728)
calls=1 71 
0 865
0 5

fn=(4560) 0x00000000048c3dc0
0 2
cob=(10)
cfi=(216)
cfn=(4564) zlink::tcp_address_t::has_src_addr() const
calls=1 0 
0 3
cob=(1)
cfi=(193)
cfn=(728)
calls=1 71 
0 793
0 5

fn=(4636) 0x00000000048c8880
0 2
cob=(10)
cfi=(216)
cfn=(4640) zlink::set_nosigpipe(int)
calls=1 0 
0 3
cob=(1)
cfi=(193)
cfn=(728)
calls=1 71 
0 709
0 5

fn=(4716) 0x00000000048c8960
0 4
cob=(10)
cfi=(216)
cfn=(4720) zlink::asio_zmp_engine_t::init_zmp_engine()
calls=2 0 
0 300
cob=(1)
cfi=(193)
cfn=(728)
calls=1 71 
0 829
0 5

fn=(4770) 0x00000000048c8a80
0 2
cob=(2)
cfi=(330) ./misc/../sysdeps/unix/sysv/linux/timerfd_settime.c
cfn=(4774) timerfd_settime
calls=1 28 
0 7
cob=(1)
cfi=(193)
cfn=(728)
calls=1 71 
0 932
0 5

fn=(4928) 0x00000000048c6c40
0 28
cob=(10)
cfi=(216)
cfn=(4932) zlink::own_t::process_term(int)
calls=14 0 
0 13495
cob=(1)
cfi=(193)
cfn=(728)
calls=1 71 
0 733
0 5

fn=(4992) 0x00000000048c6560
0 1134
cob=(10)
cfi=(216)
cfn=(4996) zlink::asio_engine_t::process_input()
calls=567 0 
0 105245159
cob=(1)
cfi=(193)
cfn=(728)
calls=1 71 
0 825
0 5

fn=(5196) 0x00000000048c3a40
0 1134
cob=(10)
cfi=(216)
cfn=(5200) zlink::session_base_t::flush()
calls=567 0 
0 438725
cob=(1)
cfi=(193)
cfn=(728)
calls=1 71 
0 745
0 5

fn=(5202) 0x00000000048c81d0
0 1134
cob=(10)
cfi=(216)
cfn=(5206) zlink::asio_engine_t::maybe_drain_stream_reads()
calls=567 0 
0 900032
cob=(1)
cfi=(193)
cfn=(728)
calls=1 71 
0 881
0 5

fn=(5324) 0x00000000048c4e50
0 4
cob=(10)
cfi=(216)
cfn=(5328) zlink::xpub_t::refresh_delivery_ready_state(zlink::endpoint_uri_pair_t const&)
calls=2 0 
0 5887
cob=(1)
cfi=(193)
cfn=(728)
calls=1 71 
0 997
0 5

fn=(5330) 0x00000000048c7d10
0 4
cob=(10)
cfi=(216)
cfn=(5334) zlink::xpub_t::compute_delivery_ready_count() const
calls=2 0 
0 2726
cob=(1)
cfi=(193)
cfn=(728)
calls=1 71 
0 849
0 5

fn=(5592) 0x00000000048c7280
0 20
cob=(10)
cfi=(216)
cfn=(5596) zlink::socket_lifecycle_coordinator_t::reaper_poller() const
calls=10 0 
0 30
cob=(1)
cfi=(193)
cfn=(728)
calls=1 71 
0 909
0 5

fn=(5606) 0x00000000048c3e70
0 1170
cob=(10)
cfi=(216)
cfn=(5610) zlink::socket_lifecycle_coordinator_t::inc_mailbox_ref()
calls=585 0 
0 1755
cob=(1)
cfi=(193)
cfn=(728)
calls=1 71 
0 913
0 5

fn=(5614) 0x00000000048c5510
0 20
cob=(10)
cfi=(216)
cfn=(5618) zlink::object_t::unregister_endpoints(zlink::socket_base_t*)
calls=10 0 
0 4924
cob=(1)
cfi=(193)
cfn=(728)
calls=1 71 
0 913
0 5

fn=(5632) 0x00000000048c7730
0 16
cob=(10)
cfi=(216)
cfn=(5636) zlink::pipe_t::send_disconnect_msg()
calls=8 0 
0 1597
cob=(1)
cfi=(193)
cfn=(728)
calls=1 71 
0 797
0 5

fn=(5686) 0x00000000048c8e70
0 24
cob=(10)
cfi=(216)
cfn=(5690) zlink::object_t::send_pipe_term_ack(zlink::pipe_t*)
calls=12 0 
0 5457
cob=(1)
cfi=(193)
cfn=(728)
calls=1 71 
0 853
0 5

fn=(5752) 0x00000000048c4b20
0 24
cob=(10)
cfi=(216)
cfn=(5756) zlink::pipe_t::~pipe_t()
calls=12 0 
0 5051
cob=(1)
cfi=(193)
cfn=(728)
calls=1 71 
0 665
0 5

fn=(5854) 0x00000000048c7600
0 48
cob=(9)
cfi=(192)
cfn=(5858) std::condition_variable::~condition_variable()
calls=24 0 
0 1701
cob=(1)
cfi=(193)
cfn=(728)
calls=1 71 
0 937
0 5

fn=(5860) 0x0000000004cd3620
0 50
cob=(2)
cfi=(347) ./nptl/./nptl/pthread_cond_destroy.c
cfn=(5864) pthread_cond_destroy@@GLIBC_2.3.2
calls=25 42 
0 500
cob=(1)
cfi=(193)
cfn=(728)
calls=1 71 
0 1120
0 5

fn=(5912) 0x00000000048c9910
0 6
cob=(10)
cfi=(216)
cfn=(5916) as_spot_pub_side_handle(void*)
calls=3 0 
0 808
cob=(1)
cfi=(193)
cfn=(728)
calls=1 71 
0 765
0 5

fn=(5954) 0x00000000048ca140
0 6
cob=(10)
cfi=(216)
cfn=(5958) zlink::spot_node_access_t::from_handle(void*)
calls=3 0 
0 840
cob=(1)
cfi=(193)
cfn=(728)
calls=1 71 
0 841
0 5

fn=(5988) 0x00000000048c8e80
0 2
cob=(10)
cfi=(216)
cfn=(5992) zlink_recv_spot_handler(void*, void (*)(zlink_routing_id_t const*, char const*, unsigned long, zlink_msg_t*, unsigned long, void*), void*)
calls=1 0 
0 5901
cob=(1)
cfi=(193)
cfn=(728)
calls=1 71 
0 1029
0 5

fn=(6040) 0x000000000010bd00
0 106214
cob=(10)
cfi=(216)
cfn=(4298)
calls=53107 0 
0 11177657

fn=(6156) 0x00000000048c36d0
0 54
cob=(10)
cfi=(216)
cfn=(6160) zlink::asio_engine_t::speculative_write()
calls=27 0 
0 3125084
cob=(1)
cfi=(193)
cfn=(728)
calls=1 71 
0 817
0 5

fn=(6204) 0x00000000048c3830
0 1130
cob=(10)
cfi=(216)
cfn=(6208) zlink::shared_message_memory_allocator::release()
calls=565 0 
0 9325
cob=(1)
cfi=(193)
cfn=(728)
calls=1 71 
0 857
0 5

fn=(6232) 0x00000000048c6900
0 106214
cob=(10)
cfi=(216)
cfn=(6236) zlink::trie_t::check(unsigned char const*, unsigned long) const
calls=53107 0 
0 371749
cob=(1)
cfi=(193)
cfn=(728)
calls=1 71 
0 721
0 5

fn=(6344) 0x00000000048c6800
0 106214
cob=(10)
cfi=(216)
cfn=(6348) zlink::xsub_t::notify_dispatch_stopped()
calls=53107 0 
0 6054198
cob=(1)
cfi=(193)
cfn=(728)
calls=1 71 
0 805
0 5

fn=(6384) 0x00000000048c4210
0 26
cob=(10)
cfi=(216)
cfn=(6388) zlink::pipe_t::get_msgs_written() const
calls=13 0 
0 39
cob=(1)
cfi=(193)
cfn=(728)
calls=1 71 
0 769
0 5

fn=(6546) 0x000000000010b920
0 16
cob=(9)
cfi=(192)
cfn=(6548) std::ostream::flush()
calls=8 0 
0 3224

fn=(6568) 0x000000000010bd20
0 4
cob=(10)
cfi=(216)
cfn=(5388) zlink_close
calls=2 0 
0 5491

fn=(6600) 0x00000000048c8110
0 4
cob=(10)
cfi=(216)
cfn=(6604) zlink::ctx_termination_t::begin_shutdown_locked(zlink::ctx_t&, bool)
calls=2 0 
0 2622
cob=(1)
cfi=(193)
cfn=(728)
calls=1 71 
0 929
0 5

fn=(6616) 0x00000000048c6460
0 2
cob=(10)
cfi=(216)
cfn=(6620) zlink::ctx_t::terminate()
calls=1 0 
0 28994
cob=(1)
cfi=(193)
cfn=(728)
calls=1 71 
0 709
0 5

fn=(6920) 0x00000000048c6f80
0 2
cob=(10)
cfi=(216)
cfn=(6924) zlink::io_thread_t::~io_thread_t()
calls=1 0 
0 8708
cob=(1)
cfi=(193)
cfn=(728)
calls=1 71 
0 709
0 5

fn=(7042) 0x00000000001177ec
0 4

fn=(7070) 0x00000000048c3670
0 2
cob=(2)
cfi=(373) ./stdlib/./stdlib/cxa_finalize.c
cfn=(7028) __cxa_finalize
calls=1 30 
0 820

fn=(7198) 0x000000000510ff60
0 2
cob=(2)
cfi=(373)
cfn=(7028)
calls=1 30 
0 202

fn=(3276) 0x00000000048c7390
0 4
cob=(2)
cfi=(310) ./nss/./nss/getaddrinfo.c
cfn=(3280) freeaddrinfo
calls=2 2620 
0 236
cob=(1)
cfi=(193)
cfn=(728)
calls=1 71 
0 849
0 5

fn=(4056) 0x00000000048c5630
0 12
cob=(9)
cfi=(192)
cfn=(1118) std::basic_ios<char, std::char_traits<char> >::init(std::basic_streambuf<char, std::char_traits<char> >*)
calls=6 0 
0 1182
cob=(1)
cfi=(193)
cfn=(728)
calls=1 71 
0 1258
0 5

fn=(4106) 0x00000000048c6300
0 12
cob=(9)
cfi=(192)
cfn=(3538) std::__cxx11::basic_string<char, std::char_traits<char>, std::allocator<char> >::_M_replace(unsigned long, unsigned long, char const*, unsigned long)
calls=6 0 
0 874
cob=(1)
cfi=(193)
cfn=(728)
calls=1 71 
0 1229
0 5

fn=(860) 0x0000000004cd3b70
0 2
cob=(9)
cfi=(192)
cfn=(864) std::ctype<wchar_t>::ctype(unsigned long)
calls=1 0 
0 26433
cob=(1)
cfi=(193)
cfn=(728)
calls=1 71 
0 729
0 5

fn=(906) 0x0000000004f06580
0 98
cob=(2)
cfi=(205)
cfn=(908)
calls=49 73 
0 1048

fn=(922) 0x0000000004cd5d70
0 2
cob=(9)
cfi=(192)
cfn=(926) std::__cxx11::moneypunct<wchar_t, false>::_M_initialize_moneypunct(__locale_struct*, char const*)
calls=1 0 
0 109
cob=(1)
cfi=(193)
cfn=(728)
calls=1 71 
0 1125
0 5

fn=(1120) 0x0000000004cd6780
0 36
cob=(9)
cfi=(192)
cfn=(1124) std::ios_base::_M_init()
calls=18 0 
0 3418
cob=(1)
cfi=(193)
cfn=(728)
calls=1 71 
0 765
0 5

fn=(1132) 0x0000000004cd5ea0
0 44
cob=(9)
cfi=(192)
cfn=(1136)
calls=22 0 
0 264
cob=(1)
cfi=(193)
cfn=(728)
calls=1 71 
0 749
0 5

fn=(1626) 0x000000000010b730
0 18
cob=(9)
cfi=(192)
cfn=(1438) operator new(unsigned long)
calls=9 0 
0 81744

fn=(1638) 0x0000000004f067b0
0 2
cob=(1)
cfi=(48) ./elf/./elf/dl-audit.c
cfn=(1640) _dl_audit_preinit
calls=1 118 
0 5

fn=(1696) 0x00000000048c44d0
0 2
cob=(10)
cfi=(216)
cfn=(1700) zlink::ctx_t::ctx_t()
calls=1 0 
0 24723
cob=(1)
cfi=(193)
cfn=(728)
calls=1 71 
0 663
0 5

fn=(1748) 0x00000000048ca9a0
0 28
cob=(2)
cfi=(231)
cfn=(1752) eventfd
calls=14 120 
0 84
cob=(1)
cfi=(193)
cfn=(728)
calls=1 71 
0 806
0 5

fn=(1828) 0x00000000048ca6c0
0 2
cob=(2)
cfi=(237) ./stdlib/./stdlib/random.c
cfn=(1832) srand
calls=1 209 
0 6232
cob=(1)
cfi=(193)
cfn=(728)
calls=1 71 
0 848
0 5

fn=(1838) 0x00000000048c4ab0
0 766852
cob=(2)
cfi=(239) ./nptl/./nptl/pthread_mutex_unlock.c
cfn=(1842) pthread_mutex_unlock@@GLIBC_2.2.5
calls=383426 367 
0 10014271
cob=(1)
cfi=(193)
cfn=(728)
calls=1 71 
0 926
0 5

fn=(2230) 0x00000000048c5230
0 20
cob=(10)
cfi=(216)
cfn=(2234) zlink::ctx_socket_registry_t::claim_socket_slot()
calls=10 0 
0 70
cob=(1)
cfi=(193)
cfn=(728)
calls=1 71 
0 865
0 5

fn=(2236) 0x00000000048c5cc0
0 20
cob=(10)
cfi=(216)
cfn=(2240) zlink::socket_base_t::create(int, zlink::ctx_t*, unsigned int, int)
calls=10 0 
0 58721
cob=(1)
cfi=(193)
cfn=(728)
calls=1 71 
0 829
0 5

fn=(2260) 0x00000000048c8650
0 20
cob=(10)
cfi=(216)
cfn=(2264) zlink::own_t::own_t(zlink::ctx_t*, unsigned int)
calls=10 0 
0 1976
cob=(1)
cfi=(193)
cfn=(728)
calls=1 71 
0 741
0 5

fn=(1384) 0x00000000048bc000
0 7

fn=(694) 0x000000000510e000
0 7

fn=(636) 0x000000000524fe10
0 2
cob=(2)
cfi=(188) ./stdlib/./stdlib/getenv.c
cfn=(638) getenv
calls=1 24 
0 461

fn=(2382) 0x00000000048c7620
0 98
cob=(10)
cfi=(216)
cfn=(2386) zlink::poller_base_t::execute_timers()
calls=49 0 
0 245
cob=(1)
cfi=(193)
cfn=(728)
calls=1 71 
0 805
0 5

fn=(2416) 0x00000000048c5e50
0 1500
cob=(10)
cfi=(216)
cfn=(2420) zlink::mailbox_t::reschedule_if_needed()
calls=750 0 
0 111750
cob=(1)
cfi=(193)
cfn=(728)
calls=1 71 
0 805
0 5

fn=(2456) 0x0000000004cd3c30
0 268972
cob=(2)
cfi=(236) ./time/../sysdeps/unix/sysv/linux/clock_gettime.c
cfn=(1826) clock_gettime@@GLIBC_2.17
calls=134486 30 
0 1479346
cob=(1)
cfi=(193)
cfn=(728)
calls=1 71 
0 870
0 5

fn=(2502) 0x00000000048c3df0
0 20
cob=(10)
cfi=(216)
cfn=(2506) zlink::socket_base_t::get_mailbox() const
calls=10 0 
0 30
cob=(1)
cfi=(193)
cfn=(728)
calls=1 71 
0 785
0 5

fn=(2612) 0x00000000048c67f0
0 72
cob=(10)
cfi=(216)
cfn=(2616) zlink::option_owner_of(int)
calls=36 0 
0 610
cob=(1)
cfi=(193)
cfn=(728)
calls=1 71 
0 721
0 5

fn=(2706) 0x00000000048c59a0
0 106384
cob=(2)
cfi=(189) ./string/../sysdeps/x86_64/multiarch/strlen-avx2.S
cfn=(642) __strlen_avx2
calls=53192 52 
0 745008
cob=(1)
cfi=(193)
cfn=(728)
calls=1 71 
0 892
0 5

fn=(2716) 0x00000000048c3960
0 319482
cob=(10)
cfi=(216)
cfn=(2720) zlink::msg_t::init_size(unsigned long)
calls=159741 0 
0 12697006
cob=(1)
cfi=(193)
cfn=(728)
calls=1 71 
0 709
0 5

fn=(2782) 0x00000000048c5ee0
0 1172952
cob=(10)
cfi=(216)
cfn=(2786) zlink::msg_t::close()
calls=586476 0 
0 31978061
cob=(1)
cfi=(193)
cfn=(728)
calls=1 71 
0 693
0 5

fn=(2826) 0x000000000010ba70
0 6
cob=(9)
cfi=(192)
cfn=(2828) std::__cxx11::basic_string<char, std::char_traits<char>, std::allocator<char> >::_M_create(unsigned long&, unsigned long)
calls=3 0 
0 231

fn=(2918) 0x00000000048c5be0
0 10
cob=(10)
cfi=(216)
cfn=(2922) zlink::io_thread_t::get_load() const
calls=5 0 
0 806
cob=(1)
cfi=(193)
cfn=(728)
calls=1 71 
0 749
0 5

fn=(3060) 0x00000000048c78f0
0 4
cob=(10)
cfi=(216)
cfn=(3064) zlink::ip_resolver_options_t::bindable(bool)
calls=2 0 
0 8
cob=(1)
cfi=(193)
cfn=(728)
calls=1 71 
0 805
0 5

fn=(3084) 0x00000000048c63a0
0 4
cob=(10)
cfi=(216)
cfn=(3088) zlink::ip_resolver_options_t::expect_port(bool)
calls=2 0 
0 8
cob=(1)
cfi=(193)
cfn=(728)
calls=1 71 
0 829
0 5

fn=(3114) 0x00000000048c4b50
0 4
cob=(10)
cfi=(216)
cfn=(3118) zlink::ip_resolver_options_t::allow_path()
calls=2 0 
0 6
cob=(1)
cfi=(193)
cfn=(728)
calls=1 71 
0 821
0 5

fn=(3170) 0x00000000048c6cf0
0 196
cob=(10)
cfi=(216)
cfn=(3174) zlink::clock_t::now_ms()
calls=98 0 
0 6768
cob=(1)
cfi=(193)
cfn=(728)
calls=1 71 
0 709
0 5

fn=(3178) 0x00000000048c70a0
0 6
cob=(9)
cfi=(192)
cfn=(3182) std::condition_variable::wait(std::unique_lock<std::mutex>&)
calls=3 0 
0 1740
cob=(1)
cfi=(193)
cfn=(728)
calls=1 71 
0 1098
0 5

fn=(3234) 0x00000000048ca540
0 18
cob=(10)
cfi=(216)
cfn=(3238) zlink::ip_resolver_options_t::ipv6()
calls=9 0 
0 27
cob=(1)
cfi=(193)
cfn=(728)
calls=1 71 
0 789
0 5

fn=(6660) 0x00000000048c7400
0 2
cob=(10)
cfi=(216)
cfn=(6664) zlink::fq_t::pipe_terminated(zlink::pipe_t*)
calls=1 0 
0 21
cob=(1)
cfi=(193)
cfn=(728)
calls=1 71 
0 809
0 5

fn=(6684) 0x00000000048c90f0
0 2
cob=(9)
cfi=(192)
cfn=(6688) std::__detail::_List_node_base::_M_unhook()
calls=1 0 
0 6
cob=(1)
cfi=(193)
cfn=(728)
calls=1 71 
0 1037
0 5

fn=(3346) 0x00000000048ca840
0 16
cob=(10)
cfi=(216)
cfn=(3350) zlink::get_socket_address(int, zlink::socket_end_t, sockaddr_storage*)
calls=8 0 
0 1138
cob=(1)
cfi=(193)
cfn=(728)
calls=1 71 
0 953
0 5

fn=(3590) 0x00000000048c5fc0
0 16
cob=(10)
cfi=(216)
cfn=(3594) zlink::pair_t::pair_t(zlink::ctx_t*, unsigned int, int)
calls=8 0 
0 31835
cob=(1)
cfi=(193)
cfn=(728)
calls=1 71 
0 745
0 5

fn=(3626) 0x00000000048c8b90
0 8
cob=(10)
cfi=(216)
cfn=(3630) zlink::ctx_inproc_registry_t::register_endpoint(char const*, zlink::endpoint_t const&)
calls=4 0 
0 8293
cob=(1)
cfi=(193)
cfn=(728)
calls=1 71 
0 1001
0 5

fn=(3688) 0x00000000048c9090
0 8
cob=(10)
cfi=(216)
cfn=(3692) zlink::object_t::find_endpoint(char const*) const
calls=4 0 
0 7589
cob=(1)
cfi=(193)
cfn=(728)
calls=1 71 
0 789
0 5

fn=(3736) 0x00000000048c6a60
0 20
cob=(10)
cfi=(216)
cfn=(3740) zlink::pipe_t::set_peer_routing_id(unsigned char const*, unsigned long)
calls=10 0 
0 7203
cob=(1)
cfi=(193)
cfn=(728)
calls=1 71 
0 797
0 5

fn=(3842) 0x00000000048c57c0
0 44
cob=(10)
cfi=(216)
cfn=(3846) zlink::own_t::is_terminating() const
calls=22 0 
0 66
cob=(1)
cfi=(193)
cfn=(728)
calls=1 71 
0 757
0 5

fn=(3892) 0x00000000048c5f80
0 16
cob=(10)
cfi=(216)
cfn=(3896) zlink::object_t::send_pipe_hwm(zlink::pipe_t*, int, int)
calls=8 0 
0 1840
cob=(1)
cfi=(193)
cfn=(728)
calls=1 71 
0 841
0 5

fn=(4154) 0x00000000048c9c80
0 4
cob=(10)
cfi=(216)
cfn=(4158) zlink::socket_poller_t::socket_poller_t()
calls=2 0 
0 886
cob=(1)
cfi=(193)
cfn=(728)
calls=1 71 
0 741
0 5

fn=(4172) 0x00000000048c9dc0
0 106224
cob=(10)
cfi=(216)
cfn=(4176) zlink::socket_base_t::socket_type() const
calls=53112 0 
0 159336
cob=(1)
cfi=(193)
cfn=(728)
calls=1 71 
0 785
0 5

fn=(4194) 0x00000000048c9d70
0 4
cob=(10)
cfi=(216)
cfn=(4198) zlink::mailbox_t::get_fd() const
calls=2 0 
0 770
cob=(1)
cfi=(193)
cfn=(728)
calls=1 71 
0 729
0 5

fn=(4272) 0x00000000048c7160
0 86
cob=(10)
cfi=(216)
cfn=(4276) zlink::own_t::check_term_acks()
calls=43 0 
0 15050
cob=(1)
cfi=(193)
cfn=(728)
calls=1 71 
0 757
0 5

fn=(4436) 0x000000000010bca0
0 4
cob=(10)
cfi=(216)
cfn=(4438) zlink_socket_monitor_recv
calls=2 0 
0 12013

fn=(4470) 0x00000000048c9ce0
0 4
cob=(10)
cfi=(216)
cfn=(4474) zlink::recv_msg_socket(zlink::socket_base_t*, int, zlink_msg_t*, int)
calls=2 0 
0 4902
cob=(1)
cfi=(193)
cfn=(728)
calls=1 71 
0 925
0 5

fn=(4710) 0x00000000048c4230
0 4
cob=(10)
cfi=(216)
cfn=(4714) zlink::tcp_transport_t::tcp_transport_t()
calls=2 0 
0 14
cob=(1)
cfi=(193)
cfn=(728)
calls=1 71 
0 725
0 5

fn=(4784) 0x00000000048c9020
0 1138
cob=(10)
cfi=(216)
cfn=(4788) zlink::asio_engine_t::start_async_read()
calls=569 0 
0 886424
cob=(1)
cfi=(193)
cfn=(728)
calls=1 71 
0 809
0 5

fn=(4806) 0x00000000048c9120
0 1192
cob=(2)
cfi=(331) ./socket/../sysdeps/unix/sysv/linux/recv.c
cfn=(4810) recv
calls=596 24 
0 38289
cob=(1)
cfi=(193)
cfn=(728)
calls=1 71 
0 800
0 5

fn=(4908) 0x00000000048c5fe0
0 54
cob=(10)
cfi=(216)
cfn=(4912) zlink::own_t::register_term_acks(int)
calls=27 0 
0 81
cob=(1)
cfi=(193)
cfn=(728)
calls=1 71 
0 777
0 5

fn=(4964) 0x00000000048ca2c0
0 28
cob=(10)
cfi=(216)
cfn=(4968) zlink::own_t::unregister_term_ack()
calls=14 0 
0 3514
cob=(1)
cfi=(193)
cfn=(728)
calls=1 71 
0 789
0 5

fn=(4974) 0x00000000048c4520
0 1134
cob=(10)
cfi=(216)
cfn=(4978) zlink::asio_engine_t::on_read_complete(boost::system::error_code const&, unsigned long)
calls=567 0 
0 106196952
cob=(1)
cfi=(193)
cfn=(728)
calls=1 71 
0 993
0 5

fn=(5000) 0x00000000048c5e00
0 4
cob=(10)
cfi=(216)
cfn=(5004) zlink::asio_zmp_engine_t::receive_hello()
calls=2 0 
0 2090
cob=(1)
cfi=(193)
cfn=(728)
calls=1 71 
0 817
0 5

fn=(5018) 0x00000000048c4750
0 4
cob=(10)
cfi=(216)
cfn=(5022) zlink::zmp_encoder_t::zmp_encoder_t(unsigned long)
calls=2 0 
0 605
cob=(1)
cfi=(193)
cfn=(728)
calls=1 71 
0 713
0 5

fn=(5058) 0x00000000048c90d0
0 6
cob=(10)
cfi=(216)
cfn=(5062) zlink::shared_message_memory_allocator::resize(unsigned long)
calls=3 0 
0 48
cob=(1)
cfi=(193)
cfn=(728)
calls=1 71 
0 861
0 5

fn=(5192) 0x00000000048c6620
0 8
cob=(9)
cfi=(192)
cfn=(3544)
calls=4 0 
0 1188
cob=(1)
cfi=(193)
cfn=(728)
calls=1 71 
0 1246
0 5

fn=(5266) 0x00000000048c67e0
0 2
cob=(10)
cfi=(216)
cfn=(5270) zlink::pipe_t::set_nodelay()
calls=1 0 
0 187
cob=(1)
cfi=(193)
cfn=(728)
calls=1 71 
0 749
0 5

fn=(5278) 0x00000000048c62a0
0 2
cob=(10)
cfi=(216)
cfn=(5282) zlink::xpub_t::xread_activated(zlink::pipe_t*)
calls=1 0 
0 12278
cob=(1)
cfi=(193)
cfn=(728)
calls=1 71 
0 821
0 5

fn=(5338) 0x00000000048c8e40
0 2
cob=(10)
cfi=(216)
cfn=(5342) zlink::xpub_t::collect_ready_pipe(zlink::pipe_t*, std::set<zlink::pipe_t*, std::less<zlink::pipe_t*>, std::allocator<zlink::pipe_t*> >*)
calls=1 0 
0 307
cob=(1)
cfi=(193)
cfn=(728)
calls=1 71 
0 1041
0 5

fn=(5352) 0x00000000048c63d0
0 4
cob=(10)
cfi=(216)
cfn=(5356) zlink::asio_engine_t::on_timer(int, boost::system::error_code const&)
calls=2 0 
0 116
cob=(1)
cfi=(193)
cfn=(728)
calls=1 71 
0 929
0 5

fn=(5464) 0x00000000048c3710
0 12
cob=(10)
cfi=(216)
cfn=(5468) clear_raw_monitor_snapshot_subjects(zlink::socket_base_t*)
calls=6 0 
0 2136
cob=(1)
cfi=(193)
cfn=(728)
calls=1 71 
0 925
0 5

fn=(5586) 0x00000000048c4100
0 20
cob=(10)
cfi=(216)
cfn=(5590) zlink::socket_lifecycle_coordinator_t::set_reaper_poller(zlink::asio_poller_t*)
calls=10 0 
0 30
cob=(1)
cfi=(193)
cfn=(728)
calls=1 71 
0 1033
0 5

fn=(5678) 0x00000000048c7f40
0 36
cob=(10)
cfi=(216)
cfn=(5682) zlink::socket_base_t::in_event()
calls=18 0 
0 72829
cob=(1)
cfi=(193)
cfn=(728)
calls=1 71 
0 757
0 5

fn=(5822) 0x00000000048c85b0
0 16
cob=(10)
cfi=(216)
cfn=(5821) zlink::pair_t::~pair_t()'2
calls=8 0 
0 20313
cob=(1)
cfi=(193)
cfn=(728)
calls=1 71 
0 681
0 5

fn=(5826) 0x00000000048c64c0
0 18
cob=(10)
cfi=(216)
cfn=(5830) zlink::socket_base_t::close_socket_msg_parts(std::vector<zlink_msg_t, std::allocator<zlink_msg_t> >*)
calls=9 0 
0 162
cob=(1)
cfi=(193)
cfn=(728)
calls=1 71 
0 1033
0 5

fn=(5876) 0x00000000048c5a20
0 6
cob=(10)
cfi=(216)
cfn=(5880) zlink::resolve_service_handle(void*)
calls=3 0 
0 11449
cob=(1)
cfi=(193)
cfn=(728)
calls=1 71 
0 761
0 5

fn=(5968) 0x0000000004f06780
0 4
cob=(1)
cfi=(46)
cfn=(538) _dl_allocate_tls_init
calls=2 523 
0 1074

fn=(5984) 0x000000000010bbe0
0 2
cob=(10)
cfi=(216)
cfn=(5986) zlink_subscribe_handler
calls=1 0 
0 6939

fn=(6238) 0x00000000048c8a50
0 106214
cob=(10)
cfi=(216)
cfn=(6242) zlink::xsub_t::dispatch_message(zlink::msg_t*, zlink::pipe_t*)
calls=53107 0 
0 84336030
cob=(1)
cfi=(193)
cfn=(728)
calls=1 71 
0 901
0 5

fn=(6268) 0x00000000048c4270
0 106214
cob=(10)
cfi=(216)
cfn=(6272) zlink::socket_base_t::socket_spot_handler() const
calls=53107 0 
0 159321
cob=(1)
cfi=(193)
cfn=(728)
calls=1 71 
0 841
0 5

fn=(6306) 0x0000000004cd4de0
0 2
cob=(2)
cfi=(336) ./stdlib/./stdlib/cxa_thread_atexit_impl.c
cfn=(6310) __cxa_thread_atexit_impl
calls=1 102 
0 674
cob=(1)
cfi=(193)
cfn=(728)
calls=1 71 
0 1097
0 5

fn=(6364) 0x00000000048c4a00
0 26
cob=(10)
cfi=(216)
cfn=(6368) zlink::socket_base_t::monitor_snapshot(zlink_monitor_snapshot_t*)
calls=13 0 
0 11695
cob=(1)
cfi=(193)
cfn=(728)
calls=1 71 
0 973
0 5

fn=(6420) 0x000000000010bc30
0 128
cob=(9)
cfi=(192)
cfn=(4068)
calls=64 0 
0 17568

fn=(6424) 0x0000000004cd6d00
0 160
cob=(2)
cfi=(349) ./libio/./libio/iofwrite.c
cfn=(6428) fwrite
calls=80 31 
0 13356
cob=(1)
cfi=(193)
cfn=(728)
calls=1 71 
0 799
0 5

fn=(6462) 0x000000000010bb00
0 16
cob=(9)
cfi=(192)
cfn=(6464) std::ostream& std::ostream::_M_insert<double>(double)
calls=8 0 
0 22425

fn=(6846) 0x00000000048c5dd0
0 2
cob=(10)
cfi=(216)
cfn=(6850) .LTHUNK2.lto_priv.4
calls=1 0 
0 3845
cob=(1)
cfi=(193)
cfn=(728)
calls=1 71 
0 681
0 5

fn=(6974) 0x00000000048c4f80
0 4
cob=(2)
cfi=(347)
cfn=(5864)
calls=2 42 
0 40
cob=(1)
cfi=(193)
cfn=(728)
calls=1 71 
0 1116
0 5

fn=(7090) 0x0000000004b82114
0 4

fn=(7144) 0x0000000004cd5340
0 6
cob=(9)
cfi=(192)
cfn=(7148) std::basic_ostream<wchar_t, std::char_traits<wchar_t> >::sentry::sentry(std::basic_ostream<wchar_t, std::char_traits<wchar_t> >&)
calls=3 0 
0 219
cob=(1)
cfi=(193)
cfn=(728)
calls=1 71 
0 966
0 5

fn=(7145) 0x0000000004cd5340'2
0 2
cob=(9)
cfi=(192)
cfn=(7149) std::basic_ostream<wchar_t, std::char_traits<wchar_t> >::sentry::sentry(std::basic_ostream<wchar_t, std::char_traits<wchar_t> >&)'2
calls=1 0 
0 22

fn=(7244) 0x000000000573e3a8
0 4

fn=(4060) 0x00000000048c7f30
0 4
cob=(9)
cfi=(192)
cfn=(740) std::locale::locale()
calls=2 0 
0 88
cob=(1)
cfi=(193)
cfn=(728)
calls=1 71 
0 822
0 5

fn=(928) 0x0000000004cd4060
0 2
cob=(9)
cfi=(192)
cfn=(932) std::__cxx11::moneypunct<wchar_t, true>::_M_initialize_moneypunct(__locale_struct*, char const*)
calls=1 0 
0 109
cob=(1)
cfi=(193)
cfn=(728)
calls=1 71 
0 1093
0 5

fn=(934) 0x0000000004cd63b0
0 2
cob=(9)
cfi=(192)
cfn=(938) std::__timepunct<wchar_t>::__timepunct(std::__timepunct_cache<wchar_t>*, unsigned long)
calls=1 0 
0 1219
cob=(1)
cfi=(193)
cfn=(728)
calls=1 71 
0 928
0 5

fn=(1632) 0x000000000010b8c0
0 24
cob=(2)
cfi=(189)
cfn=(642)
calls=12 52 
0 168

fn=(1768) 0x00000000048ca300
0 2162
cob=(2)
cfi=(234) ./posix/../sysdeps/unix/syscall-template.S
cfn=(1772) getpid
calls=1081 91 
0 4324
cob=(1)
cfi=(193)
cfn=(728)
calls=1 71 
0 822
0 5

fn=(1798) 0x00000000048c8290
0 2
cob=(10)
cfi=(216)
cfn=(1802) zlink::random_open()
calls=1 0 
0 11420
cob=(1)
cfi=(193)
cfn=(728)
calls=1 71 
0 683
0 5

fn=(1902) 0x00000000048c6640
0 2
cob=(10)
cfi=(216)
cfn=(1906) zlink::ctx_bootstrap_t::start_runtime_locked(zlink::ctx_t&)
calls=1 0 
0 123552
cob=(1)
cfi=(193)
cfn=(728)
calls=1 71 
0 915
0 5

fn=(1928) 0x00000000048c50f0
0 18
cob=(2)
cfi=(241) ./string/../sysdeps/x86_64/multiarch/memset-vec-unaligned-erms.S
cfn=(1934) __memset_avx2_unaligned_erms
calls=9 158 
0 49319
cob=(1)
cfi=(193)
cfn=(728)
calls=1 71 
0 842
0 5

fn=(1944) 0x00000000048c6a00
0 2
cob=(10)
cfi=(216)
cfn=(1948) zlink::reaper_t::reaper_t(zlink::ctx_t*, unsigned int)
calls=1 0 
0 14379
cob=(1)
cfi=(193)
cfn=(728)
calls=1 71 
0 739
0 5

fn=(2002) 0x00000000048c83b0
0 4
cob=(2)
cfi=(245) ./nptl/./nptl/pthread_condattr_destroy.c
cfn=(2006) pthread_condattr_destroy
calls=2 23 
0 6
cob=(1)
cfi=(193)
cfn=(728)
calls=1 71 
0 1029
0 5

fn=(2054) 0x00000000048c8910
0 4
cob=(10)
cfi=(216)
cfn=(2058) zlink::worker_poller_base_t::start(char const*)
calls=2 0 
0 10506
cob=(1)
cfi=(193)
cfn=(728)
calls=1 71 
0 787
0 5

fn=(2098) 0x00000000048c5800
0 14
cob=(10)
cfi=(216)
cfn=(2102) zlink::thread_t::start(void (*)(void*), void*, char const*)
calls=7 0 
0 11911
cob=(1)
cfi=(193)
cfn=(728)
calls=1 71 
0 771
0 5

fn=(2210) 0x00000000048c8010
0 2
cob=(10)
cfi=(216)
cfn=(2214) zlink::io_thread_t::start()
calls=1 0 
0 3707
cob=(1)
cfi=(193)
cfn=(728)
calls=1 71 
0 733
0 5

fn=(2224) 0x00000000048c9500
0 20
cob=(10)
cfi=(216)
cfn=(2228) zlink::ctx_socket_registry_t::has_available_socket_slot() const
calls=10 0 
0 50
cob=(1)
cfi=(193)
cfn=(728)
calls=1 71 
0 941
0 5

fn=(2328) 0x00000000048c4240
0 14
cob=(2)
cfi=(284) ./nptl/./nptl/pthread_sigmask.c
cfn=(2332) pthread_sigmask@@GLIBC_2.32
calls=7 25 
0 196
cob=(1)
cfi=(193)
cfn=(728)
calls=1 71 
0 1041
0 5

fn=(1420) 0x00000000048c87a0
0 30
cob=(2)
cfi=(206) ./stdlib/./stdlib/cxa_atexit.c
cfn=(1162) __cxa_atexit
calls=15 67 
0 1140
cob=(1)
cfi=(193)
cfn=(728)
calls=1 71 
0 989
0 5

fn=(716) 0x0000000004ccf000
0 7

fn=(2426) 0x00000000048c4340
0 111060
cob=(2)
cfi=(209)
cfn=(2430) free
calls=55530 3359 
0 7468985
cob=(1)
cfi=(193)
cfn=(728)
calls=1 71 
0 885
0 5

fn=(2474) 0x00000000048c4900
0 58
cob=(2)
cfi=(293) ./io/../sysdeps/unix/sysv/linux/close.c
cfn=(2478) close
calls=29 26 
0 1537
cob=(1)
cfi=(193)
cfn=(728)
calls=1 71 
0 862
0 5

fn=(2728) 0x00000000048ca630
0 2
cob=(10)
cfi=(216)
cfn=(2732) zlink::xsub_t::xsend(zlink::msg_t*)
calls=1 0 
0 12673
cob=(1)
cfi=(193)
cfn=(728)
calls=1 71 
0 765
0 5

fn=(2734) 0x00000000048c5210
0 1062382
cob=(10)
cfi=(216)
cfn=(2738) zlink::msg_t::size() const
calls=531191 0 
0 14769385
cob=(1)
cfi=(193)
cfn=(728)
calls=1 71 
0 685
0 5

fn=(2776) 0x00000000048cab70
0 212430
cob=(10)
cfi=(216)
cfn=(2780) zlink::dist_t::distribute(zlink::msg_t*)
calls=106215 0 
0 39166466
cob=(1)
cfi=(193)
cfn=(728)
calls=1 71 
0 801
0 5

fn=(2788) 0x00000000048c8c30
0 1384480
cob=(10)
cfi=(216)
cfn=(2792) zlink::msg_t::is_zcmsg() const
calls=692240 0 
0 2768960
cob=(1)
cfi=(193)
cfn=(728)
calls=1 71 
0 709
0 5

fn=(2818) 0x00000000048c8150
0 234
cob=(9)
cfi=(192)
cfn=(1658) std::__cxx11::basic_string<char, std::char_traits<char>, std::allocator<char> >::_M_dispose()
calls=117 0 
0 6792
cob=(1)
cfi=(193)
cfn=(728)
calls=1 71 
0 1240
0 5

fn=(3000) 0x00000000048c9530
0 2
cob=(2)
cfi=(231)
cfn=(3004) timerfd_create
calls=1 120 
0 6
cob=(1)
cfi=(193)
cfn=(728)
calls=1 71 
0 905
0 5

fn=(3020) 0x00000000048c7870
0 20
cob=(2)
cfi=(296) ./nptl/./nptl/pthread_cond_signal.c
cfn=(3024) pthread_cond_signal@@GLIBC_2.3.2
calls=10 35 
0 1130
cob=(1)
cfi=(193)
cfn=(728)
calls=1 71 
0 900
0 5

fn=(3078) 0x00000000048c88d0
0 4
cob=(10)
cfi=(216)
cfn=(3082) zlink::ip_resolver_options_t::ipv6(bool)
calls=2 0 
0 8
cob=(1)
cfi=(193)
cfn=(728)
calls=1 71 
0 789
0 5

fn=(3126) 0x00000000048ca910
0 4
cob=(10)
cfi=(216)
cfn=(3130) zlink::ip_resolver_options_t::allow_nic_name()
calls=2 0 
0 6
cob=(1)
cfi=(193)
cfn=(728)
calls=1 71 
0 861
0 5

fn=(3246) 0x00000000048c51d0
0 4
cob=(10)
cfi=(216)
cfn=(3250) zlink::ip_resolver_t::resolve_getaddrinfo(zlink::ip_addr_t*, char const*)
calls=2 0 
0 5527
cob=(1)
cfi=(193)
cfn=(728)
calls=1 71 
0 929
0 5

fn=(3252) 0x00000000048c5050
0 4
cob=(10)
cfi=(216)
cfn=(3256) zlink::ip_resolver_options_t::allow_dns()
calls=2 0 
0 6
cob=(1)
cfi=(193)
cfn=(728)
calls=1 71 
0 809
0 5

fn=(3548) 0x000000000010b720
0 24
cob=(9)
cfi=(192)
cfn=(2540) operator delete(void*, unsigned long)
calls=12 0 
0 72346

fn=(3658) 0x00000000048c50b0
0 8
cob=(10)
cfi=(216)
cfn=(3662) zlink::socket_monitor_runtime_t::reset_worker_state()
calls=4 0 
0 636
cob=(1)
cfi=(193)
cfn=(728)
calls=1 71 
0 889
0 5

fn=(3764) 0x00000000048c46c0
0 16
cob=(10)
cfi=(216)
cfn=(3768) zlink::socket_base_t::emit_inproc_connection_ready(zlink::pipe_t*)
calls=8 0 
0 14091
cob=(1)
cfi=(193)
cfn=(728)
calls=1 71 
0 949
0 5

fn=(3800) 0x00000000048c7b20
0 38
cob=(9)
cfi=(192)
cfn=(2650) std::__cxx11::basic_string<char, std::char_traits<char>, std::allocator<char> >::_M_append(char const*, unsigned long)
calls=19 0 
0 3364
cob=(1)
cfi=(193)
cfn=(728)
calls=1 71 
0 1248
0 5

fn=(3870) 0x00000000048cac10
0 32
cob=(10)
cfi=(216)
cfn=(3874) zlink::pipe_t::set_hwms(int, int)
calls=16 0 
0 640
cob=(1)
cfi=(193)
cfn=(728)
calls=1 71 
0 721
0 5

fn=(3900) 0x000000000010bd30
0 2
cob=(10)
cfi=(216)
cfn=(3674)
calls=1 0 
0 52574

fn=(4240) 0x00000000048c7ce0
0 4
cob=(10)
cfi=(216)
cfn=(4244) zlink::socket_poller_t::adjust_timeout(zlink::clock_t&, long, unsigned long&, unsigned long&, bool&)
calls=2 0 
0 156
cob=(1)
cfi=(193)
cfn=(728)
calls=1 71 
0 937
0 5

fn=(4380) 0x00000000048ca1e0
0 4
cob=(10)
cfi=(216)
cfn=(4384) zlink::asio_tcp_listener_t::start_accept()
calls=2 0 
0 4609
cob=(1)
cfi=(193)
cfn=(728)
calls=1 71 
0 829
0 5

fn=(4424) 0x00000000048c7fd0
0 4
cob=(10)
cfi=(216)
cfn=(4428) zlink::socket_poller_t::zero_trail_events(zlink::socket_poller_t::event_t*, int, int)
calls=2 0 
0 8
cob=(1)
cfi=(193)
cfn=(728)
calls=1 71 
0 917
0 5

fn=(4524) 0x00000000048caa40
0 2
cob=(10)
cfi=(216)
cfn=(4528) zlink::session_base_t::start_connecting(bool)
calls=1 0 
0 6547
cob=(1)
cfi=(193)
cfn=(728)
calls=1 71 
0 833
0 5

fn=(4592) 0x0000000004cd5140
0 22
cob=(1)
cfi=(246) ./elf/../sysdeps/x86_64/tls_get_addr.S
cfn=(2024) __tls_get_addr
calls=11 29 
0 132
cob=(1)
cfi=(193)
cfn=(728)
calls=1 71 
0 1055
0 5

fn=(4660) 0x00000000048c88c0
0 4
cob=(10)
cfi=(216)
cfn=(4664) zlink::assert_success_or_recoverable(int, int)
calls=2 0 
0 32
cob=(1)
cfi=(193)
cfn=(728)
calls=1 71 
0 813
0 5

fn=(4678) 0x00000000048c7cf0
0 2
cob=(10)
cfi=(216)
cfn=(4682) zlink::asio_tcp_listener_t::create_engine(int)
calls=1 0 
0 28949
cob=(1)
cfi=(193)
cfn=(728)
calls=1 71 
0 853
0 5

fn=(4756) 0x00000000048c7d00
0 4
cob=(10)
cfi=(216)
cfn=(4760) zlink::asio_engine_t::set_handshake_timer()
calls=2 0 
0 3182
cob=(1)
cfi=(193)
cfn=(728)
calls=1 71 
0 853
0 5

fn=(4762) 0x00000000048ca3b0
0 4
cob=(10)
cfi=(216)
cfn=(4766) zlink::asio_engine_t::add_timer(int, int)
calls=2 0 
0 2360
cob=(1)
cfi=(193)
cfn=(728)
calls=1 71 
0 777
0 5

fn=(4816) 0x00000000048c36e0
0 1196
cob=(10)
cfi=(216)
cfn=(4820) zlink::asio_engine_t::start_async_write()
calls=598 0 
0 61469242
cob=(1)
cfi=(193)
cfn=(728)
calls=1 71 
0 817
0 5

fn=(4870) 0x00000000048c75b0
0 2
cob=(10)
cfi=(216)
cfn=(4874) zlink::asio_tcp_connecter_t::create_engine(int, std::__cxx11::basic_string<char, std::char_traits<char>, std::allocator<char> > const&)
calls=1 0 
0 17894
cob=(1)
cfi=(193)
cfn=(728)
calls=1 71 
0 1157
0 5

fn=(4882) 0x00000000048ca1a0
0 2
cob=(10)
cfi=(216)
cfn=(4886) zlink::object_t::send_term_req(zlink::own_t*, zlink::own_t*)
calls=1 0 
0 229
cob=(1)
cfi=(193)
cfn=(728)
calls=1 71 
0 849
0 5

fn=(4934) 0x00000000048c5b70
0 8
cob=(10)
cfi=(216)
cfn=(4938) zlink::object_t::send_term_ack(zlink::own_t*)
calls=4 0 
0 1883
cob=(1)
cfi=(193)
cfn=(728)
calls=1 71 
0 817
0 5

fn=(5368) 0x000000000010b890
0 8
cob=(10)
cfi=(216)
cfn=(5370) zlink_monitor_close
calls=4 0 
0 42334

fn=(5528) 0x00000000048ca790
0 38
cob=(10)
cfi=(216)
cfn=(5532) zlink::socket_lifecycle_coordinator_t::is_async_quiesce_pending() const
calls=19 0 
0 95
cob=(1)
cfi=(193)
cfn=(728)
calls=1 71 
0 989
0 5

fn=(5546) 0x00000000048c6760
0 40
cob=(10)
cfi=(216)
cfn=(5550) zlink::ctx_t::get_reaper() const
calls=20 0 
0 1022
cob=(1)
cfi=(193)
cfn=(728)
calls=1 71 
0 725
0 5

fn=(5638) 0x00000000048c9b80
0 24
cob=(10)
cfi=(216)
cfn=(5642) zlink::pipe_t::terminate(bool)
calls=12 0 
0 21613
cob=(1)
cfi=(193)
cfn=(728)
calls=1 71 
0 713
0 5

fn=(5650) 0x00000000048c4540
0 20
cob=(10)
cfi=(216)
cfn=(5654) zlink::pipe_t::rollback() const
calls=10 0 
0 1230
cob=(1)
cfi=(193)
cfn=(728)
calls=1 71 
0 713
0 5

fn=(5882) 0x00000000048c9ac0
0 6
cob=(10)
cfi=(216)
cfn=(5886) zlink::service_handle_resolution_t::service_handle_resolution_t()
calls=3 0 
0 15
cob=(1)
cfi=(193)
cfn=(728)
calls=1 71 
0 805
0 5

fn=(6034) 0x000000000010b7d0
0 53432
cob=(2)
cfi=(235) ./nptl/./nptl/pthread_mutex_lock.c
cfn=(1808) pthread_mutex_lock@@GLIBC_2.2.5
calls=26716 77 
0 961776

fn=(6072) 0x00000000048c8720
0 106404
cob=(10)
cfi=(216)
cfn=(6076) zlink::dist_t::match(zlink::pipe_t*)
calls=53202 0 
0 1383252
cob=(1)
cfi=(193)
cfn=(728)
calls=1 71 
0 757
0 5

fn=(6116) 0x00000000048c9920
0 192
cob=(10)
cfi=(216)
cfn=(6120) zlink::signaler_t::wait(int) const
calls=96 0 
0 10944
cob=(1)
cfi=(193)
cfn=(728)
calls=1 71 
0 721
0 5

fn=(6180) 0x00000000048c96b0
0 54
cob=(10)
cfi=(216)
cfn=(6184) zlink::asio_engine_t::maybe_schedule_stream_encoder_growth(unsigned long)
calls=27 0 
0 1450
cob=(1)
cfi=(193)
cfn=(728)
calls=1 71 
0 945
0 5

fn=(6186) 0x00000000048c7310
0 54
cob=(10)
cfi=(216)
cfn=(6190) zlink::asio_engine_t::use_stream_dynamic_write_growth() const
calls=27 0 
0 135
cob=(1)
cfi=(193)
cfn=(728)
calls=1 71 
0 905
0 5

fn=(6248) 0x00000000048c4060
0 212428
cob=(10)
cfi=(216)
cfn=(6252) zlink::msg_t::move(zlink::msg_t&)
calls=106214 0 
0 9346832
cob=(1)
cfi=(193)
cfn=(728)
calls=1 71 
0 697
0 5

fn=(6300) 0x00000000048c5350
0 2
cob=(9)
cfi=(192)
cfn=(6304) __cxa_thread_atexit
calls=1 0 
0 1784
cob=(1)
cfi=(193)
cfn=(728)
calls=1 71 
0 871
0 5

fn=(6328) 0x0000000004cd3dd0
0 106214
cob=(2)
cfi=(296)
cfn=(3024)
calls=53107 35 
0 3442320
cob=(1)
cfi=(193)
cfn=(728)
calls=1 71 
0 900
0 5

fn=(6378) 0x00000000048c4200
0 26
cob=(10)
cfi=(216)
cfn=(6382) zlink::pipe_t::get_rcv_pending_msgs_approx() const
calls=13 0 
0 1008
cob=(1)
cfi=(193)
cfn=(728)
calls=1 71 
0 833
0 5

fn=(6396) 0x000000000010b7e0
0 2
cob=(9)
cfi=(192)
cfn=(6398) std::thread::join()
calls=1 0 
0 1083

fn=(6786) 0x00000000048c7840
0 4
cob=(10)
cfi=(216)
cfn=(6716) zlink::tcp_transport_t::close()
calls=2 0 
0 80
cob=(1)
cfi=(193)
cfn=(728)
calls=1 71 
0 757
0 5

fn=(6802) 0x00000000048c55b0
0 2
cob=(10)
cfi=(216)
cfn=(6806) .LTHUNK2.lto_priv.5
calls=1 0 
0 5472
cob=(1)
cfi=(193)
cfn=(728)
calls=1 71 
0 665
0 5

fn=(6914) 0x00000000048ca4c0
0 2
cob=(10)
cfi=(216)
cfn=(6918) zlink::ctx_io_thread_registry_t::destroy_all()
calls=1 0 
0 10272
cob=(1)
cfi=(193)
cfn=(728)
calls=1 71 
0 861
0 5

fn=(7000) 0x00000000048c71c0
0 2
cob=(10)
cfi=(216)
cfn=(7004) zlink::random_close()
calls=1 0 
0 116
cob=(1)
cfi=(193)
cfn=(728)
calls=1 71 
0 713
0 5

fn=(7216) 0x000000000524f8a0
0 2
cob=(2)
cfi=(373)
cfn=(7028)
calls=1 30 
0 202

fn=(3294) 0x00000000048c88b0
0 4
cob=(10)
cfi=(216)
cfn=(3298) zlink::tcp_address_t::family() const
calls=2 0 
0 20
cob=(1)
cfi=(193)
cfn=(728)
calls=1 71 
0 765
0 5

fn=(752) 0x0000000004cd4410
0 2
cob=(9)
cfi=(192)
cfn=(756) std::locale::_Impl::_Impl(unsigned long)
calls=1 0 
0 73489
cob=(1)
cfi=(193)
cfn=(728)
calls=1 71 
0 745
0 5

fn=(758) 0x0000000004cd43e0
0 14
cob=(9)
cfi=(192)
cfn=(762) std::locale::facet::_S_get_c_name()
calls=7 0 
0 21
cob=(1)
cfi=(193)
cfn=(728)
calls=1 71 
0 855
0 5

fn=(812) 0x0000000004cd4800
0 284
cob=(9)
cfi=(192)
cfn=(816) std::locale::id::_M_id() const
calls=142 0 
0 1284
cob=(1)
cfi=(193)
cfn=(728)
calls=1 71 
0 757
0 5

fn=(836) 0x0000000004cd6530
0 2
cob=(9)
cfi=(192)
cfn=(840) std::__cxx11::moneypunct<char, true>::_M_initialize_moneypunct(__locale_struct*, char const*)
calls=1 0 
0 115
cob=(1)
cfi=(193)
cfn=(728)
calls=1 71 
0 1145
0 5

fn=(972) 0x0000000004cd3a50
0 2
cob=(9)
cfi=(192)
cfn=(976) std::moneypunct<char, false>::_M_initialize_moneypunct(__locale_struct*, char const*)
calls=1 0 
0 114
cob=(1)
cfi=(193)
cfn=(728)
calls=1 71 
0 1045
0 5

fn=(1100) 0x0000000004cd3780
0 2
cob=(9)
cfi=(192)
cfn=(1104) std::locale::locale(std::locale::_Impl*)
calls=1 0 
0 3
cob=(1)
cfi=(193)
cfn=(728)
calls=1 71 
0 777
0 5

fn=(1114) 0x0000000004cd66e0
0 16
cob=(9)
cfi=(192)
cfn=(1118)
calls=8 0 
0 4819
cob=(1)
cfi=(193)
cfn=(728)
calls=1 71 
0 1068
0 5

fn=(1126) 0x0000000004cd59c0
0 36
cob=(9)
cfi=(192)
cfn=(1130) std::locale::operator=(std::locale const&)
calls=18 0 
0 414
cob=(1)
cfi=(193)
cfn=(728)
calls=1 71 
0 737
0 5

fn=(1150) 0x0000000004cd7270
0 8
cob=(9)
cfi=(192)
cfn=(1154) std::basic_ios<wchar_t, std::char_traits<wchar_t> >::_M_cache_locale(std::locale const&)
calls=4 0 
0 224
cob=(1)
cfi=(193)
cfn=(728)
calls=1 71 
0 1028
0 5

fn=(1720) 0x00000000048ca1c0
0 734
cob=(2)
cfi=(209)
cfn=(1724) posix_memalign
calls=367 5786 
0 2027266
cob=(1)
cfi=(193)
cfn=(728)
calls=1 71 
0 918
0 5

fn=(1920) 0x00000000048c64f0
0 4
cob=(10)
cfi=(216)
cfn=(1924) zlink::ctx_socket_registry_t::clear()
calls=2 0 
0 24
cob=(1)
cfi=(193)
cfn=(728)
calls=1 71 
0 779
0 5

fn=(1962) 0x00000000048c6ed0
0 4
cob=(10)
cfi=(216)
cfn=(1966) zlink::worker_poller_base_t::worker_poller_base_t(zlink::thread_ctx_t const&)
calls=2 0 
0 1586
cob=(1)
cfi=(193)
cfn=(728)
calls=1 71 
0 871
0 5

fn=(2036) 0x00000000048c6670
0 6
cob=(10)
cfi=(216)
cfn=(2040) zlink::reaper_t::get_mailbox()
calls=3 0 
0 9
cob=(1)
cfi=(193)
cfn=(728)
calls=1 71 
0 747
0 5

fn=(2060) 0x00000000048c74e0
0 6
cob=(10)
cfi=(216)
cfn=(2064) zlink::thread_ctx_t::start_thread(zlink::thread_t&, void (*)(void*), void*, char const*) const
calls=3 0 
0 12048
cob=(1)
cfi=(193)
cfn=(728)
calls=1 71 
0 939
0 5

fn=(2138) 0x0000000004f06740
0 20
cob=(2)
cfi=(241)
cfn=(1934)
calls=10 158 
0 400

fn=(2334) 0x00000000048c6730
0 14
cob=(10)
cfi=(216)
cfn=(2338) zlink::thread_t::applySchedulingParameters()
calls=7 0 
0 4114
cob=(1)
cfi=(193)
cfn=(728)
calls=1 71 
0 837
0 5

fn=(2340) 0x00000000048c7680
0 28
cob=(2)
cfi=(285) ./nptl/./nptl/pthread_self.c
cfn=(2344) pthread_self
calls=14 23 
0 42
cob=(1)
cfi=(193)
cfn=(728)
calls=1 71 
0 848
0 5

fn=(2364) 0x00000000048c3740
0 14
cob=(10)
cfi=(216)
cfn=(2368) zlink::thread_t::applyThreadName()
calls=7 0 
0 1811
cob=(1)
cfi=(193)
cfn=(728)
calls=1 71 
0 769
0 5

fn=(2370) 0x00000000048c86b0
0 14
cob=(2)
cfi=(288) ./nptl/./nptl/pthread_setname.c
cfn=(2374) pthread_setname_np@@GLIBC_2.34
calls=7 32 
0 581
cob=(1)
cfi=(193)
cfn=(728)
calls=1 71 
0 1106
0 5

fn=(2514) 0x00000000048c3760
0 2
cob=(10)
cfi=(216)
cfn=(2518) zlink::xsub_t::xsub_t(zlink::ctx_t*, unsigned int, int)
calls=1 0 
0 5454
cob=(1)
cfi=(193)
cfn=(728)
calls=1 71 
0 737
0 5

fn=(2548) 0x0000000004cd4c60
0 6450
cob=(2)
cfi=(209)
cfn=(2430)
calls=3225 3359 
0 375964
cob=(1)
cfi=(193)
cfn=(728)
calls=1 71 
0 867
0 5

fn=(2676) 0x00000000048c7c60
0 24
cob=(10)
cfi=(216)
cfn=(2680) zlink::options_setsockopt_core_socket(zlink::options_t*, int, void const*, unsigned long, bool, int)
calls=12 0 
0 240
cob=(1)
cfi=(193)
cfn=(728)
calls=1 71 
0 945
0 5

fn=(2764) 0x00000000048c6c60
0 2
cob=(10)
cfi=(216)
cfn=(2768) zlink::dist_t::send_to_all(zlink::msg_t*)
calls=1 0 
0 3169
cob=(1)
cfi=(193)
cfn=(728)
calls=1 71 
0 793
0 5

fn=(2806) 0x00000000048c6b10
0 6
cob=(10)
cfi=(216)
cfn=(2810) zlink::socket_base_t::has_attached_pipes() const
calls=3 0 
0 1295
cob=(1)
cfi=(193)
cfn=(728)
calls=1 71 
0 837
0 5

fn=(2846) 0x00000000048c4860
0 28
cob=(10)
cfi=(216)
cfn=(2850) zlink::socket_base_t::parse_uri(char const*, std::__cxx11::basic_string<char, std::char_traits<char>, std::allocator<char> >&, std::__cxx11::basic_string<char, std::char_traits<char>, std::allocator<char> >&)
calls=14 0 
0 16423
cob=(1)
cfi=(193)
cfn=(728)
calls=1 71 
0 1109
0 5

fn=(2864) 0x00000000048c5500
0 28
cob=(9)
cfi=(192)
cfn=(2868) std::__cxx11::basic_string<char, std::char_traits<char>, std::allocator<char> >::find(char const*, unsigned long, unsigned long) const
calls=14 0 
0 3019
cob=(1)
cfi=(193)
cfn=(728)
calls=1 71 
0 1177
0 5

fn=(3032) 0x00000000048c9760
0 4
cob=(10)
cfi=(216)
cfn=(3036) zlink::tcp_address_t::tcp_address_t()
calls=2 0 
0 16
cob=(1)
cfi=(193)
cfn=(728)
calls=1 71 
0 721
0 5

fn=(6698) 0x00000000048c48e0
0 4
cob=(10)
cfi=(216)
cfn=(6702) .LTHUNK2.lto_priv.1
calls=2 0 
0 5721
cob=(1)
cfi=(193)
cfn=(728)
calls=1 71 
0 721
0 5

fn=(3356) 0x00000000048c5ad0
0 8
cob=(10)
cfi=(216)
cfn=(3360) zlink::tcp_address_t::tcp_address_t(sockaddr const*, unsigned int)
calls=4 0 
0 128
cob=(1)
cfi=(193)
cfn=(728)
calls=1 71 
0 781
0 5

fn=(3452) 0x00000000048c6c00
0 4
cob=(10)
cfi=(216)
cfn=(3456) zlink::socket_base_t::add_endpoint(zlink::endpoint_uri_pair_t const&, zlink::own_t*, zlink::pipe_t*)
calls=2 0 
0 12568
cob=(1)
cfi=(193)
cfn=(728)
calls=1 71 
0 1089
0 5

fn=(3488) 0x00000000048c75e0
0 2210
cob=(10)
cfi=(216)
cfn=(3492) zlink::ctx_t::send_command(unsigned int, zlink::command_t const&)
calls=1105 0 
0 487878
cob=(1)
cfi=(193)
cfn=(728)
calls=1 71 
0 845
0 5

fn=(3524) 0x00000000048c3b30
0 2
cob=(10)
cfi=(216)
cfn=(3528) zlink::do_getsockopt(void*, unsigned long*, std::__cxx11::basic_string<char, std::char_traits<char>, std::allocator<char> > const&)
calls=1 0 
0 821
cob=(1)
cfi=(193)
cfn=(728)
calls=1 71 
0 1045
0 5

fn=(3556) 0x00000000048c96a0
0 8
cob=(10)
cfi=(216)
cfn=(3560) zlink::generate_random()
calls=4 0 
0 1360
cob=(1)
cfi=(193)
cfn=(728)
calls=1 71 
0 721
0 5

fn=(3562) 0x00000000048c93c0
0 16
cob=(2)
cfi=(322) ./stdlib/./stdlib/rand.c
cfn=(3566) rand
calls=8 26 
0 456
cob=(1)
cfi=(193)
cfn=(728)
calls=1 71 
0 847
0 5

fn=(3572) 0x00000000048c61e0
0 16
cob=(10)
cfi=(216)
cfn=(3576) zlink::socket_base_t::monitor(char const*, unsigned long, int, int)
calls=8 0 
0 94025
cob=(1)
cfi=(193)
cfn=(728)
calls=1 71 
0 781
0 5

fn=(3598) 0x00000000048c7e40
0 44
cob=(10)
cfi=(216)
cfn=(3602) zlink::options_setsockopt_transport_network(zlink::options_t*, int, void const*, unsigned long, bool, int)
calls=22 0 
0 418
cob=(1)
cfi=(193)
cfn=(728)
calls=1 71 
0 973
0 5

fn=(3648) 0x00000000048ca5a0
0 8
cob=(10)
cfi=(216)
cfn=(3652) zlink::ctx_inproc_registry_t::connect_pending(char const*, zlink::socket_base_t*)
calls=4 0 
0 3522
cob=(1)
cfi=(193)
cfn=(728)
calls=1 71 
0 985
0 5

fn=(3742) 0x00000000048c8ad0
0 108228
cob=(2)
cfi=(209)
cfn=(1220)
calls=54114 3294 
0 9397247
cob=(1)
cfi=(193)
cfn=(728)
calls=1 71 
0 953
0 5

fn=(3908) 0x00000000048c3fe0
0 2
cob=(2)
cfi=(324) ./ctype/../include/ctype.h
cfn=(3912) __ctype_b_loc
calls=1 40 
0 4
cob=(1)
cfi=(193)
cfn=(728)
calls=1 71 
0 862
0 5

fn=(3934) 0x00000000048ca880
0 4
cob=(10)
cfi=(216)
cfn=(3938) zlink::dist_t::attach(zlink::pipe_t*)
calls=2 0 
0 667
cob=(1)
cfi=(193)
cfn=(728)
calls=1 71 
0 761
0 5

fn=(4006) 0x00000000048c7350
0 4
cob=(10)
cfi=(216)
cfn=(4010) zlink::socket_base_t::enqueue_monitor_event(zlink::socket_monitor_event_record_t const&)
calls=2 0 
0 4947
cob=(1)
cfi=(193)
cfn=(728)
calls=1 71 
0 1057
0 5

fn=(4032) 0x00000000048c6120
0 2
cob=(10)
cfi=(216)
cfn=(4036) zlink::session_base_t::attach_pipe(zlink::pipe_t*)
calls=1 0 
0 48
cob=(1)
cfi=(193)
cfn=(728)
calls=1 71 
0 853
0 5

fn=(4186) 0x00000000048cac50
0 4
cob=(10)
cfi=(216)
cfn=(4190) zlink::socket_poller_t::wait(zlink::socket_poller_t::event_t*, int, long)
calls=2 0 
0 12187
cob=(1)
cfi=(193)
cfn=(728)
calls=1 71 
0 849
0 5

fn=(4232) 0x00000000048c7700
0 8
cob=(10)
cfi=(216)
cfn=(4236) zlink::pipe_t::check_read()
calls=4 0 
0 1060
cob=(1)
cfi=(193)
cfn=(728)
calls=1 71 
0 741
0 5

fn=(4312) 0x00000000048c43c0
0 106226
cob=(10)
cfi=(216)
cfn=(4316) zlink_msg_size
calls=53113 0 
0 1646521
cob=(1)
cfi=(193)
cfn=(728)
calls=1 71 
0 629
0 5

fn=(4318) 0x00000000048c4f50
0 4
cob=(10)
cfi=(216)
cfn=(4322) zlink::socket_base_t::send(zlink::msg_t*, int)
calls=2 0 
0 11882
cob=(1)
cfi=(193)
cfn=(728)
calls=1 71 
0 797
0 5

fn=(4418) 0x00000000048c9110
0 424872
cob=(10)
cfi=(216)
cfn=(4422) zlink::msg_t::is_delimiter() const
calls=212436 0 
0 849744
cob=(1)
cfi=(193)
cfn=(728)
calls=1 71 
0 769
0 5

fn=(4510) 0x00000000048c68c0
0 106218
cob=(10)
cfi=(216)
cfn=(4514) zlink_msg_close
calls=53109 0 
0 4230567
cob=(1)
cfi=(193)
cfn=(728)
calls=1 71 
0 653
0 5

fn=(4654) 0x00000000048c7720
0 4
cob=(10)
cfi=(216)
cfn=(4658) zlink::tune_tcp_socket(int, int)
calls=2 0 
0 940
cob=(1)
cfi=(193)
cfn=(728)
calls=1 71 
0 737
0 5

fn=(4672) 0x00000000048c43e0
0 4
cob=(10)
cfi=(216)
cfn=(4676) zlink::tune_tcp_maxrt(int, int)
calls=2 0 
0 26
cob=(1)
cfi=(193)
cfn=(728)
calls=1 71 
0 713
0 5

fn=(4864) 0x00000000048c5af0
0 2
cob=(10)
cfi=(216)
cfn=(4868) zlink::asio_tcp_connecter_t::tune_socket(int)
calls=1 0 
0 128
cob=(1)
cfi=(193)
cfn=(728)
calls=1 71 
0 837
0 5

fn=(4922) 0x00000000048c4ca0
0 2
cob=(10)
cfi=(216)
cfn=(4926) zlink::asio_tcp_connecter_t::close()
calls=1 0 
0 21
cob=(1)
cfi=(193)
cfn=(728)
calls=1 71 
0 781
0 5

fn=(5132) 0x0000000004cd4fc0
0 2
cob=(9)
cfi=(192)
cfn=(5136) std::ctype<char>::_M_widen_init() const
calls=1 0 
0 803
cob=(1)
cfi=(193)
cfn=(728)
calls=1 71 
0 849
0 5

fn=(5170) 0x00000000048c52c0
0 4
cob=(10)
cfi=(216)
cfn=(5174) zlink::session_base_t::set_peer_routing_id(unsigned char const*, unsigned long)
calls=2 0 
0 439
cob=(1)
cfi=(193)
cfn=(728)
calls=1 71 
0 853
0 5

fn=(5182) 0x00000000048c9650
0 4
cob=(10)
cfi=(216)
cfn=(5186) zlink::asio_engine_t::cancel_timer(int)
calls=2 0 
0 755
cob=(1)
cfi=(193)
cfn=(728)
calls=1 71 
0 785
0 5

fn=(5302) 0x00000000048c8080
0 4
cob=(10)
cfi=(216)
cfn=(5306) zlink::msg_t::is_pong() const
calls=2 0 
0 12
cob=(1)
cfi=(193)
cfn=(728)
calls=1 71 
0 717
0 5

fn=(5318) 0x00000000048c3cd0
0 212434
cob=(10)
cfi=(216)
cfn=(5322) zlink::metadata_t::drop_ref()
calls=106217 0 
0 424868
cob=(1)
cfi=(193)
cfn=(728)
calls=1 71 
0 737
0 5

fn=(5372) 0x00000000048c5460
0 12
cob=(10)
cfi=(216)
cfn=(5376) zlink::socket_base_t::stop()
calls=6 0 
0 2724
cob=(1)
cfi=(193)
cfn=(728)
calls=1 71 
0 733
0 5

fn=(5390) 0x00000000048c50e0
0 20
cob=(10)
cfi=(216)
cfn=(5394) raw_monitor_snapshot_subject(monitor_handler_state_t*)
calls=10 0 
0 70
cob=(1)
cfi=(193)
cfn=(728)
calls=1 71 
0 893
0 5

fn=(5420) 0x00000000048c9dd0
0 14
cob=(10)
cfi=(216)
cfn=(5424) zlink::thread_t::stop()
calls=7 0 
0 3382
cob=(1)
cfi=(193)
cfn=(728)
calls=1 71 
0 705
0 5

fn=(5644) 0x00000000048c80a0
0 20
cob=(10)
cfi=(216)
cfn=(5648) zlink::object_t::send_pipe_term(zlink::pipe_t*)
calls=10 0 
0 2994
cob=(1)
cfi=(193)
cfn=(728)
calls=1 71 
0 845
0 5

fn=(5780) 0x00000000048c95e0
0 20
cob=(10)
cfi=(216)
cfn=(5784) zlink::socket_lifecycle_coordinator_t::clear_destroy_pending()
calls=10 0 
0 30
cob=(1)
cfi=(193)
cfn=(728)
calls=1 71 
0 949
0 5

fn=(5942) 0x00000000048c8210
0 6
cob=(10)
cfi=(216)
cfn=(5946) as_spot_handle(void*)
calls=3 0 
0 54
cob=(1)
cfi=(193)
cfn=(728)
calls=1 71 
0 665
0 5

fn=(6198) 0x00000000048c5120
0 105388
cob=(10)
cfi=(216)
cfn=(6202) zlink::shared_message_memory_allocator::inc_ref()
calls=52694 0 
0 210776
cob=(1)
cfi=(193)
cfn=(728)
calls=1 71 
0 873
0 5

fn=(6220) 0x00000000048c5680
0 1130
cob=(10)
cfi=(216)
cfn=(6224) zlink::fq_t::activated(zlink::pipe_t*)
calls=565 0 
0 12430
cob=(1)
cfi=(193)
cfn=(728)
calls=1 71 
0 777
0 5

fn=(6274) 0x00000000048c77b0
0 106214
cob=(10)
cfi=(216)
cfn=(6278) zlink::socket_callback_scope_t::socket_callback_scope_t(zlink::socket_base_t*, zlink::socket_lifecycle_coordinator_t&)
calls=53107 0 
0 1594140
cob=(1)
cfi=(193)
cfn=(728)
calls=1 71 
0 1109
0 5

fn=(6286) 0x00000000048c82a0
0 106214
cob=(10)
cfi=(216)
cfn=(6290) zlink::socket_base_t::socket_spot_handler_userdata() const
calls=53107 0 
0 159321
cob=(1)
cfi=(193)
cfn=(728)
calls=1 71 
0 897
0 5

fn=(6294) 0x000000000010b780
0 106214
cob=(10)
cfi=(216)
cfn=(4316)
calls=53107 0 
0 1700250

fn=(6332) 0x00000000048ca610
0 106214
cob=(10)
cfi=(216)
cfn=(6336) zlink::socket_callback_scope_t::~socket_callback_scope_t()
calls=53107 0 
0 2072103
cob=(1)
cfi=(193)
cfn=(728)
calls=1 71 
0 773
0 5

fn=(6358) 0x000000000010bab0
0 26
cob=(10)
cfi=(216)
cfn=(6360) zlink_monitor_snapshot
calls=13 0 
0 15085

fn=(6538) 0x0000000004cd5b60
0 16
cob=(2)
cfi=(368) ./libio/./libio/putc.c
cfn=(6542) putc
calls=8 25 
0 416
cob=(1)
cfi=(193)
cfn=(728)
calls=1 71 
0 791
0 5

fn=(6594) 0x00000000048c4c90
0 2
cob=(10)
cfi=(216)
cfn=(6598) zlink::ctx_t::shutdown()
calls=1 0 
0 3638
cob=(1)
cfi=(193)
cfn=(728)
calls=1 71 
0 701
0 5

fn=(6748) 0x00000000048c5a00
0 4
cob=(10)
cfi=(216)
cfn=(6752) zlink::asio_engine_t::~asio_engine_t()
calls=2 0 
0 10310
cob=(1)
cfi=(193)
cfn=(728)
calls=1 71 
0 729
0 5

fn=(6762) 0x00000000048c4aa0
0 4
cob=(10)
cfi=(216)
cfn=(6761) zlink::zmp_decoder_t::~zmp_decoder_t()'2
calls=2 0 
0 2345
cob=(1)
cfi=(193)
cfn=(728)
calls=1 71 
0 713
0 5

fn=(6926) 0x00000000048c7490
0 2
cob=(10)
cfi=(216)
cfn=(6925) zlink::io_thread_t::~io_thread_t()'2
calls=1 0 
0 7889
cob=(1)
cfi=(193)
cfn=(728)
calls=1 71 
0 709
0 5

fn=(6996) 0x00000000048c72a0
0 2
cob=(10)
cfi=(216)
cfn=(6995) zlink::reaper_t::~reaper_t()'2
calls=1 0 
0 2048
cob=(1)
cfi=(193)
cfn=(728)
calls=1 71 
0 685
0 5

fn=(7026) 0x000000000010b6b0
0 2
cob=(2)
cfi=(373)
cfn=(7028)
calls=1 30 
0 202

fn=(3282) 0x00000000048ca670
0 4
cob=(10)
cfi=(216)
cfn=(3286) zlink::ip_addr_t::set_port(unsigned short)
calls=2 0 
0 764
cob=(1)
cfi=(193)
cfn=(728)
calls=1 71 
0 733
0 5

fn=(4038) 0x00000000048c62b0
0 4
cob=(10)
cfi=(216)
cfn=(4042) zlink::address_t::to_string(std::__cxx11::basic_string<char, std::char_traits<char>, std::allocator<char> >&) const
calls=2 0 
0 20404
cob=(1)
cfi=(193)
cfn=(728)
calls=1 71 
0 1049
0 5

fn=(5476) 0x00000000048c5da0
0 20
cob=(10)
cfi=(216)
cfn=(5480) unregister_monitor_handlers(zlink::socket_base_t*)
calls=10 0 
0 5947
cob=(1)
cfi=(193)
cfn=(728)
calls=1 71 
0 885
0 5

fn=(574) 0x0000000004f06720
0 42
cob=(1)
cfi=(11) ./elf/./elf/dl-tunables.c
cfn=(28) __tunable_get_val
calls=21 387 
0 493

fn=(612) 0x0000000004f06660
0 2
cob=(2)
cfi=(184)
cfn=(614)
calls=1 53 
0 33

fn=(848) 0x0000000004cd5ec0
0 2
cob=(9)
cfi=(192)
cfn=(852) std::__timepunct<char>::_M_initialize_timepunct(__locale_struct*)
calls=1 0 
0 157
cob=(1)
cfi=(193)
cfn=(728)
calls=1 71 
0 1005
0 5

fn=(910) 0x0000000004cd45a0
0 2
cob=(9)
cfi=(192)
cfn=(914) std::codecvt<wchar_t, char, __mbstate_t>::codecvt(unsigned long)
calls=1 0 
0 44
cob=(1)
cfi=(193)
cfn=(728)
calls=1 71 
0 825
0 5

fn=(1138) 0x0000000004cd6920
0 28
cob=(9)
cfi=(192)
cfn=(1142) std::basic_ios<char, std::char_traits<char> >::_M_cache_locale(std::locale const&)
calls=14 0 
0 784
cob=(1)
cfi=(193)
cfn=(728)
calls=1 71 
0 1028
0 5

fn=(1158) 0x0000000004cd4620
0 22
cob=(2)
cfi=(206)
cfn=(1162)
calls=11 67 
0 832
cob=(1)
cfi=(193)
cfn=(728)
calls=1 71 
0 945
0 5

fn=(1666) 0x000000000010b6f0
0 2
cob=(2)
cfi=(229) ./stdlib/../stdlib/strtol.c
cfn=(1668) __isoc23_strtoul
calls=1 125 
0 132

fn=(1702) 0x00000000048c4810
0 2
cob=(10)
cfi=(216)
cfn=(1706) zlink::thread_ctx_t::thread_ctx_t()
calls=1 0 
0 121
cob=(1)
cfi=(193)
cfn=(728)
calls=1 71 
0 711
0 5

fn=(1886) 0x000000000010bbb0
0 4
cob=(10)
cfi=(216)
cfn=(1888) zlink_socket
calls=2 0 
0 157740

fn=(1914) 0x00000000048c9ea0
0 2
cob=(10)
cfi=(216)
cfn=(1918) zlink::ctx_socket_registry_t::initialize_slot_pool(unsigned long, unsigned long, zlink::i_mailbox*)
calls=1 0 
0 76000
cob=(1)
cfi=(193)
cfn=(728)
calls=1 71 
0 1011
0 5

fn=(2104) 0x00000000048c4150
0 14
cob=(2)
cfi=(255) ./string/../sysdeps/x86_64/multiarch/strncpy-avx2.S
cfn=(2108) __strncpy_avx2
calls=7 54 
0 249
cob=(1)
cfi=(193)
cfn=(728)
calls=1 71 
0 910
0 5

fn=(2110) 0x00000000048ca0f0
0 14
cob=(2)
cfi=(256) ./nptl/./nptl/pthread_create.c
cfn=(2114) pthread_create@@GLIBC_2.34
calls=7 626 
0 9535
cob=(1)
cfi=(193)
cfn=(728)
calls=1 71 
0 1004
0 5

fn=(2254) 0x00000000048c5eb0
0 20
cob=(10)
cfi=(216)
cfn=(2258) zlink::socket_base_t::socket_base_t(zlink::ctx_t*, unsigned int, int)
calls=10 0 
0 45080
cob=(1)
cfi=(193)
cfn=(728)
calls=1 71 
0 785
0 5

fn=(2290) 0x00000000048c5dc0
0 20
cob=(2)
cfi=(275) ./io/../sysdeps/unix/sysv/linux/open64.c
cfn=(2294) open
calls=10 30 
0 780
cob=(1)
cfi=(193)
cfn=(728)
calls=1 71 
0 820
0 5

fn=(2320) 0x00000000048c6f10
0 14
cob=(2)
cfi=(282) ./signal/./signal/sigfillset.c
cfn=(2324) sigfillset
calls=7 26 
0 49
cob=(1)
cfi=(193)
cfn=(728)
calls=1 71 
0 880
0 5

fn=(1434) 0x00000000048c4160
0 6008
cob=(9)
cfi=(192)
cfn=(1438)
calls=3004 0 
0 215347
cob=(1)
cfi=(193)
cfn=(728)
calls=1 71 
0 758
0 5

fn=(722) 0x0000000004cd6040
0 2
cob=(9)
cfi=(192)
cfn=(734) std::ios_base::Init::Init()
calls=1 0 
0 85631
cob=(1)
cfi=(193)
cfn=(728)
calls=1 71 
0 761
0 5

fn=(2394) 0x00000000048c6f70
0 328
cob=(10)
cfi=(216)
cfn=(2398) zlink::io_thread_t::process_mailbox()
calls=164 0 
0 3371017
cob=(1)
cfi=(193)
cfn=(728)
calls=1 71 
0 793
0 5

fn=(2412) 0x00000000048c9670
0 228350
cob=(2)
cfi=(228) ./csu/./csu/errno-loc.c
cfn=(1664) __errno_location
calls=114175 25 
0 456700
cob=(1)
cfi=(193)
cfn=(728)
calls=1 71 
0 956
0 5

fn=(2460) 0x00000000048c8200
0 52
cob=(2)
cfi=(290)
cfn=(2464) pthread_cond_timedwait@@GLIBC_2.3.2
calls=26 641 
0 8154
cob=(1)
cfi=(193)
cfn=(728)
calls=1 71 
0 1126
0 5

fn=(2508) 0x00000000048ca010
0 2
cob=(10)
cfi=(216)
cfn=(2512) zlink::sub_t::sub_t(zlink::ctx_t*, unsigned int, int)
calls=1 0 
0 6224
cob=(1)
cfi=(193)
cfn=(728)
calls=1 71 
0 733
0 5

fn=(2520) 0x00000000048c5750
0 2
cob=(10)
cfi=(216)
cfn=(2524) zlink::fq_t::fq_t()
calls=1 0 
0 7
cob=(1)
cfi=(193)
cfn=(728)
calls=1 71 
0 669
0 5

fn=(2556) 0x00000000048c7e20
0 2
cob=(10)
cfi=(216)
cfn=(2560) map_pub_option(int)
calls=1 0 
0 7
cob=(1)
cfi=(193)
cfn=(728)
calls=1 71 
0 685
0 5

fn=(2562) 0x00000000048c3dd0
0 50
cob=(10)
cfi=(216)
cfn=(2566) as_socket(void*)
calls=25 0 
0 1207
cob=(1)
cfi=(193)
cfn=(728)
calls=1 71 
0 629
0 5

fn=(2636) 0x00000000048c7070
0 72
cob=(10)
cfi=(216)
cfn=(2640) zlink::socket_base_t::setsockopt(int, void const*, unsigned long)
calls=36 0 
0 36426
cob=(1)
cfi=(193)
cfn=(728)
calls=1 71 
0 805
0 5

fn=(2682) 0x00000000048c7990
0 68
cob=(10)
cfi=(216)
cfn=(2686) zlink::socket_base_t::update_pipe_options(int)
calls=34 0 
0 9315
cob=(1)
cfi=(193)
cfn=(728)
calls=1 71 
0 837
0 5

fn=(2700) 0x000000000010b710
0 2
cob=(10)
cfi=(216)
cfn=(2702) zlink_set_subscription
calls=1 0 
0 17104

fn=(2740) 0x00000000048c5e60
0 3828694
cob=(10)
cfi=(216)
cfn=(2744) zlink::msg_t::check() const
calls=1914347 0 
0 11486082
cob=(1)
cfi=(193)
cfn=(728)
calls=1 71 
0 697
0 5

fn=(2812) 0x00000000048c6ea0
0 6
cob=(10)
cfi=(216)
cfn=(2816) zlink::socket_endpoint_runtime_t::has_attached_pipes() const
calls=3 0 
0 15
cob=(1)
cfi=(193)
cfn=(728)
calls=1 71 
0 909
0 5

fn=(2856) 0x00000000048c7480
0 186
cob=(9)
cfi=(192)
cfn=(2828)
calls=93 0 
0 12119
cob=(1)
cfi=(193)
cfn=(728)
calls=1 71 
0 1152
0 5

fn=(2860) 0x00000000048c3bc0
0 959166
cob=(2)
cfi=(223)
cfn=(1636)
calls=479583 255 
0 6606770
cob=(1)
cfi=(193)
cfn=(728)
calls=1 71 
0 1057
0 5

fn=(2900) 0x00000000048c9b70
0 10
cob=(10)
cfi=(216)
cfn=(2904) zlink::ctx_t::choose_io_thread(unsigned long)
calls=5 0 
0 3596
cob=(1)
cfi=(193)
cfn=(728)
calls=1 71 
0 773
0 5

fn=(2970) 0x00000000048c7aa0
0 6
cob=(10)
cfi=(216)
cfn=(2974) zlink::io_thread_t::get_io_context() const
calls=3 0 
0 18
cob=(1)
cfi=(193)
cfn=(728)
calls=1 71 
0 801
0 5

fn=(2988) 0x00000000048c3fd0
0 2
cob=(10)
cfi=(216)
cfn=(2992) boost::asio::execution_context::service* boost::asio::detail::service_registry::create<boost::asio::detail::epoll_reactor, boost::asio::execution_context>(void*)
calls=1 0 
0 4257
cob=(1)
cfi=(193)
cfn=(728)
calls=1 71 
0 1201
0 5

fn=(3054) 0x00000000048c3b70
0 4
cob=(10)
cfi=(216)
cfn=(3058) zlink::ip_resolver_options_t::ip_resolver_options_t()
calls=2 0 
0 10
cob=(1)
cfi=(193)
cfn=(728)
calls=1 71 
0 761
0 5

fn=(3120) 0x00000000048c5ca0
0 4
cob=(9)
cfi=(192)
cfn=(3124) std::__cxx11::basic_string<char, std::char_traits<char>, std::allocator<char> >::rfind(char, unsigned long) const
calls=2 0 
0 154
cob=(1)
cfi=(193)
cfn=(728)
calls=1 71 
0 1170
0 5

fn=(3164) 0x00000000048c7bf0
0 2
cob=(10)
cfi=(216)
cfn=(3168) zlink::service_control_runtime_t::loop()
calls=1 0 
0 3784
cob=(1)
cfi=(193)
cfn=(728)
calls=1 71 
0 829
0 5

fn=(6666) 0x00000000048c46d0
0 4
cob=(10)
cfi=(216)
cfn=(6670) zlink::dist_t::pipe_terminated(zlink::pipe_t*)
calls=2 0 
0 124
cob=(1)
cfi=(193)
cfn=(728)
calls=1 71 
0 821
0 5

fn=(3424) 0x00000000048ca820
0 2
cob=(10)
cfi=(216)
cfn=(3428) zlink::asio_tcp_listener_t::get_local_address(std::__cxx11::basic_string<char, std::char_traits<char>, std::allocator<char> >&) const
calls=1 0 
0 2572
cob=(1)
cfi=(193)
cfn=(728)
calls=1 71 
0 1185
0 5

fn=(3436) 0x0000000004cd5810
0 86
cob=(9)
cfi=(192)
cfn=(2828)
calls=43 0 
0 5877
cob=(1)
cfi=(193)
cfn=(728)
calls=1 71 
0 1030
0 5

fn=(3470) 0x00000000048c9a20
0 8
cob=(10)
cfi=(216)
cfn=(3474) zlink::object_t::send_plug(zlink::own_t*, bool)
calls=4 0 
0 5724
cob=(1)
cfi=(193)
cfn=(728)
calls=1 71 
0 801
0 5

fn=(3550) 0x000000000010bc90
0 8
cob=(10)
cfi=(216)
cfn=(3552) zlink_socket_monitor_open
calls=4 0 
0 165990

fn=(3614) 0x00000000048caa30
0 8
cob=(10)
cfi=(216)
cfn=(3618) zlink::object_t::register_endpoint(char const*, zlink::endpoint_t const&)
calls=4 0 
0 10225
cob=(1)
cfi=(193)
cfn=(728)
calls=1 71 
0 917
0 5

fn=(3700) 0x00000000048c43f0
0 8
cob=(10)
cfi=(216)
cfn=(3704) zlink::ctx_inproc_registry_t::find_endpoint(char const*)
calls=4 0 
0 5833
cob=(1)
cfi=(193)
cfn=(728)
calls=1 71 
0 853
0 5

fn=(3712) 0x00000000048c5090
0 24
cob=(10)
cfi=(216)
cfn=(3716) zlink::pipe_t::pipe_t(zlink::object_t*, zlink::ypipe_base_t<zlink::msg_t>*, zlink::ypipe_base_t<zlink::msg_t>*, int, int, bool)
calls=12 0 
0 2574
cob=(1)
cfi=(193)
cfn=(728)
calls=1 71 
0 965
0 5

fn=(3788) 0x00000000048c8860
0 20
cob=(10)
cfi=(216)
cfn=(3792) zlink::socket_base_t::event_connection_ready_changed(zlink::endpoint_uri_pair_t const&, unsigned char const*, unsigned long)
calls=10 0 
0 13801
cob=(1)
cfi=(193)
cfn=(728)
calls=1 71 
0 1089
0 5

fn=(3808) 0x00000000048c3b80
0 38
cob=(10)
cfi=(216)
cfn=(3812) zlink::socket_monitor_runtime_t::ready_count() const
calls=19 0 
0 57
cob=(1)
cfi=(193)
cfn=(728)
calls=1 71 
0 853
0 5

fn=(3836) 0x00000000048c4bd0
0 212478
cob=(10)
cfi=(216)
cfn=(3840) zlink::socket_base_t::socket_msg_dispatch_active() const
calls=106239 0 
0 531195
cob=(1)
cfi=(193)
cfn=(728)
calls=1 71 
0 877
0 5

fn=(3960) 0x00000000048c91d0
0 425054
cob=(10)
cfi=(216)
cfn=(3964) zlink::pipe_t::check_hwm() const
calls=212527 0 
0 30395514
cob=(1)
cfi=(193)
cfn=(728)
calls=1 71 
0 721
0 5

fn=(4218) 0x00000000048c3f00
0 8
cob=(10)
cfi=(216)
cfn=(4222) zlink::socket_base_t::get_events_internal(int, unsigned int*)
calls=4 0 
0 4600
cob=(1)
cfi=(193)
cfn=(728)
calls=1 71 
0 849
0 5

fn=(4248) 0x00000000048c8310
0 8
cob=(10)
cfi=(216)
cfn=(4252) zlink::socket_base_t::monitor_loop()
calls=4 0 
0 53762
cob=(1)
cfi=(193)
cfn=(728)
calls=1 71 
0 793
0 5

fn=(4300) 0x00000000048c6780
0 106222
cob=(10)
cfi=(216)
cfn=(4304) zlink_msg_data
calls=53111 0 
0 1699568
cob=(1)
cfi=(193)
cfn=(728)
calls=1 71 
0 629
0 5

fn=(4324) 0x00000000048c7540
0 106218
cob=(10)
cfi=(216)
cfn=(4328) zlink::socket_public_send_scope_t::socket_public_send_scope_t(zlink::socket_lifecycle_coordinator_t&, bool)
calls=53109 0 
0 1275632
cob=(1)
cfi=(193)
cfn=(728)
calls=1 71 
0 1029
0 5

fn=(4346) 0x00000000048c9580
0 212432
cob=(10)
cfi=(216)
cfn=(4350) zlink::msg_t::reset_flags(unsigned char)
calls=106216 0 
0 424864
cob=(1)
cfi=(193)
cfn=(728)
calls=1 71 
0 725
0 5

fn=(4352) 0x00000000048c5b20
0 212432
cob=(10)
cfi=(216)
cfn=(4356) zlink::msg_t::reset_metadata()
calls=106216 0 
0 1274592
cob=(1)
cfi=(193)
cfn=(728)
calls=1 71 
0 745
0 5

fn=(4360) 0x00000000048cac70
0 4
cob=(10)
cfi=(216)
cfn=(4364) zlink::pipe_t::write_and_flush(zlink::msg_t const*)
calls=2 0 
0 2369
cob=(1)
cfi=(193)
cfn=(728)
calls=1 71 
0 845
0 5

fn=(4476) 0x00000000048c9310
0 4
cob=(10)
cfi=(216)
cfn=(4480) zlink::socket_base_t::recv(zlink::msg_t*, int)
calls=2 0 
0 3928
cob=(1)
cfi=(193)
cfn=(728)
calls=1 71 
0 805
0 5

fn=(4544) 0x00000000048ca5d0
0 2
cob=(10)
cfi=(216)
cfn=(4548) zlink::asio_tcp_connecter_t::start_connecting()
calls=1 0 
0 9216
cob=(1)
cfi=(193)
cfn=(728)
calls=1 71 
0 853
0 5

fn=(4624) 0x00000000048ca870
0 8
cob=(2)
cfi=(299)
cfn=(4628) getpeername
calls=4 120 
0 24
cob=(1)
cfi=(193)
cfn=(728)
calls=1 71 
0 876
0 5

fn=(4648) 0x00000000048c4b10
0 2
cob=(10)
cfi=(216)
cfn=(4652) zlink::asio_tcp_listener_t::tune_socket(int) const
calls=1 0 
0 3207
cob=(1)
cfi=(193)
cfn=(728)
calls=1 71 
0 829
0 5

fn=(4690) 0x00000000048c9640
0 4
cob=(10)
cfi=(216)
cfn=(4694) zlink::asio_engine_t::asio_engine_t(int, zlink::options_t const&, zlink::endpoint_uri_pair_t const&, std::unique_ptr<zlink::i_asio_transport, std::default_delete<zlink::i_asio_transport> >)
calls=2 0 
0 28021
cob=(1)
cfi=(193)
cfn=(728)
calls=1 71 
0 1353
0 5

fn=(4888) 0x00000000048ca190
0 2
cob=(10)
cfi=(216)
cfn=(4892) zlink::socket_base_t::event_connected(zlink::endpoint_uri_pair_t const&, int)
calls=1 0 
0 169
cob=(1)
cfi=(193)
cfn=(728)
calls=1 71 
0 973
0 5

fn=(4914) 0x00000000048c4030
0 8
cob=(10)
cfi=(216)
cfn=(4918) zlink::object_t::send_term(zlink::own_t*, int)
calls=4 0 
0 916
cob=(1)
cfi=(193)
cfn=(728)
calls=1 71 
0 793
0 5

fn=(5006) 0x00000000048c9cf0
0 4
cob=(10)
cfi=(216)
cfn=(5010) zlink::asio_zmp_engine_t::parse_hello(unsigned char const*, unsigned long)
calls=2 0 
0 1064
cob=(1)
cfi=(193)
cfn=(728)
calls=1 71 
0 829
0 5

fn=(5024) 0x00000000048c3e10
0 4
cob=(10)
cfi=(216)
cfn=(5028) zlink::zmp_decoder_t::zmp_decoder_t(unsigned long, long)
calls=2 0 
0 2454
cob=(1)
cfi=(193)
cfn=(728)
calls=1 71 
0 721
0 5

fn=(5036) 0x00000000048c5b50
0 1144
cob=(10)
cfi=(216)
cfn=(5040) zlink::shared_message_memory_allocator::allocate()
calls=572 0 
0 147071
cob=(1)
cfi=(193)
cfn=(728)
calls=1 71 
0 865
0 5

fn=(5068) 0x00000000048c3f50
0 212434
cob=(10)
cfi=(216)
cfn=(5072) zlink::zmp_decoder_t::size_ready(unsigned int, unsigned char const*)
calls=106217 0 
0 28944354
cob=(1)
cfi=(193)
cfn=(728)
calls=1 71 
0 793
0 5

fn=(5090) 0x00000000048c45c0
0 4
cob=(10)
cfi=(216)
cfn=(5094) zlink::asio_zmp_engine_t::process_command_message(zlink::msg_t*)
calls=2 0 
0 17258
cob=(1)
cfi=(193)
cfn=(728)
calls=1 71 
0 937
0 5

fn=(5120) 0x00000000048c5150
0 4
cob=(9)
cfi=(192)
cfn=(5124) std::ostream::operator<<(int)
calls=2 0 
0 4522
cob=(1)
cfi=(193)
cfn=(728)
calls=1 71 
0 775
0 5

fn=(5216) 0x00000000048ca3a0
0 1190
cob=(10)
cfi=(216)
cfn=(5220) zlink::asio_engine_t::prepare_gather_output()
calls=595 0 
0 17850
cob=(1)
cfi=(193)
cfn=(728)
calls=1 71 
0 849
0 5

fn=(5222) 0x00000000048c47f0
0 1136
cob=(10)
cfi=(216)
cfn=(5226) zlink::asio_engine_t::process_output()
calls=568 0 
0 60513452
cob=(1)
cfi=(193)
cfn=(728)
calls=1 71 
0 797
0 5

fn=(5296) 0x00000000048c5b40
0 4
cob=(10)
cfi=(216)
cfn=(5300) zlink::msg_t::is_ping() const
calls=2 0 
0 12
cob=(1)
cfi=(193)
cfn=(728)
calls=1 71 
0 701
0 5

fn=(5308) 0x00000000048c49d0
0 2
cob=(10)
cfi=(216)
cfn=(5312) zlink::msg_t::command_body_size() const
calls=1 0 
0 73
cob=(1)
cfi=(193)
cfn=(728)
calls=1 71 
0 769
0 5

fn=(5426) 0x00000000048c50c0
0 14
cob=(2)
cfi=(334) ./nptl/./nptl/pthread_join.c
cfn=(5430) pthread_join@@GLIBC_2.34
calls=7 23 
0 2334
cob=(1)
cfi=(193)
cfn=(728)
calls=1 71 
0 903
0 5

fn=(5504) 0x00000000048c84f0
0 20
cob=(10)
cfi=(216)
cfn=(5508) zlink::socket_base_t::finish_close_handoff()
calls=10 0 
0 16709
cob=(1)
cfi=(193)
cfn=(728)
calls=1 71 
0 849
0 5

fn=(5580) 0x00000000048c96d0
0 20
cob=(10)
cfi=(216)
cfn=(5584) zlink::socket_base_t::start_reaping(zlink::asio_poller_t*)
calls=10 0 
0 37216
cob=(1)
cfi=(193)
cfn=(728)
calls=1 71 
0 905
0 5

fn=(5658) 0x00000000048c8850
0 20
cob=(10)
cfi=(216)
cfn=(5662) zlink::msg_t::init_delimiter()
calls=10 0 
0 50
cob=(1)
cfi=(193)
cfn=(728)
calls=1 71 
0 761
0 5

fn=(5720) 0x00000000048c5670
0 20
cob=(10)
cfi=(216)
cfn=(5724) zlink::socket_inprocs_t::erase_pipe(zlink::pipe_t const*)
calls=10 0 
0 1282
cob=(1)
cfi=(193)
cfn=(728)
calls=1 71 
0 865
0 5

fn=(5870) 0x000000000010b810
0 2
cob=(2)
cfi=(241)
cfn=(1934)
calls=1 158 
0 12

fn=(5894) 0x00000000048c58b0
0 6
cob=(10)
cfi=(216)
cfn=(5898) zlink::discovery_t::check_tag() const
calls=3 0 
0 12
cob=(1)
cfi=(193)
cfn=(728)
calls=1 71 
0 765
0 5

fn=(5918) 0x00000000048c76e0
0 6
cob=(10)
cfi=(216)
cfn=(5922) zlink::spot_pub_t::check_tag() const
calls=3 0 
0 12
cob=(1)
cfi=(193)
cfn=(728)
calls=1 71 
0 749
0 5

fn=(5924) 0x00000000048c97e0
0 6
cob=(10)
cfi=(216)
cfn=(5928) as_spot_sub_side_handle(void*)
calls=3 0 
0 816
cob=(1)
cfi=(193)
cfn=(728)
calls=1 71 
0 737
0 5

fn=(5974) 0x000000000010bbd0
0 4
cob=(2)
cfi=(229)
cfn=(4554) __isoc23_strtol
calls=2 125 
0 214

fn=(6016) 0x00000000048ca360
0 2
cob=(10)
cfi=(216)
cfn=(6020) zlink::socket_lifecycle_coordinator_t::start_async_mailbox_processing(zlink::mailbox_t*, zlink::io_thread_t*, void (*)(void*), void*, void (*)(void*))
calls=1 0 
0 685
cob=(1)
cfi=(193)
cfn=(728)
calls=1 71 
0 1269
0 5

fn=(6084) 0x00000000048c86a0
0 212428
cob=(10)
cfi=(216)
cfn=(6088) zlink::dist_t::write_at(unsigned long, zlink::msg_t*)
calls=106214 0 
0 34915627
cob=(1)
cfi=(193)
cfn=(728)
calls=1 71 
0 789
0 5

fn=(6110) 0x00000000048c7d40
0 158
cob=(10)
cfi=(216)
cfn=(6114) zlink::socket_base_t::send_ready_handler_active() const
calls=79 0 
0 395
cob=(1)
cfi=(193)
cfn=(728)
calls=1 71 
0 877
0 5

fn=(6450) 0x000000000010b950
0 16
cob=(9)
cfi=(192)
cfn=(6452) std::ostream& std::ostream::_M_insert<unsigned long>(unsigned long)
calls=8 0 
0 4437

fn=(6584) 0x00000000048c7190
0 2
cob=(10)
cfi=(216)
cfn=(6588) zlink::socket_lifecycle_coordinator_t::mark_async_processing_stopped(zlink::mailbox_t*)
calls=1 0 
0 353
cob=(1)
cfi=(193)
cfn=(728)
calls=1 71 
0 1081
0 5

fn=(6726) 0x00000000048ca5c0
0 2
cob=(10)
cfi=(216)
cfn=(6730) zlink::address_t::~address_t()
calls=1 0 
0 134
cob=(1)
cfi=(193)
cfn=(728)
calls=1 71 
0 685
0 5

fn=(6744) 0x00000000048c69a0
0 4
cob=(10)
cfi=(216)
cfn=(6743) zlink::asio_zmp_engine_t::~asio_zmp_engine_t()'2
calls=2 0 
0 11312
cob=(1)
cfi=(193)
cfn=(728)
calls=1 71 
0 753
0 5

fn=(6766) 0x00000000048c5850
0 8
cob=(10)
cfi=(216)
cfn=(6770) zlink::shared_message_memory_allocator::deallocate()
calls=4 0 
0 477
cob=(1)
cfi=(193)
cfn=(728)
calls=1 71 
0 881
0 5

fn=(6808) 0x00000000048c5920
0 2
cob=(10)
cfi=(216)
cfn=(6812) zlink::trie_t::~trie_t()
calls=1 0 
0 17
cob=(1)
cfi=(193)
cfn=(728)
calls=1 71 
0 665
0 5

fn=(6872) 0x00000000048c9230
0 2
cob=(10)
cfi=(216)
cfn=(6876) zlink::ctx_t::~ctx_t()
calls=1 0 
0 23935
cob=(1)
cfi=(193)
cfn=(728)
calls=1 71 
0 661
0 5

fn=(6878) 0x00000000048c40c0
0 2
cob=(10)
cfi=(216)
cfn=(6882) zlink::ctx_termination_t::teardown_runtime(zlink::ctx_t&)
calls=1 0 
0 20798
cob=(1)
cfi=(193)
cfn=(728)
calls=1 71 
0 893
0 5

fn=(6902) 0x00000000048c4b00
0 2
cob=(10)
cfi=(216)
cfn=(6906) zlink::ctx_io_thread_registry_t::stop_all()
calls=1 0 
0 1403
cob=(1)
cfi=(193)
cfn=(728)
calls=1 71 
0 829
0 5

fn=(6930) 0x00000000048c4dd0
0 4
cob=(10)
cfi=(216)
cfn=(6934) zlink::asio_poller_t::~asio_poller_t()
calls=2 0 
0 7829
cob=(1)
cfi=(193)
cfn=(728)
calls=1 71 
0 713
0 5

fn=(6990) 0x00000000048c6db0
0 2
cob=(10)
cfi=(216)
cfn=(6994) zlink::reaper_t::~reaper_t()
calls=1 0 
0 2843
cob=(1)
cfi=(193)
cfn=(728)
calls=1 71 
0 677
0 5

fn=(7062) 0x000000000483d294
0 4

fn=(7190) 0x0000000004ed7748
0 4

fn=(7234) 0x00000000056c0220
0 2
cob=(2)
cfi=(373)
cfn=(7028)
calls=1 30 
0 202

fn=(4094) 0x0000000004cd5eb0
0 4
cob=(9)
cfi=(192)
cfn=(4098) std::__cxx11::basic_string<char, std::char_traits<char>, std::allocator<char> >::swap(std::__cxx11::basic_string<char, std::char_traits<char>, std::allocator<char> >&)
calls=2 0 
0 102
cob=(1)
cfi=(193)
cfn=(728)
calls=1 71 
0 1030
0 5

fn=(5498) 0x00000000048c78e0
0 20
cob=(10)
cfi=(216)
cfn=(5502) zlink::socket_lifecycle_coordinator_t::begin_close_or_fail_busy(bool)
calls=10 0 
0 160
cob=(1)
cfi=(193)
cfn=(728)
calls=1 71 
0 961
0 5

fn=(770) 0x0000000004cd63c0
0 44
cob=(9)
cfi=(192)
cfn=(774) std::locale::facet::_S_get_c_locale()
calls=22 0 
0 3525
cob=(1)
cfi=(193)
cfn=(728)
calls=1 71 
0 869
0 5

fn=(776) 0x0000000004cd4790
0 80
cob=(2)
cfi=(195) ./nptl/./nptl/pthread_once.c
cfn=(780) pthread_once@@GLIBC_2.34
calls=40 136 
0 2290
cob=(1)
cfi=(193)
cfn=(728)
calls=1 71 
0 1044
0 5

fn=(790) 0x0000000004cd4500
0 2
cob=(9)
cfi=(192)
cfn=(794) std::locale::facet::_S_create_c_locale(__locale_struct*&, char const*, __locale_struct*)
calls=1 0 
0 875
cob=(1)
cfi=(193)
cfn=(728)
calls=1 71 
0 1013
0 5

fn=(618) 0x00000000056c0000
0 7

fn=(884) 0x0000000004cd6b80
0 512
cob=(2)
cfi=(201) ./wcsmbs/./wcsmbs/btowc.c
cfn=(888) btowc
calls=256 32 
0 11136
cob=(1)
cfi=(193)
cfn=(728)
calls=1 71 
0 777
0 5

fn=(894) 0x0000000004cd4f00
0 24
cob=(9)
cfi=(192)
cfn=(898) std::ctype<wchar_t>::_M_convert_to_wmask(unsigned short) const
calls=12 0 
0 4261
cob=(1)
cfi=(193)
cfn=(728)
calls=1 71 
0 857
0 5

fn=(900) 0x0000000004cd4580
0 20
cob=(2)
cfi=(204) ./wctype/./wctype/wctype_l.c
cfn=(904) wctype_l
calls=10 26 
0 3300
cob=(1)
cfi=(193)
cfn=(728)
calls=1 71 
0 790
0 5

fn=(946) 0x0000000004cd3ca0
0 2
cob=(9)
cfi=(192)
cfn=(950) std::__cxx11::messages<wchar_t>::messages(unsigned long)
calls=1 0 
0 51
cob=(1)
cfi=(193)
cfn=(728)
calls=1 71 
0 788
0 5

fn=(1020) 0x0000000004cd50a0
0 2
cob=(9)
cfi=(192)
cfn=(1024) std::numpunct<wchar_t>::_M_initialize_numpunct(__locale_struct*)
calls=1 0 
0 353
cob=(1)
cfi=(193)
cfn=(728)
calls=1 71 
0 981
0 5

fn=(1662) 0x000000000010bc60
0 6
cob=(2)
cfi=(228)
cfn=(1664)
calls=3 25 
0 12

fn=(1674) 0x000000000010bc80
0 8
cob=(2)
cfi=(205)
cfn=(908)
calls=4 73 
0 88

fn=(1736) 0x00000000048c4a20
0 26
cob=(10)
cfi=(216)
cfn=(1740) zlink::signaler_t::signaler_t()
calls=13 0 
0 7516
cob=(1)
cfi=(193)
cfn=(728)
calls=1 71 
0 691
0 5

fn=(1984) 0x00000000048c83f0
0 4
cob=(2)
cfi=(242) ./nptl/./nptl/pthread_condattr_init.c
cfn=(1988) pthread_condattr_init
calls=2 24 
0 8
cob=(1)
cfi=(193)
cfn=(728)
calls=1 71 
0 969
0 5

fn=(1996) 0x00000000048c5bb0
0 4
cob=(2)
cfi=(244) ./nptl/./nptl/pthread_cond_init.c
cfn=(2000) pthread_cond_init@@GLIBC_2.3.2
calls=2 27 
0 34
cob=(1)
cfi=(193)
cfn=(728)
calls=1 71 
0 1036
0 5

fn=(2014) 0x00000000048c3840
0 1750
cob=(10)
cfi=(216)
cfn=(2018) zlink::mailbox_t::schedule_if_needed()
calls=875 0 
0 194541
cob=(1)
cfi=(193)
cfn=(728)
calls=1 71 
0 787
0 5

fn=(2048) 0x00000000048c51a0
0 2
cob=(10)
cfi=(216)
cfn=(2052) zlink::reaper_t::start()
calls=1 0 
0 8884
cob=(1)
cfi=(193)
cfn=(728)
calls=1 71 
0 695
0 5

fn=(2074) 0x00000000048ca8e0
0 24
cob=(2)
cfi=(247) ./debug/./debug/snprintf_chk.c
cfn=(2078) __snprintf_chk
calls=12 27 
0 9367
cob=(1)
cfi=(193)
cfn=(728)
calls=1 71 
0 878
0 5

fn=(2284) 0x00000000048c70b0
0 20
cob=(10)
cfi=(216)
cfn=(2288) zlink::generate_random_bytes(unsigned char*, unsigned long)
calls=10 0 
0 4929
cob=(1)
cfi=(193)
cfn=(728)
calls=1 71 
0 769
0 5

fn=(1456) 0x00000000048c7c70
0 154
cob=(2)
cfi=(188)
cfn=(638)
calls=77 24 
0 35533
cob=(1)
cfi=(193)
cfn=(728)
calls=1 71 
0 837
0 5

fn=(704) 0x0000000004eb4000
0 7

fn=(2400) 0x00000000048c5860
0 918
cob=(10)
cfi=(216)
cfn=(2404) zlink::mailbox_t::recv(zlink::command_t*, int)
calls=459 0 
0 91146
cob=(1)
cfi=(193)
cfn=(728)
calls=1 71 
0 801
0 5

fn=(2488) 0x00000000048c5a80
0 1279146
cob=(10)
cfi=(216)
cfn=(2492) zlink::msg_t::init()
calls=639573 0 
0 3837438
cob=(1)
cfi=(193)
cfn=(728)
calls=1 71 
0 677
0 5

fn=(2552) 0x000000000010ba20
0 2
cob=(10)
cfi=(216)
cfn=(2554) zlink_set_pub_option
calls=1 0 
0 12090

fn=(2644) 0x000000000010bb50
0 2
cob=(9)
cfi=(192)
cfn=(2646) std::__cxx11::basic_string<char, std::char_traits<char>, std::allocator<char> >::reserve(unsigned long)
calls=1 0 
0 22

fn=(2648) 0x000000000010bad0
0 8
cob=(9)
cfi=(192)
cfn=(2650)
calls=4 0 
0 1240

fn=(2696) 0x000000000010b9b0
0 2
cob=(9)
cfi=(192)
cfn=(1444) __cxa_guard_release
calls=1 0 
0 9

fn=(2752) 0x00000000048c96e0
0 2761800
cob=(10)
cfi=(216)
cfn=(2756) zlink::msg_t::flags() const
calls=1380900 0 
0 4142700
cob=(1)
cfi=(193)
cfn=(728)
calls=1 71 
0 713
0 5

fn=(2882) 0x00000000048c5e80
0 28
cob=(10)
cfi=(216)
cfn=(2886) zlink::socket_base_t::check_protocol(std::__cxx11::basic_string<char, std::char_traits<char>, std::allocator<char> > const&) const
calls=14 0 
0 1400
cob=(1)
cfi=(193)
cfn=(728)
calls=1 71 
0 1129
0 5

fn=(2894) 0x00000000048ca230
0 10
cob=(10)
cfi=(216)
cfn=(2898) zlink::object_t::choose_io_thread(unsigned long) const
calls=5 0 
0 4399
cob=(1)
cfi=(193)
cfn=(728)
calls=1 71 
0 797
0 5

fn=(2924) 0x00000000048c4db0
0 14
cob=(10)
cfi=(216)
cfn=(2928) zlink::poller_base_t::get_load() const
calls=7 0 
0 21
cob=(1)
cfi=(193)
cfn=(728)
calls=1 71 
0 761
0 5

fn=(2958) 0x00000000048caa70
0 8
cob=(10)
cfi=(216)
cfn=(2962) zlink::io_object_t::plug(zlink::io_thread_t*)
calls=4 0 
0 886
cob=(1)
cfi=(193)
cfn=(728)
calls=1 71 
0 837
0 5

fn=(3216) 0x0000000004f06450
0 4
cob=(2)
cfi=(209)
cfn=(2136) calloc
calls=2 3699 
0 1012

fn=(3220) 0x0000000004f06430
0 168
cob=(2)
cfi=(223)
cfn=(3222) __mempcpy_avx_unaligned_erms
calls=84 242 
0 1479

fn=(3224) 0x0000000004f06670
0 10
cob=(2)
cfi=(241)
cfn=(3226) __memset_chk_avx2_unaligned_erms
calls=5 152 
0 95

fn=(3240) 0x00000000048c7120
0 2
cob=(2)
cfi=(298)
cfn=(3244) freeifaddrs
calls=1 843 
0 210
cob=(1)
cfi=(193)
cfn=(728)
calls=1 71 
0 870
0 5

fn=(3316) 0x00000000048c4650
0 12
cob=(10)
cfi=(216)
cfn=(3320) zlink::tcp_address_t::addr() const
calls=6 0 
0 812
cob=(1)
cfi=(193)
cfn=(728)
calls=1 71 
0 737
0 5

fn=(3322) 0x00000000048c3cf0
0 12
cob=(10)
cfi=(216)
cfn=(3326) zlink::ip_addr_t::as_sockaddr() const
calls=6 0 
0 18
cob=(1)
cfi=(193)
cfn=(728)
calls=1 71 
0 765
0 5

fn=(3458) 0x00000000048c66e0
0 8
cob=(10)
cfi=(216)
cfn=(3462) zlink::own_t::launch_child(zlink::own_t*)
calls=4 0 
0 9468
cob=(1)
cfi=(193)
cfn=(728)
calls=1 71 
0 749
0 5

fn=(3502) 0x00000000048c47d0
0 1722
cob=(10)
cfi=(216)
cfn=(3506) zlink::signaler_t::send()
calls=861 0 
0 78351
cob=(1)
cfi=(193)
cfn=(728)
calls=1 71 
0 721
0 5

fn=(3578) 0x00000000048c42b0
0 16
cob=(10)
cfi=(216)
cfn=(3582) zlink::socket_lifecycle_coordinator_t::set_monitor_async_mailbox_owned(bool)
calls=8 0 
0 24
cob=(1)
cfi=(193)
cfn=(728)
calls=1 71 
0 1001
0 5

fn=(3664) 0x00000000048c8ee0
0 8
cob=(10)
cfi=(216)
cfn=(3668) zlink::socket_monitor_runtime_t::start_worker(void (*)(void*), void*, char const*)
calls=4 0 
0 5677
cob=(1)
cfi=(193)
cfn=(728)
calls=1 71 
0 917
0 5

fn=(3746) 0x00000000048c6d90
0 20
cob=(10)
cfi=(216)
cfn=(3750) zlink::pipe_t::set_router_socket_routing_id(zlink::blob_t const&)
calls=10 0 
0 1594
cob=(1)
cfi=(193)
cfn=(728)
calls=1 71 
0 913
0 5

fn=(3814) 0x00000000048c6c30
0 20
cob=(10)
cfi=(216)
cfn=(3818) zlink::socket_base_t::attach_pipe(zlink::pipe_t*, bool, bool)
calls=10 0 
0 43152
cob=(1)
cfi=(193)
cfn=(728)
calls=1 71 
0 873
0 5

fn=(3864) 0x00000000048c6f00
0 58
cob=(10)
cfi=(216)
cfn=(3868) zlink::socket_endpoint_runtime_t::attached_pipe(unsigned long)
calls=29 0 
0 116
cob=(1)
cfi=(193)
cfn=(728)
calls=1 71 
0 865
0 5

fn=(3914) 0x00000000048c6fb0
0 4
cob=(10)
cfi=(216)
cfn=(3918) zlink::session_base_t::create(zlink::io_thread_t*, bool, zlink::socket_base_t*, zlink::options_t const&, zlink::address_t*)
calls=2 0 
0 2927
cob=(1)
cfi=(193)
cfn=(728)
calls=1 71 
0 1165
0 5

fn=(3946) 0x00000000048c77a0
0 2
cob=(10)
cfi=(216)
cfn=(3950) zlink::trie_t::apply_helper(unsigned char**, unsigned long, unsigned long, void (*)(unsigned char*, unsigned long, void*), void*) const
calls=1 0 
0 4632
cob=(1)
cfi=(193)
cfn=(728)
calls=1 71 
0 845
0 5

fn=(3954) 0x00000000048c6c20
0 212432
cob=(10)
cfi=(216)
cfn=(3958) zlink::pipe_t::write(zlink::msg_t const*)
calls=106216 0 
0 38193058
cob=(1)
cfi=(193)
cfn=(728)
calls=1 71 
0 765
0 5

fn=(3994) 0x00000000048c8340
0 6
cob=(10)
cfi=(216)
cfn=(3998) zlink::socket_base_t::emit_socket_monitor_value_event(unsigned long, unsigned long, zlink::endpoint_uri_pair_t const&)
calls=3 0 
0 8831
cob=(1)
cfi=(193)
cfn=(728)
calls=1 71 
0 1069
0 5

fn=(4120) 0x0000000004cd54d0
0 8
cob=(9)
cfi=(192)
cfn=(4124) std::ios_base::_M_call_callbacks(std::ios_base::event)
calls=4 0 
0 64
cob=(1)
cfi=(193)
cfn=(728)
calls=1 71 
0 929
0 5

fn=(4166) 0x00000000048c6280
0 4
cob=(10)
cfi=(216)
cfn=(4170) validate_socket_callback_poller_events(socket_handle_t, short)
calls=2 0 
0 872
cob=(1)
cfi=(193)
cfn=(728)
calls=1 71 
0 913
0 5

fn=(4200) 0x00000000048c8d20
0 4
cob=(10)
cfi=(216)
cfn=(4204) zlink::signaler_t::get_fd() const
calls=2 0 
0 6
cob=(1)
cfi=(193)
cfn=(728)
calls=1 71 
0 749
0 5

fn=(4212) 0x00000000048c73f0
0 8
cob=(10)
cfi=(216)
cfn=(4216) zlink::socket_poller_t::check_events(zlink::socket_poller_t::event_t*, int)
calls=4 0 
0 5704
cob=(1)
cfi=(193)
cfn=(728)
calls=1 71 
0 889
0 5

fn=(4452) 0x00000000048c5b80
0 4
cob=(10)
cfi=(216)
cfn=(4456) recv_socket_monitor_event_unchecked(void*, zlink_monitor_event_t*, int)
calls=2 0 
0 9030
cob=(1)
cfi=(193)
cfn=(728)
calls=1 71 
0 949
0 5

fn=(5050) 0x00000000048c7c10
0 214714
cob=(10)
cfi=(216)
cfn=(5054) zlink::shared_message_memory_allocator::size() const
calls=107357 0 
0 322071
cob=(1)
cfi=(193)
cfn=(728)
calls=1 71 
0 853
0 5

fn=(5096) 0x00000000048c6880
0 4
cob=(10)
cfi=(216)
cfn=(5100) zlink::asio_zmp_engine_t::process_ready_message(zlink::msg_t*)
calls=2 0 
0 16158
cob=(1)
cfi=(193)
cfn=(728)
calls=1 71 
0 925
0 5

fn=(5102) 0x00000000048c6540
0 4
cob=(10)
cfi=(216)
cfn=(5106) zlink::asio_engine_t::init_properties(std::map<std::__cxx11::basic_string<char, std::char_traits<char>, std::allocator<char> >, std::__cxx11::basic_string<char, std::char_traits<char>, std::allocator<char> >, std::less<std::__cxx11::basic_string<char, std::char_traits<char>, std::allocator<char> > >, std::allocator<std::pair<std::__cxx11::basic_string<char, std::char_traits<char>, std::allocator<char> > const, std::__cxx11::basic_string<char, std::char_traits<char>, std::allocator<char> > > > >&)
calls=2 0 
0 10427
cob=(1)
cfi=(193)
cfn=(728)
calls=1 71 
0 1373
0 5

fn=(5290) 0x00000000048c6410
0 2
cob=(10)
cfi=(216)
cfn=(5294) zlink::msg_t::command_body()
calls=1 0 
0 1502
cob=(1)
cfi=(193)
cfn=(728)
calls=1 71 
0 733
0 5

fn=(5396) 0x00000000048c9ee0
0 40
cob=(10)
cfi=(216)
cfn=(5400) zlink::socket_base_t::stop_monitor(bool)
calls=20 0 
0 26991
cob=(1)
cfi=(193)
cfn=(728)
calls=1 71 
0 785
0 5

fn=(5408) 0x00000000048c87c0
0 8
cob=(10)
cfi=(216)
cfn=(5412) zlink::socket_monitor_runtime_t::stop_worker()
calls=4 0 
0 4182
cob=(1)
cfi=(193)
cfn=(728)
calls=1 71 
0 853
0 5

fn=(5510) 0x00000000048c7780
0 20
cob=(10)
cfi=(216)
cfn=(5514) zlink::socket_lifecycle_coordinator_t::complete_deferred_close_handoff(zlink::mailbox_t*, int)
calls=10 0 
0 7361
cob=(1)
cfi=(193)
cfn=(728)
calls=1 71 
0 1093
0 5

fn=(5566) 0x00000000048c3e30
0 168
cob=(2)
cfi=(345) ./nptl/./nptl/pthread_mutex_destroy.c
cfn=(5570) pthread_mutex_destroy@@GLIBC_2.2.5
calls=84 26 
0 1008
cob=(1)
cfi=(193)
cfn=(728)
calls=1 71 
0 954
0 5

fn=(5600) 0x00000000048c7b30
0 1170
cob=(10)
cfi=(216)
cfn=(5604) zlink::socket_base_t::inc_mailbox_ref()
calls=585 0 
0 5598
cob=(1)
cfi=(193)
cfn=(728)
calls=1 71 
0 805
0 5

fn=(5670) 0x00000000048c61b0
0 1230
cob=(10)
cfi=(216)
cfn=(5674) zlink::socket_lifecycle_coordinator_t::is_destroyed() const
calls=615 0 
0 1845
cob=(1)
cfi=(193)
cfn=(728)
calls=1 71 
0 893
0 5

fn=(5726) 0x00000000048c7960
0 20
cob=(10)
cfi=(216)
cfn=(5730) zlink::socket_endpoint_runtime_t::detach_pipe(zlink::pipe_t*)
calls=10 0 
0 160
cob=(1)
cfi=(193)
cfn=(728)
calls=1 71 
0 917
0 5

fn=(5774) 0x00000000048c9c00
0 20
cob=(10)
cfi=(216)
cfn=(5778) zlink::socket_base_t::finalize_destroy()
calls=10 0 
0 56784
cob=(1)
cfi=(193)
cfn=(728)
calls=1 71 
0 809
0 5

fn=(5798) 0x00000000048c5bf0
0 20
cob=(10)
cfi=(216)
cfn=(5802) zlink::ctx_socket_registry_t::remove_socket(zlink::socket_base_t*)
calls=10 0 
0 1530
cob=(1)
cfi=(193)
cfn=(728)
calls=1 71 
0 953
0 5

fn=(5810) 0x00000000048c9fd0
0 20
cob=(10)
cfi=(216)
cfn=(5814) zlink::object_t::send_reaped()
calls=10 0 
0 4977
cob=(1)
cfi=(193)
cfn=(728)
calls=1 71 
0 753
0 5

fn=(5816) 0x00000000048c4850
0 20
cob=(10)
cfi=(216)
cfn=(4940) zlink::own_t::process_destroy()
calls=10 0 
0 35078
cob=(1)
cfi=(193)
cfn=(728)
calls=1 71 
0 757
0 5

fn=(5832) 0x00000000048ca0b0
0 20
cob=(10)
cfi=(216)
cfn=(5836) zlink::socket_base_t::~socket_base_t()
calls=10 0 
0 23522
cob=(1)
cfi=(193)
cfn=(728)
calls=1 71 
0 729
0 5

fn=(5838) 0x00000000048c8f20
0 26
cob=(10)
cfi=(216)
cfn=(5842) zlink::mailbox_t::~mailbox_t()
calls=13 0 
0 7351
cob=(1)
cfi=(193)
cfn=(728)
calls=1 71 
0 685
0 5

fn=(5872) 0x000000000010b8b0
0 4
cob=(10)
cfi=(216)
cfn=(5874) zlink_service_monitor_open
calls=2 0 
0 12094

fn=(5888) 0x00000000048ca560
0 6
cob=(10)
cfi=(216)
cfn=(5892) zlink::discovery_access_t::from_handle(void*)
calls=3 0 
0 848
cob=(1)
cfi=(193)
cfn=(728)
calls=1 71 
0 841
0 5

fn=(5948) 0x00000000048c9d10
0 6
cob=(10)
cfi=(216)
cfn=(5952) is_registered_spot_node_handle(void*)
calls=3 0 
0 1713
cob=(1)
cfi=(193)
cfn=(728)
calls=1 71 
0 769
0 5

fn=(5994) 0x00000000048c81e0
0 2
cob=(10)
cfi=(216)
cfn=(5998) zlink_service_recv_handler_internal(void*, void (*)(zlink_routing_id_t const*, char const*, unsigned long, zlink_msg_t*, unsigned long, void*), void*)
calls=1 0 
0 252
cob=(1)
cfi=(193)
cfn=(728)
calls=1 71 
0 1109
0 5

fn=(6000) 0x00000000048c41b0
0 2
cob=(10)
cfi=(216)
cfn=(6004) zlink::socket_base_t::socket_set_spot_handler_with_userdata(void (*)(zlink_routing_id_t const*, char const*, unsigned long, zlink_msg_t*, unsigned long, void*), void*)
calls=1 0 
0 3232
cob=(1)
cfi=(193)
cfn=(728)
calls=1 71 
0 1229
0 5

fn=(6010) 0x00000000048c7970
0 2
cob=(10)
cfi=(216)
cfn=(6014) zlink::socket_base_t::start_async_mailbox_processing(zlink::io_thread_t*)
calls=1 0 
0 1969
cob=(1)
cfi=(193)
cfn=(728)
calls=1 71 
0 1005
0 5

fn=(6038) 0x000000000010b7b0
0 53432
cob=(2)
cfi=(239)
cfn=(1842)
calls=26716 367 
0 695793

fn=(6042) 0x000000000010b980
0 212428
cob=(10)
cfi=(216)
cfn=(4304)
calls=106214 0 
0 3665622

fn=(6044) 0x000000000010b9e0
0 106214
cob=(10)
cfi=(216)
cfn=(6046) zlink_publish
calls=53107 0 
0 115584259

fn=(6062) 0x00000000048c6e10
0 212618
cob=(10)
cfi=(216)
cfn=(6066) zlink::dist_t::unmatch()
calls=106309 0 
0 318927
cob=(1)
cfi=(193)
cfn=(728)
calls=1 71 
0 701
0 5

fn=(6126) 0x000000000010ba30
0 210
cob=(9)
cfi=(192)
cfn=(3182)
calls=105 0 
0 29820

fn=(6338) 0x00000000048c3870
0 106214
cob=(10)
cfi=(216)
cfn=(6342) zlink::socket_lifecycle_coordinator_t::leave_callback_api()
calls=53107 0 
0 1380782
cob=(1)
cfi=(193)
cfn=(728)
calls=1 71 
0 925
0 5

fn=(6400) 0x0000000004cd35d0
0 2
cob=(2)
cfi=(334)
cfn=(5430)
calls=1 23 
0 243
cob=(1)
cfi=(193)
cfn=(728)
calls=1 71 
0 816
0 5

fn=(6474) 0x0000000004cd51d0
0 16
cob=(9)
cfi=(192)
cfn=(6478) std::__num_base::_S_format_float(std::ios_base const&, char*, char)
calls=8 0 
0 184
cob=(1)
cfi=(193)
cfn=(728)
calls=1 71 
0 935
0 5

fn=(6486) 0x0000000004cd5c90
0 16
cob=(2)
cfi=(248) ./libio/./libio/vsnprintf.c
cfn=(6490) vsnprintf
calls=8 102 
0 14522
cob=(1)
cfi=(193)
cfn=(728)
calls=1 71 
0 799
0 5

fn=(6576) 0x00000000048c6220
0 2
cob=(10)
cfi=(216)
cfn=(6580) zlink::socket_lifecycle_coordinator_t::wait_async_quiesced(int)
calls=1 0 
0 803
cob=(1)
cfi=(193)
cfn=(728)
calls=1 71 
0 929
0 5

fn=(6628) 0x00000000048c8330
0 2
cob=(10)
cfi=(216)
cfn=(6632) zlink::ctx_inproc_registry_t::collect_pending_addresses(std::vector<std::__cxx11::basic_string<char, std::char_traits<char>, std::allocator<char> >, std::allocator<std::__cxx11::basic_string<char, std::char_traits<char>, std::allocator<char> > > >*) const
calls=1 0 
0 161
cob=(1)
cfi=(193)
cfn=(728)
calls=1 71 
0 1345
0 5

fn=(6756) 0x00000000048c7dd0
0 4
cob=(10)
cfi=(216)
cfn=(6755) zlink::zmp_encoder_t::~zmp_encoder_t()'2
calls=2 0 
0 431
cob=(1)
cfi=(193)
cfn=(728)
calls=1 71 
0 721
0 5

fn=(6828) 0x00000000048c3a10
0 2
cob=(10)
cfi=(216)
cfn=(6832) zlink::ctx_runtime_resources_t::stop_reaper()
calls=1 0 
0 946
cob=(1)
cfi=(193)
cfn=(728)
calls=1 71 
0 841
0 5

fn=(6834) 0x00000000048c4cd0
0 2
cob=(10)
cfi=(216)
cfn=(6838) zlink::reaper_t::stop()
calls=1 0 
0 237
cob=(1)
cfi=(193)
cfn=(728)
calls=1 71 
0 697
0 5

fn=(6890) 0x00000000048c4fe0
0 4
cob=(10)
cfi=(216)
cfn=(6894) zlink::service_control_runtime_t::stop()
calls=2 0 
0 847
cob=(1)
cfi=(193)
cfn=(728)
calls=1 71 
0 805
0 5

fn=(6940) 0x00000000048ca640
0 4
cob=(10)
cfi=(216)
cfn=(6944) zlink::worker_poller_base_t::stop_worker()
calls=2 0 
0 1169
cob=(1)
cfi=(193)
cfn=(728)
calls=1 71 
0 829
0 5

fn=(7130) 0x0000000004cd58a0
0 6
cob=(9)
cfi=(192)
cfn=(6548)
calls=3 0 
0 1477
cob=(1)
cfi=(193)
cfn=(728)
calls=1 71 
0 730
0 5

fn=(7131) 0x0000000004cd58a0'2
0 2
cob=(9)
cfi=(192)
cfn=(6549) std::ostream::flush()'2
calls=1 0 
0 142

fn=(4044) 0x00000000048c93e0
0 4
cob=(9)
cfi=(192)
cfn=(1112) std::ios_base::ios_base()
calls=2 0 
0 292
cob=(1)
cfi=(193)
cfn=(728)
calls=1 71 
0 867
0 5

fn=(4070) 0x0000000004cd7360
0 214
cob=(9)
cfi=(192)
cfn=(4074) std::ostream::sentry::sentry(std::ostream&)
calls=107 0 
0 2507
cob=(1)
cfi=(193)
cfn=(728)
calls=1 71 
0 758
0 5

fn=(4071) 0x0000000004cd7360'2
0 2
cob=(9)
cfi=(192)
cfn=(4075) std::ostream::sentry::sentry(std::ostream&)'2
calls=1 0 
0 22

fn=(4086) 0x0000000004cd6c40
0 4
cob=(9)
cfi=(192)
cfn=(2646)
calls=2 0 
0 549
cob=(1)
cfi=(193)
cfn=(728)
calls=1 71 
0 1006
0 5

fn=(4114) 0x00000000048c77f0
0 8
cob=(9)
cfi=(192)
cfn=(4118) std::ios_base::~ios_base()
calls=4 0 
0 2100
cob=(1)
cfi=(193)
cfn=(728)
calls=1 71 
0 874
0 5

fn=(598) 0x000000000483d000
0 7

fn=(640) 0x0000000004f06500
0 414
cob=(2)
cfi=(189)
cfn=(642)
calls=207 52 
0 2942

fn=(842) 0x0000000004cd5a00
0 2
cob=(9)
cfi=(192)
cfn=(846) std::__timepunct<char>::__timepunct(std::__timepunct_cache<char>*, unsigned long)
calls=1 0 
0 1198
cob=(1)
cfi=(193)
cfn=(728)
calls=1 71 
0 980
0 5

fn=(954) 0x0000000004cd4750
0 2
cob=(9)
cfi=(192)
cfn=(958) std::numpunct<char>::_M_initialize_numpunct(__locale_struct*)
calls=1 0 
0 417
cob=(1)
cfi=(193)
cfn=(728)
calls=1 71 
0 973
0 5

fn=(1008) 0x0000000004cd7510
0 2
cob=(9)
cfi=(192)
cfn=(1012) std::messages<char>::messages(unsigned long)
calls=1 0 
0 51
cob=(1)
cfi=(193)
cfn=(728)
calls=1 71 
0 756
0 5

fn=(1038) 0x0000000004cd56f0
0 2
cob=(9)
cfi=(192)
cfn=(1042) std::moneypunct<wchar_t, false>::_M_initialize_moneypunct(__locale_struct*, char const*)
calls=1 0 
0 109
cob=(1)
cfi=(193)
cfn=(728)
calls=1 71 
0 1077
0 5

fn=(1190) 0x0000000004cd4560
0 2
cob=(9)
cfi=(192)
cfn=(1194) std::future_category()
calls=1 0 
0 3
cob=(1)
cfi=(193)
cfn=(728)
calls=1 71 
0 783
0 5

fn=(1206) 0x0000000004f06600
0 662
cob=(2)
cfi=(208)
cfn=(1208) __strncmp_avx2
calls=331 206 
0 8431

fn=(1652) 0x000000000010bae0
0 66
cob=(2)
cfi=(188)
cfn=(638)
calls=33 24 
0 25452

fn=(1692) 0x0000000004cd3cc0
0 424
cob=(9)
cfi=(192)
cfn=(1438)
calls=212 0 
0 35790
cob=(1)
cfi=(193)
cfn=(728)
calls=1 71 
0 681
0 5

fn=(1754) 0x00000000048c88f0
0 56
cob=(10)
cfi=(216)
cfn=(1758) zlink::unblock_socket(int)
calls=28 0 
0 3903
cob=(1)
cfi=(193)
cfn=(728)
calls=1 71 
0 703
0 5

fn=(1760) 0x00000000048c4140
0 112
cob=(2)
cfi=(232) ./io/../sysdeps/unix/sysv/linux/fcntl64.c
cfn=(1764) fcntl
calls=56 38 
0 2296
cob=(1)
cfi=(193)
cfn=(728)
calls=1 71 
0 818
0 5

fn=(1780) 0x00000000048c9bc0
0 2
cob=(10)
cfi=(216)
cfn=(1784) zlink::ctx_runtime_resources_t::ctx_runtime_resources_t()
calls=1 0 
0 794
cob=(1)
cfi=(193)
cfn=(728)
calls=1 71 
0 783
0 5

fn=(1792) 0x00000000048caca0
0 4
cob=(10)
cfi=(216)
cfn=(1796) zlink::asio_poller_t::max_fds()
calls=2 0 
0 6
cob=(1)
cfi=(193)
cfn=(728)
calls=1 71 
0 767
0 5

fn=(1822) 0x00000000048c53a0
0 276
cob=(2)
cfi=(236)
cfn=(1826)
calls=138 30 
0 1518
cob=(1)
cfi=(193)
cfn=(728)
calls=1 71 
0 866
0 5

fn=(1878) 0x00000000048c7050
0 2
cob=(10)
cfi=(216)
cfn=(1882) zlink::ctx_t::set(int, void const*, unsigned long)
calls=1 0 
0 126
cob=(1)
cfi=(193)
cfn=(728)
calls=1 71 
0 707
0 5

fn=(1896) 0x00000000048c4d70
0 2
cob=(10)
cfi=(216)
cfn=(1900) zlink::ctx_t::start()
calls=1 0 
0 124476
cob=(1)
cfi=(193)
cfn=(728)
calls=1 71 
0 679
0 5

fn=(1938) 0x00000000048c93b0
0 2
cob=(10)
cfi=(216)
cfn=(1942) zlink::ctx_runtime_resources_t::start_reaper_locked(zlink::ctx_t&, zlink::ctx_socket_registry_t&)
calls=1 0 
0 26672
cob=(1)
cfi=(193)
cfn=(728)
calls=1 71 
0 1111
0 5

fn=(2066) 0x00000000048c94a0
0 6
cob=(10)
cfi=(216)
cfn=(2070) zlink::thread_t::setSchedulingParameters(int, int, std::set<int, std::less<int>, std::allocator<int> > const&)
calls=3 0 
0 135
cob=(1)
cfi=(193)
cfn=(728)
calls=1 71 
0 979
0 5

fn=(2196) 0x00000000048c81f0
0 4
cob=(10)
cfi=(216)
cfn=(2200) zlink::io_thread_t::get_mailbox()
calls=2 0 
0 6
cob=(1)
cfi=(193)
cfn=(728)
calls=1 71 
0 793
0 5

fn=(2356) 0x00000000048cab00
0 14
cob=(2)
cfi=(287) ./nptl/./nptl/pthread_setschedparam.c
cfn=(2360) pthread_setschedparam
calls=7 28 
0 406
cob=(1)
cfi=(193)
cfn=(728)
calls=1 71 
0 972
0 5

fn=(2406) 0x00000000048c95b0
0 3502
cob=(10)
cfi=(216)
cfn=(2410) zlink::signaler_t::recv_failable()
calls=1751 0 
0 165700
cob=(1)
cfi=(193)
cfn=(728)
calls=1 71 
0 781
0 5

fn=(2450) 0x00000000048c90c0
0 2436
cob=(9)
cfi=(192)
cfn=(2454) std::chrono::_V2::steady_clock::now()
calls=1218 0 
0 36197
cob=(1)
cfi=(193)
cfn=(728)
calls=1 71 
0 967
0 5

fn=(2494) 0x00000000048c9b40
0 20
cob=(10)
cfi=(216)
cfn=(2498) zlink::ctx_socket_registry_t::publish_socket(zlink::socket_base_t*)
calls=10 0 
0 5767
cob=(1)
cfi=(193)
cfn=(728)
calls=1 71 
0 961
0 5

fn=(2580) 0x00000000048c48f0
0 10
cob=(10)
cfi=(216)
cfn=(2584) zlink::socket_base_t::getsockopt(int, void*, unsigned long*)
calls=5 0 
0 10526
cob=(1)
cfi=(193)
cfn=(728)
calls=1 71 
0 805
0 5

fn=(2592) 0x00000000048c8950
0 156
cob=(10)
cfi=(216)
cfn=(2596) zlink::socket_lifecycle_coordinator_t::lock_public_api_sync()
calls=78 0 
0 702
cob=(1)
cfi=(193)
cfn=(728)
calls=1 71 
0 945
0 5

fn=(2606) 0x00000000048c53c0
0 4
cob=(10)
cfi=(216)
cfn=(2610) zlink::options_t::getsockopt(int, void*, unsigned long*) const
calls=2 0 
0 1800
cob=(1)
cfi=(193)
cfn=(728)
calls=1 71 
0 773
0 5

fn=(2630) 0x00000000048c7740
0 2
cob=(10)
cfi=(216)
cfn=(2634) set_socket_option_checked(zlink::socket_base_t*, int, int, int, int, void const*, unsigned long)
calls=1 0 
0 941
cob=(1)
cfi=(193)
cfn=(728)
calls=1 71 
0 913
0 5

fn=(2664) 0x00000000048c7930
0 46
cob=(10)
cfi=(216)
cfn=(2668) map_common_option(zlink_option_t)
calls=23 0 
0 230
cob=(1)
cfi=(193)
cfn=(728)
calls=1 71 
0 793
0 5

fn=(2722) 0x00000000048c4d00
0 318652
cob=(10)
cfi=(216)
cfn=(2726) zlink::msg_t::set_flags(unsigned char)
calls=159326 0 
0 477978
cob=(1)
cfi=(193)
cfn=(728)
calls=1 71 
0 717
0 5

fn=(2758) 0x00000000048c7090
0 2
cob=(10)
cfi=(216)
cfn=(2762) zlink::trie_t::add(unsigned char*, unsigned long)
calls=1 0 
0 26
cob=(1)
cfi=(193)
cfn=(728)
calls=1 71 
0 705
0 5

fn=(2770) 0x00000000048c8b00
0 212430
cob=(10)
cfi=(216)
cfn=(2774) zlink::dist_t::send_to_matching(zlink::msg_t*)
calls=106215 0 
0 42247508
cob=(1)
cfi=(193)
cfn=(728)
calls=1 71 
0 837
0 5

fn=(2840) 0x00000000048c5590
0 213858
cob=(10)
cfi=(216)
cfn=(2844) zlink::socket_base_t::process_commands(int, bool)
calls=106929 0 
0 108896165
cob=(1)
cfi=(193)
cfn=(728)
calls=1 71 
0 817
0 5

fn=(2870) 0x0000000004cd3bd0
0 52
cob=(2)
cfi=(294) ./string/../sysdeps/x86_64/multiarch/memchr-avx2.S
cfn=(2874) __memchr_avx2
calls=26 61 
0 494
cob=(1)
cfi=(193)
cfn=(728)
calls=1 71 
0 830
0 5

fn=(2930) 0x00000000048c8350
0 2
cob=(10)
cfi=(216)
cfn=(2934) zlink::asio_tcp_listener_t::asio_tcp_listener_t(zlink::io_thread_t*, zlink::socket_base_t*, zlink::options_t const&)
calls=1 0 
0 14753
cob=(1)
cfi=(193)
cfn=(728)
calls=1 71 
0 1093
0 5

fn=(3006) 0x00000000048c39c0
0 78
cob=(2)
cfi=(231)
cfn=(3010) epoll_ctl
calls=39 120 
0 273
cob=(1)
cfi=(193)
cfn=(728)
calls=1 71 
0 922
0 5

fn=(3038) 0x00000000048cacc0
0 2
cob=(10)
cfi=(216)
cfn=(3042) zlink::asio_tcp_listener_t::set_local_address(char const*)
calls=1 0 
0 55348
cob=(1)
cfi=(193)
cfn=(728)
calls=1 71 
0 865
0 5

fn=(3132) 0x00000000048c4c60
0 2
cob=(10)
cfi=(216)
cfn=(3136) zlink::ip_resolver_t::resolve_nic_name(zlink::ip_addr_t*, char const*)
calls=1 0 
0 13111
cob=(1)
cfi=(193)
cfn=(728)
calls=1 71 
0 921
0 5

fn=(3198) 0x00000000048c6d50
0 1350
cob=(2)
cfi=(304) ./misc/../sysdeps/unix/sysv/linux/epoll_wait.c
cfn=(3202) epoll_wait
calls=675 28 
0 40500
cob=(1)
cfi=(193)
cfn=(728)
calls=1 71 
0 837
0 5

fn=(3214) 0x0000000004f063e0
0 138
cob=(2)
cfi=(209)
cfn=(2430)
calls=69 3359 
0 1619

fn=(3332) 0x00000000048ca2a0
0 2
cob=(2)
cfi=(299)
cfn=(3336) listen
calls=1 120 
0 6
cob=(1)
cfi=(193)
cfn=(728)
calls=1 71 
0 891
0 5

fn=(3380) 0x00000000048c8590
0 12
cob=(2)
cfi=(316) ./nss/./nss/getnameinfo.c
cfn=(3384) getnameinfo
calls=6 504 
0 9522
cob=(1)
cfi=(193)
cfn=(728)
calls=1 71 
0 853
0 5

fn=(3406) 0x00000000048ca8c0
0 6
cob=(10)
cfi=(216)
cfn=(3410) zlink::make_unconnected_bind_endpoint_pair(std::__cxx11::basic_string<char, std::char_traits<char>, std::allocator<char> > const&)
calls=3 0 
0 746
cob=(1)
cfi=(193)
cfn=(728)
calls=1 71 
0 1169
0 5

fn=(3412) 0x00000000048c4070
0 2
cob=(10)
cfi=(216)
cfn=(3416) zlink::socket_base_t::event_listening(zlink::endpoint_uri_pair_t const&, int)
calls=1 0 
0 1012
cob=(1)
cfi=(193)
cfn=(728)
calls=1 71 
0 965
0 5

fn=(3418) 0x00000000048c7ef0
0 54
cob=(10)
cfi=(216)
cfn=(3422) zlink::socket_base_t::event(zlink::endpoint_uri_pair_t const&, unsigned char const*, unsigned long, unsigned long*, unsigned long, unsigned long)
calls=27 0 
0 10032
cob=(1)
cfi=(193)
cfn=(728)
calls=1 71 
0 957
0 5

fn=(3440) 0x00000000048c5c90
0 20
cob=(10)
cfi=(216)
cfn=(3444) zlink::socket_endpoint_runtime_t::set_last_endpoint(std::__cxx11::basic_string<char, std::char_traits<char>, std::allocator<char> > const&)
calls=10 0 
0 3025
cob=(1)
cfi=(193)
cfn=(728)
calls=1 71 
0 1205
0 5

fn=(3536) 0x000000000010b940
0 2
cob=(9)
cfi=(192)
cfn=(3538)
calls=1 0 
0 1364

fn=(3546) 0x000000000010b870
0 4
cob=(9)
cfi=(192)
cfn=(2868)
calls=2 0 
0 264

fn=(3636) 0x00000000048c5570
0 8
cob=(10)
cfi=(216)
cfn=(3640) zlink::object_t::connect_pending(char const*, zlink::socket_base_t*)
calls=4 0 
0 5462
cob=(1)
cfi=(193)
cfn=(728)
calls=1 71 
0 901
0 5

fn=(3706) 0x00000000048c83d0
0 12
cob=(10)
cfi=(216)
cfn=(3710) zlink::pipepair(zlink::object_t**, zlink::pipe_t**, int const*, bool const*)
calls=6 0 
0 19631
cob=(1)
cfi=(193)
cfn=(728)
calls=1 71 
0 873
0 5

fn=(3770) 0x00000000048c3fa0
0 16
cob=(10)
cfi=(216)
cfn=(3774) zlink::pipe_t::mark_connection_ready_event_emitted()
calls=8 0 
0 160
cob=(1)
cfi=(193)
cfn=(728)
calls=1 71 
0 877
0 5

fn=(3848) 0x00000000048c5400
0 8
cob=(10)
cfi=(216)
cfn=(3852) zlink::socket_inprocs_t::emplace(char const*, zlink::pipe_t*)
calls=4 0 
0 2245
cob=(1)
cfi=(193)
cfn=(728)
calls=1 71 
0 853
0 5

fn=(3876) 0x00000000048ca1d0
0 16
cob=(10)
cfi=(216)
cfn=(3880) zlink::pipe_t::send_hwms_to_peer(int, int)
calls=8 0 
0 5013
cob=(1)
cfi=(193)
cfn=(728)
calls=1 71 
0 797
0 5

fn=(4000) 0x00000000048c8aa0
0 4
cob=(10)
cfi=(216)
cfn=(4004) zlink::socket_base_t::build_monitor_event_record(zlink::socket_monitor_event_record_t*, unsigned long, unsigned long const*, unsigned long, unsigned char const*, unsigned long, zlink::endpoint_uri_pair_t const&) const
calls=2 0 
0 740
cob=(1)
cfi=(193)
cfn=(728)
calls=1 71 
0 1301
0 5

fn=(4126) 0x0000000004cd3870
0 8
cob=(9)
cfi=(192)
cfn=(4130) std::ios_base::_M_dispose_callbacks()
calls=4 0 
0 72
cob=(1)
cfi=(193)
cfn=(728)
calls=1 71 
0 869
0 5

fn=(4138) 0x00000000048ca380
0 6
cob=(10)
cfi=(216)
cfn=(4142) zlink::pipe_t::set_endpoint_pair(zlink::endpoint_uri_pair_t)
calls=3 0 
0 220
cob=(1)
cfi=(193)
cfn=(728)
calls=1 71 
0 921
0 5

fn=(4178) 0x00000000048c4800
0 4
cob=(10)
cfi=(216)
cfn=(4182) zlink::socket_poller_t::add(zlink::socket_base_t*, void*, short)
calls=2 0 
0 324
cob=(1)
cfi=(193)
cfn=(728)
calls=1 71 
0 885
0 5

fn=(4306) 0x00000000048c4590
0 4
cob=(10)
cfi=(216)
cfn=(4310) zlink::send_msg_internal(void*, zlink_msg_t*, int)
calls=2 0 
0 13470
cob=(1)
cfi=(193)
cfn=(728)
calls=1 71 
0 821
0 5

fn=(4530) 0x00000000048c66b0
0 2
cob=(10)
cfi=(216)
cfn=(4534) zlink::asio_tcp_connecter_t::asio_tcp_connecter_t(zlink::io_thread_t*, zlink::session_base_t*, zlink::options_t const&, zlink::address_t*, bool)
calls=1 0 
0 4407
cob=(1)
cfi=(193)
cfn=(728)
calls=1 71 
0 1177
0 5

fn=(4630) 0x00000000048ca750
0 2
cob=(10)
cfi=(216)
cfn=(4634) zlink::asio_tcp_listener_t::apply_accept_filters(int, sockaddr_storage const&, unsigned int) const
calls=1 0 
0 749
cob=(1)
cfi=(193)
cfn=(728)
calls=1 71 
0 1009
0 5

fn=(4728) 0x00000000048c9010
0 2
cob=(10)
cfi=(216)
cfn=(4732) zlink::socket_base_t::event_accepted(zlink::endpoint_uri_pair_t const&, int)
calls=1 0 
0 169
cob=(1)
cfi=(193)
cfn=(728)
calls=1 71 
0 961
0 5

fn=(4850) 0x00000000048c7c80
0 2
cob=(2)
cfi=(333) ./socket/../sysdeps/unix/sysv/linux/getsockopt.c
cfn=(4854) getsockopt
calls=1 93 
0 7
cob=(1)
cfi=(193)
cfn=(728)
calls=1 71 
0 976
0 5

fn=(4898) 0x00000000048c89f0
0 1136
cob=(10)
cfi=(216)
cfn=(4902) zlink::asio_engine_t::on_write_complete(boost::system::error_code const&, unsigned long)
calls=568 0 
0 61446682
cob=(1)
cfi=(193)
cfn=(728)
calls=1 71 
0 989
0 5

fn=(5012) 0x00000000048c9700
0 4
cob=(10)
cfi=(216)
cfn=(5016) zlink::asio_zmp_engine_t::is_socket_type_compatible(int) const
calls=2 0 
0 24
cob=(1)
cfi=(193)
cfn=(728)
calls=1 71 
0 909
0 5

fn=(5030) 0x00000000048c50a0
0 4
cob=(10)
cfi=(216)
cfn=(5034) zlink::shared_message_memory_allocator::shared_message_memory_allocator(unsigned long)
calls=2 0 
0 32
cob=(1)
cfi=(193)
cfn=(728)
calls=1 71 
0 821
0 5

fn=(5074) 0x00000000048c9da0
0 212434
cob=(10)
cfi=(216)
cfn=(5078) zlink::shared_message_memory_allocator::data()
calls=106217 0 
0 424868
cob=(1)
cfi=(193)
cfn=(728)
calls=1 71 
0 849
0 5

fn=(5126) 0x0000000004cd44c0
0 4
cob=(9)
cfi=(192)
cfn=(5130) std::ostream& std::ostream::_M_insert<long>(long)
calls=2 0 
0 3729
cob=(1)
cfi=(193)
cfn=(728)
calls=1 71 
0 762
0 5

fn=(5160) 0x00000000048c6340
0 4
cob=(10)
cfi=(216)
cfn=(5164) zlink::metadata_t::metadata_t(std::map<std::__cxx11::basic_string<char, std::char_traits<char>, std::allocator<char> >, std::__cxx11::basic_string<char, std::char_traits<char>, std::allocator<char> >, std::less<std::__cxx11::basic_string<char, std::char_traits<char>, std::allocator<char> > >, std::allocator<std::pair<std::__cxx11::basic_string<char, std::char_traits<char>, std::allocator<char> > const, std::__cxx11::basic_string<char, std::char_traits<char>, std::allocator<char> > > > > const&)
calls=2 0 
0 1992
cob=(1)
cfi=(193)
cfn=(728)
calls=1 71 
0 1281
0 5

fn=(5176) 0x00000000048c9e40
0 4
cob=(10)
cfi=(216)
cfn=(5180) zlink::session_base_t::engine_ready()
calls=2 0 
0 4425
cob=(1)
cfi=(193)
cfn=(728)
calls=1 71 
0 817
0 5

fn=(5284) 0x00000000048c9150
0 2
cob=(10)
cfi=(216)
cfn=(5288) zlink::msg_t::metadata() const
calls=1 0 
0 3
cob=(1)
cfi=(193)
cfn=(728)
calls=1 71 
0 725
0 5

fn=(5402) 0x00000000048c6fc0
0 8
cob=(10)
cfi=(216)
cfn=(5406) zlink::socket_lifecycle_coordinator_t::is_monitor_async_mailbox_owned() const
calls=4 0 
0 12
cob=(1)
cfi=(193)
cfn=(728)
calls=1 71 
0 1009
0 5

fn=(5552) 0x00000000048c7910
0 40
cob=(10)
cfi=(216)
cfn=(5556) zlink::ctx_runtime_resources_t::reaper_object() const
calls=20 0 
0 60
cob=(1)
cfi=(193)
cfn=(728)
calls=1 71 
0 857
0 5

fn=(5704) 0x00000000048c9ef0
0 1170
cob=(10)
cfi=(216)
cfn=(5708) zlink::socket_lifecycle_coordinator_t::is_destroy_pending() const
calls=585 0 
0 1755
cob=(1)
cfi=(193)
cfn=(728)
calls=1 71 
0 953
0 5

fn=(5732) 0x00000000048c7ac0
0 20
cob=(10)
cfi=(216)
cfn=(5736) zlink::socket_monitor_runtime_t::erase_ready_connection(zlink::endpoint_uri_pair_t const&, unsigned char const*, unsigned long, unsigned int*)
calls=10 0 
0 8618
cob=(1)
cfi=(193)
cfn=(728)
calls=1 71 
0 1113
0 5

fn=(5792) 0x00000000048c8530
0 20
cob=(10)
cfi=(216)
cfn=(5796) zlink::ctx_t::destroy_socket(zlink::socket_base_t*)
calls=10 0 
0 12213
cob=(1)
cfi=(193)
cfn=(728)
calls=1 71 
0 857
0 5

fn=(5844) 0x00000000048c48a0
0 26
cob=(10)
cfi=(216)
cfn=(5848) zlink::signaler_t::~signaler_t()
calls=13 0 
0 988
cob=(1)
cfi=(193)
cfn=(728)
calls=1 71 
0 697
0 5

fn=(5906) 0x00000000048c6bf0
0 6
cob=(10)
cfi=(216)
cfn=(5910) zlink::registry_t::check_tag() const
calls=3 0 
0 12
cob=(1)
cfi=(193)
cfn=(728)
calls=1 71 
0 749
0 5

fn=(6028) 0x0000000004cd4b60
0 2
cob=(2)
cfi=(256)
cfn=(2114)
calls=1 626 
0 1342
cob=(1)
cfi=(193)
cfn=(728)
calls=1 71 
0 964
0 5

fn=(6048) 0x00000000048ca810
0 106214
cob=(10)
cfi=(216)
cfn=(6052) zlink::logical_multipart_publish(zlink::socket_base_t*, char const*, zlink_msg_t*, unsigned long, int, bool)
calls=53107 0 
0 112237496
cob=(1)
cfi=(193)
cfn=(728)
calls=1 71 
0 1017
0 5

fn=(6054) 0x00000000048c9220
0 106214
cob=(10)
cfi=(216)
cfn=(6058) zlink::socket_lifecycle_coordinator_t::enter_public_api_and_lock_sync()
calls=53107 0 
0 371749
cob=(1)
cfi=(193)
cfn=(728)
calls=1 71 
0 1013
0 5

fn=(6104) 0x00000000048c8d40
0 106214
cob=(10)
cfi=(216)
cfn=(6108) zlink::socket_lifecycle_coordinator_t::unlock_public_api_sync_and_leave()
calls=53107 0 
0 743498
cob=(1)
cfi=(193)
cfn=(728)
calls=1 71 
0 1017
0 5

fn=(6140) 0x00000000048c79a0
0 2262
cob=(10)
cfi=(216)
cfn=(6144) zlink::xsub_t::dispatch_ready_messages()
calls=1131 0 
0 101754335
cob=(1)
cfi=(193)
cfn=(728)
calls=1 71 
0 805
0 5

fn=(6162) 0x00000000048c6510
0 54
cob=(10)
cfi=(216)
cfn=(6166) zlink::asio_engine_t::prepare_output_buffer()
calls=27 0 
0 3073265
cob=(1)
cfi=(193)
cfn=(728)
calls=1 71 
0 849
0 5

fn=(6192) 0x00000000048c6b50
0 105388
cob=(10)
cfi=(216)
cfn=(6196) zlink::msg_t::init_external_storage(zlink::msg_t::content_t*, void*, unsigned long, void (*)(void*, void*), void*)
calls=52694 0 
0 2055066
cob=(1)
cfi=(193)
cfn=(728)
calls=1 71 
0 973
0 5

fn=(6226) 0x00000000048c4a70
0 106214
cob=(10)
cfi=(216)
cfn=(6230) zlink::xsub_t::match(zlink::msg_t*)
calls=53107 0 
0 4674142
cob=(1)
cfi=(193)
cfn=(728)
calls=1 71 
0 757
0 5

fn=(6280) 0x00000000048c4a60
0 106214
cob=(10)
cfi=(216)
cfn=(6284) zlink::socket_lifecycle_coordinator_t::enter_callback_api()
calls=53107 0 
0 955926
cob=(1)
cfi=(193)
cfn=(728)
calls=1 71 
0 925
0 5

fn=(6296) 0x000000000010b850
0 106214
cob=(10)
cfi=(216)
cfn=(6298) zlink_multipart_close
calls=53107 0 
0 8801262

fn=(6352) 0x000000000010bc00
0 106218
cob=(9)
cfi=(192)
cfn=(4024) std::condition_variable::notify_all()
calls=53109 0 
0 1502376

fn=(6354) 0x000000000010bcf0
0 10
cob=(2)
cfi=(290)
cfn=(4284) pthread_cond_clockwait@@GLIBC_2.34
calls=5 682 
0 1493

fn=(6414) 0x000000000010ba80
0 2
cob=(9)
cfi=(192)
cfn=(5858)
calls=1 0 
0 24

fn=(6456) 0x0000000004cd6e10
0 16
cob=(9)
cfi=(192)
cfn=(6460) std::ostreambuf_iterator<char, std::char_traits<char> > std::num_put<char, std::ostreambuf_iterator<char, std::char_traits<char> > >::_M_insert_int<unsigned long>(std::ostreambuf_iterator<char, std::char_traits<char> >, std::ios_base&, char, unsigned long) const
calls=8 0 
0 2480
cob=(1)
cfi=(193)
cfn=(728)
calls=1 71 
0 1242
0 5

fn=(6552) 0x0000000004cd74b0
0 36
cob=(2)
cfi=(369) ./libio/./libio/iofflush.c
cfn=(6556) fflush
calls=18 32 
0 2600
cob=(1)
cfi=(193)
cfn=(728)
calls=1 71 
0 779
0 5

fn=(6606) 0x00000000048c8d00
0 2
cob=(10)
cfi=(216)
cfn=(6610) zlink::ctx_socket_registry_t::collect_sockets(std::vector<zlink::socket_base_t*, std::allocator<zlink::socket_base_t*> >*) const
calls=1 0 
0 150
cob=(1)
cfi=(193)
cfn=(728)
calls=1 71 
0 1101
0 5

fn=(6622) 0x00000000048c39d0
0 2
cob=(10)
cfi=(216)
cfn=(6626) zlink::ctx_termination_t::flush_pending_inproc_locked(zlink::ctx_t&)
calls=1 0 
0 1681
cob=(1)
cfi=(193)
cfn=(728)
calls=1 71 
0 961
0 5

fn=(6790) 0x00000000048c9190
0 8
cob=(10)
cfi=(216)
cfn=(6794) zlink::ctx_socket_registry_t::empty() const
calls=4 0 
0 20
cob=(1)
cfi=(193)
cfn=(728)
calls=1 71 
0 809
0 5

fn=(6842) 0x00000000048c9880
0 2
cob=(10)
cfi=(216)
cfn=(6841) zlink::pub_t::~pub_t()'2
calls=1 0 
0 4546
cob=(1)
cfi=(193)
cfn=(728)
calls=1 71 
0 669
0 5

fn=(6856) 0x00000000048c8d70
0 2
cob=(10)
cfi=(216)
cfn=(6860) zlink::object_t::send_done()
calls=1 0 
0 327
cob=(1)
cfi=(193)
cfn=(728)
calls=1 71 
0 741
0 5

fn=(6868) 0x00000000048c8810
0 8
cob=(2)
cfi=(325) ./nptl/./nptl/pthread_cond_broadcast.c
cfn=(4030) pthread_cond_broadcast@@GLIBC_2.3.2
calls=4 39 
0 92
cob=(1)
cfi=(193)
cfn=(728)
calls=1 71 
0 978
0 5

fn=(6884) 0x00000000048caa00
0 2
cob=(10)
cfi=(216)
cfn=(6888) zlink::ctx_runtime_resources_t::teardown(zlink::ctx_t&, zlink::ctx_socket_registry_t&)
calls=1 0 
0 19705
cob=(1)
cfi=(193)
cfn=(728)
calls=1 71 
0 1081
0 5

fn=(6978) 0x00000000048c8600
0 4
cob=(10)
cfi=(216)
cfn=(6982) zlink::poller_base_t::~poller_base_t()
calls=2 0 
0 48
cob=(1)
cfi=(193)
cfn=(728)
calls=1 71 
0 721
0 5

fn=(7098) 0x0000000004cd32b0
0 2
cob=(2)
cfi=(373)
cfn=(7028)
calls=1 30 
0 6189

fn=(7160) 0x0000000004e16ce4
0 4

fn=(7208) 0x000000000516f714
0 4

fn=(4580) 0x00000000048c8eb0
0 18
cob=(9)
cfi=(192)
cfn=(4584) std::uncaught_exception()
calls=9 0 
0 2101
cob=(1)
cfi=(193)
cfn=(728)
calls=1 71 
0 906
0 5

fn=(4100) 0x0000000004cd5e40
0 4
cob=(9)
cfi=(192)
cfn=(4104) std::__cxx11::basic_stringbuf<char, std::char_traits<char>, std::allocator<char> >::_M_sync(char*, unsigned long, unsigned long)
calls=2 0 
0 100
cob=(1)
cfi=(193)
cfn=(728)
calls=1 71 
0 1050
0 5

fn=(5470) 0x00000000048c9260
0 34
cob=(9)
cfi=(192)
cfn=(5474) std::_Rb_tree_increment(std::_Rb_tree_node_base*)
calls=17 0 
0 243
cob=(1)
cfi=(193)
cfn=(728)
calls=1 71 
0 1101
0 5

fn=(5486) 0x00000000048cac20
0 20
cob=(10)
cfi=(216)
cfn=(5490) zlink::socket_base_t::close()
calls=10 0 
0 20313
cob=(1)
cfi=(193)
cfn=(728)
calls=1 71 
0 737
0 5

fn=(1614) 0x000000000010b000
0 7

fn=(854) 0x0000000004cd3630
0 2
cob=(9)
cfi=(192)
cfn=(858) std::__cxx11::messages<char>::messages(unsigned long)
calls=1 0 
0 51
cob=(1)
cfi=(193)
cfn=(728)
calls=1 71 
0 788
0 5

fn=(872) 0x0000000004cd6000
0 36
cob=(2)
cfi=(199) ./locale/./locale/uselocale.c
cfn=(876) uselocale
calls=18 30 
0 396
cob=(1)
cfi=(193)
cfn=(728)
calls=1 71 
0 814
0 5

fn=(878) 0x0000000004cd5040
0 256
cob=(2)
cfi=(200) ./wcsmbs/./wcsmbs/wctob.c
cfn=(882) wctob
calls=128 30 
0 3200
cob=(1)
cfi=(193)
cfn=(728)
calls=1 71 
0 902
0 5

fn=(1108) 0x0000000004cd4300
0 20
cob=(9)
cfi=(192)
cfn=(1112)
calls=10 0 
0 948
cob=(1)
cfi=(193)
cfn=(728)
calls=1 71 
0 721
0 5

fn=(1174) 0x0000000004cd50c0
0 4
cob=(9)
cfi=(192)
cfn=(1178) std::error_category::error_category()
calls=2 0 
0 10
cob=(1)
cfi=(193)
cfn=(728)
calls=1 71 
0 787
0 5

fn=(1628) 0x000000000010bba0
0 6
cob=(2)
cfi=(206)
cfn=(1162)
calls=3 67 
0 228

fn=(1676) 0x000000000010ba90
0 2
cob=(10)
cfi=(216)
cfn=(1678) zlink_ctx_new
calls=1 0 
0 30081

fn=(1708) 0x00000000048c86d0
0 48
cob=(9)
cfi=(192)
cfn=(1712) std::condition_variable::condition_variable()
calls=24 0 
0 144
cob=(1)
cfi=(193)
cfn=(728)
calls=1 71 
0 958
0 5

fn=(1714) 0x00000000048c8710
0 26
cob=(10)
cfi=(216)
cfn=(1718) zlink::mailbox_t::mailbox_t()
calls=13 0 
0 19338
cob=(1)
cfi=(193)
cfn=(728)
calls=1 71 
0 695
0 5

fn=(1742) 0x00000000048c9860
0 26
cob=(10)
cfi=(216)
cfn=(1746) zlink::make_fdpair(int*, int*)
calls=13 0 
0 1214
cob=(1)
cfi=(193)
cfn=(728)
calls=1 71 
0 715
0 5

fn=(1816) 0x00000000048c9df0
0 224
cob=(10)
cfi=(216)
cfn=(1820) zlink::clock_t::now_us()
calls=112 0 
0 5239
cob=(1)
cfi=(193)
cfn=(728)
calls=1 71 
0 727
0 5

fn=(1862) 0x000000000010bce0
0 2
cob=(10)
cfi=(216)
cfn=(1864) zlink_ctx_set
calls=1 0 
0 2317

fn=(1872) 0x00000000048c5ce0
0 10
cob=(10)
cfi=(216)
cfn=(1876) zlink::ctx_t::check_tag() const
calls=5 0 
0 20
cob=(1)
cfi=(193)
cfn=(728)
calls=1 71 
0 715
0 5

fn=(1956) 0x00000000048c78d0
0 4
cob=(10)
cfi=(216)
cfn=(1960) zlink::asio_poller_t::asio_poller_t(zlink::thread_ctx_t const&)
calls=2 0 
0 8334
cob=(1)
cfi=(193)
cfn=(728)
calls=1 71 
0 831
0 5

fn=(2020) 0x00000000048c6150
0 2462454
cob=(1)
cfi=(246)
cfn=(2024)
calls=1231227 29 
0 14774724
cob=(1)
cfi=(193)
cfn=(728)
calls=1 71 
0 1003
0 5

fn=(2028) 0x00000000048c93d0
0 912
cob=(2)
cfi=(209)
cfn=(2032) aligned_alloc
calls=456 3556 
0 41137
cob=(1)
cfi=(193)
cfn=(728)
calls=1 71 
0 840
0 5

fn=(2042) 0x00000000048c4330
0 4
cob=(10)
cfi=(216)
cfn=(2046) zlink::ctx_socket_registry_t::bind_mailbox(unsigned int, zlink::i_mailbox*)
calls=2 0 
0 10
cob=(1)
cfi=(193)
cfn=(728)
calls=1 71 
0 919
0 5

fn=(2084) 0x0000000004f06590
0 198
cob=(2)
cfi=(250) ./string/../sysdeps/x86_64/multiarch/strchr-avx2.S
cfn=(2086) __strchrnul_avx2
calls=99 53 
0 1881

fn=(2190) 0x00000000048c8360
0 2
cob=(10)
cfi=(216)
cfn=(2194) zlink::io_thread_t::io_thread_t(zlink::ctx_t*, unsigned int)
calls=1 0 
0 2738
cob=(1)
cfi=(193)
cfn=(728)
calls=1 71 
0 769
0 5

fn=(2266) 0x00000000048c70e0
0 20
cob=(10)
cfi=(216)
cfn=(2270) zlink::options_t::options_t()
calls=10 0 
0 900
cob=(1)
cfi=(193)
cfn=(728)
calls=1 71 
0 701
0 5

fn=(2278) 0x00000000048c8050
0 40
cob=(10)
cfi=(216)
cfn=(2282) zlink::ctx_t::get(int, void*, unsigned long const*)
calls=20 0 
0 2700
cob=(1)
cfi=(193)
cfn=(728)
calls=1 71 
0 701
0 5

fn=(2302) 0x00000000048c7cd0
0 3522
cob=(2)
cfi=(278) ./io/../sysdeps/unix/sysv/linux/read.c
cfn=(2306) read
calls=1761 25 
0 104827
cob=(1)
cfi=(193)
cfn=(728)
calls=1 71 
0 842
0 5

fn=(1398) 0x00000000048c9740
0 126
cob=(2)
cfi=(217) ./nptl/./nptl/pthread_mutexattr_init.c
cfn=(1404) pthread_mutexattr_init@@GLIBC_2.34
calls=63 24 
0 252
cob=(1)
cfi=(193)
cfn=(728)
calls=1 71 
0 1100
0 5

fn=(1406) 0x00000000048c6710
0 126
cob=(2)
cfi=(218) ./nptl/./nptl/pthread_mutexattr_settype.c
cfn=(1410) pthread_mutexattr_settype@@GLIBC_2.34
calls=63 24 
0 819
cob=(1)
cfi=(193)
cfn=(728)
calls=1 71 
0 986
0 5

fn=(1412) 0x00000000048c5740
0 168
cob=(2)
cfi=(219) ./nptl/./nptl/pthread_mutex_init.c
cfn=(1416) pthread_mutex_init@@GLIBC_2.2.5
calls=84 53 
0 4284
cob=(1)
cfi=(193)
cfn=(728)
calls=1 71 
0 960
0 5

fn=(1440) 0x00000000048c6980
0 6
cob=(9)
cfi=(192)
cfn=(1444)
calls=3 0 
0 24
cob=(1)
cfi=(193)
cfn=(728)
calls=1 71 
0 808
0 5

fn=(628) 0x000000000524f000
0 6
cob=(6) /usr/lib/x86_64-linux-gnu/libcrypto.so.3
cfi=(187) ???
cfn=(632) 0x00000000002206d0
calls=1 0 
0 584
0 2

fn=(2526) 0x00000000048c8740
0 2
cob=(10)
cfi=(216)
cfn=(2530) zlink::trie_t::trie_t()
calls=1 0 
0 5
cob=(1)
cfi=(193)
cfn=(728)
calls=1 71 
0 681
0 5

fn=(2536) 0x00000000048c3db0
0 6294
cob=(9)
cfi=(192)
cfn=(2540)
calls=3147 0 
0 324318
cob=(1)
cfi=(193)
cfn=(728)
calls=1 71 
0 702
0 5

fn=(2542) 0x0000000004cd4430
0 6450
cob=(9)
cfi=(192)
cfn=(2546) operator delete(void*)
calls=3225 0 
0 389736
cob=(1)
cfi=(193)
cfn=(728)
calls=1 71 
0 655
0 5

fn=(2586) 0x00000000048c9810
0 106302
cob=(10)
cfi=(216)
cfn=(2590) zlink::socket_lifecycle_coordinator_t::enter_public_api()
calls=53151 0 
0 372057
cob=(1)
cfi=(193)
cfn=(728)
calls=1 71 
0 913
0 5

fn=(2624) 0x00000000048c3d90
0 106302
cob=(10)
cfi=(216)
cfn=(2628) zlink::socket_lifecycle_coordinator_t::leave_public_api()
calls=53151 0 
0 318906
cob=(1)
cfi=(193)
cfn=(728)
calls=1 71 
0 913
0 5

fn=(2688) 0x00000000048c60d0
0 70
cob=(10)
cfi=(216)
cfn=(2692) zlink::socket_endpoint_runtime_t::attached_pipe_count() const
calls=35 0 
0 175
cob=(1)
cfi=(193)
cfn=(728)
calls=1 71 
0 905
0 5

fn=(2694) 0x000000000010b860
0 2
cob=(9)
cfi=(192)
cfn=(1432) __cxa_guard_acquire
calls=1 0 
0 20

fn=(2746) 0x00000000048c4f40
0 1168496
cob=(10)
cfi=(216)
cfn=(2750) zlink::msg_t::data()
calls=584248 0 
0 16892508
cob=(1)
cfi=(193)
cfn=(728)
calls=1 71 
0 685
0 5

fn=(2830) 0x000000000010bcd0
0 2
cob=(10)
cfi=(216)
cfn=(2832)
calls=1 0 
0 106052

fn=(2876) 0x0000000004cd6620
0 34
cob=(2)
cfi=(205)
cfn=(908)
calls=17 73 
0 357
cob=(1)
cfi=(193)
cfn=(728)
calls=1 71 
0 807
0 5

fn=(2912) 0x00000000048c4b70
0 10
cob=(10)
cfi=(216)
cfn=(2916) zlink::ctx_io_thread_registry_t::choose(unsigned long)
calls=5 0 
0 1850
cob=(1)
cfi=(193)
cfn=(728)
calls=1 71 
0 817
0 5

fn=(3012) 0x00000000048c9790
0 1724
cob=(2)
cfi=(295) ./io/../sysdeps/unix/sysv/linux/write.c
cfn=(3016) write
calls=862 25 
0 49134
cob=(1)
cfi=(193)
cfn=(728)
calls=1 71 
0 878
0 5

fn=(3096) 0x00000000048c3ec0
0 4
cob=(10)
cfi=(216)
cfn=(3100) zlink::ip_resolver_t::resolve(zlink::ip_addr_t*, char const*)
calls=2 0 
0 28705
cob=(1)
cfi=(193)
cfn=(728)
calls=1 71 
0 853
0 5

fn=(3258) 0x00000000048c9e20
0 4
cob=(2)
cfi=(310)
cfn=(3262) getaddrinfo
calls=2 2297 
0 2488
cob=(1)
cfi=(193)
cfn=(728)
calls=1 71 
0 897
0 5

fn=(3310) 0x00000000048c4020
0 8
cob=(2)
cfi=(315) ./socket/../sysdeps/unix/sysv/linux/setsockopt.c
cfn=(3314) setsockopt
calls=4 94 
0 28
cob=(1)
cfi=(193)
cfn=(728)
calls=1 71 
0 936
0 5

fn=(3328) 0x00000000048c8ed0
0 2
cob=(2)
cfi=(299)
cfn=(3150) bind
calls=1 120 
0 6
cob=(1)
cfi=(193)
cfn=(728)
calls=1 71 
0 864
0 5

fn=(3396) 0x0000000004f06530
0 12
cob=(2)
cfi=(321) ./string/../sysdeps/x86_64/multiarch/strcpy-avx2.S
cfn=(3398) __strcpy_avx2
calls=6 64 
0 138

fn=(3400) 0x00000000048c8c90
0 120
cob=(9)
cfi=(192)
cfn=(3404) std::__cxx11::basic_string<char, std::char_traits<char>, std::allocator<char> >::basic_string(std::__cxx11::basic_string<char, std::char_traits<char>, std::allocator<char> >&&)
calls=60 0 
0 1496
cob=(1)
cfi=(193)
cfn=(728)
calls=1 71 
0 1153
0 5

fn=(3430) 0x00000000048ca110
0 110
cob=(9)
cfi=(192)
cfn=(3434) std::__cxx11::basic_string<char, std::char_traits<char>, std::allocator<char> >::_M_assign(std::__cxx11::basic_string<char, std::char_traits<char>, std::allocator<char> > const&)
calls=55 0 
0 7034
cob=(1)
cfi=(193)
cfn=(728)
calls=1 71 
0 1215
0 5

fn=(3530) 0x00000000048c8fc0
0 6
cob=(10)
cfi=(216)
cfn=(3534) zlink::do_getsockopt(void*, unsigned long*, void const*, unsigned long)
calls=3 0 
0 180
cob=(1)
cfi=(193)
cfn=(728)
calls=1 71 
0 745
0 5

fn=(3608) 0x00000000048c6210
0 8
cob=(10)
cfi=(216)
cfn=(3612) zlink::endpoint_t::endpoint_t(zlink::socket_base_t*, zlink::options_t const&)
calls=4 0 
0 2016
cob=(1)
cfi=(193)
cfn=(728)
calls=1 71 
0 921
0 5

fn=(3620) 0x00000000048c3810
0 8
cob=(10)
cfi=(216)
cfn=(3624) zlink::ctx_t::register_endpoint(char const*, zlink::endpoint_t const&)
calls=4 0 
0 9319
cob=(1)
cfi=(193)
cfn=(728)
calls=1 71 
0 881
0 5

fn=(3676) 0x00000000048c8770
0 10
cob=(10)
cfi=(216)
cfn=(3680) zlink::socket_base_t::connect(char const*)
calls=5 0 
0 119771
cob=(1)
cfi=(193)
cfn=(728)
calls=1 71 
0 777
0 5

fn=(3724) 0x00000000048c9d40
0 24
cob=(10)
cfi=(216)
cfn=(3728) zlink::pipe_t::set_peer(zlink::pipe_t*)
calls=12 0 
0 204
cob=(1)
cfi=(193)
cfn=(728)
calls=1 71 
0 741
0 5

fn=(3758) 0x00000000048c5f30
0 10
cob=(10)
cfi=(216)
cfn=(3762) zlink::object_t::send_bind(zlink::own_t*, zlink::pipe_t*, bool)
calls=5 0 
0 1813
cob=(1)
cfi=(193)
cfn=(728)
calls=1 71 
0 873
0 5

fn=(3794) 0x00000000048c5190
0 20
cob=(10)
cfi=(216)
cfn=(3798) zlink::socket_monitor_runtime_t::mark_ready_connection(zlink::endpoint_uri_pair_t const&, unsigned char const*, unsigned long, unsigned int*)
calls=10 0 
0 10621
cob=(1)
cfi=(193)
cfn=(728)
calls=1 71 
0 1097
0 5

fn=(3826) 0x00000000048c8d50
0 20
cob=(10)
cfi=(216)
cfn=(3830) zlink::socket_endpoint_runtime_t::attach_pipe(zlink::pipe_t*)
calls=10 0 
0 1800
cob=(1)
cfi=(193)
cfn=(728)
calls=1 71 
0 917
0 5

fn=(3884) 0x00000000048c46b0
0 10
cob=(2)
cfi=(323) ./misc/../sysdeps/unix/sysv/linux/x86_64/syscall.S
cfn=(3888) syscall
calls=5 29 
0 60
cob=(1)
cfi=(193)
cfn=(728)
calls=1 71 
0 853
0 5

fn=(3966) 0x00000000048c4990
0 637482
cob=(10)
cfi=(216)
cfn=(3970) zlink::pipe_t::check_hwm_unlocked() const
calls=318741 0 
0 3506151
cob=(1)
cfi=(193)
cfn=(728)
calls=1 71 
0 781
0 5

fn=(3972) 0x00000000048c8a10
0 637300
cob=(10)
cfi=(216)
cfn=(3976) zlink::msg_t::is_routing_id() const
calls=318650 0 
0 1593250
cob=(1)
cfi=(193)
cfn=(728)
calls=1 71 
0 761
0 5

fn=(4150) 0x000000000010b820
0 4
cob=(10)
cfi=(216)
cfn=(4152) zlink_poll
calls=2 0 
0 19536

fn=(4254) 0x00000000048c3f40
0 12
cob=(10)
cfi=(216)
cfn=(4258) zlink::socket_monitor_runtime_t::dequeue_worker_event(zlink::socket_monitor_event_record_t*, bool, void (*)(void*), void*)
calls=6 0 
0 33976
cob=(1)
cfi=(193)
cfn=(728)
calls=1 71 
0 1205
0 5

fn=(4336) 0x00000000048c58d0
0 212432
cob=(10)
cfi=(216)
cfn=(4340) zlink::socket_command_runtime_t::should_skip_throttled_command_poll(unsigned long)
calls=106216 0 
0 1276316
cob=(1)
cfi=(193)
cfn=(728)
calls=1 71 
0 985
0 5

fn=(4394) 0x00000000048c3fc0
0 8
cob=(2)
cfi=(327) ./misc/../sysdeps/unix/sysv/linux/ioctl.c
cfn=(4398) ioctl
calls=4 26 
0 96
cob=(1)
cfi=(193)
cfn=(728)
calls=1 71 
0 840
0 5

fn=(4458) 0x00000000048c7270
0 8
cob=(10)
cfi=(216)
cfn=(4462) zlink_msg_init
calls=4 0 
0 40
cob=(1)
cfi=(193)
cfn=(728)
calls=1 71 
0 637
0 5

fn=(4482) 0x00000000048c8dd0
0 4
cob=(10)
cfi=(216)
cfn=(4486) zlink::socket_command_runtime_t::should_poll_commands_after_recv(int)
calls=2 0 
0 14
cob=(1)
cfi=(193)
cfn=(728)
calls=1 71 
0 1009
0 5

fn=(4490) 0x00000000048c65c0
0 426112
cob=(10)
cfi=(216)
cfn=(4494) zlink::pipe_t::read(zlink::msg_t*)
calls=213056 0 
0 23585470
cob=(1)
cfi=(193)
cfn=(728)
calls=1 71 
0 745
0 5

fn=(4550) 0x00000000048c8c80
0 2
cob=(2)
cfi=(229)
cfn=(4554)
calls=1 125 
0 166
cob=(1)
cfi=(193)
cfn=(728)
calls=1 71 
0 911
0 5

fn=(4698) 0x00000000048c5d80
0 4
cob=(10)
cfi=(216)
cfn=(4702) zlink::get_peer_ip_address(int, std::__cxx11::basic_string<char, std::char_traits<char>, std::allocator<char> >&)
calls=2 0 
0 3536
cob=(1)
cfi=(193)
cfn=(728)
calls=1 71 
0 1065
0 5

fn=(4822) 0x00000000048c3ad0
0 1190
cob=(10)
cfi=(216)
cfn=(4826) zlink::asio_engine_t::use_stream_speculative_write() const
calls=595 0 
0 9520
cob=(1)
cfi=(193)
cfn=(728)
calls=1 71 
0 889
0 5

fn=(4840) 0x00000000048c54c0
0 1136
cob=(2)
cfi=(332) ./socket/../sysdeps/unix/sysv/linux/send.c
cfn=(4844) send
calls=568 24 
0 36352
cob=(1)
cfi=(193)
cfn=(728)
calls=1 71 
0 847
0 5

fn=(4876) 0x00000000048c95d0
0 22
cob=(10)
cfi=(216)
cfn=(4880) zlink::own_t::terminate()
calls=11 0 
0 29198
cob=(1)
cfi=(193)
cfn=(728)
calls=1 71 
0 733
0 5

fn=(4956) 0x00000000048c8ae0
0 56
cob=(10)
cfi=(216)
cfn=(4960) zlink::object_t::~object_t()
calls=28 0 
0 56
cob=(1)
cfi=(193)
cfn=(728)
calls=1 71 
0 685
0 5

fn=(4980) 0x00000000048c9200
0 1134
cob=(10)
cfi=(216)
cfn=(4984) zlink::asio_engine_t::maybe_grow_stream_decoder_read_target(unsigned long)
calls=567 0 
0 12246
cob=(1)
cfi=(193)
cfn=(728)
calls=1 71 
0 945
0 5

fn=(4986) 0x00000000048c5540
0 1134
cob=(10)
cfi=(216)
cfn=(4990) zlink::asio_engine_t::use_stream_dynamic_read_growth() const
calls=567 0 
0 2835
cob=(1)
cfi=(193)
cfn=(728)
calls=1 71 
0 901
0 5

fn=(5042) 0x00000000048c9d30
0 4
cob=(10)
cfi=(216)
cfn=(5046) zlink::asio_zmp_engine_t::process_handshake_input()
calls=2 0 
0 23800
cob=(1)
cfi=(193)
cfn=(728)
calls=1 71 
0 885
0 5

fn=(5114) 0x00000000048c90e0
0 4
cob=(9)
cfi=(192)
cfn=(5118) std::__cxx11::basic_ostringstream<char, std::char_traits<char>, std::allocator<char> >::basic_ostringstream()
calls=2 0 
0 1232
cob=(1)
cfi=(193)
cfn=(728)
calls=1 71 
0 1140
0 5

fn=(5210) 0x00000000048c7470
0 1134
cob=(10)
cfi=(216)
cfn=(5214) zlink::asio_engine_t::prime_stream_decoder_read_target()
calls=567 0 
0 2268
cob=(1)
cfi=(193)
cfn=(728)
calls=1 71 
0 913
0 5

fn=(5244) 0x00000000048c84c0
0 212430
cob=(10)
cfi=(216)
cfn=(5248) zlink::msg_t::set_metadata(zlink::metadata_t*)
calls=106215 0 
0 1912608
cob=(1)
cfi=(193)
cfn=(728)
calls=1 71 
0 829
0 5

fn=(5250) 0x00000000048c8fa0
0 212430
cob=(10)
cfi=(216)
cfn=(5254) zlink::metadata_t::add_ref()
calls=106215 0 
0 318645
cob=(1)
cfi=(193)
cfn=(728)
calls=1 71 
0 733
0 5

fn=(5272) 0x00000000048c79b0
0 2
cob=(10)
cfi=(216)
cfn=(5276) zlink::xpub_t::xattach_pipe(zlink::pipe_t*, bool, bool)
calls=1 0 
0 13515
cob=(1)
cfi=(193)
cfn=(728)
calls=1 71 
0 833
0 5

fn=(5384) 0x00000000048ca7d0
0 8
cob=(10)
cfi=(216)
cfn=(5388)
calls=4 0 
0 36569
cob=(1)
cfi=(193)
cfn=(728)
calls=1 71 
0 621
0 5

fn=(5385) 0x00000000048ca7d0'2
0 8
cob=(10)
cfi=(216)
cfn=(5389) zlink_close'2
calls=4 0 
0 20269

fn=(5540) 0x00000000048c68d0
0 20
cob=(10)
cfi=(216)
cfn=(5544) zlink::object_t::send_reap(zlink::socket_base_t*)
calls=10 0 
0 7236
cob=(1)
cfi=(193)
cfn=(728)
calls=1 71 
0 849
0 5

fn=(5558) 0x00000000048c8790
0 24
cob=(9)
cfi=(192)
cfn=(5562) std::_Rb_tree_rebalance_for_erase(std::_Rb_tree_node_base*, std::_Rb_tree_node_base&)
calls=12 0 
0 476
cob=(1)
cfi=(193)
cfn=(728)
calls=1 71 
0 1147
0 5

fn=(5626) 0x00000000048c3820
0 20
cob=(10)
cfi=(216)
cfn=(5630) zlink::ctx_inproc_registry_t::unregister_endpoints(zlink::socket_base_t const*)
calls=10 0 
0 2896
cob=(1)
cfi=(193)
cfn=(728)
calls=1 71 
0 1001
0 5

fn=(5664) 0x00000000048c6060
0 40
cob=(10)
cfi=(216)
cfn=(5668) zlink::socket_base_t::check_destroy()
calls=20 0 
0 3436
cob=(1)
cfi=(193)
cfn=(728)
calls=1 71 
0 793
0 5

fn=(5692) 0x00000000048c94f0
0 1170
cob=(10)
cfi=(216)
cfn=(5696) zlink::socket_base_t::dec_mailbox_ref()
calls=585 0 
0 76469
cob=(1)
cfi=(193)
cfn=(728)
calls=1 71 
0 813
0 5

fn=(5698) 0x00000000048c61f0
0 1170
cob=(10)
cfi=(216)
cfn=(5702) zlink::socket_lifecycle_coordinator_t::dec_mailbox_ref()
calls=585 0 
0 2340
cob=(1)
cfi=(193)
cfn=(728)
calls=1 71 
0 913
0 5

fn=(5744) 0x00000000048c5160
0 20
cob=(10)
cfi=(216)
cfn=(5748) zlink::socket_lifecycle_coordinator_t::mark_destroyed()
calls=10 0 
0 30
cob=(1)
cfi=(193)
cfn=(728)
calls=1 71 
0 909
0 5

fn=(5786) 0x00000000048ca240
0 20
cob=(10)
cfi=(216)
cfn=(5790) zlink::object_t::destroy_socket(zlink::socket_base_t*)
calls=10 0 
0 13125
cob=(1)
cfi=(193)
cfn=(728)
calls=1 71 
0 885
0 5

fn=(5804) 0x00000000048c9400
0 22
cob=(10)
cfi=(216)
cfn=(5808) zlink::ctx_t::debug_dump_sockets_locked(char const*) const
calls=11 0 
0 5412
cob=(1)
cfi=(193)
cfn=(728)
calls=1 71 
0 829
0 5

fn=(5900) 0x00000000048c5cf0
0 6
cob=(10)
cfi=(216)
cfn=(5904) zlink::registry_access_t::from_handle(void*)
calls=3 0 
0 832
cob=(1)
cfi=(193)
cfn=(728)
calls=1 71 
0 817
0 5

fn=(6024) 0x000000000010baf0
0 2
cob=(9)
cfi=(192)
cfn=(6026) std::thread::_M_start_thread(std::unique_ptr<std::thread::_State, std::default_delete<std::thread::_State> >, void (*)())
calls=1 0 
0 2329

fn=(6078) 0x00000000048c3be0
0 212618
cob=(10)
cfi=(216)
cfn=(6082) zlink::dist_t::check_hwm()
calls=106309 0 
0 21686656
cob=(1)
cfi=(193)
cfn=(728)
calls=1 71 
0 713
0 5

fn=(6090) 0x00000000048c8ff0
0 106214
cob=(10)
cfi=(216)
cfn=(6094) zlink::pipe_t::write_no_recursive_hwm_check(zlink::msg_t const*)
calls=53107 0 
0 15882034
cob=(1)
cfi=(193)
cfn=(728)
calls=1 71 
0 909
0 5

fn=(6132) 0x00000000048ca410
0 1134
cob=(10)
cfi=(216)
cfn=(6136) zlink::socket_base_t::process_async_mailbox()
calls=567 0 
0 102289754
cob=(1)
cfi=(193)
cfn=(728)
calls=1 71 
0 857
0 5

fn=(6168) 0x00000000048c9de0
0 54
cob=(10)
cfi=(216)
cfn=(6172) zlink::asio_engine_t::apply_pending_stream_encoder_resize()
calls=27 0 
0 108
cob=(1)
cfi=(193)
cfn=(728)
calls=1 71 
0 925
0 5

fn=(6210) 0x00000000048c8700
0 1138
cob=(10)
cfi=(216)
cfn=(6214) zlink::shared_message_memory_allocator::clear()
calls=569 0 
0 3414
cob=(1)
cfi=(193)
cfn=(728)
calls=1 71 
0 845
0 5

fn=(6254) 0x00000000048c7660
0 106214
cob=(10)
cfi=(216)
cfn=(6258) zlink::socket_base_t::resolve_socket_msg_source_rid(zlink::pipe_t*, zlink_routing_id_t*)
calls=53107 0 
0 5630060
cob=(1)
cfi=(193)
cfn=(728)
calls=1 71 
0 1081
0 5

fn=(6468) 0x0000000004cd5560
0 16
cob=(9)
cfi=(192)
cfn=(6472) std::ostreambuf_iterator<char, std::char_traits<char> > std::num_put<char, std::ostreambuf_iterator<char, std::char_traits<char> > >::_M_insert_float<double>(std::ostreambuf_iterator<char, std::char_traits<char> >, std::ios_base&, char, char, double) const
calls=8 0 
0 20466
cob=(1)
cfi=(193)
cfn=(728)
calls=1 71 
0 1250
0 5

fn=(6570) 0x00000000048c6610
0 2
cob=(10)
cfi=(216)
cfn=(6574) zlink::socket_lifecycle_coordinator_t::stop_async_mailbox_processing(zlink::mailbox_t*)
calls=1 0 
0 361
cob=(1)
cfi=(193)
cfn=(728)
calls=1 71 
0 1073
0 5

fn=(6590) 0x000000000010bc70
0 2
cob=(10)
cfi=(216)
cfn=(6592) zlink_ctx_shutdown
calls=1 0 
0 4363

fn=(6638) 0x00000000048c4170
0 2
cob=(10)
cfi=(216)
cfn=(6642) zlink::ctx_termination_t::wait_for_reaper_done(zlink::ctx_t&)
calls=1 0 
0 417
cob=(1)
cfi=(193)
cfn=(728)
calls=1 71 
0 917
0 5

fn=(6734) 0x00000000048c72c0
0 2
cob=(10)
cfi=(216)
cfn=(6733) zlink::asio_tcp_listener_t::~asio_tcp_listener_t()'2
calls=1 0 
0 253
cob=(1)
cfi=(193)
cfn=(728)
calls=1 71 
0 765
0 5

fn=(6772) 0x00000000048c3f70
0 4
cob=(10)
cfi=(216)
cfn=(6776) zlink::shared_message_memory_allocator::~shared_message_memory_allocator()
calls=2 0 
0 48
cob=(1)
cfi=(193)
cfn=(728)
calls=1 71 
0 829
0 5

fn=(6782) 0x00000000048c8800
0 4
cob=(10)
cfi=(216)
cfn=(6781) zlink::tcp_transport_t::~tcp_transport_t()'2
calls=2 0 
0 870
cob=(1)
cfi=(193)
cfn=(728)
calls=1 71 
0 741
0 5

fn=(6798) 0x00000000048c99e0
0 2
cob=(10)
cfi=(216)
cfn=(6797) zlink::sub_t::~sub_t()'2
calls=1 0 
0 6157
cob=(1)
cfi=(193)
cfn=(728)
calls=1 71 
0 677
0 5

fn=(6814) 0x00000000048c52e0
0 4
cob=(10)
cfi=(216)
cfn=(6818) zlink::dist_t::~dist_t()
calls=2 0 
0 288
cob=(1)
cfi=(193)
cfn=(728)
calls=1 71 
0 665
0 5

fn=(6936) 0x00000000048c59f0
0 4
cob=(10)
cfi=(216)
cfn=(6935) zlink::asio_poller_t::~asio_poller_t()'2
calls=2 0 
0 6893
cob=(1)
cfi=(193)
cfn=(728)
calls=1 71 
0 721
0 5

fn=(7052) 0x000000000483d030
0 2
cob=(2)
cfi=(373)
cfn=(7028)
calls=1 30 
0 202

fn=(7120) 0x0000000004cd5320
0 4
cob=(9)
cfi=(192)
cfn=(7124) std::error_category::~error_category()
calls=2 0 
0 4
cob=(1)
cfi=(193)
cfn=(728)
calls=1 71 
0 809
0 5

fn=(7134) 0x0000000004cd4970
0 4
cob=(9)
cfi=(192)
cfn=(4584)
calls=2 0 
0 66
cob=(1)
cfi=(193)
cfn=(728)
calls=1 71 
0 771
0 5

fn=(7138) 0x0000000004cd6980
0 6
cob=(9)
cfi=(192)
cfn=(7142) std::basic_ostream<wchar_t, std::char_traits<wchar_t> >::flush()
calls=3 0 
0 1672
cob=(1)
cfi=(193)
cfn=(728)
calls=1 71 
0 958
0 5

fn=(7139) 0x0000000004cd6980'2
0 2
cob=(9)
cfi=(192)
cfn=(7143) std::basic_ostream<wchar_t, std::char_traits<wchar_t> >::flush()'2
calls=1 0 
0 142

fn=(7180) 0x0000000004eb43c0
0 2
cob=(2)
cfi=(373)
cfn=(7028)
calls=1 30 
0 202

fn=(3288) 0x00000000048c3880
0 36
cob=(10)
cfi=(216)
cfn=(3292) zlink::ip_addr_t::family() const
calls=18 0 
0 54
cob=(1)
cfi=(193)
cfn=(728)
calls=1 71 
0 721
0 5

fn=(4080) 0x0000000004cd4fb0
0 12
cob=(9)
cfi=(192)
cfn=(4084) std::__cxx11::basic_stringbuf<char, std::char_traits<char>, std::allocator<char> >::_M_pbump(char*, char*, long)
calls=6 0 
0 84
cob=(1)
cfi=(193)
cfn=(728)
calls=1 71 
0 1050
0 5

fn=(4090) 0x0000000004cd3560
0 4
cob=(9)
cfi=(192)
cfn=(3538)
calls=2 0 
0 139
cob=(1)
cfi=(193)
cfn=(728)
calls=1 71 
0 1050
0 5

fn=(5492) 0x00000000048c5f20
0 20
cob=(10)
cfi=(216)
cfn=(5496) zlink::socket_send_ready_dispatch_scope_t::dispatching_socket(zlink::socket_base_t const*)
calls=10 0 
0 230
cob=(1)
cfi=(193)
cfn=(728)
calls=1 71 
0 1069
0 5

fn=(736) 0x0000000004cd48d0
0 76
cob=(9)
cfi=(192)
cfn=(740)
calls=38 0 
0 76493
cob=(1)
cfi=(193)
cfn=(728)
calls=1 71 
0 717
0 5

fn=(796) 0x0000000004cd5490
0 2
cob=(2)
cfi=(197) ./locale/./locale/newlocale.c
cfn=(800) newlocale
calls=1 43 
0 40
cob=(1)
cfi=(193)
cfn=(728)
calls=1 71 
0 814
0 5

fn=(806) 0x0000000004cd50e0
0 64
cob=(9)
cfi=(192)
cfn=(810) std::locale::_Impl::_M_install_facet(std::locale::id const*, std::locale::facet const*)
calls=32 0 
0 13498
cob=(1)
cfi=(193)
cfn=(728)
calls=1 71 
0 985
0 5

fn=(818) 0x0000000004cd49e0
0 2
cob=(9)
cfi=(192)
cfn=(822) std::codecvt<char, char, __mbstate_t>::codecvt(unsigned long)
calls=1 0 
0 44
cob=(1)
cfi=(193)
cfn=(728)
calls=1 71 
0 825
0 5

fn=(824) 0x0000000004cd6700
0 2
cob=(9)
cfi=(192)
cfn=(828) std::__cxx11::numpunct<char>::_M_initialize_numpunct(__locale_struct*)
calls=1 0 
0 417
cob=(1)
cfi=(193)
cfn=(728)
calls=1 71 
0 1045
0 5

fn=(916) 0x0000000004cd3c60
0 2
cob=(9)
cfi=(192)
cfn=(920) std::__cxx11::numpunct<wchar_t>::_M_initialize_numpunct(__locale_struct*)
calls=1 0 
0 353
cob=(1)
cfi=(193)
cfn=(728)
calls=1 71 
0 1021
0 5

fn=(1074) 0x0000000004cd5c70
0 2
cob=(9)
cfi=(192)
cfn=(1078) std::messages<wchar_t>::messages(unsigned long)
calls=1 0 
0 51
cob=(1)
cfi=(193)
cfn=(728)
calls=1 71 
0 756
0 5

fn=(1144) 0x0000000004cd5b50
0 8
cob=(9)
cfi=(192)
cfn=(1148) std::basic_ios<wchar_t, std::char_traits<wchar_t> >::init(std::basic_streambuf<wchar_t, std::char_traits<wchar_t> >*)
calls=4 0 
0 1765
cob=(1)
cfi=(193)
cfn=(728)
calls=1 71 
0 1028
0 5

fn=(1656) 0x000000000010bb30
0 8
cob=(9)
cfi=(192)
cfn=(1658)
calls=4 0 
0 24

fn=(1686) 0x00000000048c9830
0 146
cob=(9)
cfi=(192)
cfn=(1690) operator new(unsigned long, std::nothrow_t const&)
calls=73 0 
0 20911
cob=(1)
cfi=(193)
cfn=(728)
calls=1 71 
0 863
0 5

fn=(1786) 0x00000000048c6130
0 2
cob=(10)
cfi=(216)
cfn=(1790) zlink::ctx_io_thread_registry_t::ctx_io_thread_registry_t()
calls=1 0 
0 7
cob=(1)
cfi=(193)
cfn=(728)
calls=1 71 
0 775
0 5

fn=(1804) 0x00000000048c4e00
0 766852
cob=(2)
cfi=(235)
cfn=(1808)
calls=383426 77 
0 13835949
cob=(1)
cfi=(193)
cfn=(728)
calls=1 71 
0 936
0 5

fn=(1844) 0x00000000048ca060
0 2
cob=(10)
cfi=(216)
cfn=(1848) zlink::ctx_t::valid() const
calls=1 0 
0 1450
cob=(1)
cfi=(193)
cfn=(728)
calls=1 71 
0 691
0 5

fn=(1850) 0x00000000048c7130
0 12
cob=(10)
cfi=(216)
cfn=(1854) zlink::mailbox_t::valid() const
calls=6 0 
0 778
cob=(1)
cfi=(193)
cfn=(728)
calls=1 71 
0 707
0 5

fn=(1856) 0x00000000048c86c0
0 12
cob=(10)
cfi=(216)
cfn=(1860) zlink::signaler_t::valid() const
calls=6 0 
0 24
cob=(1)
cfi=(193)
cfn=(728)
calls=1 71 
0 719
0 5

fn=(1908) 0x00000000048c6490
0 2
cob=(10)
cfi=(216)
cfn=(1912) zlink::ctx_runtime_resources_t::start_locked(zlink::ctx_t&, zlink::ctx_socket_registry_t&, zlink::mailbox_t&, int, int)
calls=1 0 
0 122255
cob=(1)
cfi=(193)
cfn=(728)
calls=1 71 
0 1171
0 5

fn=(1974) 0x00000000048c4be0
0 213894
cob=(10)
cfi=(216)
cfn=(1978) zlink::clock_t::rdtsc()
calls=106947 0 
0 641682
cob=(1)
cfi=(193)
cfn=(728)
calls=1 71 
0 691
0 5

fn=(2094) 0x0000000004f066b0
0 216
cob=(2)
cfi=(223)
cfn=(1636)
calls=108 255 
0 1579

fn=(2158) 0x00000000048c4480
0 2
cob=(10)
cfi=(216)
cfn=(2162) zlink::ctx_runtime_resources_t::start_service_runtime_locked(zlink::ctx_t&)
calls=1 0 
0 4963
cob=(1)
cfi=(193)
cfn=(728)
calls=1 71 
0 1001
0 5

fn=(2164) 0x00000000048c7fc0
0 2
cob=(10)
cfi=(216)
cfn=(2168) zlink::service_control_runtime_t::service_control_runtime_t(zlink::ctx_t*)
calls=1 0 
0 394
cob=(1)
cfi=(193)
cfn=(728)
calls=1 71 
0 853
0 5

fn=(2216) 0x00000000048c6870
0 3086
cob=(10)
cfi=(216)
cfn=(2220) zlink::object_t::get_tid() const
calls=1543 0 
0 4629
cob=(1)
cfi=(193)
cfn=(728)
calls=1 71 
0 721
0 5

fn=(2248) 0x00000000048c6360
0 2
cob=(10)
cfi=(216)
cfn=(2252) zlink::xpub_t::xpub_t(zlink::ctx_t*, unsigned int, int)
calls=1 0 
0 14097
cob=(1)
cfi=(193)
cfn=(728)
calls=1 71 
0 745
0 5

fn=(2272) 0x00000000048c7d20
0 40
cob=(10)
cfi=(216)
cfn=(2276) zlink::ctx_t::get(int)
calls=20 0 
0 3806
cob=(1)
cfi=(193)
cfn=(728)
calls=1 71 
0 705
0 5

fn=(2346) 0x00000000048c8cd0
0 14
cob=(2)
cfi=(286) ./nptl/./nptl/pthread_getschedparam.c
cfn=(2350) pthread_getschedparam
calls=7 27 
0 483
cob=(1)
cfi=(193)
cfn=(728)
calls=1 71 
0 977
0 5

fn=(1428) 0x00000000048c54b0
0 6
cob=(9)
cfi=(192)
cfn=(1432)
calls=3 0 
0 61
cob=(1)
cfi=(193)
cfn=(728)
calls=1 71 
0 811
0 5

fn=(2482) 0x00000000048c6930
0 4
cob=(10)
cfi=(216)
cfn=(2486) zlink::dist_t::dist_t()
calls=2 0 
0 16
cob=(1)
cfi=(193)
cfn=(728)
calls=1 71 
0 665
0 5

fn=(2568) 0x00000000048c5fd0
0 106364
cob=(10)
cfi=(216)
cfn=(2572) zlink::socket_base_t::check_tag() const
calls=53182 0 
0 212728
cob=(1)
cfi=(193)
cfn=(728)
calls=1 71 
0 777
0 5

fn=(2574) 0x00000000048c6f90
0 4
cob=(10)
cfi=(216)
cfn=(2578) socket_type_of(zlink::socket_base_t*)
calls=2 0 
0 7488
cob=(1)
cfi=(193)
cfn=(728)
calls=1 71 
0 797
0 5

fn=(2652) 0x0000000004cd7260
0 142
cob=(2)
cfi=(223)
cfn=(1636)
calls=71 255 
0 895
cob=(1)
cfi=(193)
cfn=(728)
calls=1 71 
0 1057
0 5

fn=(2670) 0x00000000048c6a50
0 68
cob=(10)
cfi=(216)
cfn=(2674) zlink::options_t::setsockopt(int, void const*, unsigned long)
calls=34 0 
0 4722
cob=(1)
cfi=(193)
cfn=(728)
calls=1 71 
0 777
0 5

fn=(2710) 0x00000000048c7df0
0 4
cob=(10)
cfi=(216)
cfn=(2714) zlink::msg_t::init_subscribe(unsigned long, unsigned char const*)
calls=2 0 
0 1532
cob=(1)
cfi=(193)
cfn=(728)
calls=1 71 
0 777
0 5

fn=(2834) 0x00000000048c4580
0 10
cob=(10)
cfi=(216)
cfn=(2838) zlink::socket_base_t::bind(char const*)
calls=5 0 
0 134122
cob=(1)
cfi=(193)
cfn=(728)
calls=1 71 
0 745
0 5

fn=(2906) 0x00000000048c4ea0
0 10
cob=(10)
cfi=(216)
cfn=(2910) zlink::ctx_runtime_resources_t::choose_io_thread(unsigned long)
calls=5 0 
0 2697
cob=(1)
cfi=(193)
cfn=(728)
calls=1 71 
0 869
0 5

fn=(2952) 0x00000000048c91e0
0 8
cob=(10)
cfi=(216)
cfn=(2956) zlink::io_object_t::io_object_t(zlink::io_thread_t*)
calls=4 0 
0 1768
cob=(1)
cfi=(193)
cfn=(728)
calls=1 71 
0 813
0 5

fn=(3044) 0x00000000048c55f0
0 4
cob=(10)
cfi=(216)
cfn=(3048) zlink::tcp_address_t::resolve(char const*, bool, bool)
calls=2 0 
0 36500
cob=(1)
cfi=(193)
cfn=(728)
calls=1 71 
0 773
0 5

fn=(3072) 0x00000000048c50d0
0 4
cob=(10)
cfi=(216)
cfn=(3076) zlink::ip_resolver_options_t::allow_nic_name(bool)
calls=2 0 
0 8
cob=(1)
cfi=(193)
cfn=(728)
calls=1 71 
0 853
0 5

fn=(3108) 0x00000000048c5c30
0 10
cob=(10)
cfi=(216)
cfn=(3112) zlink::ip_resolver_options_t::bindable()
calls=5 0 
0 15
cob=(1)
cfi=(193)
cfn=(728)
calls=1 71 
0 813
0 5

fn=(3156) 0x0000000004f063f0
0 20
cob=(2)
cfi=(209)
cfn=(1220)
calls=10 3294 
0 3701

fn=(6652) 0x00000000048c6740
0 2
cob=(10)
cfi=(216)
cfn=(6656) zlink::socket_base_t::event_closed(zlink::endpoint_uri_pair_t const&, int)
calls=1 0 
0 50
cob=(1)
cfi=(193)
cfn=(728)
calls=1 71 
0 949
0 5

fn=(3352) 0x00000000048c3920
0 10
cob=(2)
cfi=(299)
cfn=(3152) getsockname
calls=5 120 
0 30
cob=(1)
cfi=(193)
cfn=(728)
calls=1 71 
0 890
0 5

fn=(3362) 0x00000000048c8090
0 8
cob=(10)
cfi=(216)
cfn=(3366) zlink::tcp_address_t::to_string(std::__cxx11::basic_string<char, std::char_traits<char>, std::allocator<char> >&) const
calls=4 0 
0 12306
cob=(1)
cfi=(193)
cfn=(728)
calls=1 71 
0 1089
0 5

fn=(3520) 0x000000000010b930
0 2
cob=(10)
cfi=(216)
cfn=(3522) zlink_get_option
calls=1 0 
0 2096

fn=(3682) 0x00000000048c5140
0 10
cob=(10)
cfi=(216)
cfn=(3686) zlink::socket_base_t::connect_internal(char const*)
calls=5 0 
0 118860
cob=(1)
cfi=(193)
cfn=(728)
calls=1 71 
0 821
0 5

fn=(3730) 0x00000000048c4570
0 16
cob=(10)
cfi=(216)
cfn=(3734) zlink::pipe_t::set_hwms_boost(int, int)
calls=8 0 
0 32
cob=(1)
cfi=(193)
cfn=(728)
calls=1 71 
0 765
0 5

fn=(3752) 0x00000000048c7a70
0 20
cob=(2)
cfi=(165) ./time/../sysdeps/unix/sysv/linux/time.c
cfn=(3756) time_syscall
calls=10 31 
0 60
cob=(1)
cfi=(193)
cfn=(728)
calls=1 71 
0 861
0 5

fn=(3776) 0x00000000048c9f00
0 64
cob=(10)
cfi=(216)
cfn=(3780) zlink::pipe_t::get_endpoint_pair() const
calls=32 0 
0 96
cob=(1)
cfi=(193)
cfn=(728)
calls=1 71 
0 797
0 5

fn=(3782) 0x00000000048ca9e0
0 212464
cob=(10)
cfi=(216)
cfn=(3786) zlink::pipe_t::get_routing_id() const
calls=106232 0 
0 318696
cob=(1)
cfi=(193)
cfn=(728)
calls=1 71 
0 765
0 5

fn=(3902) 0x00000000048c7940
0 2
cob=(10)
cfi=(216)
cfn=(3906) zlink::address_t::address_t(std::__cxx11::basic_string<char, std::char_traits<char>, std::allocator<char> > const&, std::__cxx11::basic_string<char, std::char_traits<char>, std::allocator<char> > const&, zlink::ctx_t*)
calls=1 0 
0 136
cob=(1)
cfi=(193)
cfn=(728)
calls=1 71 
0 1085
0 5

fn=(3920) 0x00000000048c9b30
0 4
cob=(10)
cfi=(216)
cfn=(3924) zlink::session_base_t::session_base_t(zlink::io_thread_t*, bool, zlink::socket_base_t*, zlink::options_t const&, zlink::address_t*)
calls=2 0 
0 1254
cob=(1)
cfi=(193)
cfn=(728)
calls=1 71 
0 1141
0 5

fn=(3928) 0x00000000048c5580
0 2
cob=(10)
cfi=(216)
cfn=(3932) zlink::fq_t::attach(zlink::pipe_t*)
calls=1 0 
0 321
cob=(1)
cfi=(193)
cfn=(728)
calls=1 71 
0 749
0 5

fn=(3986) 0x00000000048c37d0
0 1156
cob=(10)
cfi=(216)
cfn=(3990) zlink::pipe_t::flush()
calls=578 0 
0 436523
cob=(1)
cfi=(193)
cfn=(728)
calls=1 71 
0 689
0 5

fn=(4020) 0x00000000048c9040
0 106252
cob=(9)
cfi=(192)
cfn=(4024)
calls=53126 0 
0 1436027
cob=(1)
cfi=(193)
cfn=(728)
calls=1 71 
0 1016
0 5

fn=(4026) 0x0000000004cd70f0
0 212470
cob=(2)
cfi=(325)
cfn=(4030)
calls=106235 39 
0 2512480
cob=(1)
cfi=(193)
cfn=(728)
calls=1 71 
0 978
0 5

fn=(4132) 0x00000000048ca9f0
0 4
cob=(10)
cfi=(216)
cfn=(4136) zlink::make_unconnected_connect_endpoint_pair(std::__cxx11::basic_string<char, std::char_traits<char>, std::allocator<char> > const&)
calls=2 0 
0 725
cob=(1)
cfi=(193)
cfn=(728)
calls=1 71 
0 1193
0 5

fn=(4148) 0x000000000010bc10
0 107106
cob=(9)
cfi=(192)
cfn=(2454)
calls=53553 0 
0 1553037

fn=(4160) 0x00000000048c9930
0 8
cob=(10)
cfi=(216)
cfn=(4164) zlink::socket_poller_t::rebuild()
calls=4 0 
0 2184
cob=(1)
cfi=(193)
cfn=(728)
calls=1 71 
0 777
0 5

fn=(4224) 0x00000000048c6040
0 8
cob=(10)
cfi=(216)
cfn=(4228) zlink::socket_base_t::has_in()
calls=4 0 
0 1846
cob=(1)
cfi=(193)
cfn=(728)
calls=1 71 
0 745
0 5

fn=(4280) 0x00000000048ca250
0 12
cob=(2)
cfi=(290)
cfn=(4284)
calls=6 682 
0 1863
cob=(1)
cfi=(193)
cfn=(728)
calls=1 71 
0 1192
0 5

fn=(4330) 0x00000000048c84a0
0 212432
cob=(10)
cfi=(216)
cfn=(4334) zlink::socket_base_t::send_scoped(zlink::msg_t*, int, zlink::socket_public_send_scope_t&)
calls=106216 0 
0 94506528
cob=(1)
cfi=(193)
cfn=(728)
calls=1 71 
0 1053
0 5

fn=(4366) 0x00000000048c9300
0 1192
cob=(10)
cfi=(216)
cfn=(4370) zlink::object_t::send_activate_read(zlink::pipe_t*)
calls=596 0 
0 345694
cob=(1)
cfi=(193)
cfn=(728)
calls=1 71 
0 861
0 5

fn=(4372) 0x00000000048c8250
0 106218
cob=(10)
cfi=(216)
cfn=(4376) zlink::socket_public_send_scope_t::~socket_public_send_scope_t()
calls=53109 0 
0 1434949
cob=(1)
cfi=(193)
cfn=(728)
calls=1 71 
0 801
0 5

fn=(4430) 0x00000000048c3ac0
0 4
cob=(10)
cfi=(216)
cfn=(4434) zlink::socket_poller_t::~socket_poller_t()
calls=2 0 
0 396
cob=(1)
cfi=(193)
cfn=(728)
calls=1 71 
0 725
0 5

fn=(4498) 0x00000000048c9b50
0 424864
cob=(10)
cfi=(216)
cfn=(4502) zlink::msg_t::is_credential() const
calls=212432 0 
0 1062160
cob=(1)
cfi=(193)
cfn=(728)
calls=1 71 
0 769
0 5

fn=(4536) 0x00000000048c7af0
0 6
cob=(10)
cfi=(216)
cfn=(4540) zlink::session_base_t::get_socket() const
calls=3 0 
0 9
cob=(1)
cfi=(193)
cfn=(728)
calls=1 71 
0 793
0 5

fn=(4586) 0x0000000004cd5e80
0 22
cob=(9)
cfi=(192)
cfn=(4590) __cxa_get_globals
calls=11 0 
0 1302
cob=(1)
cfi=(193)
cfn=(728)
calls=1 71 
0 739
0 5

fn=(4598) 0x00000000048c4730
0 2
cob=(10)
cfi=(216)
cfn=(4602) zlink::asio_tcp_connecter_t::add_connect_timer()
calls=1 0 
0 5
cob=(1)
cfi=(193)
cfn=(728)
calls=1 71 
0 857
0 5

fn=(4604) 0x00000000048c8b10
0 2
cob=(10)
cfi=(216)
cfn=(4608) zlink::socket_base_t::event_connect_delayed(zlink::endpoint_uri_pair_t const&, int)
calls=1 0 
0 169
cob=(1)
cfi=(193)
cfn=(728)
calls=1 71 
0 1001
0 5

fn=(4618) 0x00000000048c6910
0 4
cob=(10)
cfi=(216)
cfn=(4622) zlink::asio_tcp_listener_t::on_accept(std::shared_ptr<boost::asio::basic_stream_socket<boost::asio::ip::tcp, boost::asio::any_io_executor> > const&, boost::system::error_code const&)
calls=2 0 
0 38341
cob=(1)
cfi=(193)
cfn=(728)
calls=1 71 
0 1477
0 5

fn=(4666) 0x00000000048c3e00
0 4
cob=(10)
cfi=(216)
cfn=(4670) zlink::tune_tcp_keepalives(int, int, int, int, int)
calls=2 0 
0 32
cob=(1)
cfi=(193)
cfn=(728)
calls=1 71 
0 797
0 5

fn=(4684) 0x00000000048c5480
0 4
cob=(10)
cfi=(216)
cfn=(4688) zlink::asio_zmp_engine_t::asio_zmp_engine_t(int, zlink::options_t const&, zlink::endpoint_uri_pair_t const&)
calls=2 0 
0 30609
cob=(1)
cfi=(193)
cfn=(728)
calls=1 71 
0 997
0 5

fn=(4722) 0x00000000048c4c80
0 4
cob=(10)
cfi=(216)
cfn=(4726) zlink::object_t::send_attach(zlink::session_base_t*, zlink::i_engine*, bool)
calls=2 0 
0 824
cob=(1)
cfi=(193)
cfn=(728)
calls=1 71 
0 953
0 5

fn=(4858) 0x00000000048c6d70
0 2
cob=(10)
cfi=(216)
cfn=(4862) zlink::asio_tcp_connecter_t::on_connect(boost::system::error_code const&)
calls=1 0 
0 23113
cob=(1)
cfi=(193)
cfn=(728)
calls=1 71 
0 993
0 5

fn=(4944) 0x00000000048c3af0
0 2
cob=(10)
cfi=(216)
cfn=(4948) .LTHUNK2.lto_priv.6
calls=1 0 
0 1597
cob=(1)
cfi=(193)
cfn=(728)
calls=1 71 
0 765
0 5

fn=(4950) 0x00000000048ca450
0 28
cob=(10)
cfi=(216)
cfn=(4954) zlink::own_t::~own_t()
calls=14 0 
0 1824
cob=(1)
cfi=(193)
cfn=(728)
calls=1 71 
0 661
0 5

fn=(5080) 0x00000000048c8000
0 211528
cob=(10)
cfi=(216)
cfn=(5084) zlink::msg_t::init(void*, unsigned long, void (*)(void*, void*), void*, zlink::msg_t::content_t*)
calls=105764 0 
0 7885848
cob=(1)
cfi=(193)
cfn=(728)
calls=1 71 
0 881
0 5

fn=(5140) 0x0000000004cd5c20
0 4
cob=(9)
cfi=(192)
cfn=(5144) std::ostreambuf_iterator<char, std::char_traits<char> > std::num_put<char, std::ostreambuf_iterator<char, std::char_traits<char> > >::_M_insert_int<long>(std::ostreambuf_iterator<char, std::char_traits<char> >, std::ios_base&, char, long) const
calls=2 0 
0 622
cob=(1)
cfi=(193)
cfn=(728)
calls=1 71 
0 1234
0 5

fn=(5258) 0x00000000048c7380
0 212430
cob=(10)
cfi=(216)
cfn=(5262) zlink::socket_base_t::socket_msg_dispatch_from_io(zlink::msg_t*, zlink::pipe_t*)
calls=106215 0 
0 2867805
cob=(1)
cfi=(193)
cfn=(728)
calls=1 71 
0 1017
0 5

fn=(5344) 0x00000000048c8b30
0 106412
cob=(9)
cfi=(192)
cfn=(5348) std::_Rb_tree_increment(std::_Rb_tree_node_base const*)
calls=53206 0 
0 851296
cob=(1)
cfi=(193)
cfn=(728)
calls=1 71 
0 1095
0 5

fn=(5362) 0x00000000048c5080
0 22
cob=(10)
cfi=(216)
cfn=(5366) zlink::reaper_t::process_mailbox()
calls=11 0 
0 50198
cob=(1)
cfi=(193)
cfn=(728)
calls=1 71 
0 769
0 5

fn=(5378) 0x00000000048c7980
0 16
cob=(10)
cfi=(216)
cfn=(5382) zlink::object_t::send_stop()
calls=8 0 
0 2820
cob=(1)
cfi=(193)
cfn=(728)
calls=1 71 
0 733
0 5

fn=(5516) 0x00000000048c3d40
0 20
cob=(10)
cfi=(216)
cfn=(5520) zlink::socket_lifecycle_coordinator_t::clear_deferred_close()
calls=10 0 
0 30
cob=(1)
cfi=(193)
cfn=(728)
calls=1 71 
0 945
0 5

fn=(5522) 0x00000000048c9360
0 2288
cob=(10)
cfi=(216)
cfn=(5526) zlink::socket_lifecycle_coordinator_t::is_async_mailbox_active() const
calls=1144 0 
0 5720
cob=(1)
cfi=(193)
cfn=(728)
calls=1 71 
0 961
0 5

fn=(5534) 0x00000000048c5e90
0 20
cob=(10)
cfi=(216)
cfn=(5538) zlink::mailbox_t::clear_signalers()
calls=10 0 
0 50
cob=(1)
cfi=(193)
cfn=(728)
calls=1 71 
0 781
0 5

fn=(5572) 0x00000000048c4ba0
0 126
cob=(2)
cfi=(346) ./nptl/./nptl/pthread_mutexattr_destroy.c
cfn=(5576) pthread_mutexattr_destroy@@GLIBC_2.34
calls=63 23 
0 189
cob=(1)
cfi=(193)
cfn=(728)
calls=1 71 
0 1188
0 5

fn=(5620) 0x00000000048cac30
0 20
cob=(10)
cfi=(216)
cfn=(5624) zlink::ctx_t::unregister_endpoints(zlink::socket_base_t const*)
calls=10 0 
0 3952
cob=(1)
cfi=(193)
cfn=(728)
calls=1 71 
0 917
0 5

fn=(5758) 0x00000000048c60b0
0 24
cob=(10)
cfi=(216)
cfn=(5757) zlink::pipe_t::~pipe_t()'2
calls=12 0 
0 2810
cob=(1)
cfi=(193)
cfn=(728)
calls=1 71 
0 665
0 5

fn=(5762) 0x00000000048ca570
0 20
cob=(10)
cfi=(216)
cfn=(5766) zlink::socket_lifecycle_coordinator_t::mark_destroy_pending()
calls=10 0 
0 30
cob=(1)
cfi=(193)
cfn=(728)
calls=1 71 
0 945
0 5

fn=(5768) 0x00000000048c8af0
0 20
cob=(10)
cfi=(216)
cfn=(5772) zlink::socket_lifecycle_coordinator_t::mailbox_refcount()
calls=10 0 
0 40
cob=(1)
cfi=(193)
cfn=(728)
calls=1 71 
0 913
0 5

fn=(5930) 0x00000000048c9ba0
0 6
cob=(10)
cfi=(216)
cfn=(5934) zlink::spot_sub_t::check_tag() const
calls=3 0 
0 12
cob=(1)
cfi=(193)
cfn=(728)
calls=1 71 
0 757
0 5

fn=(5936) 0x00000000048ca220
0 6
cob=(10)
cfi=(216)
cfn=(5940) is_registered_spot_handle(void*)
calls=3 0 
0 751
cob=(1)
cfi=(193)
cfn=(728)
calls=1 71 
0 741
0 5

fn=(5960) 0x00000000048c7d70
0 6
cob=(10)
cfi=(216)
cfn=(5964) zlink::spot_node_t::check_tag() const
calls=3 0 
0 12
cob=(1)
cfi=(193)
cfn=(728)
calls=1 71 
0 757
0 5

fn=(5978) 0x000000000010bb90
0 2
cob=(9)
cfi=(192)
cfn=(1712)
calls=1 0 
0 6

fn=(5980) 0x000000000010bac0
0 159430
cob=(9)
cfi=(192)
cfn=(5982) std::chrono::_V2::system_clock::now()
calls=79715 0 
0 2311735

fn=(6098) 0x00000000048c7030
0 106214
cob=(10)
cfi=(216)
cfn=(6102) zlink::pipe_t::write_and_flush_no_recursive_hwm_check(zlink::msg_t const*)
calls=53107 0 
0 15526651
cob=(1)
cfi=(193)
cfn=(728)
calls=1 71 
0 961
0 5

fn=(6146) 0x00000000048c94e0
0 214690
cob=(10)
cfi=(216)
cfn=(6150) zlink::fq_t::recvpipe(zlink::msg_t*, zlink::pipe_t**)
calls=107345 0 
0 21289266
cob=(1)
cfi=(193)
cfn=(728)
calls=1 71 
0 849
0 5

fn=(6174) 0x00000000048c4bf0
0 852
cob=(10)
cfi=(216)
cfn=(6178) zlink::object_t::send_activate_write(zlink::pipe_t*, unsigned long)
calls=426 0 
0 161386
cob=(1)
cfi=(193)
cfn=(728)
calls=1 71 
0 865
0 5

fn=(6260) 0x00000000048c6030
0 106214
cob=(10)
cfi=(216)
cfn=(6264) zlink::pipe_t::get_peer() const
calls=53107 0 
0 159321
cob=(1)
cfi=(193)
cfn=(728)
calls=1 71 
0 713
0 5

fn=(6314) 0x0000000004f064e0
0 2
cob=(1)
cfi=(348) ./elf/./elf/dl-open.c
cfn=(6316) _dl_find_dso_for_object
calls=1 214 
0 45

fn=(6324) 0x000000000010b9f0
0 106214
cob=(9)
cfi=(192)
cfn=(6326) std::condition_variable::notify_one()
calls=53107 0 
0 3655653

fn=(6372) 0x00000000048c9ff0
0 26
cob=(10)
cfi=(216)
cfn=(6376) zlink::pipe_t::get_snd_pending_msgs() const
calls=13 0 
0 2223
cob=(1)
cfi=(193)
cfn=(728)
calls=1 71 
0 801
0 5

fn=(6408) 0x000000000010b8d0
0 2
cob=(9)
cfi=(192)
cfn=(6410) std::thread::_State::~_State()
calls=1 0 
0 2

fn=(6532) 0x000000000010b990
0 16
cob=(9)
cfi=(192)
cfn=(6534) std::ostream::put(char)
calls=8 0 
0 1828

fn=(6612) 0x000000000010b880
0 2
cob=(10)
cfi=(216)
cfn=(6614) zlink_ctx_term
calls=1 0 
0 29727

fn=(6710) 0x00000000048c77d0
0 4
cob=(10)
cfi=(216)
cfn=(6714) zlink::asio_engine_t::unplug()
calls=2 0 
0 2853
cob=(1)
cfi=(193)
cfn=(728)
calls=1 71 
0 753
0 5

fn=(6718) 0x00000000048c6e70
0 4
cob=(2)
cfi=(299)
cfn=(6722) shutdown
calls=2 120 
0 12
cob=(1)
cfi=(193)
cfn=(728)
calls=1 71 
0 824
0 5

fn=(6820) 0x00000000048c9d50
0 2
cob=(10)
cfi=(216)
cfn=(6824) zlink::fq_t::~fq_t()
calls=1 0 
0 141
cob=(1)
cfi=(193)
cfn=(728)
calls=1 71 
0 661
0 5

fn=(6862) 0x00000000048c9240
0 4
cob=(10)
cfi=(216)
cfn=(6866) zlink::asio_poller_t::stop()
calls=2 0 
0 1231
cob=(1)
cfi=(193)
cfn=(728)
calls=1 71 
0 741
0 5

fn=(6896) 0x00000000048c6330
0 2
cob=(10)
cfi=(216)
cfn=(6900) zlink::service_control_runtime_t::~service_control_runtime_t()
calls=1 0 
0 327
cob=(1)
cfi=(193)
cfn=(728)
calls=1 71 
0 785
0 5

fn=(6908) 0x00000000048c95c0
0 2
cob=(10)
cfi=(216)
cfn=(6912) zlink::io_thread_t::stop()
calls=1 0 
0 654
cob=(1)
cfi=(193)
cfn=(728)
calls=1 71 
0 721
0 5

fn=(6952) 0x0000000004f06550
0 4
cob=(1)
cfi=(46)
cfn=(6954) _dl_deallocate_tls
calls=2 636 
0 618

fn=(6984) 0x00000000048c89b0
0 2
cob=(10)
cfi=(216)
cfn=(6988) zlink::ctx_io_thread_registry_t::clear()
calls=1 0 
0 10
cob=(1)
cfi=(193)
cfn=(728)
calls=1 71 
0 805
0 5

fn=(7226) 0x00000000055821b4
0 4

ob=(6)
fl=(187)
fn=(7220) 0x00000000000b50b0
0 5

fn=(688) 0x00000000000b5160
0 12

fn=(648) 0x0000000000230a00
0 85

fn=(632)
0 13
cob=(4)
cfi=(178)
cfn=(636)
calls=1 0 
0 463
0 21
cfn=(648)
calls=1 0 
0 85
0 2

fn=(7210) 0x00000000000b5120
0 9
cob=(4)
cfi=(178)
cfn=(7216)
calls=1 0 
0 204
0 1
cfn=(7220)
calls=1 0 
0 5
0 3

ob=(10)
fl=(216)
fn=(3298)
0 6
cob=(4)
cfi=(178)
cfn=(3288)
calls=2 0 
0 10
0 4

fn=(5482) zlink::socket_base_t::api_sync_mutex()
0 30

fn=(5490)
0 100
cob=(4)
cfi=(178)
cfn=(5492)
calls=10 0 
0 1324
0 40
cob=(4)
cfi=(178)
cfn=(5498)
calls=10 0 
0 1146
0 110
cob=(4)
cfi=(178)
cfn=(5504)
calls=10 0 
0 17583
0 10

fn=(5502)
0 160

fn=(1552) __static_initialization_and_destruction_0() [clone .lto_priv.26]
0 22

fn=(1554) __static_initialization_and_destruction_0() [clone .lto_priv.25]
0 22

fn=(1562) __static_initialization_and_destruction_0() [clone .lto_priv.22]
0 22

fn=(1574) __static_initialization_and_destruction_0() [clone .lto_priv.16]
0 24

fn=(1576) __static_initialization_and_destruction_0() [clone .lto_priv.15]
0 22

fn=(1590) __static_initialization_and_destruction_0() [clone .lto_priv.8]
0 22

fn=(1604) __static_initialization_and_destruction_0() [clone .lto_priv.1]
0 22

fn=(1706)
0 4
cfn=(1396) zlink::mutex_t::mutex_t()
calls=1 0 
0 104
0 13

fn=(1894)
0 110
cfn=(1884) zlink::mutex_t::lock()
calls=10 0 
0 570
0 70
cob=(4)
cfi=(178)
cfn=(2224)
calls=10 0 
0 1016
0 40
cob=(4)
cfi=(178)
cfn=(2230)
calls=10 0 
0 960
0 90
cob=(4)
cfi=(178)
cfn=(2236)
calls=10 0 
0 59575
0 60
cob=(4)
cfi=(178)
cfn=(2494)
calls=10 0 
0 6753
0 20
cfn=(1836) zlink::mutex_t::unlock()
calls=10 0 
0 511
0 72
cob=(4)
cfi=(178)
cfn=(1896)
calls=1 0 
0 125162
0 2

fn=(2034) boost::asio::detail::scheduler::post_immediate_completion(boost::asio::detail::scheduler_operation*, bool)
0 41518
cob=(4)
cfi=(178)
cfn=(3006)
calls=27 0 
0 243
0 22386
cob=(4)
cfi=(178)
cfn=(1838)
calls=1861 0 
0 52105
0 5610
cob=(4)
cfi=(178)
cfn=(1804)
calls=1870 0 
0 71061
0 31806
cob=(4)
cfi=(178)
cfn=(1838)
calls=9 0 
0 252
0 90
cob=(4)
cfi=(178)
cfn=(3020)
calls=9 0 
0 1023
0 138

fn=(2040)
0 9

fn=(2258)
0 220
cob=(4)
cfi=(178)
cfn=(2260)
calls=10 0 
0 2742
0 110
cob=(4)
cfi=(178)
cfn=(1968)
calls=10 0 
0 640
0 1670
cfn=(1396)
calls=10 0 
0 1040
0 40
cfn=(1396)
calls=10 0 
0 1040
0 40
cob=(4)
cfi=(178)
cfn=(1708)
calls=10 0 
0 80
0 30
cob=(4)
cfi=(178)
cfn=(1434)
calls=10 0 
0 2690
0 200
cob=(4)
cfi=(178)
cfn=(1434)
calls=10 0 
0 2408
0 70
cob=(4)
cfi=(178)
cfn=(1434)
calls=10 0 
0 2318
0 420
cfn=(1396)
calls=10 0 
0 1040
0 170
cfn=(1396)
calls=10 0 
0 1040
0 40
cob=(4)
cfi=(178)
cfn=(1708)
calls=10 0 
0 80
0 30
cob=(4)
cfi=(178)
cfn=(1434)
calls=10 0 
0 2343
0 160
cob=(4)
cfi=(178)
cfn=(2272)
calls=10 0 
0 3016
0 50
cob=(4)
cfi=(178)
cfn=(2272)
calls=10 0 
0 1540
0 80
cob=(4)
cfi=(178)
cfn=(1686)
calls=10 0 
0 2654
0 50
cob=(4)
cfi=(178)
cfn=(1714)
calls=10 0 
0 11036
0 150
cob=(4)
cfi=(178)
cfn=(2284)
calls=10 0 
0 5723
0 120

fn=(2264)
0 60
cob=(4)
cfi=(178)
cfn=(1950)
calls=10 0 
0 90
0 50
cob=(4)
cfi=(178)
cfn=(2266)
calls=10 0 
0 1626
0 150

fn=(1394) _sub_I_65535_0.0
0 15
cfn=(1396)
calls=1 0 
0 3165
0 4
cob=(4)
cfi=(178)
cfn=(1420)
calls=1 0 
0 1072
0 1
cfn=(1424) __static_initialization_and_destruction_0() [clone .lto_priv.127]
calls=1 0 
0 3675
0 1
cfn=(1446) __static_initialization_and_destruction_0() [clone .lto_priv.72]
calls=1 0 
0 35
0 1
cfn=(1448) __static_initialization_and_destruction_0() [clone .lto_priv.71]
calls=1 0 
0 120
0 1
cfn=(1450) __static_initialization_and_destruction_0() [clone .lto_priv.70]
calls=1 0 
0 32
0 1
cfn=(1452) __static_initialization_and_destruction_0() [clone .lto_priv.69]
calls=1 0 
0 125
0 1
cfn=(1454) __static_initialization_and_destruction_0() [clone .lto_priv.126]
calls=1 0 
0 1835
0 1
cfn=(1462) __static_initialization_and_destruction_0() [clone .lto_priv.68]
calls=1 0 
0 38
0 1
cfn=(1464) __static_initialization_and_destruction_0() [clone .lto_priv.67]
calls=1 0 
0 38
0 1
cfn=(1466) __static_initialization_and_destruction_0() [clone .lto_priv.125]
calls=1 0 
0 31
0 1
cfn=(1468) __static_initialization_and_destruction_0() [clone .lto_priv.66]
calls=1 0 
0 117
0 1
cfn=(1470) __static_initialization_and_destruction_0() [clone .lto_priv.65]
calls=1 0 
0 35
0 1
cfn=(1472) __static_initialization_and_destruction_0() [clone .lto_priv.124]
calls=1 0 
0 2839
0 1
cfn=(1474) __static_initialization_and_destruction_0() [clone .lto_priv.123]
calls=1 0 
0 2370
0 1
cfn=(1476) __static_initialization_and_destruction_0() [clone .lto_priv.64]
calls=1 0 
0 35
0 1
cfn=(1478) __static_initialization_and_destruction_0() [clone .lto_priv.63]
calls=1 0 
0 35
0 1
cfn=(1480) __static_initialization_and_destruction_0() [clone .lto_priv.62]
calls=1 0 
0 32
0 1
cfn=(1482) __static_initialization_and_destruction_0() [clone .lto_priv.61]
calls=1 0 
0 32
0 1
cfn=(1484) __static_initialization_and_destruction_0() [clone .lto_priv.60]
calls=1 0 
0 107
0 1
cfn=(1486) __static_initialization_and_destruction_0() [clone .lto_priv.59]
calls=1 0 
0 2879
0 1
cfn=(1488) __static_initialization_and_destruction_0() [clone .lto_priv.58]
calls=1 0 
0 22
0 19
cfn=(1490) __static_initialization_and_destruction_0() [clone .lto_priv.57]
calls=1 0 
0 22
0 14
cfn=(1492) __static_initialization_and_destruction_0() [clone .lto_priv.56]
calls=1 0 
0 22
0 14
cfn=(1494) __static_initialization_and_destruction_0() [clone .lto_priv.55]
calls=1 0 
0 507
0 27
cfn=(1496) __static_initialization_and_destruction_0() [clone .lto_priv.54]
calls=1 0 
0 22
0 40
cfn=(1498) __static_initialization_and_destruction_0() [clone .lto_priv.53]
calls=1 0 
0 22
0 1
cfn=(1500) __static_initialization_and_destruction_0() [clone .lto_priv.52]
calls=1 0 
0 32
0 14
cfn=(1502) __static_initialization_and_destruction_0() [clone .lto_priv.51]
calls=1 0 
0 22
0 1
cfn=(1504) __static_initialization_and_destruction_0() [clone .lto_priv.50]
calls=1 0 
0 22
0 1
cfn=(1506) __static_initialization_and_destruction_0() [clone .lto_priv.49]
calls=1 0 
0 22
0 53
cfn=(1508) __static_initialization_and_destruction_0() [clone .lto_priv.48]
calls=1 0 
0 22
0 1
cfn=(1510) __static_initialization_and_destruction_0() [clone .lto_priv.47]
calls=1 0 
0 22
0 1
cfn=(1512) __static_initialization_and_destruction_0() [clone .lto_priv.46]
calls=1 0 
0 22
0 1
cfn=(1514) __static_initialization_and_destruction_0() [clone .lto_priv.45]
calls=1 0 
0 22
0 1
cfn=(1516) __static_initialization_and_destruction_0() [clone .lto_priv.44]
calls=1 0 
0 22
0 27
cfn=(1518) __static_initialization_and_destruction_0() [clone .lto_priv.43]
calls=1 0 
0 22
0 1
cfn=(1520) __static_initialization_and_destruction_0() [clone .lto_priv.42]
calls=1 0 
0 22
0 1
cfn=(1522) __static_initialization_and_destruction_0() [clone .lto_priv.41]
calls=1 0 
0 22
0 40
cfn=(1524) __static_initialization_and_destruction_0() [clone .lto_priv.40]
calls=1 0 
0 22
0 1
cfn=(1526) __static_initialization_and_destruction_0() [clone .lto_priv.39]
calls=1 0 
0 22
0 14
cfn=(1528) __static_initialization_and_destruction_0() [clone .lto_priv.38]
calls=1 0 
0 22
0 1
cfn=(1530) __static_initialization_and_destruction_0() [clone .lto_priv.37]
calls=1 0 
0 22
0 14
cfn=(1532) __static_initialization_and_destruction_0() [clone .lto_priv.36]
calls=1 0 
0 22
0 40
cfn=(1534) __static_initialization_and_destruction_0() [clone .lto_priv.35]
calls=1 0 
0 22
0 1
cfn=(1536) __static_initialization_and_destruction_0() [clone .lto_priv.34]
calls=1 0 
0 22
0 1
cfn=(1538) __static_initialization_and_destruction_0() [clone .lto_priv.33]
calls=1 0 
0 22
0 1
cfn=(1540) __static_initialization_and_destruction_0() [clone .lto_priv.32]
calls=1 0 
0 22
0 14
cfn=(1542) __static_initialization_and_destruction_0() [clone .lto_priv.31]
calls=1 0 
0 22
0 1
cfn=(1544) __static_initialization_and_destruction_0() [clone .lto_priv.30]
calls=1 0 
0 22
0 1
cfn=(1546) __static_initialization_and_destruction_0() [clone .lto_priv.29]
calls=1 0 
0 22
0 14
cfn=(1548) __static_initialization_and_destruction_0() [clone .lto_priv.28]
calls=1 0 
0 22
0 1
cfn=(1550) __static_initialization_and_destruction_0() [clone .lto_priv.27]
calls=1 0 
0 22
0 14
cfn=(1552)
calls=1 0 
0 22
0 1
cfn=(1554)
calls=1 0 
0 22
0 27
cfn=(1556) __static_initialization_and_destruction_0() [clone .lto_priv.94]
calls=1 0 
0 32
0 14
cfn=(1558) __static_initialization_and_destruction_0() [clone .lto_priv.24]
calls=1 0 
0 22
0 1
cfn=(1560) __static_initialization_and_destruction_0() [clone .lto_priv.23]
calls=1 0 
0 22
0 14
cfn=(1562)
calls=1 0 
0 22
0 14
cfn=(1564) __static_initialization_and_destruction_0() [clone .lto_priv.21]
calls=1 0 
0 22
0 1
cfn=(1566) __static_initialization_and_destruction_0() [clone .lto_priv.20]
calls=1 0 
0 22
0 14
cfn=(1568) __static_initialization_and_destruction_0() [clone .lto_priv.19]
calls=1 0 
0 22
0 1
cfn=(1570) __static_initialization_and_destruction_0() [clone .lto_priv.18]
calls=1 0 
0 22
0 14
cfn=(1572) __static_initialization_and_destruction_0() [clone .lto_priv.17]
calls=1 0 
0 22
0 1
cfn=(1574)
calls=1 0 
0 24
0 1
cfn=(1576)
calls=1 0 
0 22
0 28
cob=(4)
cfi=(178)
cfn=(1456)
calls=1 0 
0 471
0 7
cfn=(1578) __static_initialization_and_destruction_0() [clone .lto_priv.14]
calls=1 0 
0 22
0 40
cfn=(1580) __static_initialization_and_destruction_0() [clone .lto_priv.13]
calls=1 0 
0 22
0 1
cfn=(1582) __static_initialization_and_destruction_0() [clone .lto_priv.12]
calls=1 0 
0 22
0 53
cfn=(1584) __static_initialization_and_destruction_0() [clone .lto_priv.11]
calls=1 0 
0 22
0 1
cfn=(1586) __static_initialization_and_destruction_0() [clone .lto_priv.10]
calls=1 0 
0 22
0 1
cfn=(1588) __static_initialization_and_destruction_0() [clone .lto_priv.9]
calls=1 0 
0 22
0 1
cfn=(1590)
calls=1 0 
0 22
0 1
cfn=(1592) __static_initialization_and_destruction_0() [clone .lto_priv.7]
calls=1 0 
0 22
0 27
cfn=(1594) __static_initialization_and_destruction_0() [clone .lto_priv.6]
calls=1 0 
0 22
0 14
cfn=(1596) __static_initialization_and_destruction_0() [clone .lto_priv.5]
calls=1 0 
0 22
0 14
cfn=(1598) __static_initialization_and_destruction_0() [clone .lto_priv.4]
calls=1 0 
0 22
0 14
cfn=(1600) __static_initialization_and_destruction_0() [clone .lto_priv.3]
calls=1 0 
0 22
0 1
cfn=(1602) __static_initialization_and_destruction_0() [clone .lto_priv.2]
calls=1 0 
0 22
0 1
cfn=(1604)
calls=1 0 
0 22
0 1
cfn=(1606) __static_initialization_and_destruction_0() [clone .lto_priv.0]
calls=1 0 
0 22
0 37

fn=(2410)
0 22763
cob=(4)
cfi=(178)
cfn=(2302)
calls=1751 0 
0 107759
0 24427
cob=(4)
cfi=(178)
cfn=(2412)
calls=890 0 
0 6301
0 4450

fn=(2420)
0 9000
cfn=(1884)
calls=750 0 
0 42750
0 17250
cfn=(1836)
calls=750 0 
0 37500
0 5250

fn=(2422) boost::asio::detail::scheduler::work_cleanup::~work_cleanup()
0 18124

fn=(2560)
0 7

fn=(2566)
0 150
cob=(4)
cfi=(178)
cfn=(2568)
calls=25 0 
0 932
0 125

fn=(2578)
0 26
cob=(4)
cfi=(178)
cfn=(2580)
calls=2 0 
0 7446
0 16

fn=(2686)
0 266
cob=(4)
cfi=(178)
cfn=(2688)
calls=12 0 
0 994
0 84
cob=(4)
cfi=(178)
cfn=(3864)
calls=8 0 
0 918
0 40
cob=(4)
cfi=(178)
cfn=(3870)
calls=8 0 
0 1062
0 32
cob=(4)
cfi=(178)
cfn=(3876)
calls=8 0 
0 5831
0 88

fn=(2698) zlink::sub_t::xsetsockopt(int, void const*, unsigned long)
0 94
cob=(4)
cfi=(178)
cfn=(2728)
calls=1 0 
0 13445
0 3
cfn=(2822) zlink::close_and_return(zlink::msg_t*, int)
calls=1 0 
0 70
0 55
cob=(4)
cfi=(178)
cfn=(2710)
calls=1 0 
0 2268
0 6
cob=(4)
cfi=(178)
cfn=(2412)
calls=5 0 
0 30
0 15

fn=(2786)
0 3518856
cob=(4)
cfi=(178)
cfn=(2740)
calls=586476 0 
0 4691808
0 3518856
cob=(4)
cfi=(178)
cfn=(2788)
calls=586476 0 
0 3519570
0 1647198
cfn=(6322) zlink::shared_message_memory_allocator::call_dec_ref(void*, void*)
calls=52694 0 
0 785035
0 1971031
cob=(4)
cfi=(178)
cfn=(5318)
calls=106215 0 
0 638032
0 5385107
cob=(4)
cfi=(178)
cfn=(2426)
calls=53522 0 
0 6249046
0 53522

fn=(2832)
0 45
cob=(4)
cfi=(178)
cfn=(2568)
calls=5 0 
0 30
0 40
cob=(4)
cfi=(178)
cfn=(2834)
calls=5 0 
0 134882

fn=(2852) std::__cxx11::basic_string<char, std::char_traits<char>, std::allocator<char> >::basic_string<std::allocator<char> >(char const*, std::allocator<char> const&)
0 504
cob=(4)
cfi=(178)
cfn=(2706)
calls=42 0 
0 928
0 294
cfn=(2854) void std::__cxx11::basic_string<char, std::char_traits<char>, std::allocator<char> >::_M_construct<char const*>(char const*, char const*, std::forward_iterator_tag) [clone .isra.0]
calls=42 0 
0 8593

fn=(2880) std::__cxx11::basic_string<char, std::char_traits<char>, std::allocator<char> >::operator=(std::__cxx11::basic_string<char, std::char_traits<char>, std::allocator<char> >&&) [clone .isra.0]
0 1201
cob=(4)
cfi=(178)
cfn=(2860)
calls=18 0 
0 304
0 112

fn=(2934)
0 13
cob=(4)
cfi=(178)
cfn=(2936)
calls=1 0 
0 2151
0 3
cob=(4)
cfi=(178)
cfn=(2952)
calls=1 0 
0 2474
0 7
cob=(4)
cfi=(178)
cfn=(2970)
calls=1 0 
0 814
0 10
cfn=(2976) boost::asio::detail::service_registry::do_use_service(boost::asio::execution_context::service::key const&, boost::asio::execution_context::service* (*)(void*), void*)
calls=1 0 
0 8513
0 17
cob=(4)
cfi=(178)
cfn=(3032)
calls=1 0 
0 736
0 15

fn=(2948) zlink::options_t::options_t(zlink::options_t const&)
0 2502
cfn=(2854)
calls=18 0 
0 540
0 198
cfn=(2950) std::vector<unsigned char, std::allocator<unsigned char> >::vector(std::vector<unsigned char, std::allocator<unsigned char> > const&)
calls=18 0 
0 576
0 126
cfn=(2950)
calls=18 0 
0 576
0 126
cfn=(2950)
calls=18 0 
0 576
0 216
cfn=(2854)
calls=18 0 
0 540
0 144
cfn=(2854)
calls=18 0 
0 540
0 144
cfn=(2854)
calls=18 0 
0 540
0 180
cfn=(2854)
calls=18 0 
0 540
0 162
cfn=(2854)
calls=18 0 
0 540
0 198

fn=(2974)
0 18

fn=(3196) .LTHUNK0.lto_priv.0
0 14445
cob=(4)
cfi=(178)
cfn=(3198)
calls=675 0 
0 42692
0 14052

fn=(6648) boost::asio::detail::reactive_socket_service_base::close(boost::asio::detail::reactive_socket_service_base::base_implementation_type&, boost::system::error_code&)
0 102
cfn=(4644) boost::asio::detail::epoll_reactor::deregister_descriptor(int, boost::asio::detail::epoll_reactor::descriptor_state*&, bool)
calls=3 0 
0 752
0 15
cfn=(6650) boost::asio::detail::socket_ops::close(int, unsigned char&, bool, boost::system::error_code&) [clone .isra.0]
calls=3 0 
0 264
0 73
cob=(4)
cfi=(178)
cfn=(1838)
calls=3 0 
0 84
0 9
cob=(4)
cfi=(178)
cfn=(1804)
calls=3 0 
0 114
0 12

fn=(6672) std::_Rb_tree<std::__cxx11::basic_string<char, std::char_traits<char>, std::allocator<char> >, std::pair<std::__cxx11::basic_string<char, std::char_traits<char>, std::allocator<char> > const, zlink::socket_endpoint_pipe_t>, std::_Select1st<std::pair<std::__cxx11::basic_string<char, std::char_traits<char>, std::allocator<char> > const, zlink::socket_endpoint_pipe_t> >, std::less<std::__cxx11::basic_string<char, std::char_traits<char>, std::allocator<char> > >, std::allocator<std::pair<std::__cxx11::basic_string<char, std::char_traits<char>, std::allocator<char> > const, zlink::socket_endpoint_pipe_t> > >::equal_range(std::__cxx11::basic_string<char, std::char_traits<char>, std::allocator<char> > const&)
0 46
cob=(4)
cfi=(178)
cfn=(2890)
calls=2 0 
0 48
0 72
cob=(4)
cfi=(178)
cfn=(2890)
calls=2 0 
0 48
0 24

fn=(3410)
0 57
cfn=(2854)
calls=3 0 
0 542
0 21
cfn=(2854)
calls=3 0 
0 90
0 36

fn=(3416)
0 13
cob=(4)
cfi=(178)
cfn=(3418)
calls=1 0 
0 992
0 7

fn=(3456)
0 42
cob=(4)
cfi=(178)
cfn=(3458)
calls=2 0 
0 8822
0 10
cob=(4)
cfi=(178)
cfn=(1434)
calls=2 0 
0 441
0 16
cfn=(2854)
calls=2 0 
0 571
0 24
cob=(4)
cfi=(178)
cfn=(3514)
calls=2 0 
0 1241
0 20
cfn=(2854)
calls=1 0 
0 30
0 7
cfn=(2854)
calls=1 0 
0 289
0 5
cob=(4)
cfi=(178)
cfn=(4138)
calls=1 0 
0 1002
0 2
cob=(4)
cfi=(178)
cfn=(2818)
calls=1 0 
0 8
0 2
cob=(4)
cfi=(178)
cfn=(2818)
calls=1 0 
0 8
0 28

fn=(3560)
0 12
cob=(4)
cfi=(178)
cfn=(3562)
calls=4 0 
0 1088
0 8
cob=(4)
cfi=(178)
cfn=(3562)
calls=4 0 
0 236
0 16

fn=(3686)
0 95
cob=(4)
cfi=(178)
cfn=(2840)
calls=5 0 
0 1045
0 80
cob=(4)
cfi=(178)
cfn=(2846)
calls=5 0 
0 3694
0 20
cob=(4)
cfi=(178)
cfn=(2818)
calls=5 0 
0 408
0 10
cob=(4)
cfi=(178)
cfn=(2818)
calls=5 0 
0 40
0 75
cob=(4)
cfi=(178)
cfn=(2882)
calls=5 0 
0 238
0 40
cfn=(2888) bool std::operator==<char, std::char_traits<char>, std::allocator<char> >(std::__cxx11::basic_string<char, std::char_traits<char>, std::allocator<char> > const&, char const*)
calls=5 0 
0 301
0 22
cfn=(2852)
calls=1 0 
0 165
0 20
cob=(4)
cfi=(178)
cfn=(3688)
calls=4 0 
0 8391
0 144
cob=(4)
cfi=(178)
cfn=(3706)
calls=4 0 
0 15624
0 64
cob=(4)
cfi=(178)
cfn=(3736)
calls=4 0 
0 5345
0 16
cob=(4)
cfi=(178)
cfn=(3736)
calls=4 0 
0 1667
0 20
cob=(4)
cfi=(178)
cfn=(3758)
calls=4 0 
0 2330
0 12
cob=(4)
cfi=(178)
cfn=(3764)
calls=4 0 
0 11385
0 20
cob=(4)
cfi=(178)
cfn=(3814)
calls=4 0 
0 5710
0 12
cob=(4)
cfi=(178)
cfn=(3764)
calls=4 0 
0 3676
0 40
cfn=(2852)
calls=4 0 
0 1317
0 12
cob=(4)
cfi=(178)
cfn=(3440)
calls=4 0 
0 1098
0 8
cob=(4)
cfi=(178)
cfn=(2818)
calls=4 0 
0 400
0 16
cob=(4)
cfi=(178)
cfn=(3848)
calls=4 0 
0 3111
0 12
cfn=(3634) zlink::options_t::~options_t()
calls=4 0 
0 236
0 6
cob=(4)
cfi=(178)
cfn=(2818)
calls=1 0 
0 100
0 3
cob=(4)
cfi=(178)
cfn=(2894)
calls=1 0 
0 83
0 6
cob=(4)
cfi=(178)
cfn=(1686)
calls=1 0 
0 232
0 5
cob=(4)
cfi=(178)
cfn=(3584)
calls=1 0 
0 5
0 5
cob=(4)
cfi=(178)
cfn=(3902)
calls=1 0 
0 1228
0 3
cfn=(2888)
calls=1 0 
0 63
0 8
cob=(4)
cfi=(178)
cfn=(3914)
calls=1 0 
0 3204
0 23
cob=(4)
cfi=(178)
cfn=(3706)
calls=1 0 
0 2670
0 9
cob=(4)
cfi=(178)
cfn=(3814)
calls=1 0 
0 17589
0 3
cob=(4)
cfi=(178)
cfn=(4032)
calls=1 0 
0 908
0 7
cob=(4)
cfi=(178)
cfn=(4038)
calls=1 0 
0 18719
0 3
cob=(4)
cfi=(178)
cfn=(3440)
calls=1 0 
0 319
0 5
cfn=(2852)
calls=1 0 
0 340
0 3
cob=(4)
cfi=(178)
cfn=(4132)
calls=1 0 
0 1558
0 6
cob=(4)
cfi=(178)
cfn=(3452)
calls=1 0 
0 2618
0 2
cob=(4)
cfi=(178)
cfn=(2818)
calls=1 0 
0 100
0 2
cob=(4)
cfi=(178)
cfn=(2818)
calls=1 0 
0 8
0 2
cob=(4)
cfi=(178)
cfn=(2818)
calls=1 0 
0 100
0 2
cob=(4)
cfi=(178)
cfn=(2818)
calls=1 0 
0 100
0 29
cob=(4)
cfi=(178)
cfn=(3908)
calls=1 0 
0 873
0 116
cob=(4)
cfi=(178)
cfn=(3730)
calls=4 0 
0 794
0 16
cob=(4)
cfi=(178)
cfn=(3730)
calls=4 0 
0 24
0 8
cob=(4)
cfi=(178)
cfn=(3050)
calls=1 0 
0 24
0 10

fn=(3704)
0 64
cfn=(1884)
calls=4 0 
0 228
0 24
cob=(4)
cfi=(178)
cfn=(2706)
calls=4 0 
0 96
0 16
cfn=(2854)
calls=4 0 
0 524
0 20
cfn=(3654) std::_Rb_tree<std::__cxx11::basic_string<char, std::char_traits<char>, std::allocator<char> >, std::pair<std::__cxx11::basic_string<char, std::char_traits<char>, std::allocator<char> > const, zlink::endpoint_t>, std::_Select1st<std::pair<std::__cxx11::basic_string<char, std::char_traits<char>, std::allocator<char> > const, zlink::endpoint_t> >, std::less<std::__cxx11::basic_string<char, std::char_traits<char>, std::allocator<char> > >, std::allocator<std::pair<std::__cxx11::basic_string<char, std::char_traits<char>, std::allocator<char> > const, zlink::endpoint_t> > >::find(std::__cxx11::basic_string<char, std::char_traits<char>, std::allocator<char> > const&) [clone .isra.0]
calls=4 0 
0 505
0 28
cob=(4)
cfi=(178)
cfn=(2536)
calls=4 0 
0 380
0 36
cfn=(2948)
calls=4 0 
0 1992
0 8
cob=(4)
cfi=(178)
cfn=(3476)
calls=4 0 
0 20
0 20
cfn=(3632) zlink::options_t::options_t(zlink::options_t&&)
calls=4 0 
0 1376
0 8
cfn=(3634)
calls=4 0 
0 236
0 8
cfn=(1836)
calls=4 0 
0 200
0 44

fn=(3898) std::__cxx11::basic_string<char, std::char_traits<char>, std::allocator<char> >::compare(std::__cxx11::basic_string<char, std::char_traits<char>, std::allocator<char> > const&) const [clone .isra.0]
0 104
cob=(4)
cfi=(178)
cfn=(2890)
calls=8 0 
0 160
0 48

fn=(3918)
0 44
cob=(4)
cfi=(178)
cfn=(1686)
calls=2 0 
0 441
0 20
cob=(4)
cfi=(178)
cfn=(3920)
calls=2 0 
0 2404
0 18

fn=(4238) zlink::ypipe_t<zlink::msg_t, 256>::check_read()
0 150

fn=(4328)
0 531092
cob=(4)
cfi=(178)
cfn=(2586)
calls=2 0 
0 18
0 53113
cob=(4)
cfi=(178)
cfn=(6054)
calls=53107 0 
0 478981
0 212428

fn=(4344) zlink::pipe_t::process_pipe_hwm(int, int)
0 16
cob=(4)
cfi=(178)
cfn=(3870)
calls=8 0 
0 336

fn=(4350)
0 424864

fn=(4376)
0 424874
cob=(4)
cfi=(178)
cfn=(2624)
calls=2 0 
0 16
0 53111
cob=(4)
cfi=(178)
cfn=(6104)
calls=53107 0 
0 850734
0 106214

fn=(4462)
0 8
cob=(4)
cfi=(178)
cfn=(2488)
calls=4 0 
0 32

fn=(4474)
0 44
cob=(4)
cfi=(178)
cfn=(4476)
calls=2 0 
0 4742
0 8
cob=(4)
cfi=(178)
cfn=(4312)
calls=2 0 
0 72
0 18
cob=(4)
cfi=(178)
cfn=(3836)
calls=2 0 
0 14
0 4

fn=(4480)
0 34
cob=(4)
cfi=(178)
cfn=(2740)
calls=2 0 
0 16
0 12
cob=(4)
cfi=(178)
cfn=(4482)
calls=2 0 
0 1032
0 12
cfn=(4488) zlink::pair_t::xrecv(zlink::msg_t*)
calls=2 0 
0 1884
0 10
cob=(4)
cfi=(178)
cfn=(4504)
calls=2 0 
0 910
0 18

fn=(4494)
0 3408672
cfn=(4496) zlink::ypipe_t<zlink::msg_t, 256>::read(zlink::msg_t*)
calls=213028 0 
0 7999756
0 1063948
cob=(4)
cfi=(178)
cfn=(4498)
calls=212432 0 
0 1487798
0 849728
cob=(4)
cfi=(178)
cfn=(4418)
calls=212432 0 
0 1274592
0 849728
cob=(4)
cfi=(178)
cfn=(2752)
calls=212432 0 
0 1062160
0 4254260
cob=(4)
cfi=(178)
cfn=(3972)
calls=106218 0 
0 743526
0 426576
cob=(4)
cfi=(178)
cfn=(6174)
calls=426 0 
0 163108
0 1618

fn=(4542) zlink::asio_tcp_connecter_t::process_plug()
0 4
cob=(4)
cfi=(178)
cfn=(4544)
calls=1 0 
0 10076

fn=(4622)
0 63
cob=(4)
cfi=(178)
cfn=(4624)
calls=1 0 
0 889
0 36
cfn=(4558) boost::asio::ip::detail::endpoint::address() const
calls=1 0 
0 11
0 10
cfn=(4558)
calls=1 0 
0 11
0 10
cob=(4)
cfi=(178)
cfn=(4630)
calls=1 0 
0 1765
0 4
cfn=(4642) boost::asio::basic_socket<boost::asio::ip::tcp, boost::asio::any_io_executor>::release() [clone .isra.0]
calls=1 0 
0 374
0 3
cob=(4)
cfi=(178)
cfn=(4648)
calls=1 0 
0 4043
0 5
cob=(4)
cfi=(178)
cfn=(4678)
calls=1 0 
0 29809
0 2
cob=(4)
cfi=(178)
cfn=(4380)
calls=1 0 
0 1282
0 24

fn=(4704) std::__cxx11::basic_string<char, std::char_traits<char>, std::allocator<char> >::assign(char const*) [clone .isra.0]
0 16
cob=(4)
cfi=(178)
cfn=(2706)
calls=2 0 
0 32
0 18
cob=(4)
cfi=(178)
cfn=(4106)
calls=2 0 
0 142

fn=(4732)
0 13
cob=(4)
cfi=(178)
cfn=(3418)
calls=1 0 
0 149
0 7

fn=(4746) zlink::asio_engine_t::plug(zlink::io_thread_t*, zlink::session_base_t*)
0 52
cob=(4)
cfi=(178)
cfn=(4536)
calls=2 0 
0 10
0 6
cob=(4)
cfi=(178)
cfn=(2964)
calls=2 0 
0 14
0 10
cob=(4)
cfi=(178)
cfn=(1434)
calls=2 0 
0 466
0 22
cfn=(2976)
calls=2 0 
0 1289
0 66
cfn=(4750) zlink::tcp_transport_t::open(boost::asio::io_context&, int)
calls=2 0 
0 1596
0 12
cfn=(4752) zlink::ws_transport_t::is_encrypted() const
calls=2 0 
0 6
0 30
cfn=(4754) zlink::asio_zmp_engine_t::plug_internal()
calls=2 0 
0 18040

fn=(4752)
0 6

fn=(4760)
0 26
cob=(4)
cfi=(178)
cfn=(4762)
calls=2 0 
0 3146
0 10

fn=(4820)
0 14345
cob=(4)
cfi=(178)
cfn=(4822)
calls=568 0 
0 11118
0 2272
cob=(4)
cfi=(178)
cfn=(5216)
calls=568 0 
0 19030
0 2272
cob=(4)
cfi=(178)
cfn=(5222)
calls=568 0 
0 60515390
0 8908
cfn=(4790) std::__weak_count<(__gnu_cxx::_Lock_policy)2>::__weak_count(std::__shared_count<(__gnu_cxx::_Lock_policy)2> const&) [clone .isra.0]
calls=568 0 
0 5112
0 7384
cfn=(4792) std::__weak_count<(__gnu_cxx::_Lock_policy)2>::__weak_count(std::__weak_count<(__gnu_cxx::_Lock_policy)2> const&) [clone .isra.0]
calls=568 0 
0 5112
0 3408
cob=(4)
cfi=(178)
cfn=(1434)
calls=568 0 
0 36920
0 3976
cfn=(4792)
calls=568 0 
0 5112
0 7384
cfn=(4830) zlink::tcp_transport_t::async_write_some(unsigned char const*, unsigned long, std::function<void (boost::system::error_code const&, unsigned long)>)
calls=568 0 
0 713666
0 3976
cfn=(4832) std::_Function_handler<void (boost::system::error_code const&, unsigned long), zlink::asio_engine_t::start_async_write()::{lambda(boost::system::error_code const&, unsigned long)#2}>::_M_manager(std::_Any_data&, std::_Any_data const&, std::_Manager_operation)
calls=568 0 
0 80656
0 2272
cfn=(4814) std::_Sp_counted_base<(__gnu_cxx::_Lock_policy)2>::_M_weak_release()
calls=568 0 
0 5680
0 7952
cfn=(4814)
calls=568 0 
0 5680
0 1617

fn=(4868)
0 9
cob=(4)
cfi=(178)
cfn=(4654)
calls=1 0 
0 63
0 13
cob=(4)
cfi=(178)
cfn=(4666)
calls=1 0 
0 18
0 4
cob=(4)
cfi=(178)
cfn=(4672)
calls=1 0 
0 15
0 6

fn=(4960)
0 56

fn=(5046)
0 58
cfn=(5088) zlink::zmp_decoder_t::msg()
calls=2 0 
0 6
0 6
cob=(4)
cfi=(178)
cfn=(2752)
calls=2 0 
0 10
0 10
cob=(4)
cfi=(178)
cfn=(5090)
calls=2 0 
0 18204
0 22
cfn=(5048) zlink::decoder_base_t<zlink::zmp_decoder_t, zlink::shared_message_memory_allocator>::get_buffer(unsigned char**, unsigned long*)
calls=2 0 
0 1012
0 16
cob=(4)
cfi=(178)
cfn=(2860)
calls=2 0 
0 28
0 8
cfn=(5056) zlink::decoder_base_t<zlink::zmp_decoder_t, zlink::shared_message_memory_allocator>::resize_buffer(unsigned long)
calls=2 0 
0 908
0 12
cfn=(5064) zlink::decoder_base_t<zlink::zmp_decoder_t, zlink::shared_message_memory_allocator>::decode(unsigned char const*, unsigned long, unsigned long&)
calls=2 0 
0 3466
0 34

fn=(5248)
0 849720
cob=(4)
cfi=(178)
cfn=(5250)
calls=106215 0 
0 531813
0 531075

fn=(5282)
0 20
cob=(4)
cfi=(178)
cfn=(2782)
calls=1 0 
0 793
0 6
cob=(4)
cfi=(178)
cfn=(4490)
calls=2 0 
0 183
0 6
cob=(4)
cfi=(178)
cfn=(5284)
calls=1 0 
0 735
0 4
cob=(4)
cfi=(178)
cfn=(2746)
calls=1 0 
0 30
0 4
cob=(4)
cfi=(178)
cfn=(2752)
calls=1 0 
0 5
0 12
cob=(4)
cfi=(178)
cfn=(5290)
calls=1 0 
0 2242
0 3
cob=(4)
cfi=(178)
cfn=(5308)
calls=1 0 
0 849
0 19
cfn=(5314) zlink::generic_mtrie_t<zlink::pipe_t>::add(unsigned char const*, unsigned long, zlink::pipe_t*)
calls=1 0 
0 581
0 4
cob=(4)
cfi=(178)
cfn=(3776)
calls=1 0 
0 5
0 3
cob=(4)
cfi=(178)
cfn=(5324)
calls=1 0 
0 6760
0 14

fn=(5312)
0 4
cob=(4)
cfi=(178)
cfn=(5296)
calls=1 0 
0 8
0 4
cob=(4)
cfi=(178)
cfn=(5302)
calls=1 0 
0 8
0 4
cob=(4)
cfi=(178)
cfn=(2752)
calls=1 0 
0 5
0 11
cob=(4)
cfi=(178)
cfn=(2734)
calls=1 0 
0 29

fn=(5544)
0 140
cob=(4)
cfi=(178)
cfn=(5546)
calls=10 0 
0 1692
0 60
cob=(4)
cfi=(178)
cfn=(3482)
calls=10 0 
0 5264
0 80

fn=(5696)
0 4680
cob=(4)
cfi=(178)
cfn=(5698)
calls=585 0 
0 4428
0 4640
cob=(4)
cfi=(178)
cfn=(5704)
calls=585 0 
0 3883
0 1220
cob=(4)
cfi=(178)
cfn=(5774)
calls=10 0 
0 57618

fn=(5742) zlink::socket_base_t::process_destroy()
0 30
cob=(4)
cfi=(178)
cfn=(5744)
calls=10 0 
0 964

fn=(5784)
0 30

fn=(5836)
0 340
cob=(4)
cfi=(178)
cfn=(5838)
calls=10 0 
0 6281
0 30
cob=(4)
cfi=(178)
cfn=(2536)
calls=10 0 
0 1310
0 50
cfn=(1884)
calls=10 0 
0 570
0 30
cob=(4)
cfi=(178)
cfn=(5396)
calls=10 0 
0 280
0 20
cob=(4)
cfi=(178)
cfn=(5670)
calls=10 0 
0 50
0 40
cfn=(1836)
calls=10 0 
0 500
0 40
cfn=(4520) std::_Sp_counted_base<(__gnu_cxx::_Lock_policy)2>::_M_release()
calls=10 0 
0 1296
0 20
cob=(4)
cfi=(178)
cfn=(5854)
calls=10 0 
0 2327
0 20
cfn=(5564) zlink::mutex_t::~mutex_t()
calls=10 0 
0 350
0 20
cfn=(5564)
calls=10 0 
0 350
0 30
cfn=(5740) std::_Rb_tree<std::__cxx11::basic_string<char, std::char_traits<char>, std::allocator<char> >, std::__cxx11::basic_string<char, std::char_traits<char>, std::allocator<char> >, std::_Identity<std::__cxx11::basic_string<char, std::char_traits<char>, std::allocator<char> > >, std::less<std::__cxx11::basic_string<char, std::char_traits<char>, std::allocator<char> > >, std::allocator<std::__cxx11::basic_string<char, std::char_traits<char>, std::allocator<char> > > >::_M_erase(std::_Rb_tree_node<std::__cxx11::basic_string<char, std::char_traits<char>, std::allocator<char> > >*)
calls=10 0 
0 327
0 20
cfn=(2072) std::_Rb_tree<int, int, std::_Identity<int>, std::less<int>, std::allocator<int> >::_M_erase(std::_Rb_tree_node<int>*) [clone .isra.0]
calls=10 0 
0 40
0 280
cob=(4)
cfi=(178)
cfn=(2536)
calls=10 0 
0 1253
0 60
cob=(4)
cfi=(178)
cfn=(2536)
calls=10 0 
0 1186
0 40
cfn=(4520)
calls=10 0 
0 1358
0 20
cob=(4)
cfi=(178)
cfn=(5854)
calls=10 0 
0 260
0 20
cfn=(5564)
calls=10 0 
0 350
0 20
cfn=(5564)
calls=10 0 
0 350
0 20
cob=(4)
cfi=(178)
cfn=(2818)
calls=10 0 
0 1238
0 60
cob=(4)
cfi=(178)
cfn=(2536)
calls=10 0 
0 1158
0 20
cfn=(5866) std::_Rb_tree<std::__cxx11::basic_string<char, std::char_traits<char>, std::allocator<char> >, std::pair<std::__cxx11::basic_string<char, std::char_traits<char>, std::allocator<char> > const, zlink::socket_base_t*>, std::_Select1st<std::pair<std::__cxx11::basic_string<char, std::char_traits<char>, std::allocator<char> > const, zlink::socket_base_t*> >, std::less<std::__cxx11::basic_string<char, std::char_traits<char>, std::allocator<char> > >, std::allocator<std::pair<std::__cxx11::basic_string<char, std::char_traits<char>, std::allocator<char> > const, zlink::socket_base_t*> > >::_M_erase(std::_Rb_tree_node<std::pair<std::__cxx11::basic_string<char, std::char_traits<char>, std::allocator<char> > const, zlink::socket_base_t*> >*) [clone .isra.0]
calls=10 0 
0 40
0 34
cfn=(6826) std::_Rb_tree<std::__cxx11::basic_string<char, std::char_traits<char>, std::allocator<char> >, std::pair<std::__cxx11::basic_string<char, std::char_traits<char>, std::allocator<char> > const, zlink::discovery_bootstrap_runtime_t::bootstrap_state_t>, std::_Select1st<std::pair<std::__cxx11::basic_string<char, std::char_traits<char>, std::allocator<char> > const, zlink::discovery_bootstrap_runtime_t::bootstrap_state_t> >, std::less<std::__cxx11::basic_string<char, std::char_traits<char>, std::allocator<char> > >, std::allocator<std::pair<std::__cxx11::basic_string<char, std::char_traits<char>, std::allocator<char> > const, zlink::discovery_bootstrap_runtime_t::bootstrap_state_t> > >::_M_erase(std::_Rb_tree_node<std::pair<std::__cxx11::basic_string<char, std::char_traits<char>, std::allocator<char> > const, zlink::discovery_bootstrap_runtime_t::bootstrap_state_t> >*) [clone .isra.0]
calls=2 0 
0 8
0 16
cob=(4)
cfi=(178)
cfn=(2536)
calls=2 0 
0 250
0 6
cob=(4)
cfi=(178)
cfn=(2536)
calls=2 0 
0 190
0 114
cob=(4)
cfi=(178)
cfn=(4950)
calls=10 0 
0 830

fn=(5898)
0 12

fn=(5922)
0 12

fn=(5928)
0 18
cob=(4)
cfi=(178)
cfn=(5930)
calls=3 0 
0 780
0 18

fn=(5998)
0 17
cob=(4)
cfi=(178)
cfn=(5876)
calls=1 0 
0 209
0 4
cob=(4)
cfi=(178)
cfn=(2412)
calls=1 0 
0 6
0 16

fn=(6006) zlink::xsub_t::sub_dispatch_active() const
0 5

fn=(6068) void zlink::generic_mtrie_t<zlink::pipe_t>::match<zlink::xpub_t*>(unsigned char const*, unsigned long, void (*)(zlink::pipe_t*, zlink::xpub_t*), zlink::xpub_t*)
0 1489656
cfn=(6070) zlink::xpub_t::mark_as_matching(zlink::pipe_t*, zlink::xpub_t*)
calls=53202 0 
0 1756428
0 106404
cob=(4)
cfi=(178)
cfn=(5344)
calls=53202 0 
0 957636
0 691626

fn=(6070)
0 266010
cob=(4)
cfi=(178)
cfn=(6072)
calls=53202 0 
0 1490418

fn=(6152) non-virtual thunk to zlink::session_base_t::read_activated(zlink::pipe_t*)
0 216
cfn=(6154) zlink::asio_engine_t::restart_output()
calls=27 0 
0 3126176

fn=(6290)
0 159321

fn=(6642)
0 14
cob=(4)
cfi=(178)
cfn=(2400)
calls=1 0 
0 385
0 18

fn=(6780) zlink::tcp_transport_t::~tcp_transport_t()
0 8
cob=(4)
cfi=(178)
cfn=(6782)
calls=2 0 
0 1620
0 8
cob=(4)
cfi=(178)
cfn=(2536)
calls=2 0 
0 266

fn=(6781)
0 14
cob=(4)
cfi=(178)
cfn=(6786)
calls=2 0 
0 846
0 10

fn=(6812)
0 17

fn=(6818)
0 32
cob=(4)
cfi=(178)
cfn=(2536)
calls=2 0 
0 256

fn=(6934)
0 8
cob=(4)
cfi=(178)
cfn=(6936)
calls=2 0 
0 7623
0 8
cob=(4)
cfi=(178)
cfn=(2536)
calls=2 0 
0 190

fn=(6935)
0 18
cob=(4)
cfi=(178)
cfn=(6940)
calls=2 0 
0 2007
0 40
cfn=(6964) boost::asio::detail::scheduler::shutdown()
calls=1 0 
0 105
cfn=(6958) boost::asio::detail::deadline_timer_service<boost::asio::detail::chrono_time_traits<std::chrono::_V2::steady_clock, boost::asio::wait_traits<std::chrono::_V2::steady_clock> > >::shutdown()
calls=1 0 
0 2
0 9
cfn=(6964)
calls=1 0 
0 115
cfn=(6962) boost::asio::detail::epoll_reactor::shutdown()
calls=1 0 
0 165
cfn=(6960) boost::asio::detail::reactive_socket_service<boost::asio::ip::tcp>::shutdown()
calls=1 0 
0 2
0 31
cfn=(6964)
calls=1 0 
0 105
cfn=(6958)
calls=1 0 
0 2
0 9
cfn=(6964)
calls=1 0 
0 105
cfn=(6962)
calls=1 0 
0 165
cfn=(6960)
calls=1 0 
0 2
0 33
cfn=(6972) boost::asio::detail::scheduler::~scheduler()
calls=1 0 
0 166
cfn=(6966) boost::asio::detail::deadline_timer_service<boost::asio::detail::chrono_time_traits<std::chrono::_V2::steady_clock, boost::asio::wait_traits<std::chrono::_V2::steady_clock> > >::~deadline_timer_service()
calls=1 0 
0 316
0 12
cfn=(6972)
calls=1 0 
0 1287
cfn=(6970) boost::asio::detail::epoll_reactor::~epoll_reactor()
calls=1 0 
0 784
cfn=(6968) boost::asio::detail::reactive_descriptor_service::~reactive_descriptor_service()
calls=1 0 
0 98
0 29
cfn=(2072)
calls=2 0 
0 8
0 10
cob=(4)
cfi=(178)
cfn=(6978)
calls=2 0 
0 778
0 4
cob=(4)
cfi=(178)
cfn=(5566)
calls=2 0 
0 28
0 6
cob=(4)
cfi=(178)
cfn=(2536)
calls=2 0 
0 190
0 14
cfn=(6956) boost::asio::detail::scheduler::stop()
calls=2 0 
0 246
0 2

fn=(6968)
0 3
cob=(4)
cfi=(178)
cfn=(2536)
calls=1 0 
0 95

fn=(6994)
0 4
cob=(4)
cfi=(178)
cfn=(6996)
calls=1 0 
0 2740
0 4
cob=(4)
cfi=(178)
cfn=(2536)
calls=1 0 
0 95

fn=(6995)
0 12
cob=(4)
cfi=(178)
cfn=(6930)
calls=1 0 
0 1363
0 3
cob=(4)
cfi=(178)
cfn=(5838)
calls=1 0 
0 663
0 3
cob=(4)
cfi=(178)
cfn=(4956)
calls=1 0 
0 4

fn=(3286)
0 18
cob=(4)
cfi=(178)
cfn=(3288)
calls=2 0 
0 736
0 10

fn=(4042)
0 30
cfn=(2888)
calls=2 0 
0 126
0 30
cob=(4)
cfi=(178)
cfn=(4044)
calls=2 0 
0 1168
0 42
cob=(4)
cfi=(178)
cfn=(4056)
calls=2 0 
0 1661
0 22
cob=(4)
cfi=(178)
cfn=(4056)
calls=2 0 
0 398
0 52
cob=(4)
cfi=(178)
cfn=(4060)
calls=2 0 
0 919
0 22
cob=(4)
cfi=(178)
cfn=(4056)
calls=2 0 
0 398
0 8
cob=(4)
cfi=(178)
cfn=(4064)
calls=2 0 
0 3590
0 10
cob=(4)
cfi=(178)
cfn=(4064)
calls=2 0 
0 290
0 8
cob=(4)
cfi=(178)
cfn=(4064)
calls=2 0 
0 5632
0 40
cob=(4)
cfi=(178)
cfn=(4106)
calls=2 0 
0 1820
0 20
cfn=(2880)
calls=2 0 
0 56
0 4
cob=(4)
cfi=(178)
cfn=(2818)
calls=2 0 
0 16
0 16
cob=(4)
cfi=(178)
cfn=(2818)
calls=2 0 
0 208
0 10
cob=(4)
cfi=(178)
cfn=(4110)
calls=2 0 
0 913
0 34
cob=(4)
cfi=(178)
cfn=(4114)
calls=2 0 
0 2837
0 24

fn=(1476)
0 35

fn=(1490)
0 22

fn=(1508)
0 22

fn=(1510)
0 22

fn=(1512)
0 22

fn=(1514)
0 22

fn=(1516)
0 22

fn=(1598)
0 22

fn=(1678)
0 5
cob=(4)
cfi=(178)
cfn=(1680)
calls=1 0 
0 753
0 5
cob=(4)
cfi=(178)
cfn=(1686)
calls=1 0 
0 1763
0 5
cob=(4)
cfi=(178)
cfn=(1696)
calls=1 0 
0 25393
0 2
cob=(4)
cfi=(178)
cfn=(1844)
calls=1 0 
0 2148
0 7

fn=(1700)
0 11
cob=(4)
cfi=(178)
cfn=(1702)
calls=1 0 
0 839
0 5
cfn=(1396)
calls=1 0 
0 104
0 9
cob=(4)
cfi=(178)
cfn=(1708)
calls=1 0 
0 971
0 3
cob=(4)
cfi=(178)
cfn=(1434)
calls=1 0 
0 210
0 14
cob=(4)
cfi=(178)
cfn=(1714)
calls=1 0 
0 7140
0 3
cob=(4)
cfi=(178)
cfn=(1774)
calls=1 0 
0 908
0 2
cob=(4)
cfi=(178)
cfn=(1780)
calls=1 0 
0 1584
0 1
cob=(4)
cfi=(178)
cfn=(1792)
calls=1 0 
0 777
0 8
cob=(4)
cfi=(178)
cfn=(1768)
calls=1 0 
0 6
0 2
cob=(4)
cfi=(178)
cfn=(1798)
calls=1 0 
0 12110
0 9
cob=(4)
cfi=(178)
cfn=(1792)
calls=1 0 
0 5
0 2

fn=(1906)
0 6
cob=(4)
cfi=(178)
cfn=(1804)
calls=1 0 
0 46
0 6
cfn=(1836)
calls=1 0 
0 47
0 7
cob=(4)
cfi=(178)
cfn=(1908)
calls=1 0 
0 123433
0 7

fn=(1960)
0 26
cob=(4)
cfi=(178)
cfn=(1962)
calls=2 0 
0 2466
0 10
cob=(4)
cfi=(178)
cfn=(1434)
calls=2 0 
0 310
0 8
cob=(4)
cfi=(178)
cfn=(1412)
calls=2 0 
0 94
0 22
cfn=(1980) boost::asio::detail::throw_error(boost::system::error_code const&, char const*)
calls=2 0 
0 48
0 12
cob=(4)
cfi=(178)
cfn=(1434)
calls=2 0 
0 428
0 12
cfn=(1982) boost::asio::detail::scheduler::scheduler(boost::asio::execution_context&, int, bool, boost::asio::detail::scheduler_task* (*)(boost::asio::execution_context&)) [clone .constprop.0]
calls=2 0 
0 4688
0 16
cob=(4)
cfi=(178)
cfn=(1804)
calls=2 0 
0 77
0 20
cob=(4)
cfi=(178)
cfn=(1838)
calls=2 0 
0 53
0 44

fn=(1980)
0 456

fn=(2188)
0 21
cob=(4)
cfi=(178)
cfn=(2202)
calls=1 0 
0 1209
0 2
cob=(4)
cfi=(178)
cfn=(2196)
calls=1 0 
0 5
0 5
cob=(4)
cfi=(178)
cfn=(2042)
calls=1 0 
0 7
0 2
cob=(4)
cfi=(178)
cfn=(2210)
calls=1 0 
0 4447
0 5
cob=(4)
cfi=(178)
cfn=(1686)
calls=1 0 
0 229
0 7
cob=(4)
cfi=(178)
cfn=(2190)
calls=1 0 
0 3514
0 2
cob=(4)
cfi=(178)
cfn=(2196)
calls=1 0 
0 803
0 2
cob=(4)
cfi=(178)
cfn=(1850)
calls=1 0 
0 11
0 11

fn=(2214)
0 12
cob=(4)
cfi=(178)
cfn=(2216)
calls=1 0 
0 731
0 8
cob=(4)
cfi=(178)
cfn=(2074)
calls=1 0 
0 502
0 3
cob=(4)
cfi=(178)
cfn=(2054)
calls=1 0 
0 2444
0 7

fn=(1388) 0x00000000000cae30
0 12

fn=(1426) boost::asio::ssl::detail::openssl_init_base::instance()
0 13
cob=(4)
cfi=(178)
cfn=(1428)
calls=1 0 
0 839
0 20
cob=(4)
cfi=(178)
cfn=(1434)
calls=1 0 
0 967
0 6
cob=(4)
cfi=(178)
cfn=(1434)
calls=1 0 
0 210
0 10
cob=(4)
cfi=(178)
cfn=(1420)
calls=1 0 
0 78
0 2
cob=(4)
cfi=(178)
cfn=(1440)
calls=1 0 
0 821
0 1

fn=(2486)
0 16

fn=(2500) void std::vector<zlink::socket_base_t*, std::allocator<zlink::socket_base_t*> >::_M_realloc_insert<zlink::socket_base_t* const&>(__gnu_cxx::__normal_iterator<zlink::socket_base_t**, std::vector<zlink::socket_base_t*, std::allocator<zlink::socket_base_t*> > >, zlink::socket_base_t* const&)
0 195
cob=(4)
cfi=(178)
cfn=(1434)
calls=4 0 
0 747
0 28
cob=(4)
cfi=(178)
cfn=(2532)
calls=3 0 
0 936
0 24
cob=(4)
cfi=(178)
cfn=(2536)
calls=3 0 
0 2524
0 29

fn=(2554)
0 14
cob=(4)
cfi=(178)
cfn=(2556)
calls=1 0 
0 699
0 5
cob=(4)
cfi=(178)
cfn=(2562)
calls=1 0 
0 1435
0 5
cob=(4)
cfi=(178)
cfn=(2574)
calls=1 0 
0 8052
0 9
cob=(4)
cfi=(178)
cfn=(2630)
calls=1 0 
0 1861
0 10

fn=(2604)
0 312

fn=(2640)
0 540
cob=(4)
cfi=(178)
cfn=(2586)
calls=36 0 
0 324
0 216
cob=(4)
cfi=(178)
cfn=(2592)
calls=36 0 
0 396
0 216
cfn=(3596) zlink::socket_base_t::xsetsockopt(int, void const*, unsigned long)
calls=24 0 
0 312
cfn=(2698)
calls=6 0 
0 15986
cfn=(2642) zlink::xpub_t::xsetsockopt(int, void const*, unsigned long)
calls=6 0 
0 199
0 108
cob=(4)
cfi=(178)
cfn=(2600)
calls=36 0 
0 216
0 106
cob=(4)
cfi=(178)
cfn=(2412)
calls=34 0 
0 204
0 140
cob=(4)
cfi=(178)
cfn=(2624)
calls=36 0 
0 288
0 392
cob=(4)
cfi=(178)
cfn=(2592)
calls=34 0 
0 374
0 170
cob=(4)
cfi=(178)
cfn=(2670)
calls=34 0 
0 5572
0 136
cob=(4)
cfi=(178)
cfn=(2682)
calls=34 0 
0 10225
0 68
cob=(4)
cfi=(178)
cfn=(2600)
calls=34 0 
0 204
0 34

fn=(2702)
0 7
cob=(4)
cfi=(178)
cfn=(2562)
calls=1 0 
0 19
0 7
cob=(4)
cfi=(178)
cfn=(2574)
calls=1 0 
0 242
0 6
cob=(4)
cfi=(178)
cfn=(2706)
calls=1 0 
0 913
0 10
cob=(4)
cfi=(178)
cfn=(2636)
calls=1 0 
0 15900

fn=(2738)
0 3187146
cob=(4)
cfi=(178)
cfn=(2740)
calls=531191 0 
0 4250230
0 7332009

fn=(2904)
0 15
cob=(4)
cfi=(178)
cfn=(2906)
calls=5 0 
0 3581

fn=(2962)
0 56
cob=(4)
cfi=(178)
cfn=(2964)
calls=4 0 
0 802
0 28

fn=(6658) zlink::xsub_t::xpipe_terminated(zlink::pipe_t*)
0 20
cob=(4)
cfi=(178)
cfn=(3776)
calls=1 0 
0 5
0 7
cfn=(2854)
calls=1 0 
0 30
0 6
cfn=(2854)
calls=1 0 
0 130
0 5
cob=(4)
cfi=(178)
cfn=(6660)
calls=1 0 
0 837
0 3
cob=(4)
cfi=(178)
cfn=(6666)
calls=1 0 
0 890
0 3
cob=(4)
cfi=(178)
cfn=(2794)
calls=1 0 
0 157
0 6
cob=(4)
cfi=(178)
cfn=(2536)
calls=1 0 
0 95
0 14

fn=(6690) std::_Rb_tree<zlink::pipe_t*, zlink::pipe_t*, std::_Identity<zlink::pipe_t*>, std::less<zlink::pipe_t*>, std::allocator<zlink::pipe_t*> >::erase(zlink::pipe_t* const&)
0 26
cfn=(4906) std::_Rb_tree<zlink::own_t*, zlink::own_t*, std::_Identity<zlink::own_t*>, std::less<zlink::own_t*>, std::allocator<zlink::own_t*> >::_M_erase(std::_Rb_tree_node<zlink::own_t*>*)
calls=1 0 
0 128
0 25

fn=(3422)
0 798
cfn=(1884)
calls=7 0 
0 399
0 145
cob=(4)
cfi=(178)
cfn=(4000)
calls=2 0 
0 2050
0 12
cob=(4)
cfi=(178)
cfn=(2818)
calls=2 0 
0 116
0 4
cob=(4)
cfi=(178)
cfn=(2818)
calls=2 0 
0 116
0 14
cfn=(1836)
calls=7 0 
0 350
0 13
cob=(4)
cfi=(178)
cfn=(4006)
calls=2 0 
0 6013
0 2

fn=(3480)
0 45

fn=(3498)
0 13260

fn=(3506)
0 8610
cob=(4)
cfi=(178)
cfn=(1768)
calls=861 0 
0 5166
0 6027
cob=(4)
cfi=(178)
cfn=(3012)
calls=861 0 
0 50799
0 7749

fn=(3602)
0 418

fn=(3618)
0 12
cob=(4)
cfi=(178)
cfn=(3620)
calls=4 0 
0 10213

fn=(3716)
0 180
cob=(4)
cfi=(178)
cfn=(2942)
calls=12 0 
0 132
0 228
cob=(4)
cfi=(178)
cfn=(3718)
calls=12 0 
0 870
0 360
cob=(4)
cfi=(178)
cfn=(1412)
calls=12 0 
0 564
0 48
cob=(4)
cfi=(178)
cfn=(2488)
calls=12 0 
0 96
0 96

fn=(3812)
0 57

fn=(3852)
0 88
cob=(4)
cfi=(178)
cfn=(2706)
calls=4 0 
0 96
0 16
cfn=(2854)
calls=4 0 
0 524
0 8
cob=(4)
cfi=(178)
cfn=(1434)
calls=4 0 
0 1249
0 112
cob=(4)
cfi=(178)
cfn=(3514)
calls=4 0 
0 72
0 80

fn=(3868)
0 116

fn=(3906)
0 14
cfn=(2854)
calls=1 0 
0 57
0 7
cfn=(2854)
calls=1 0 
0 52
0 6

fn=(3952) zlink::xsub_t::send_subscription(unsigned char*, unsigned long, void*)
0 14
cob=(4)
cfi=(178)
cfn=(2710)
calls=1 0 
0 50
0 5
cob=(4)
cfi=(178)
cfn=(3954)
calls=1 0 
0 3413
0 11

fn=(3990)
0 4624
cfn=(3882) zlink::fast_mutex_t::lock()
calls=578 0 
0 45841
0 4046
cfn=(3992) zlink::ypipe_t<zlink::msg_t, 256>::flush()
calls=578 0 
0 8642
0 2312
cfn=(3890) zlink::fast_mutex_t::unlock()
calls=578 0 
0 39562
0 4013
cob=(4)
cfi=(178)
cfn=(4366)
calls=567 0 
0 326916
0 567

fn=(4158)
0 22
cob=(4)
cfi=(178)
cfn=(4160)
calls=2 0 
0 856
0 8

fn=(4182)
0 68
cfn=(4184) void std::vector<zlink::socket_poller_t::item_t, std::allocator<zlink::socket_poller_t::item_t> >::_M_realloc_insert<zlink::socket_poller_t::item_t const&>(__gnu_cxx::__normal_iterator<zlink::socket_poller_t::item_t*, std::vector<zlink::socket_poller_t::item_t, std::allocator<zlink::socket_poller_t::item_t> > >, zlink::socket_poller_t::item_t const&) [clone .constprop.0]
calls=2 0 
0 254
0 2

fn=(4184)
0 100
cob=(4)
cfi=(178)
cfn=(1434)
calls=2 0 
0 130
0 24

fn=(4334)
0 2124320
cob=(4)
cfi=(178)
cfn=(2740)
calls=106216 0 
0 849728
0 637296
cob=(4)
cfi=(178)
cfn=(2840)
calls=106216 0 
0 6838969
0 637296
cob=(4)
cfi=(178)
cfn=(4346)
calls=106216 0 
0 638026
0 424864
cob=(4)
cfi=(178)
cfn=(4352)
calls=106216 0 
0 1487774
0 424864
cfn=(6060) zlink::xpub_t::xsend(zlink::msg_t*)
calls=106214 0 
0 78596754
cfn=(4358) zlink::pair_t::xsend(zlink::msg_t*)
calls=2 0 
0 3305
0 212748
cob=(4)
cfi=(178)
cfn=(2412)
calls=79 0 
0 474
0 1027
cob=(4)
cfi=(178)
cfn=(3170)
calls=79 0 
0 5688
0 553
cob=(4)
cfi=(178)
cfn=(6110)
calls=79 0 
0 1435
0 553
cob=(4)
cfi=(178)
cfn=(2840)
calls=79 0 
0 95453
0 64
cob=(4)
cfi=(178)
cfn=(2840)
calls=16 0 
0 20354
0 570
cfn=(6060)
calls=95 0 
0 69004
0 286
cob=(4)
cfi=(178)
cfn=(3170)
calls=16 0 
0 1152
0 1115329
cob=(4)
cfi=(178)
cfn=(2722)
calls=53107 0 
0 265535
0 53107

fn=(4400) boost::asio::detail::reactive_socket_accept_op_base<boost::asio::basic_socket<boost::asio::ip::tcp, boost::asio::any_io_executor>, boost::asio::ip::tcp>::do_perform(boost::asio::detail::reactor_op*)
0 66
cfn=(4518) boost::system::operator==(boost::system::error_code const&, boost::system::error_code const&)
calls=2 0 
0 66
0 88
cob=(4)
cfi=(178)
cfn=(4402)
calls=3 0 
0 1064
0 15
cfn=(4516) boost::asio::detail::descriptor_ops::get_last_error(boost::system::error_code&, bool) [clone .part.0] [clone .lto_priv.0]
calls=2 0 
0 40
0 14
cfn=(4518)
calls=2 0 
0 40
0 4

fn=(4416) zlink::pipe_t::is_delimiter(zlink::msg_t const&)
0 8
cob=(4)
cfi=(178)
cfn=(4418)
calls=4 0 
0 798

fn=(4450)
0 319
cfn=(1884)
calls=29 0 
0 1653
0 518
cfn=(1836)
calls=6 0 
0 300
0 99
cfn=(1836)
calls=23 0 
0 1150
0 115

fn=(4486)
0 14

fn=(4652)
0 9
cob=(4)
cfi=(178)
cfn=(4654)
calls=1 0 
0 1623
0 13
cob=(4)
cfi=(178)
cfn=(4666)
calls=1 0 
0 820
0 4
cob=(4)
cfi=(178)
cfn=(4672)
calls=1 0 
0 733
0 5

fn=(4702)
0 26
cob=(4)
cfi=(178)
cfn=(3346)
calls=2 0 
0 66
0 40
cob=(4)
cfi=(178)
cfn=(3380)
calls=2 0 
0 3178
0 14
cfn=(4704)
calls=2 0 
0 208
0 4

fn=(4778) void std::vector<unsigned char, std::allocator<unsigned char> >::_M_range_insert<unsigned char const*>(__gnu_cxx::__normal_iterator<unsigned char*, std::vector<unsigned char, std::allocator<unsigned char> > >, unsigned char const*, unsigned char const*, std::forward_iterator_tag)
0 78
cob=(4)
cfi=(178)
cfn=(2532)
calls=2 0 
0 26
0 22

fn=(4804) boost::asio::detail::reactive_socket_recv_op_base<boost::asio::mutable_buffer>::do_perform(boost::asio::detail::reactor_op*)
0 15496
cob=(4)
cfi=(178)
cfn=(4806)
calls=596 0 
0 40286
0 6353
cfn=(4516)
calls=29 0 
0 580
0 203
cfn=(4518)
calls=29 0 
0 580
0 174
cfn=(4518)
calls=29 0 
0 957
0 11179

fn=(4832)
0 46576
cfn=(4814)
calls=1704 0 
0 17040
0 5112
cob=(4)
cfi=(178)
cfn=(2536)
calls=1704 0 
0 175512
0 19312
cob=(4)
cfi=(178)
cfn=(1434)
calls=1136 0 
0 74841
0 6816
cfn=(4792)
calls=1136 0 
0 10224
0 2272

fn=(4904) zlink::own_t::process_term_req(zlink::own_t*)
0 28
cfn=(4906)
calls=1 0 
0 128
0 11
cob=(4)
cfi=(178)
cfn=(4908)
calls=1 0 
0 787
0 11
cob=(4)
cfi=(178)
cfn=(4914)
calls=1 0 
0 1029
0 12

fn=(4938)
0 48
cob=(4)
cfi=(178)
cfn=(3482)
calls=4 0 
0 1815
0 20

fn=(4970) boost::asio::detail::reactive_socket_recv_op<boost::asio::mutable_buffer, zlink::tcp_transport_t::async_read_some(unsigned char*, unsigned long, std::function<void (boost::system::error_code const&, unsigned long)>)::{lambda(boost::system::error_code const&, unsigned long)#2}, boost::asio::any_io_executor>::do_complete(void*, boost::asio::detail::scheduler_operation*, boost::system::error_code const&, unsigned long)
0 15363
cfn=(4800) zlink::tcp_transport_t::async_read_some(unsigned char*, unsigned long, std::function<void (boost::system::error_code const&, unsigned long)>)::{lambda(boost::system::error_code const&, unsigned long)#1}::function({lambda(boost::system::error_code const&, unsigned long)#1}&&)
calls=569 0 
0 13087
0 6259
cfn=(4812) zlink::tcp_transport_t::async_read_some(unsigned char*, unsigned long, std::function<void (boost::system::error_code const&, unsigned long)>)::{lambda(boost::system::error_code const&, unsigned long)#1}::~function() [clone .lto_priv.0]
calls=569 0 
0 15363
0 1707
cob=(4)
cfi=(178)
cfn=(2020)
calls=569 0 
0 7966
0 3983
cfn=(4616) void boost::asio::detail::thread_info_base::deallocate<boost::asio::detail::thread_info_base::default_tag>(boost::asio::detail::thread_info_base::default_tag, boost::asio::detail::thread_info_base*, void*, unsigned long) [clone .isra.0]
calls=569 0 
0 13682
0 5121
cfn=(4812)
calls=569 0 
0 99325
0 7966
cfn=(4972) std::_Function_handler<void (boost::system::error_code const&, unsigned long), zlink::asio_engine_t::start_async_read()::{lambda(boost::system::error_code const&, unsigned long)#2}>::_M_invoke(std::_Any_data const&, boost::system::error_code const&, unsigned long&&)
calls=569 0 
0 106206477
0 8535

fn=(4984)
0 3969
cob=(4)
cfi=(178)
cfn=(4986)
calls=567 0 
0 4875
0 3402

fn=(5056)
0 9
cob=(4)
cfi=(178)
cfn=(5058)
calls=3 0 
0 920

fn=(5084)
0 1425746
cob=(4)
cfi=(178)
cfn=(6192)
calls=52694 0 
0 2161432
0 159210
cob=(4)
cfi=(178)
cfn=(2716)
calls=53070 0 
0 955260
0 212280
cob=(4)
cfi=(178)
cfn=(2746)
calls=53070 0 
0 1592100
0 212280
cob=(4)
cfi=(178)
cfn=(2860)
calls=53070 0 
0 902190
0 265350

fn=(5086) zlink::zmp_decoder_t::body_ready(unsigned char const*)
0 955953

fn=(5168) std::_Rb_tree<std::__cxx11::basic_string<char, std::char_traits<char>, std::allocator<char> >, std::pair<std::__cxx11::basic_string<char, std::char_traits<char>, std::allocator<char> > const, std::__cxx11::basic_string<char, std::char_traits<char>, std::allocator<char> > >, std::_Select1st<std::pair<std::__cxx11::basic_string<char, std::char_traits<char>, std::allocator<char> > const, std::__cxx11::basic_string<char, std::char_traits<char>, std::allocator<char> > > >, std::less<std::__cxx11::basic_string<char, std::char_traits<char>, std::allocator<char> > >, std::allocator<std::pair<std::__cxx11::basic_string<char, std::char_traits<char>, std::allocator<char> > const, std::__cxx11::basic_string<char, std::char_traits<char>, std::allocator<char> > > > >::_M_erase(std::_Rb_tree_node<std::pair<std::__cxx11::basic_string<char, std::char_traits<char>, std::allocator<char> > const, std::__cxx11::basic_string<char, std::char_traits<char>, std::allocator<char> > > >*)
0 48
cfn=(5169) std::_Rb_tree<std::__cxx11::basic_string<char, std::char_traits<char>, std::allocator<char> >, std::pair<std::__cxx11::basic_string<char, std::char_traits<char>, std::allocator<char> > const, std::__cxx11::basic_string<char, std::char_traits<char>, std::allocator<char> > >, std::_Select1st<std::pair<std::__cxx11::basic_string<char, std::char_traits<char>, std::allocator<char> > const, std::__cxx11::basic_string<char, std::char_traits<char>, std::allocator<char> > > >, std::less<std::__cxx11::basic_string<char, std::char_traits<char>, std::allocator<char> > >, std::allocator<std::pair<std::__cxx11::basic_string<char, std::char_traits<char>, std::allocator<char> > const, std::__cxx11::basic_string<char, std::char_traits<char>, std::allocator<char> > > > >::_M_erase(std::_Rb_tree_node<std::pair<std::__cxx11::basic_string<char, std::char_traits<char>, std::allocator<char> > const, std::__cxx11::basic_string<char, std::char_traits<char>, std::allocator<char> > > >*)'2
calls=4 0 
0 608
0 48
cob=(4)
cfi=(178)
cfn=(2536)
calls=4 0 
0 472
0 24

fn=(5169)
0 60
cfn=(5169)
calls=4 0 
0 16
0 48
cob=(4)
cfi=(178)
cfn=(2536)
calls=4 0 
0 472
0 28

fn=(5180)
0 33
cob=(4)
cfi=(178)
cfn=(3842)
calls=1 0 
0 5
0 20
cob=(4)
cfi=(178)
cfn=(3706)
calls=1 0 
0 2227
0 6
cob=(4)
cfi=(178)
cfn=(3820)
calls=1 0 
0 19
0 7
cfn=(5240) zlink::asio_engine_t::get_endpoint() const
calls=1 0 
0 3
0 3
cfn=(4018) zlink::endpoint_uri_pair_t::endpoint_uri_pair_t(zlink::endpoint_uri_pair_t const&)
calls=1 0 
0 285
0 3
cob=(4)
cfi=(178)
cfn=(4138)
calls=1 0 
0 75
0 3
cob=(4)
cfi=(178)
cfn=(2818)
calls=1 0 
0 8
0 2
cob=(4)
cfi=(178)
cfn=(2818)
calls=1 0 
0 8
0 4
cfn=(5240)
calls=1 0 
0 3
0 3
cfn=(4018)
calls=1 0 
0 420
0 3
cob=(4)
cfi=(178)
cfn=(4138)
calls=1 0 
0 75
0 2
cob=(4)
cfi=(178)
cfn=(2818)
calls=1 0 
0 8
0 2
cob=(4)
cfi=(178)
cfn=(2818)
calls=1 0 
0 8
0 15
cob=(4)
cfi=(178)
cfn=(3758)
calls=1 0 
0 371
0 4
cob=(4)
cfi=(178)
cfn=(3736)
calls=1 0 
0 696
0 8
cob=(4)
cfi=(178)
cfn=(2426)
calls=1 0 
0 95
0 1

fn=(5238) zlink::blob_t::set(unsigned char const*, unsigned long)
0 14
cob=(4)
cfi=(178)
cfn=(3742)
calls=1 0 
0 47
0 5
cob=(4)
cfi=(178)
cfn=(2426)
calls=1 0 
0 6
0 14
cob=(4)
cfi=(178)
cfn=(2860)
calls=1 0 
0 13

fn=(5294)
0 4
cob=(4)
cfi=(178)
cfn=(5296)
calls=1 0 
0 714
0 4
cob=(4)
cfi=(178)
cfn=(5302)
calls=1 0 
0 730
0 4
cob=(4)
cfi=(178)
cfn=(2752)
calls=1 0 
0 5
0 11
cob=(4)
cfi=(178)
cfn=(2746)
calls=1 0 
0 30

fn=(5316) std::pair<std::_Rb_tree_iterator<zlink::pipe_t*>, bool> std::_Rb_tree<zlink::pipe_t*, zlink::pipe_t*, std::_Identity<zlink::pipe_t*>, std::less<zlink::pipe_t*>, std::allocator<zlink::pipe_t*> >::_M_insert_unique<zlink::pipe_t* const&>(zlink::pipe_t* const&)
0 36
cob=(4)
cfi=(178)
cfn=(1434)
calls=2 0 
0 466
0 16
cob=(4)
cfi=(178)
cfn=(3514)
calls=2 0 
0 36
0 36

fn=(5360) zlink::reaper_t::mailbox_handler(void*)
0 22
cob=(4)
cfi=(178)
cfn=(5362)
calls=11 0 
0 50994

fn=(5382)
0 112
cob=(4)
cfi=(178)
cfn=(3488)
calls=8 0 
0 2668
0 40

fn=(5584)
0 90
cob=(4)
cfi=(178)
cfn=(5528)
calls=10 0 
0 70
0 50
cob=(4)
cfi=(178)
cfn=(5586)
calls=10 0 
0 1088
0 30
cob=(4)
cfi=(178)
cfn=(5592)
calls=10 0 
0 964
0 60
cob=(4)
cfi=(178)
cfn=(2008)
calls=10 0 
0 80
0 20
cob=(4)
cfi=(178)
cfn=(2014)
calls=10 0 
0 4603
0 20
cob=(4)
cfi=(178)
cfn=(4876)
calls=10 0 
0 28125
0 50
cob=(4)
cfi=(178)
cfn=(5664)
calls=10 0 
0 1966

fn=(5610)
0 1755

fn=(5892)
0 18
cob=(4)
cfi=(178)
cfn=(5894)
calls=3 0 
0 788
0 9
cob=(4)
cfi=(178)
cfn=(2412)
calls=3 0 
0 18
0 15

fn=(6058)
0 371749

fn=(6094)
0 690391
cfn=(3882)
calls=53107 0 
0 4248560
0 371749
cob=(4)
cfi=(178)
cfn=(3966)
calls=53107 0 
0 690391
0 265535
cob=(4)
cfi=(178)
cfn=(2752)
calls=53107 0 
0 265535
0 212428
cob=(4)
cfi=(178)
cfn=(3972)
calls=53107 0 
0 371749
0 318642
cfn=(3978) zlink::ypipe_t<zlink::msg_t, 256>::write(zlink::msg_t const&, bool)
calls=53107 0 
0 4092280
0 212428
cfn=(3890)
calls=53107 0 
0 3664383
0 477963

fn=(6120)
0 1152
cob=(4)
cfi=(178)
cfn=(1768)
calls=96 0 
0 576
0 960
cob=(4)
cfi=(178)
cfn=(4206)
calls=96 0 
0 5664
0 576
cob=(4)
cfi=(178)
cfn=(1768)
calls=96 0 
0 576
0 1440

fn=(6136)
0 5103
cob=(4)
cfi=(178)
cfn=(5522)
calls=567 0 
0 3969
0 2832
cfn=(6138) zlink::xsub_t::xdispatch_io()
calls=566 0 
0 116086
0 1134
cob=(4)
cfi=(178)
cfn=(5522)
calls=567 0 
0 3969
0 2266
cob=(4)
cfi=(178)
cfn=(2416)
calls=566 0 
0 85466
0 3400
cob=(4)
cfi=(178)
cfn=(2840)
calls=567 0 
0 102056561
0 1134
cob=(4)
cfi=(178)
cfn=(5670)
calls=567 0 
0 2835
0 1137
cob=(4)
cfi=(178)
cfn=(2416)
calls=1 0 
0 151
0 6
cob=(4)
cfi=(178)
cfn=(6584)
calls=1 0 
0 1441
0 2264

fn=(6154)
0 216
cob=(4)
cfi=(178)
cfn=(6156)
calls=27 0 
0 3125960

fn=(6298)
0 637284
cob=(4)
cfi=(178)
cfn=(2020)
calls=53107 0 
0 743498
0 265535
cob=(4)
cfi=(178)
cfn=(2020)
calls=53107 0 
0 743498
0 212428
cob=(4)
cfi=(178)
cfn=(2020)
calls=53107 0 
0 743498
0 690391
cob=(4)
cfi=(178)
cfn=(4510)
calls=53107 0 
0 4336489
0 424858
cob=(4)
cfi=(178)
cfn=(2020)
calls=1 0 
0 14
0 11
cob=(4)
cfi=(178)
cfn=(6300)
calls=1 0 
0 2662
0 2
cfn=(6318) zlink::recv_tls_view::storage() [clone .part.0] [clone .lto_priv.0]
calls=1 0 
0 1093
0 1

fn=(6348)
0 531070
cob=(4)
cfi=(178)
cfn=(1804)
calls=53107 0 
0 2018066
0 212428
cob=(4)
cfi=(178)
cfn=(4020)
calls=53107 0 
0 1540103
0 265535
cob=(4)
cfi=(178)
cfn=(1838)
calls=53107 0 
0 1486996

fn=(6376)
0 104
cfn=(3882)
calls=13 0 
0 1040
0 117
cfn=(3890)
calls=13 0 
0 897
0 65

fn=(6382)
0 91
cob=(4)
cfi=(178)
cfn=(6384)
calls=13 0 
0 839
0 78

fn=(6740) boost::asio::detail::executor_op<boost::asio::detail::binder0<zlink::asio_engine_t::terminate()::{lambda()#1}>, std::allocator<void>, boost::asio::detail::scheduler_operation>::do_complete(void*, boost::asio::detail::scheduler_operation*, boost::system::error_code const&, unsigned long)
0 18
cob=(4)
cfi=(178)
cfn=(2020)
calls=2 0 
0 28
0 30
cfn=(6742) zlink::asio_zmp_engine_t::~asio_zmp_engine_t()
calls=2 0 
0 12474
0 18

fn=(6806)
0 18
cfn=(6244) (anonymous namespace)::close_dispatch_frames(std::vector<zlink_msg_t, std::allocator<zlink_msg_t> >*) [clone .part.0]
calls=1 0 
0 16
0 2
cob=(4)
cfi=(178)
cfn=(5826)
calls=1 0 
0 20
0 2
cob=(4)
cfi=(178)
cfn=(2782)
calls=1 0 
0 41
0 8
cob=(4)
cfi=(178)
cfn=(2536)
calls=1 0 
0 95
0 6
cob=(4)
cfi=(178)
cfn=(2536)
calls=1 0 
0 95
0 2
cob=(4)
cfi=(178)
cfn=(5854)
calls=1 0 
0 26
0 2
cob=(4)
cfi=(178)
cfn=(6808)
calls=1 0 
0 689
0 2
cob=(4)
cfi=(178)
cfn=(6814)
calls=1 0 
0 811
0 2
cob=(4)
cfi=(178)
cfn=(6820)
calls=1 0 
0 809
0 5
cob=(4)
cfi=(178)
cfn=(5832)
calls=1 0 
0 2821

fn=(6824)
0 16
cob=(4)
cfi=(178)
cfn=(2536)
calls=1 0 
0 125

fn=(6832)
0 5
cob=(4)
cfi=(178)
cfn=(6834)
calls=1 0 
0 941

fn=(6838)
0 4
cob=(4)
cfi=(178)
cfn=(2036)
calls=1 0 
0 5
0 2
cob=(4)
cfi=(178)
cfn=(1850)
calls=1 0 
0 11
0 5
cob=(4)
cfi=(178)
cfn=(5378)
calls=1 0 
0 210

fn=(6854) zlink::reaper_t::process_stop()
0 6

fn=(6912)
0 2
cob=(4)
cfi=(178)
cfn=(5378)
calls=1 0 
0 652

fn=(6956)
0 42
cob=(4)
cfi=(178)
cfn=(1838)
calls=2 0 
0 56
0 4
cob=(4)
cfi=(178)
cfn=(1804)
calls=2 0 
0 76
0 14
cob=(4)
cfi=(178)
cfn=(6868)
calls=2 0 
0 50
0 4

fn=(6958)
0 4

fn=(1472)
0 4
cob=(4)
cfi=(178)
cfn=(1456)
calls=1 0 
0 463
0 6
cob=(4)
cfi=(178)
cfn=(1456)
calls=1 0 
0 463
0 6
cob=(4)
cfi=(178)
cfn=(1456)
calls=1 0 
0 463
0 6
cob=(4)
cfi=(178)
cfn=(1456)
calls=1 0 
0 463
0 6
cob=(4)
cfi=(178)
cfn=(1456)
calls=1 0 
0 463
0 6
cob=(4)
cfi=(178)
cfn=(1456)
calls=1 0 
0 463
0 27

fn=(1480)
0 32

fn=(1496)
0 22

fn=(1502)
0 22

fn=(1504)
0 22

fn=(1506)
0 22

fn=(1524)
0 22

fn=(1526)
0 22

fn=(1556)
0 32

fn=(1564)
0 22

fn=(1566)
0 22

fn=(1790)
0 7

fn=(1870)
0 13
cob=(4)
cfi=(178)
cfn=(1872)
calls=1 0 
0 726
0 12
cob=(4)
cfi=(178)
cfn=(1878)
calls=1 0 
0 840

fn=(1884)
0 20195
cob=(4)
cfi=(178)
cfn=(1804)
calls=4039 0 
0 185794
0 24234

fn=(2228)
0 50

fn=(2246)
0 14
cob=(4)
cfi=(178)
cfn=(2248)
calls=1 0 
0 14849
0 11

fn=(1396)
0 630
cob=(4)
cfi=(178)
cfn=(1398)
calls=63 0 
0 1483
0 315
cob=(4)
cfi=(178)
cfn=(1406)
calls=63 0 
0 1936
0 315
cob=(4)
cfi=(178)
cfn=(1412)
calls=63 0 
0 4430
0 504

fn=(1448)
0 42
cob=(4)
cfi=(178)
cfn=(1420)
calls=1 0 
0 78

fn=(2380) zlink::asio_poller_t::loop()
0 130
cob=(4)
cfi=(178)
cfn=(2382)
calls=49 0 
0 1153
0 294
cfn=(2388) boost::asio::io_context::poll()
calls=49 0 
0 115314606
0 234
cob=(4)
cfi=(178)
cfn=(2450)
calls=34 0 
0 2901
0 68
cob=(4)
cfi=(178)
cfn=(2450)
calls=34 0 
0 1054
0 1116
cob=(4)
cfi=(178)
cfn=(2450)
calls=1116 0 
0 34596
0 28464
cob=(4)
cfi=(178)
cfn=(2020)
calls=1137 0 
0 15918
0 48286
cfn=(6740)
calls=2 0 
0 12568
cfn=(5350) boost::asio::detail::wait_handler<zlink::asio_engine_t::add_timer(int, int)::{lambda(boost::system::error_code const&)#1}, boost::asio::any_io_executor>::do_complete(void*, boost::asio::detail::scheduler_operation*, boost::system::error_code const&, unsigned long)
calls=1 0 
0 1121
cfn=(4970)
calls=306 0 
0 57277879
cfn=(4894) boost::asio::detail::reactive_socket_send_op<boost::asio::const_buffer, boost::asio::detail::write_op<boost::asio::basic_stream_socket<boost::asio::ip::tcp, boost::asio::any_io_executor>, boost::asio::const_buffer, boost::asio::const_buffer const*, boost::asio::detail::transfer_all_t, zlink::tcp_transport_t::async_write_some(unsigned char const*, unsigned long, std::function<void (boost::system::error_code const&, unsigned long)>)::{lambda(boost::system::error_code const&, unsigned long)#2}>, boost::asio::any_io_executor>::do_complete(void*, boost::asio::detail::scheduler_operation*, boost::system::error_code const&, unsigned long)
calls=334 0 
0 36812597
cfn=(4610) boost::asio::detail::epoll_reactor::descriptor_state::do_complete(void*, boost::asio::detail::scheduler_operation*, boost::system::error_code const&, unsigned long)
calls=24 0 
0 4160612
cfn=(2390) boost::asio::detail::executor_op<boost::asio::detail::binder0<zlink::mailbox_t::schedule_if_needed()::{lambda()#1}>, std::allocator<void>, boost::asio::detail::scheduler_operation>::do_complete(void*, boost::asio::detail::scheduler_operation*, boost::system::error_code const&, unsigned long)
calls=449 0 
0 60725520
0 20168
cob=(4)
cfi=(178)
cfn=(2020)
calls=1137 0 
0 15918
0 45834
cob=(4)
cfi=(178)
cfn=(2426)
calls=354 0 
0 33784
0 42193
cob=(4)
cfi=(178)
cfn=(2450)
calls=19 0 
0 589
0 393
cfn=(2388)
calls=2 0 
0 512
0 2274
cob=(4)
cfi=(178)
cfn=(1804)
calls=1137 0 
0 43206
0 3419
cob=(4)
cfi=(178)
cfn=(1838)
calls=2 0 
0 56
0 57
cob=(4)
cfi=(178)
cfn=(1838)
calls=19 0 
0 730
0 168
cob=(4)
cfi=(178)
cfn=(1804)
calls=49 0 
0 1862
0 147
cob=(4)
cfi=(178)
cfn=(1838)
calls=49 0 
0 1372
0 161
cob=(4)
cfi=(178)
cfn=(1804)
calls=21 0 
0 798
0 63
cob=(4)
cfi=(178)
cfn=(1838)
calls=21 0 
0 588
0 32160
cfn=(3196)
calls=384 0 
0 41362
0 10421
cob=(4)
cfi=(178)
cfn=(1822)
calls=26 0 
0 338
0 4786
cob=(4)
cfi=(178)
cfn=(1838)
calls=1116 0 
0 31325
0 1888
cob=(4)
cfi=(178)
cfn=(1804)
calls=384 0 
0 14592
0 1236
cob=(4)
cfi=(178)
cfn=(1838)
calls=28 0 
0 795
0 3212
cob=(4)
cfi=(178)
cfn=(1838)
calls=356 0 
0 9968
0 1770
cob=(4)
cfi=(178)
cfn=(2460)
calls=26 0 
0 9337
0 26

fn=(2386)
0 245

fn=(2518)
0 18
cob=(4)
cfi=(178)
cfn=(2254)
calls=1 0 
0 3495
0 9
cob=(4)
cfi=(178)
cfn=(2520)
calls=1 0 
0 683
0 3
cob=(4)
cfi=(178)
cfn=(2482)
calls=1 0 
0 10
0 4
cob=(4)
cfi=(178)
cfn=(2526)
calls=1 0 
0 693
0 16
cob=(4)
cfi=(178)
cfn=(1708)
calls=1 0 
0 8
0 10
cob=(4)
cfi=(178)
cfn=(2488)
calls=1 0 
0 8
0 16
cob=(4)
cfi=(178)
cfn=(1434)
calls=1 0 
0 221
0 18
cob=(4)
cfi=(178)
cfn=(1434)
calls=1 0 
0 221
0 21

fn=(2590)
0 372057

fn=(2596)
0 702

fn=(2616)
0 610

fn=(2628)
0 318906

fn=(2668)
0 230

fn=(2756)
0 4142700

fn=(2844)
0 1720314
cfn=(2404)
calls=1575 0 
0 307362
0 7473
cob=(4)
cfi=(178)
cfn=(4262)
calls=687 0 
0 101848152
0 402
cob=(4)
cfi=(178)
cfn=(4262)
calls=134 0 
0 46390
0 4105
cfn=(2404)
calls=821 0 
0 128024
0 5814
cob=(4)
cfi=(178)
cfn=(2412)
calls=1575 0 
0 9450
0 1189697
cob=(4)
cfi=(178)
cfn=(2412)
calls=888 0 
0 5328
0 215444
cob=(4)
cfi=(178)
cfn=(1974)
calls=106834 0 
0 854672
0 745984
cob=(4)
cfi=(178)
cfn=(4336)
calls=106216 0 
0 1489738
0 317816

fn=(2888)
0 252
cob=(4)
cfi=(178)
cfn=(2706)
calls=28 0 
0 448
0 293
cob=(4)
cfi=(178)
cfn=(2890)
calls=23 0 
0 1373
0 138

fn=(2898)
0 15
cob=(4)
cfi=(178)
cfn=(2900)
calls=5 0 
0 4384

fn=(2928)
0 21

fn=(3250)
0 44
cob=(4)
cfi=(178)
cfn=(3234)
calls=2 0 
0 10
0 18
cob=(4)
cfi=(178)
cfn=(3108)
calls=2 0 
0 10
0 7
cob=(4)
cfi=(178)
cfn=(3252)
calls=1 0 
0 819
0 2
cob=(4)
cfi=(178)
cfn=(3252)
calls=1 0 
0 5
0 32
cob=(4)
cfi=(178)
cfn=(3258)
calls=2 0 
0 3394
0 28
cob=(4)
cfi=(178)
cfn=(2860)
calls=2 0 
0 26
0 14
cob=(4)
cfi=(178)
cfn=(3276)
calls=2 0 
0 1094
0 24

fn=(6646) zlink::asio_tcp_listener_t::process_term(int)
0 46
cob=(4)
cfi=(178)
cfn=(2020)
calls=1 0 
0 14
0 39
cfn=(4612) boost::asio::detail::reactive_socket_accept_op<boost::asio::basic_socket<boost::asio::ip::tcp, boost::asio::any_io_executor>, boost::asio::ip::tcp, zlink::asio_tcp_listener_t::start_accept()::{lambda(boost::system::error_code const&)#1}, boost::asio::any_io_executor>::do_complete(void*, boost::asio::detail::scheduler_operation*, boost::system::error_code const&, unsigned long)
calls=1 0 
0 447
0 5
cfn=(2422)
calls=1 0 
0 23
0 5
cob=(4)
cfi=(178)
cfn=(2020)
calls=1 0 
0 14
0 40
cob=(4)
cfi=(178)
cfn=(2426)
calls=1 0 
0 95
0 50
cob=(4)
cfi=(178)
cfn=(4928)
calls=1 0 
0 446
0 3
cob=(4)
cfi=(178)
cfn=(1804)
calls=1 0 
0 38
0 27
cfn=(6648)
calls=1 0 
0 547
0 4
cob=(4)
cfi=(178)
cfn=(3406)
calls=1 0 
0 200
0 4
cob=(4)
cfi=(178)
cfn=(6652)
calls=1 0 
0 1006
0 2
cob=(4)
cfi=(178)
cfn=(2818)
calls=1 0 
0 8
0 2
cob=(4)
cfi=(178)
cfn=(2818)
calls=1 0 
0 108
0 23
cfn=(3196)
calls=1 0 
0 102
0 2
cfn=(5358) boost::asio::detail::scheduler::task_cleanup::~task_cleanup()
calls=1 0 
0 75
0 12
cob=(4)
cfi=(178)
cfn=(1838)
calls=1 0 
0 28
0 3
cob=(4)
cfi=(178)
cfn=(1838)
calls=1 0 
0 28
0 1

fn=(6650)
0 54
cob=(4)
cfi=(178)
cfn=(2474)
calls=3 0 
0 165
0 45

fn=(6656)
0 13
cob=(4)
cfi=(178)
cfn=(3418)
calls=1 0 
0 30
0 7

fn=(3308) boost::asio::detail::socket_ops::setsockopt(int, unsigned char&, int, int, void const*, unsigned long, boost::system::error_code&) [clone .isra.0]
0 38
cob=(4)
cfi=(178)
cfn=(3310)
calls=2 0 
0 959
0 22

fn=(3326)
0 18

fn=(3344) std::__cxx11::basic_string<char, std::char_traits<char>, std::allocator<char> > zlink::get_socket_name<zlink::tcp_address_t>(int, zlink::socket_end_t)
0 60
cob=(4)
cfi=(178)
cfn=(3346)
calls=4 0 
0 1982
0 76
cob=(4)
cfi=(178)
cfn=(3356)
calls=4 0 
0 922
0 24
cob=(4)
cfi=(178)
cfn=(3362)
calls=4 0 
0 13408
0 12
cob=(4)
cfi=(178)
cfn=(3400)
calls=4 0 
0 1234
0 12

fn=(3360)
0 128

fn=(3366)
0 52
cob=(4)
cfi=(178)
cfn=(3288)
calls=4 0 
0 20
0 20
cob=(4)
cfi=(178)
cfn=(3368)
calls=4 0 
0 1624
0 12
cob=(4)
cfi=(178)
cfn=(3316)
calls=4 0 
0 36
0 36
cob=(4)
cfi=(178)
cfn=(3380)
calls=4 0 
0 7214
0 88
cob=(4)
cfi=(178)
cfn=(3288)
calls=4 0 
0 20
0 40
cob=(4)
cfi=(178)
cfn=(2706)
calls=4 0 
0 64
0 68
cob=(4)
cfi=(178)
cfn=(2074)
calls=4 0 
0 2072
0 28
cfn=(2854)
calls=4 0 
0 688
0 12
cfn=(2880)
calls=4 0 
0 112
0 8
cob=(4)
cfi=(178)
cfn=(2818)
calls=4 0 
0 32
0 60

fn=(3372)
0 8
cob=(4)
cfi=(178)
cfn=(3374)
calls=4 0 
0 838

fn=(3462)
0 36
cob=(4)
cfi=(178)
cfn=(3464)
calls=4 0 
0 814
0 16
cob=(4)
cfi=(178)
cfn=(3470)
calls=4 0 
0 6538
0 28
cob=(4)
cfi=(178)
cfn=(3508)
calls=4 0 
0 2036

fn=(3486)
0 8768
cob=(4)
cfi=(178)
cfn=(2216)
calls=1096 0 
0 5480
0 7672
cob=(4)
cfi=(178)
cfn=(3488)
calls=1096 0 
0 487962

fn=(3500) zlink::mailbox_t::send(zlink::command_t const&)
0 15470
cfn=(1884)
calls=1105 0 
0 62985
0 34973
cfn=(1836)
calls=244 0 
0 12200
0 8610
cfn=(1836)
calls=861 0 
0 43050
0 1722
cob=(4)
cfi=(178)
cfn=(3502)
calls=861 0 
0 80799
0 8610
cob=(4)
cfi=(178)
cfn=(2014)
calls=861 0 
0 187892
0 788
cob=(4)
cfi=(178)
cfn=(1720)
calls=4 0 
0 2296
0 48

fn=(3552)
0 56
cfn=(3554) as_socket_handle(void*) [clone .lto_priv.2]
calls=4 0 
0 64
0 16
cob=(4)
cfi=(178)
cfn=(3556)
calls=4 0 
0 2094
0 44
cob=(4)
cfi=(178)
cfn=(2074)
calls=4 0 
0 4004
0 28
cob=(4)
cfi=(178)
cfn=(3572)
calls=4 0 
0 66850
0 16
cob=(4)
cfi=(178)
cfn=(3584)
calls=4 0 
0 20
0 12
cob=(4)
cfi=(178)
cfn=(1890)
calls=4 0 
0 19135
0 24
cob=(4)
cfi=(178)
cfn=(3670)
calls=4 0 
0 68766
0 44
cob=(4)
cfi=(178)
cfn=(3854)
calls=4 0 
0 4761
0 56

fn=(3582)
0 24

fn=(3740)
0 210
cob=(4)
cfi=(178)
cfn=(3742)
calls=10 0 
0 2179
0 80
cob=(4)
cfi=(178)
cfn=(2860)
calls=10 0 
0 130
0 40
cob=(4)
cfi=(178)
cfn=(3746)
calls=10 0 
0 2532
0 150
cob=(4)
cfi=(178)
cfn=(2426)
calls=10 0 
0 886
0 30
cob=(4)
cfi=(178)
cfn=(3752)
calls=10 0 
0 946
0 20

fn=(3924)
0 26
cob=(4)
cfi=(178)
cfn=(2936)
calls=2 0 
0 1078
0 6
cob=(4)
cfi=(178)
cfn=(2952)
calls=2 0 
0 80
0 64

fn=(3938)
0 104
cfn=(3832) void std::vector<zlink::pipe_t*, std::allocator<zlink::pipe_t*> >::_M_realloc_insert<zlink::pipe_t* const&>(__gnu_cxx::__normal_iterator<zlink::pipe_t**, std::vector<zlink::pipe_t*, std::allocator<zlink::pipe_t*> > >, zlink::pipe_t* const&)
calls=2 0 
0 559
0 4

fn=(3950)
0 26
cfn=(3952)
calls=1 0 
0 3493
0 6
cob=(4)
cfi=(178)
cfn=(3980)
calls=1 0 
0 1096
0 11

fn=(3970)
0 3506151

fn=(4018)
0 72
cfn=(2854)
calls=6 0 
0 983
0 42
cfn=(2854)
calls=6 0 
0 1016
0 36

fn=(4136)
0 38
cfn=(2854)
calls=2 0 
0 60
0 14
cfn=(2854)
calls=2 0 
0 587
0 26

fn=(4204)
0 6

fn=(4246) zlink::socket_base_t::monitor_thread_main(void*)
0 8
cob=(4)
cfi=(178)
cfn=(4248)
calls=4 0 
0 54568

fn=(4276)
0 594
cob=(4)
cfi=(178)
cfn=(4934)
calls=4 0 
0 2713
0 98
cfn=(5742)
calls=10 0 
0 994
cfn=(4940)
calls=4 0 
0 10651

fn=(4298)
0 106218
cob=(4)
cfi=(178)
cfn=(2716)
calls=53109 0 
0 11071919

fn=(4410) non-virtual thunk to zlink::socket_base_t::read_activated(zlink::pipe_t*)
0 3402
cfn=(6218) zlink::xsub_t::xread_activated(zlink::pipe_t*)
calls=565 0 
0 101664708
cfn=(4412) zlink::pair_t::xread_activated(zlink::pipe_t*)
calls=2 0 
0 62

fn=(4488)
0 20
cob=(4)
cfi=(178)
cfn=(2782)
calls=2 0 
0 82
0 14
cob=(4)
cfi=(178)
cfn=(4490)
calls=2 0 
0 1750
0 18

fn=(4516)
0 128
cob=(4)
cfi=(178)
cfn=(2412)
calls=32 0 
0 192
0 320

fn=(4608)
0 13
cob=(4)
cfi=(178)
cfn=(3418)
calls=1 0 
0 149
0 7

fn=(4612)
0 42
cfn=(4614) boost::asio::detail::reactive_socket_accept_op_base<boost::asio::basic_socket<boost::asio::ip::tcp, boost::asio::any_io_executor>, boost::asio::ip::tcp>::do_assign() [clone .part.0] [clone .lto_priv.0] [clone .lto_priv.0]
calls=1 0 
0 585
0 28
cfn=(4278) std::__shared_count<(__gnu_cxx::_Lock_policy)2>::__shared_count(std::__shared_count<(__gnu_cxx::_Lock_policy)2> const&)
calls=2 0 
0 20
0 22
cfn=(4520)
calls=2 0 
0 30
0 12
cob=(4)
cfi=(178)
cfn=(2020)
calls=2 0 
0 28
0 14
cfn=(4616)
calls=2 0 
0 28
0 22
cfn=(4520)
calls=2 0 
0 524
0 48
cob=(4)
cfi=(178)
cfn=(4618)
calls=2 0 
0 39827
0 2

fn=(4642)
0 20
cfn=(4644)
calls=1 0 
0 214
0 27
cfn=(1980)
calls=1 0 
0 24
0 10
cob=(4)
cfi=(178)
cfn=(1804)
calls=1 0 
0 38
0 6
cob=(4)
cfi=(178)
cfn=(1838)
calls=1 0 
0 28
0 7

fn=(4644)
0 338
cfn=(4646) boost::asio::detail::scheduler::post_deferred_completions(boost::asio::detail::op_queue<boost::asio::detail::scheduler_operation>&)
calls=5 0 
0 220
0 10
cfn=(2424) boost::asio::detail::op_queue<boost::asio::detail::scheduler_operation>::~op_queue()
calls=5 0 
0 85
0 80
cob=(4)
cfi=(178)
cfn=(1804)
calls=5 0 
0 190
0 40
cob=(4)
cfi=(178)
cfn=(1838)
calls=5 0 
0 140
0 33
cob=(4)
cfi=(178)
cfn=(3006)
calls=4 0 
0 36
0 8

fn=(4768) void boost::asio::detail::epoll_reactor::schedule_timer<boost::asio::detail::chrono_time_traits<std::chrono::_V2::steady_clock, boost::asio::wait_traits<std::chrono::_V2::steady_clock> > >(boost::asio::detail::timer_queue<boost::asio::detail::chrono_time_traits<std::chrono::_V2::steady_clock, boost::asio::wait_traits<std::chrono::_V2::steady_clock> > >&, boost::asio::detail::chrono_time_traits<std::chrono::_V2::steady_clock, boost::asio::wait_traits<std::chrono::_V2::steady_clock> >::time_type const&, boost::asio::detail::timer_queue<boost::asio::detail::chrono_time_traits<std::chrono::_V2::steady_clock, boost::asio::wait_traits<std::chrono::_V2::steady_clock> > >::per_timer_data&, boost::asio::detail::wait_op*)
0 86
cob=(4)
cfi=(178)
cfn=(1838)
calls=2 0 
0 56
0 8
cob=(4)
cfi=(178)
cfn=(1804)
calls=2 0 
0 76
0 115
cob=(4)
cfi=(178)
cfn=(2450)
calls=1 0 
0 31
0 21
cob=(4)
cfi=(178)
cfn=(4770)
calls=1 0 
0 946
0 50
cob=(4)
cfi=(178)
cfn=(2536)
calls=1 0 
0 103
0 25
cob=(4)
cfi=(178)
cfn=(1434)
calls=1 0 
0 65
0 1
cob=(4)
cfi=(178)
cfn=(1434)
calls=1 0 
0 233
0 34

fn=(4780) void std::vector<unsigned char, std::allocator<unsigned char> >::_M_realloc_insert<unsigned char>(__gnu_cxx::__normal_iterator<unsigned char*, std::vector<unsigned char, std::allocator<unsigned char> > >, unsigned char&&)
0 56
cob=(4)
cfi=(178)
cfn=(1434)
calls=2 0 
0 289
0 52

fn=(4790)
0 10233

fn=(4874)
0 23
cfn=(2854)
calls=1 0 
0 130
0 8
cfn=(2854)
calls=1 0 
0 130
0 8
cob=(4)
cfi=(178)
cfn=(1686)
calls=1 0 
0 223
0 8
cob=(4)
cfi=(178)
cfn=(4684)
calls=1 0 
0 13558
0 5
cob=(4)
cfi=(178)
cfn=(4722)
calls=1 0 
0 584
0 2
cob=(4)
cfi=(178)
cfn=(4876)
calls=1 0 
0 1833
0 4
cob=(4)
cfi=(178)
cfn=(4888)
calls=1 0 
0 1149
0 6
cob=(4)
cfi=(178)
cfn=(2536)
calls=1 0 
0 103
0 6
cob=(4)
cfi=(178)
cfn=(2536)
calls=1 0 
0 103
0 11

fn=(4896) std::_Function_handler<void (boost::system::error_code const&, unsigned long), zlink::asio_engine_t::start_async_write()::{lambda(boost::system::error_code const&, unsigned long)#2}>::_M_invoke(std::_Any_data const&, boost::system::error_code const&, unsigned long&&)
0 7384
cob=(4)
cfi=(178)
cfn=(4898)
calls=568 0 
0 61448812

fn=(4926)
0 21

fn=(4996)
0 14758
cfn=(5088)
calls=1 0 
0 3
0 3
cfn=(5242) zlink::asio_zmp_engine_t::decode_and_push(zlink::msg_t*)
calls=1 0 
0 3101
0 13
cfn=(5048)
calls=1 0 
0 77
0 8
cob=(4)
cfi=(178)
cfn=(2860)
calls=1 0 
0 15
0 4
cfn=(5056)
calls=1 0 
0 21
0 6
cfn=(5064)
calls=1 0 
0 415
0 1595859
cfn=(5088)
calls=106214 0 
0 318642
0 318642
cfn=(5242)
calls=106214 0 
0 53484870
0 1278271
cfn=(5064)
calls=106743 0 
0 47307600
0 429731
cob=(4)
cfi=(178)
cfn=(5196)
calls=567 0 
0 440609
0 6808
cfn=(4998) zlink::asio_zmp_engine_t::handshake()
calls=2 0 
0 45691
0 12

fn=(5010)
0 56
cob=(4)
cfi=(178)
cfn=(5012)
calls=2 0 
0 942
0 66

fn=(5034)
0 32

fn=(5054)
0 322071

fn=(5066) zlink::zmp_decoder_t::header_ready(unsigned char const*)
0 4142450
cob=(4)
cfi=(178)
cfn=(5068)
calls=106216 0 
0 29157305
0 14
cob=(4)
cfi=(178)
cfn=(5068)
calls=1 0 
0 281
0 318642

fn=(5078)
0 424868

fn=(5174)
0 18
cfn=(5238)
calls=1 0 
0 99
0 5
cob=(4)
cfi=(178)
cfn=(3736)
calls=1 0 
0 317

fn=(5188) unsigned long boost::asio::detail::epoll_reactor::cancel_timer<boost::asio::detail::chrono_time_traits<std::chrono::_V2::steady_clock, boost::asio::wait_traits<std::chrono::_V2::steady_clock> > >(boost::asio::detail::timer_queue<boost::asio::detail::chrono_time_traits<std::chrono::_V2::steady_clock, boost::asio::wait_traits<std::chrono::_V2::steady_clock> > >&, boost::asio::detail::timer_queue<boost::asio::detail::chrono_time_traits<std::chrono::_V2::steady_clock, boost::asio::wait_traits<std::chrono::_V2::steady_clock> > >::per_timer_data&, unsigned long) [clone .constprop.0] [clone .isra.0]
0 104
cfn=(4646)
calls=2 0 
0 256
0 38
cob=(4)
cfi=(178)
cfn=(1804)
calls=2 0 
0 76
0 18
cob=(4)
cfi=(178)
cfn=(1838)
calls=2 0 
0 56
0 8
cfn=(5190) boost::asio::detail::timer_queue<boost::asio::detail::chrono_time_traits<std::chrono::_V2::steady_clock, boost::asio::wait_traits<std::chrono::_V2::steady_clock> > >::remove_timer(boost::asio::detail::timer_queue<boost::asio::detail::chrono_time_traits<std::chrono::_V2::steady_clock, boost::asio::wait_traits<std::chrono::_V2::steady_clock> > >::per_timer_data&)
calls=2 0 
0 67
0 2

fn=(5230) zlink::asio_engine_t::pull_msg_from_session(zlink::msg_t*)
0 1700352
cob=(4)
cfi=(178)
cfn=(4490)
calls=106272 0 
0 12555092
0 424974
cob=(4)
cfi=(178)
cfn=(2752)
calls=106215 0 
0 531075
0 743790
cob=(4)
cfi=(178)
cfn=(2412)
calls=57 0 
0 342
0 171

fn=(5306)
0 12

fn=(5336) void zlink::generic_mtrie_t<zlink::pipe_t>::visit_values<std::set<zlink::pipe_t*, std::less<zlink::pipe_t*>, std::allocator<zlink::pipe_t*> >*>(void (*)(zlink::pipe_t*, std::set<zlink::pipe_t*, std::less<zlink::pipe_t*>, std::allocator<zlink::pipe_t*> >*), std::set<zlink::pipe_t*, std::less<zlink::pipe_t*>, std::allocator<zlink::pipe_t*> >*) const [clone .constprop.0]
0 35
cob=(4)
cfi=(178)
cfn=(5338)
calls=1 0 
0 1355
0 2
cob=(4)
cfi=(178)
cfn=(5344)
calls=1 0 
0 1118
0 18

fn=(5366)
0 209
cob=(4)
cfi=(178)
cfn=(1768)
calls=11 0 
0 66
0 118
cob=(4)
cfi=(178)
cfn=(4262)
calls=21 0 
0 41637
0 128
cob=(4)
cfi=(178)
cfn=(2400)
calls=32 0 
0 6018
0 75
cob=(4)
cfi=(178)
cfn=(2412)
calls=11 0 
0 66
0 77
cob=(4)
cfi=(178)
cfn=(2416)
calls=11 0 
0 1661
0 143

fn=(5468)
0 48
cfn=(3860) (anonymous namespace)::monitor_handler_registry()
calls=6 0 
0 72
0 18
cfn=(1884)
calls=6 0 
0 342
0 32
cob=(4)
cfi=(178)
cfn=(5470)
calls=6 0 
0 1204
0 96
cfn=(1836)
calls=6 0 
0 300
0 24

fn=(5532)
0 95

fn=(5564)
0 378
cob=(4)
cfi=(178)
cfn=(5566)
calls=63 0 
0 1841
0 252
cob=(4)
cfi=(178)
cfn=(5572)
calls=63 0 
0 1508
0 378

fn=(5578) zlink::reaper_t::process_reap(zlink::socket_base_t*)
0 60
cob=(4)
cfi=(178)
cfn=(5580)
calls=10 0 
0 38146
0 30

fn=(5604)
0 1755
cob=(4)
cfi=(178)
cfn=(5606)
calls=585 0 
0 3843

fn=(5612) zlink::socket_base_t::process_term(int)
0 130
cob=(4)
cfi=(178)
cfn=(5614)
calls=10 0 
0 5862
0 20
cob=(4)
cfi=(178)
cfn=(2688)
calls=10 0 
0 70
0 78
cob=(4)
cfi=(178)
cfn=(3864)
calls=8 0 
0 48
0 24
cob=(4)
cfi=(178)
cfn=(5632)
calls=8 0 
0 2415
0 24
cob=(4)
cfi=(178)
cfn=(5638)
calls=8 0 
0 17670
0 46
cob=(4)
cfi=(178)
cfn=(4908)
calls=10 0 
0 50
0 120
cob=(4)
cfi=(178)
cfn=(4928)
calls=10 0 
0 1448

fn=(5642)
0 204
cfn=(3882)
calls=12 0 
0 960
0 106
cob=(4)
cfi=(178)
cfn=(1456)
calls=10 0 
0 4630
0 12
cob=(4)
cfi=(178)
cfn=(1456)
calls=2 0 
0 926
0 158
cob=(4)
cfi=(178)
cfn=(5644)
calls=10 0 
0 3864
0 60
cob=(4)
cfi=(178)
cfn=(5650)
calls=10 0 
0 1968
0 40
cob=(4)
cfi=(178)
cfn=(5658)
calls=10 0 
0 836
0 50
cfn=(3978)
calls=10 0 
0 430
0 20
cob=(4)
cfi=(178)
cfn=(3986)
calls=10 0 
0 1602
0 38
cob=(4)
cfi=(178)
cfn=(1456)
calls=1 0 
0 463
0 63
cob=(4)
cfi=(178)
cfn=(1456)
calls=9 0 
0 4167
0 50
cfn=(3890)
calls=10 0 
0 690
0 136
cfn=(3890)
calls=2 0 
0 138
0 2

fn=(5648)
0 120
cob=(4)
cfi=(178)
cfn=(3482)
calls=10 0 
0 2824
0 50

fn=(5654)
0 170
cfn=(3882)
calls=10 0 
0 380
0 60
cfn=(5656) zlink::ypipe_t<zlink::msg_t, 256>::unwrite(zlink::msg_t*)
calls=10 0 
0 100
0 40
cfn=(3890)
calls=10 0 
0 370
0 110

fn=(5674)
0 1845

fn=(5710) zlink::socket_base_t::process_stop()
0 60
cob=(4)
cfi=(178)
cfn=(1804)
calls=6 0 
0 276
0 30
cob=(4)
cfi=(178)
cfn=(5396)
calls=6 0 
0 168
0 18
cfn=(1836)
calls=6 0 
0 300
0 36

fn=(5830)
0 162

fn=(5866)
0 40

fn=(5886)
0 15

fn=(5910)
0 12

fn=(5952)
0 9
cob=(4)
cfi=(178)
cfn=(5954)
calls=3 0 
0 1692
0 12

fn=(5992)
0 12
cob=(4)
cfi=(178)
cfn=(5994)
calls=1 0 
0 1368
0 4
cob=(4)
cfi=(178)
cfn=(2412)
calls=1 0 
0 6
0 5
cfn=(3554)
calls=1 0 
0 16
0 5
cob=(4)
cfi=(178)
cfn=(4172)
calls=1 0 
0 5
0 12
cob=(4)
cfi=(178)
cfn=(6000)
calls=1 0 
0 4468

fn=(6066)
0 318927

fn=(6102)
0 690391
cfn=(3882)
calls=53107 0 
0 4248560
0 371749
cob=(4)
cfi=(178)
cfn=(3966)
calls=53107 0 
0 690391
0 265535
cob=(4)
cfi=(178)
cfn=(2752)
calls=53107 0 
0 265535
0 212428
cob=(4)
cfi=(178)
cfn=(3972)
calls=53107 0 
0 371749
0 318642
cfn=(3978)
calls=53107 0 
0 2283601
0 743498
cfn=(3992)
calls=53107 0 
0 690445
0 106295
cob=(4)
cfi=(178)
cfn=(4366)
calls=27 0 
0 19272
0 106214
cfn=(3890)
calls=53107 0 
0 3664383
0 477963

fn=(6196)
0 2055066

fn=(6244)
0 849728

fn=(6246) (anonymous namespace)::store_dispatch_part(std::vector<zlink_msg_t, std::allocator<zlink_msg_t> >*, zlink::msg_t*) [clone .lto_priv.0]
0 2124280
cob=(4)
cfi=(178)
cfn=(2488)
calls=106214 0 
0 849712
0 531070
cob=(4)
cfi=(178)
cfn=(6248)
calls=106214 0 
0 9559962
0 2549136

fn=(6284)
0 212428
cob=(4)
cfi=(178)
cfn=(2586)
calls=53107 0 
0 477963
0 265535

fn=(6350) zlink::pipe_t::process_activate_write(unsigned long)
0 3834
cfn=(3882)
calls=426 0 
0 34080
0 2130
cfn=(3890)
calls=426 0 
0 29394
0 1704

fn=(6362) socket_monitor_snapshot_provider(void*, zlink_monitor_snapshot_t*)
0 78
cob=(4)
cfi=(178)
cfn=(6364)
calls=13 0 
0 12699

fn=(6370) zlink::xpub_t::monitor_ready_count() const
0 36

fn=(6588)
0 13
cob=(4)
cfi=(178)
cfn=(2008)
calls=1 0 
0 8
0 8
cfn=(1884)
calls=1 0 
0 57
0 3
cob=(4)
cfi=(178)
cfn=(1804)
calls=1 0 
0 38
0 4
cob=(4)
cfi=(178)
cfn=(4020)
calls=1 0 
0 136
0 2
cob=(4)
cfi=(178)
cfn=(1838)
calls=1 0 
0 28
0 2
cfn=(1836)
calls=1 0 
0 50
0 4

fn=(6730)
0 12
cob=(4)
cfi=(178)
cfn=(2536)
calls=1 0 
0 103
0 19

fn=(6738) std::_Sp_counted_ptr<int*, (__gnu_cxx::_Lock_policy)2>::_M_destroy()
0 6
cob=(4)
cfi=(178)
cfn=(2536)
calls=2 0 
0 266

fn=(6778) boost::asio::detail::io_object_impl<boost::asio::detail::deadline_timer_service<boost::asio::detail::chrono_time_traits<std::chrono::_V2::steady_clock, boost::asio::wait_traits<std::chrono::_V2::steady_clock> > >, boost::asio::any_io_executor>::~io_object_impl()
0 30
cfn=(4738) void boost::asio::execution::detail::any_executor_base::destroy_object<boost::asio::io_context::basic_executor_type<std::allocator<void>, 0ul> >(boost::asio::execution::detail::any_executor_base&)
calls=2 0 
0 4
0 20

fn=(6852) zlink::generic_mtrie_t<zlink::pipe_t>::~generic_mtrie_t()
0 42

fn=(6944)
0 6
cob=(4)
cfi=(178)
cfn=(5420)
calls=2 0 
0 1163

fn=(6946) zlink::io_thread_t::process_stop()
0 3
cob=(4)
cfi=(178)
cfn=(6862)
calls=1 0 
0 126

fn=(7080) std::_Sp_counted_ptr<boost::asio::ssl::detail::openssl_init_base::do_init*, (__gnu_cxx::_Lock_policy)2>::_M_destroy()
0 3
cob=(4)
cfi=(178)
cfn=(2536)
calls=1 0 
0 95

fn=(1466)
0 31

fn=(1470)
0 35

fn=(1482)
0 32

fn=(1492)
0 22

fn=(1494)
0 8
cob=(4)
cfi=(178)
cfn=(1456)
calls=1 0 
0 471
0 28

fn=(1534)
0 22

fn=(1536)
0 22

fn=(1538)
0 22

fn=(1540)
0 22

fn=(1596)
0 22

fn=(1758)
0 252
cob=(4)
cfi=(178)
cfn=(1760)
calls=28 0 
0 2027
0 252
cob=(4)
cfi=(178)
cfn=(1760)
calls=28 0 
0 1204
0 168

fn=(1796)
0 6

fn=(1820)
0 1120
cob=(4)
cfi=(178)
cfn=(1822)
calls=112 0 
0 2327
0 1792

fn=(1876)
0 20

fn=(1936) std::vector<unsigned int, std::allocator<unsigned int> >::reserve(unsigned long)
0 21
cob=(4)
cfi=(178)
cfn=(1434)
calls=1 0 
0 197
0 19

fn=(1954)
0 84

fn=(1966)
0 22
cob=(4)
cfi=(178)
cfn=(1968)
calls=2 0 
0 1512
0 52

fn=(2102)
0 91
cob=(4)
cfi=(178)
cfn=(2104)
calls=7 0 
0 1178
0 35
cob=(4)
cfi=(178)
cfn=(2110)
calls=7 0 
0 10558
0 49

fn=(2194)
0 10
cob=(4)
cfi=(178)
cfn=(1950)
calls=1 0 
0 9
0 7
cob=(4)
cfi=(178)
cfn=(1714)
calls=1 0 
0 952
0 3
cob=(4)
cfi=(178)
cfn=(1686)
calls=1 0 
0 298
0 6
cob=(4)
cfi=(178)
cfn=(1956)
calls=1 0 
0 945
0 7
cob=(4)
cfi=(178)
cfn=(2008)
calls=1 0 
0 8
0 2
cob=(4)
cfi=(178)
cfn=(2014)
calls=1 0 
0 485
0 6

fn=(2200)
0 6

fn=(2240)
0 192
cob=(4)
cfi=(178)
cfn=(1686)
calls=8 0 
0 2730
0 64
cob=(4)
cfi=(178)
cfn=(3590)
calls=8 0 
0 32601
0 102
cob=(4)
cfi=(178)
cfn=(1686)
calls=1 0 
0 216
0 8
cob=(4)
cfi=(178)
cfn=(2242)
calls=1 0 
0 15614
0 5
cob=(4)
cfi=(178)
cfn=(1686)
calls=1 0 
0 216
0 8
cob=(4)
cfi=(178)
cfn=(2508)
calls=1 0 
0 6964
0 1

fn=(1424)
0 34
cob=(4)
cfi=(178)
cfn=(1420)
calls=1 0 
0 78
0 11
cob=(4)
cfi=(178)
cfn=(1420)
calls=1 0 
0 78
0 5
cob=(4)
cfi=(178)
cfn=(1420)
calls=1 0 
0 78
0 6
cob=(4)
cfi=(178)
cfn=(1420)
calls=1 0 
0 78
0 5
cfn=(1426)
calls=1 0 
0 2967
0 4
cob=(4)
cfi=(178)
cfn=(1420)
calls=1 0 
0 78
0 6
cob=(4)
cfi=(178)
cfn=(1420)
calls=1 0 
0 78
0 6
cob=(4)
cfi=(178)
cfn=(1420)
calls=1 0 
0 78
0 6
cob=(4)
cfi=(178)
cfn=(1420)
calls=1 0 
0 78
0 1

fn=(2388)
0 1734
cob=(4)
cfi=(178)
cfn=(2020)
calls=51 0 
0 714
0 19112
cfn=(4610)
calls=5 0 
0 969555
cfn=(4970)
calls=236 0 
0 44072236
cfn=(5350)
calls=1 0 
0 189
cfn=(4894)
calls=234 0 
0 24870801
cfn=(2390)
calls=311 0 
0 45195418
0 3935
cfn=(2422)
calls=787 0 
0 18101
0 8907
cob=(4)
cfi=(178)
cfn=(2020)
calls=51 0 
0 714
0 255
cfn=(2424)
calls=51 0 
0 867
0 1597
cob=(4)
cfi=(178)
cfn=(2426)
calls=16 0 
0 4998
0 9325
cfn=(3196)
calls=290 0 
0 29725
0 580
cfn=(5358)
calls=290 0 
0 21817
0 2714
cob=(4)
cfi=(178)
cfn=(1804)
calls=787 0 
0 29906
0 15704
cob=(4)
cfi=(178)
cfn=(1838)
calls=785 0 
0 21980
0 1983
cob=(4)
cfi=(178)
cfn=(1838)
calls=290 0 
0 8120
0 294
cob=(4)
cfi=(178)
cfn=(1838)
calls=2 0 
0 56
0 160
cob=(4)
cfi=(178)
cfn=(1804)
calls=51 0 
0 1938
0 204
cob=(4)
cfi=(178)
cfn=(1838)
calls=51 0 
0 1428
0 51

fn=(2720)
0 2769944
cob=(4)
cfi=(178)
cfn=(3742)
calls=53522 0 
0 9391842
0 535220

fn=(2726)
0 477978

fn=(2744)
0 11486082

fn=(2798)
0 21
cob=(4)
cfi=(178)
cfn=(2800)
calls=3 0 
0 3038
0 20
cob=(4)
cfi=(178)
cfn=(3994)
calls=1 0 
0 7646
0 8

fn=(2886)
0 106
cfn=(2888)
calls=2 0 
0 991
0 10
cfn=(2888)
calls=2 0 
0 135
0 158

fn=(2940)
0 28
cob=(4)
cfi=(178)
cfn=(2942)
calls=4 0 
0 778
0 24
cfn=(2948)
calls=4 0 
0 1992
0 60

fn=(2950)
0 1728

fn=(3018) boost::asio::detail::scheduler::get_default_task(boost::asio::execution_context&)
0 11
cob=(4)
cfi=(178)
cfn=(1804)
calls=1 0 
0 38
0 13
cob=(4)
cfi=(178)
cfn=(1838)
calls=1 0 
0 28
0 7

fn=(3136)
0 21
cob=(4)
cfi=(178)
cfn=(3138)
calls=1 0 
0 10947
0 70
cob=(4)
cfi=(178)
cfn=(3234)
calls=7 0 
0 829
0 51
cob=(4)
cfi=(178)
cfn=(2978)
calls=3 0 
0 77
0 9
cob=(4)
cfi=(178)
cfn=(3240)
calls=1 0 
0 1087
0 1
cob=(4)
cfi=(178)
cfn=(2412)
calls=1 0 
0 6
0 13

fn=(6644) zlink::session_base_t::process_term(int)
0 40
cob=(4)
cfi=(178)
cfn=(5638)
calls=2 0 
0 1327
0 16

fn=(3428)
0 6
cob=(4)
cfi=(178)
cfn=(3430)
calls=1 0 
0 2562
0 4

fn=(3444)
0 30
cob=(4)
cfi=(178)
cfn=(3430)
calls=10 0 
0 2995

fn=(3492)
0 5525
cob=(4)
cfi=(178)
cfn=(3494)
calls=1105 0 
0 16280
0 6630
cfn=(3500)
calls=1105 0 
0 459443

fn=(3528)
0 5
cob=(4)
cfi=(178)
cfn=(3530)
calls=1 0 
0 816

fn=(3594)
0 112
cob=(4)
cfi=(178)
cfn=(2254)
calls=8 0 
0 31611
0 112

fn=(3640)
0 12
cob=(4)
cfi=(178)
cfn=(3642)
calls=4 0 
0 5450

fn=(3652)
0 68
cfn=(1884)
calls=4 0 
0 228
0 20
cfn=(2852)
calls=4 0 
0 696
0 16
cfn=(3654)
calls=4 0 
0 538
0 16
cob=(4)
cfi=(178)
cfn=(2818)
calls=4 0 
0 400
0 28
cfn=(2852)
calls=4 0 
0 696
0 28
cob=(4)
cfi=(178)
cfn=(2818)
calls=4 0 
0 400
0 24
cfn=(3656) std::_Rb_tree<std::__cxx11::basic_string<char, std::char_traits<char>, std::allocator<char> >, std::pair<std::__cxx11::basic_string<char, std::char_traits<char>, std::allocator<char> > const, zlink::ctx_inproc_registry_t::pending_connection_t>, std::_Select1st<std::pair<std::__cxx11::basic_string<char, std::char_traits<char>, std::allocator<char> > const, zlink::ctx_inproc_registry_t::pending_connection_t> >, std::less<std::__cxx11::basic_string<char, std::char_traits<char>, std::allocator<char> > >, std::allocator<std::pair<std::__cxx11::basic_string<char, std::char_traits<char>, std::allocator<char> > const, zlink::ctx_inproc_registry_t::pending_connection_t> > >::_M_erase(std::_Rb_tree_node<std::pair<std::__cxx11::basic_string<char, std::char_traits<char>, std::allocator<char> > const, zlink::ctx_inproc_registry_t::pending_connection_t> >*) [clone .isra.0]
calls=4 0 
0 76
0 32
cfn=(1836)
calls=4 0 
0 200
0 56

fn=(3722)
0 196

fn=(3728)
0 204

fn=(3762)
0 110
cob=(4)
cfi=(178)
cfn=(3482)
calls=5 0 
0 1650
0 47
cob=(4)
cfi=(178)
cfn=(3476)
calls=1 0 
0 5
0 1

fn=(3768)
0 80
cob=(4)
cfi=(178)
cfn=(3770)
calls=8 0 
0 1058
0 32
cob=(4)
cfi=(178)
cfn=(3776)
calls=8 0 
0 842
0 24
cob=(4)
cfi=(178)
cfn=(3782)
calls=8 0 
0 810
0 88
cob=(4)
cfi=(178)
cfn=(3788)
calls=8 0 
0 11157

fn=(3874)
0 256
cob=(4)
cfi=(178)
cfn=(3718)
calls=16 0 
0 144
0 240

fn=(3896)
0 112
cob=(4)
cfi=(178)
cfn=(3482)
calls=8 0 
0 1688
0 40

fn=(4152)
0 76
cob=(4)
cfi=(178)
cfn=(4154)
calls=2 0 
0 1636
0 6
cob=(4)
cfi=(178)
cfn=(2568)
calls=2 0 
0 12
0 10
cob=(4)
cfi=(178)
cfn=(4166)
calls=2 0 
0 1794
0 14
cob=(4)
cfi=(178)
cfn=(4178)
calls=2 0 
0 1218
0 26
cob=(4)
cfi=(178)
cfn=(4430)
calls=2 0 
0 1130
0 12
cob=(4)
cfi=(178)
cfn=(1434)
calls=2 0 
0 289
0 26
cob=(4)
cfi=(178)
cfn=(4186)
calls=2 0 
0 13045
0 50
cob=(4)
cfi=(178)
cfn=(2536)
calls=2 0 
0 190
0 2

fn=(4164)
0 96
cob=(4)
cfi=(178)
cfn=(3742)
calls=2 0 
0 88
0 24
cob=(4)
cfi=(178)
cfn=(2580)
calls=2 0 
0 1868
0 108

fn=(4230) zlink::pair_t::xhas_in()
0 20
cob=(4)
cfi=(178)
cfn=(4232)
calls=4 0 
0 1814

fn=(4244)
0 30
cob=(4)
cfi=(178)
cfn=(3170)
calls=2 0 
0 98
0 28

fn=(4252)
0 334
cob=(4)
cfi=(178)
cfn=(4254)
calls=4 0 
0 31245
0 12
cob=(4)
cfi=(178)
cfn=(4254)
calls=2 0 
0 3953
0 20
cob=(4)
cfi=(178)
cfn=(4288)
calls=2 0 
0 17894
0 23
cob=(4)
cfi=(178)
cfn=(2536)
calls=1 0 
0 103
0 19
cob=(4)
cfi=(178)
cfn=(2536)
calls=1 0 
0 103
0 56

fn=(4384)
0 60
cob=(4)
cfi=(178)
cfn=(1686)
calls=2 0 
0 482
0 18
cob=(4)
cfi=(178)
cfn=(1804)
calls=2 0 
0 76
0 26
cob=(4)
cfi=(178)
cfn=(1838)
calls=2 0 
0 56
0 32
cob=(4)
cfi=(178)
cfn=(1434)
calls=2 0 
0 298
0 46
cob=(4)
cfi=(178)
cfn=(2020)
calls=2 0 
0 28
0 12
cfn=(2026) void* boost::asio::detail::thread_info_base::allocate<boost::asio::detail::thread_info_base::default_tag>(boost::asio::detail::thread_info_base::default_tag, boost::asio::detail::thread_info_base*, unsigned long, unsigned long) [clone .constprop.0]
calls=2 0 
0 675
0 72
cfn=(4386) boost::asio::detail::handler_work_base<boost::asio::any_io_executor, void, boost::asio::io_context, boost::asio::executor, void>::handler_work_base(int, int, boost::asio::any_io_executor const&) [clone .constprop.0]
calls=2 0 
0 64
0 16
cfn=(4520)
calls=2 0 
0 30
0 4
cfn=(4520)
calls=2 0 
0 30
0 52
cfn=(4390) boost::asio::detail::reactive_socket_service_base::do_start_op(boost::asio::detail::reactive_socket_service_base::base_implementation_type&, int, boost::asio::detail::reactor_op*, bool, bool, bool, void (*)(boost::asio::detail::scheduler_operation*, bool, void const*), void const*) [clone .constprop.1]
calls=2 0 
0 2518
0 14

fn=(4428)
0 8

fn=(4456)
0 42
cob=(4)
cfi=(178)
cfn=(4458)
calls=2 0 
0 666
0 8
cob=(4)
cfi=(178)
cfn=(4464)
calls=2 0 
0 6732
0 224
cob=(4)
cfi=(178)
cfn=(4312)
calls=2 0 
0 72
0 32
cob=(4)
cfi=(178)
cfn=(4300)
calls=2 0 
0 76
0 222
cob=(4)
cfi=(178)
cfn=(4510)
calls=2 0 
0 954
0 2

fn=(4508)
0 14
cob=(4)
cfi=(178)
cfn=(2752)
calls=2 0 
0 10
0 12

fn=(4664)
0 32

fn=(4750)
0 28
cob=(4)
cfi=(178)
cfn=(1434)
calls=2 0 
0 298
0 18
cfn=(2976)
calls=2 0 
0 354
0 32
cob=(4)
cfi=(178)
cfn=(1434)
calls=2 0 
0 130
0 36
cob=(4)
cfi=(178)
cfn=(3346)
calls=2 0 
0 64
0 44
cfn=(3306) boost::asio::detail::epoll_reactor::register_descriptor(int, boost::asio::detail::epoll_reactor::descriptor_state*&)
calls=2 0 
0 438
0 26
cfn=(4392) boost::asio::detail::socket_ops::set_internal_non_blocking(int, unsigned char&, bool, boost::system::error_code&) [clone .constprop.0]
calls=2 0 
0 118
0 10

fn=(4836) boost::asio::detail::reactive_socket_service_base::do_start_op(boost::asio::detail::reactive_socket_service_base::base_implementation_type&, int, boost::asio::detail::reactor_op*, bool, bool, bool, void (*)(boost::asio::detail::scheduler_operation*, bool, void const*), void const*) [clone .constprop.0]
0 27832
cob=(4)
cfi=(178)
cfn=(1804)
calls=568 0 
0 21584
0 3976
cfn=(4838) boost::asio::detail::reactive_socket_send_op_base<boost::asio::const_buffer>::do_perform(boost::asio::detail::reactor_op*)
calls=568 0 
0 67876
0 6816
cfn=(4846) boost::asio::detail::epoll_reactor::call_post_immediate_completion(boost::asio::detail::scheduler_operation*, bool, void const*)
calls=568 0 
0 72136
0 1704
cob=(4)
cfi=(178)
cfn=(1838)
calls=568 0 
0 15904
0 568

fn=(4906)
0 111
cfn=(4907) std::_Rb_tree<zlink::own_t*, zlink::own_t*, std::_Identity<zlink::own_t*>, std::less<zlink::own_t*>, std::allocator<zlink::own_t*> >::_M_erase(std::_Rb_tree_node<zlink::own_t*>*)'2
calls=6 0 
0 24
0 24
cob=(4)
cfi=(178)
cfn=(2536)
calls=6 0 
0 676
0 51

fn=(4907)
0 24

fn=(4954)
0 182
cfn=(3634)
calls=14 0 
0 826
0 70
cob=(4)
cfi=(178)
cfn=(4956)
calls=14 0 
0 746

fn=(4962) zlink::own_t::process_term_ack()
0 8
cob=(4)
cfi=(178)
cfn=(4964)
calls=4 0 
0 2924

fn=(4968)
0 210
cob=(4)
cfi=(178)
cfn=(4272)
calls=14 0 
0 3304

fn=(4990)
0 2835

fn=(5048)
0 6840
cob=(4)
cfi=(178)
cfn=(5036)
calls=570 0 
0 147601
0 2280
cob=(4)
cfi=(178)
cfn=(5050)
calls=570 0 
0 3708
0 3420
cob=(4)
cfi=(178)
cfn=(5050)
calls=570 0 
0 2850
0 3990

fn=(5226)
0 11928
cfn=(5228) zlink::encoder_base_t<zlink::zmp_encoder_t>::encode(unsigned char**, unsigned long)
calls=568 0 
0 128531
0 1316508
cfn=(5230)
calls=101034 0 
0 15219147
0 605976
cfn=(5232) zlink::encoder_base_t<zlink::zmp_encoder_t>::load_msg(zlink::msg_t*)
calls=100977 0 
0 9542330
0 1009770
cfn=(5228)
calls=100977 0 
0 32166930
0 504945
cob=(4)
cfi=(178)
cfn=(2412)
calls=57 0 
0 342
0 7045

fn=(5264) zlink::pub_t::xattach_pipe(zlink::pipe_t*, bool, bool)
0 16
cob=(4)
cfi=(178)
cfn=(5266)
calls=1 0 
0 943
0 12
cob=(4)
cfi=(178)
cfn=(5272)
calls=1 0 
0 14355

fn=(5270)
0 8
cfn=(3882)
calls=1 0 
0 101
0 5
cfn=(3890)
calls=1 0 
0 69
0 4

fn=(5288)
0 3

fn=(5300)
0 12

fn=(5328)
0 14
cob=(4)
cfi=(178)
cfn=(5330)
calls=2 0 
0 3584
0 24
cob=(4)
cfi=(178)
cfn=(3994)
calls=2 0 
0 2265

fn=(5370)
0 76
cfn=(3554)
calls=4 0 
0 64
0 36
cob=(4)
cfi=(178)
cfn=(2636)
calls=4 0 
0 880
0 8
cob=(4)
cfi=(178)
cfn=(4446)
calls=4 0 
0 587
0 48
cfn=(1884)
calls=4 0 
0 228
0 16
cfn=(1836)
calls=4 0 
0 200
0 8
cob=(4)
cfi=(178)
cfn=(2020)
calls=4 0 
0 56
0 24
cob=(4)
cfi=(178)
cfn=(5372)
calls=4 0 
0 2808
0 8
cob=(4)
cfi=(178)
cfn=(5384)
calls=4 0 
0 37203
0 84

fn=(5406)
0 12

fn=(5556)
0 60

fn=(5598) zlink::socket_base_t::reaper_mailbox_pre_post(void*)
0 36
cob=(4)
cfi=(178)
cfn=(5600)
calls=18 0 
0 1908

fn=(5656)
0 100

fn=(5702)
0 2340

fn=(5708)
0 1755

fn=(5736)
0 270
cfn=(2854)
calls=10 0 
0 500
0 54
cob=(4)
cfi=(178)
cfn=(3430)
calls=8 0 
0 336
0 197
cfn=(5738) std::_Rb_tree<std::__cxx11::basic_string<char, std::char_traits<char>, std::allocator<char> >, std::__cxx11::basic_string<char, std::char_traits<char>, std::allocator<char> >, std::_Identity<std::__cxx11::basic_string<char, std::char_traits<char>, std::allocator<char> > >, std::less<std::__cxx11::basic_string<char, std::char_traits<char>, std::allocator<char> > >, std::allocator<std::__cxx11::basic_string<char, std::char_traits<char>, std::allocator<char> > > >::erase(std::__cxx11::basic_string<char, std::char_traits<char>, std::allocator<char> > const&)
calls=10 0 
0 3483
0 80
cob=(4)
cfi=(178)
cfn=(2536)
calls=10 0 
0 1160
0 178
cob=(4)
cfi=(178)
cfn=(3808)
calls=9 0 
0 45
0 90
cob=(4)
cfi=(178)
cfn=(3800)
calls=9 0 
0 1678
0 21
cob=(4)
cfi=(178)
cfn=(5192)
calls=2 0 
0 506
0 20

fn=(5808)
0 176
cob=(4)
cfi=(178)
cfn=(1456)
calls=11 0 
0 5093
0 143

fn=(5904)
0 18
cob=(4)
cfi=(178)
cfn=(5906)
calls=3 0 
0 772
0 9
cob=(4)
cfi=(178)
cfn=(2412)
calls=3 0 
0 18
0 15

fn=(6076)
0 1383252

fn=(6108)
0 743498

fn=(6242)
0 1062140
cfn=(6244)
calls=53107 0 
0 849712
0 265535
cob=(4)
cfi=(178)
cfn=(6146)
calls=53107 0 
0 11166933
0 424856
cfn=(6246)
calls=106214 0 
0 15614160
0 318642
cob=(4)
cfi=(178)
cfn=(2752)
calls=106214 0 
0 531070
0 318642
cob=(4)
cfi=(178)
cfn=(2488)
calls=53107 0 
0 424856
0 1646317
cob=(4)
cfi=(178)
cfn=(4300)
calls=53107 0 
0 1805638
0 159321
cob=(4)
cfi=(178)
cfn=(4312)
calls=53107 0 
0 1752531
0 796605
cob=(4)
cfi=(178)
cfn=(6254)
calls=53107 0 
0 5737360
0 106214
cob=(4)
cfi=(178)
cfn=(2020)
calls=53107 0 
0 743498
0 106219
cob=(4)
cfi=(178)
cfn=(2020)
calls=1 0 
0 14
0 106212
cob=(4)
cfi=(178)
cfn=(2020)
calls=53106 0 
0 743484
0 424856
cfn=(6266) zlink::socket_base_t::dispatch_spot_handler_from_io(zlink_routing_id_t const*, char const*, unsigned long, zlink_msg_t*, unsigned long, void*)
calls=53107 0 
0 27334440
0 106214
cob=(4)
cfi=(178)
cfn=(2020)
calls=53107 0 
0 743498
0 212428
cob=(4)
cfi=(178)
cfn=(2020)
calls=53107 0 
0 743498
0 477963
cob=(4)
cfi=(178)
cfn=(2782)
calls=53107 0 
0 2708457
0 477963
cob=(4)
cfi=(178)
cfn=(6344)
calls=53107 0 
0 6161222
0 265532

fn=(6708) std::_Sp_counted_ptr<int*, (__gnu_cxx::_Lock_policy)2>::_M_dispose()
0 12
cob=(4)
cfi=(178)
cfn=(2536)
calls=2 0 
0 236

fn=(6770)
0 34
cob=(4)
cfi=(178)
cfn=(6210)
calls=2 0 
0 16
0 4
cob=(4)
cfi=(178)
cfn=(2426)
calls=2 0 
0 401
0 6
cob=(4)
cfi=(178)
cfn=(6210)
calls=2 0 
0 16

fn=(6840) zlink::pub_t::~pub_t()
0 4
cob=(4)
cfi=(178)
cfn=(6842)
calls=1 0 
0 5222
0 4
cob=(4)
cfi=(178)
cfn=(2536)
calls=1 0 
0 189

fn=(6841)
0 13
cob=(4)
cfi=(178)
cfn=(6846)
calls=1 0 
0 4533

fn=(6960)
0 4

fn=(6962)
0 108
cob=(4)
cfi=(178)
cfn=(1804)
calls=2 0 
0 76
0 10
cob=(4)
cfi=(178)
cfn=(1838)
calls=2 0 
0 56
0 6
cfn=(2424)
calls=2 0 
0 34
0 4
cfn=(2424)
calls=2 0 
0 34
0 2

fn=(6964)
0 142
cob=(4)
cfi=(178)
cfn=(1804)
calls=4 0 
0 152
0 20
cob=(4)
cfi=(178)
cfn=(1838)
calls=4 0 
0 112
0 4

fn=(6982)
0 18
cob=(4)
cfi=(178)
cfn=(2924)
calls=2 0 
0 10
0 20

fn=(4036)
0 9
cob=(4)
cfi=(178)
cfn=(3842)
calls=1 0 
0 5
0 15
cob=(4)
cfi=(178)
cfn=(3820)
calls=1 0 
0 19

fn=(5484) zlink::socket_base_t::stream_dispatch_stop()
0 30

fn=(1468)
0 39
cob=(4)
cfi=(178)
cfn=(1420)
calls=1 0 
0 78

fn=(1488)
0 22

fn=(1528)
0 22

fn=(1530)
0 22

fn=(1568)
0 22

fn=(1570)
0 22

fn=(1584)
0 22

fn=(1586)
0 22

fn=(1588)
0 22

fn=(1602)
0 22

fn=(1684)
0 3

fn=(1740)
0 78
cob=(4)
cfi=(178)
cfn=(1742)
calls=13 0 
0 1960
0 52
cob=(4)
cfi=(178)
cfn=(1754)
calls=13 0 
0 2987
0 26
cob=(4)
cfi=(178)
cfn=(1754)
calls=13 0 
0 1456
0 13
cob=(4)
cfi=(178)
cfn=(1768)
calls=13 0 
0 905
0 39

fn=(1860)
0 24

fn=(1882)
0 17
cfn=(1884)
calls=1 0 
0 57
0 3
cfn=(1836)
calls=1 0 
0 47
0 2

fn=(1912)
0 16
cob=(4)
cfi=(178)
cfn=(1914)
calls=1 0 
0 77018
0 6
cob=(4)
cfi=(178)
cfn=(1938)
calls=1 0 
0 27790
0 5
cob=(4)
cfi=(178)
cfn=(2158)
calls=1 0 
0 5971
0 7
cob=(4)
cfi=(178)
cfn=(2184)
calls=1 0 
0 11434
0 8

fn=(2234)
0 70

fn=(2276)
0 200
cob=(4)
cfi=(178)
cfn=(2278)
calls=20 0 
0 3446
0 160

fn=(2288)
0 200
cob=(4)
cfi=(178)
cfn=(2290)
calls=10 0 
0 1625
0 80
cob=(4)
cfi=(178)
cfn=(2302)
calls=10 0 
0 1437
0 170
cob=(4)
cfi=(178)
cfn=(2474)
calls=10 0 
0 1417

fn=(2368)
0 42
cob=(4)
cfi=(178)
cfn=(2340)
calls=7 0 
0 35
0 28
cob=(4)
cfi=(178)
cfn=(2370)
calls=7 0 
0 1706

fn=(2492)
0 3837438

fn=(2572)
0 212728

fn=(2634)
0 13
cob=(4)
cfi=(178)
cfn=(2636)
calls=1 0 
0 928

fn=(2674)
0 646
cob=(4)
cfi=(178)
cfn=(2612)
calls=34 0 
0 660
0 212
cob=(4)
cfi=(178)
cfn=(2676)
calls=12 0 
0 1214
0 506
cob=(4)
cfi=(178)
cfn=(3598)
calls=22 0 
0 1440
0 44

fn=(2704) zlink::xsub_t::xgetsockopt(int, void*, unsigned long*)
0 15
cob=(4)
cfi=(178)
cfn=(2412)
calls=1 0 
0 6
0 3

fn=(2714)
0 20
cob=(4)
cfi=(178)
cfn=(2716)
calls=2 0 
0 750
0 26
cob=(4)
cfi=(178)
cfn=(2722)
calls=2 0 
0 732
0 4

fn=(2732)
0 14
cob=(4)
cfi=(178)
cfn=(2734)
calls=1 0 
0 1421
0 3
cob=(4)
cfi=(178)
cfn=(2746)
calls=1 0 
0 720
0 4
cob=(4)
cfi=(178)
cfn=(2752)
calls=1 0 
0 723
0 11
cob=(4)
cfi=(178)
cfn=(2818)
calls=1 0 
0 1253
0 2
cob=(4)
cfi=(178)
cfn=(2818)
calls=1 0 
0 8
0 15
cob=(4)
cfi=(178)
cfn=(2758)
calls=1 0 
0 738
0 7
cob=(4)
cfi=(178)
cfn=(2764)
calls=1 0 
0 3969
0 13
cob=(4)
cfi=(178)
cfn=(2794)
calls=1 0 
0 3769
0 3

fn=(2762)
0 26

fn=(2816)
0 15

fn=(2822)
0 9
cob=(4)
cfi=(178)
cfn=(2412)
calls=1 0 
0 6
0 4
cob=(4)
cfi=(178)
cfn=(2782)
calls=1 0 
0 41
0 10

fn=(2838)
0 110
cob=(4)
cfi=(178)
cfn=(2840)
calls=5 0 
0 1867
0 80
cob=(4)
cfi=(178)
cfn=(2846)
calls=5 0 
0 10684
0 20
cob=(4)
cfi=(178)
cfn=(2818)
calls=5 0 
0 408
0 10
cob=(4)
cfi=(178)
cfn=(2818)
calls=5 0 
0 40
0 75
cob=(4)
cfi=(178)
cfn=(2882)
calls=5 0 
0 2240
0 25
cfn=(2888)
calls=5 0 
0 285
0 30
cob=(4)
cfi=(178)
cfn=(3608)
calls=4 0 
0 2950
0 16
cob=(4)
cfi=(178)
cfn=(3614)
calls=4 0 
0 11155
0 28
cob=(4)
cfi=(178)
cfn=(3636)
calls=4 0 
0 6376
0 32
cfn=(2852)
calls=4 0 
0 696
0 12
cob=(4)
cfi=(178)
cfn=(3440)
calls=4 0 
0 1316
0 8
cob=(4)
cfi=(178)
cfn=(2818)
calls=4 0 
0 400
0 24
cfn=(3634)
calls=4 0 
0 236
0 7
cob=(4)
cfi=(178)
cfn=(2894)
calls=1 0 
0 4879
0 6
cfn=(2888)
calls=1 0 
0 72
0 4
cob=(4)
cfi=(178)
cfn=(2818)
calls=1 0 
0 100
0 5
cob=(4)
cfi=(178)
cfn=(1686)
calls=1 0 
0 216
0 8
cob=(4)
cfi=(178)
cfn=(2930)
calls=1 0 
0 15853
0 3
cob=(4)
cfi=(178)
cfn=(3038)
calls=1 0 
0 56220
0 12
cob=(4)
cfi=(178)
cfn=(3424)
calls=1 0 
0 3764
0 5
cob=(4)
cfi=(178)
cfn=(3440)
calls=1 0 
0 1522
0 3
cob=(4)
cfi=(178)
cfn=(3446)
calls=1 0 
0 947
0 4
cob=(4)
cfi=(178)
cfn=(3406)
calls=1 0 
0 200
0 5
cob=(4)
cfi=(178)
cfn=(3452)
calls=1 0 
0 11048
0 2
cob=(4)
cfi=(178)
cfn=(2818)
calls=1 0 
0 8
0 2
cob=(4)
cfi=(178)
cfn=(2818)
calls=1 0 
0 100
0 4

fn=(3058)
0 10

fn=(3076)
0 8

fn=(3168)
0 17
cob=(4)
cfi=(178)
cfn=(1968)
calls=1 0 
0 64
0 5
cfn=(1884)
calls=1 0 
0 57
0 15
cob=(4)
cfi=(178)
cfn=(3170)
calls=1 0 
0 740
0 24
cfn=(3176) void std::_V2::condition_variable_any::wait<zlink::mutex_t>(zlink::mutex_t&)
calls=1 0 
0 2576
0 3
cfn=(1836)
calls=1 0 
0 50
0 5
cfn=(1884)
calls=1 0 
0 57
0 5
cob=(4)
cfi=(178)
cfn=(1804)
calls=1 0 
0 38
0 6
cob=(4)
cfi=(178)
cfn=(4020)
calls=1 0 
0 29
0 2
cob=(4)
cfi=(178)
cfn=(1838)
calls=1 0 
0 28
0 2
cfn=(1836)
calls=1 0 
0 50
0 11

fn=(3522)
0 16
cob=(4)
cfi=(178)
cfn=(2664)
calls=1 0 
0 12
0 5
cob=(4)
cfi=(178)
cfn=(2562)
calls=1 0 
0 19
0 12
cob=(4)
cfi=(178)
cfn=(2580)
calls=1 0 
0 2032

fn=(3596)
0 72
cob=(4)
cfi=(178)
cfn=(2412)
calls=24 0 
0 144
0 96

fn=(3624)
0 12
cob=(4)
cfi=(178)
cfn=(3626)
calls=4 0 
0 9307

fn=(3734)
0 32

fn=(3798)
0 270
cfn=(2854)
calls=10 0 
0 500
0 54
cob=(4)
cfi=(178)
cfn=(3430)
calls=8 0 
0 336
0 200
cfn=(3804) std::pair<std::_Rb_tree_iterator<std::__cxx11::basic_string<char, std::char_traits<char>, std::allocator<char> > >, bool> std::_Rb_tree<std::__cxx11::basic_string<char, std::char_traits<char>, std::allocator<char> >, std::__cxx11::basic_string<char, std::char_traits<char>, std::allocator<char> >, std::_Identity<std::__cxx11::basic_string<char, std::char_traits<char>, std::allocator<char> > >, std::less<std::__cxx11::basic_string<char, std::char_traits<char>, std::allocator<char> > >, std::allocator<std::__cxx11::basic_string<char, std::char_traits<char>, std::allocator<char> > > >::_M_insert_unique<std::__cxx11::basic_string<char, std::char_traits<char>, std::allocator<char> > >(std::__cxx11::basic_string<char, std::char_traits<char>, std::allocator<char> >&&)
calls=10 0 
0 3063
0 230
cob=(4)
cfi=(178)
cfn=(3808)
calls=10 0 
0 908
0 100
cob=(4)
cfi=(178)
cfn=(3800)
calls=10 0 
0 2977
0 22
cob=(4)
cfi=(178)
cfn=(5192)
calls=2 0 
0 1941
0 20

fn=(3806) std::_Rb_tree<std::__cxx11::basic_string<char, std::char_traits<char>, std::allocator<char> >, std::__cxx11::basic_string<char, std::char_traits<char>, std::allocator<char> >, std::_Identity<std::__cxx11::basic_string<char, std::char_traits<char>, std::allocator<char> > >, std::less<std::__cxx11::basic_string<char, std::char_traits<char>, std::allocator<char> > >, std::allocator<std::__cxx11::basic_string<char, std::char_traits<char>, std::allocator<char> > > >::_M_get_insert_unique_pos(std::__cxx11::basic_string<char, std::char_traits<char>, std::allocator<char> > const&)
0 300

fn=(3840)
0 531195

fn=(3860)
0 239
cob=(4)
cfi=(178)
cfn=(1428)
calls=1 0 
0 22
0 4
cfn=(1396)
calls=1 0 
0 104
0 10
cob=(4)
cfi=(178)
cfn=(1420)
calls=1 0 
0 78
0 2
cob=(4)
cfi=(178)
cfn=(1440)
calls=1 0 
0 11
0 5

fn=(4292)
0 374
cob=(4)
cfi=(178)
cfn=(4294)
calls=1 0 
0 242
0 4
cob=(4)
cfi=(178)
cfn=(4294)
calls=1 0 
0 908
0 4
cob=(4)
cfi=(178)
cfn=(4300)
calls=2 0 
0 710
0 228
cob=(4)
cfi=(178)
cfn=(4306)
calls=2 0 
0 14300
0 26

fn=(4358)
0 16
cob=(4)
cfi=(178)
cfn=(2752)
calls=2 0 
0 10
0 16
cob=(4)
cfi=(178)
cfn=(4360)
calls=2 0 
0 3223
0 10
cob=(4)
cfi=(178)
cfn=(2488)
calls=2 0 
0 16
0 14

fn=(4378) zlink::asio_tcp_listener_t::process_plug()
0 2
cob=(4)
cfi=(178)
cfn=(4380)
calls=1 0 
0 4165

fn=(4414) zlink::ypipe_t<zlink::msg_t, 256>::probe(bool (*)(zlink::msg_t const&))
0 80
cfn=(4416)
calls=4 0 
0 806

fn=(4602)
0 5

fn=(4610)
0 2262
cfn=(4970)
calls=27 0 
0 5054719
cfn=(4856) boost::asio::detail::reactive_socket_connect_op<zlink::asio_tcp_connecter_t::start_connecting()::{lambda(boost::system::error_code const&)#1}, boost::asio::any_io_executor>::do_complete(void*, boost::asio::detail::scheduler_operation*, boost::system::error_code const&, unsigned long)
calls=1 0 
0 24206
cfn=(4612)
calls=1 0 
0 40785
0 300
cfn=(4804)
calls=27 0 
0 3294
cfn=(4848) boost::asio::detail::reactive_socket_connect_op_base::do_perform(boost::asio::detail::reactor_op*)
calls=1 0 
0 1098
cfn=(4400)
calls=1 0 
0 110
0 638
cob=(4)
cfi=(178)
cfn=(1804)
calls=29 0 
0 1102
0 232
cfn=(2424)
calls=29 0 
0 493
0 87
cob=(4)
cfi=(178)
cfn=(1838)
calls=29 0 
0 812
0 29

fn=(4658)
0 38
cob=(4)
cfi=(178)
cfn=(3310)
calls=2 0 
0 18
0 8
cob=(4)
cfi=(178)
cfn=(4660)
calls=2 0 
0 854
0 22

fn=(4670)
0 32

fn=(4682)
0 20
cob=(4)
cfi=(178)
cfn=(3338)
calls=1 0 
0 2594
0 5
cob=(4)
cfi=(178)
cfn=(3338)
calls=1 0 
0 2747
0 8
cfn=(2854)
calls=1 0 
0 298
0 8
cfn=(2854)
calls=1 0 
0 298
0 8
cob=(4)
cfi=(178)
cfn=(2536)
calls=1 0 
0 103
0 2
cob=(4)
cfi=(178)
cfn=(2818)
calls=1 0 
0 108
0 6
cob=(4)
cfi=(178)
cfn=(1686)
calls=1 0 
0 223
0 8
cob=(4)
cfi=(178)
cfn=(4684)
calls=1 0 
0 18057
0 5
cob=(4)
cfi=(178)
cfn=(2894)
calls=1 0 
0 83
0 9
cob=(4)
cfi=(178)
cfn=(3914)
calls=1 0 
0 897
0 5
cob=(4)
cfi=(178)
cfn=(3476)
calls=1 0 
0 5
0 3
cob=(4)
cfi=(178)
cfn=(3458)
calls=1 0 
0 870
0 5
cob=(4)
cfi=(178)
cfn=(4722)
calls=1 0 
0 1202
0 4
cob=(4)
cfi=(178)
cfn=(4728)
calls=1 0 
0 1137
0 2
cob=(4)
cfi=(178)
cfn=(2818)
calls=1 0 
0 108
0 2
cob=(4)
cfi=(178)
cfn=(2818)
calls=1 0 
0 108
0 11

fn=(4694)
0 46
cfn=(2948)
calls=2 0 
0 996
0 38
cfn=(4018)
calls=2 0 
0 738
0 12
cfn=(4696) get_peer_address(int)
calls=2 0 
0 4672
0 40
cfn=(1926) std::__new_allocator<zlink::msg_t::content_t*>::allocate(unsigned long, void const*) [clone .constprop.1]
calls=2 0 
0 310
0 14
cob=(4)
cfi=(178)
cfn=(1434)
calls=2 0 
0 448
0 40
cfn=(1926)
calls=2 0 
0 478
0 14
cob=(4)
cfi=(178)
cfn=(1434)
calls=2 0 
0 289
0 264
cfn=(4706) std::vector<unsigned char, std::allocator<unsigned char> >::resize(unsigned long)
calls=2 0 
0 16990
0 8
cob=(4)
cfi=(178)
cfn=(1434)
calls=2 0 
0 454
0 8
cob=(4)
cfi=(178)
cfn=(1434)
calls=2 0 
0 466
0 138
cob=(4)
cfi=(178)
cfn=(2488)
calls=2 0 
0 16
0 16
cob=(4)
cfi=(178)
cfn=(1754)
calls=2 0 
0 224
0 52
cob=(4)
cfi=(178)
cfn=(1686)
calls=2 0 
0 482
0 10
cob=(4)
cfi=(178)
cfn=(4710)
calls=2 0 
0 748
0 10

fn=(4696)
0 34
cob=(4)
cfi=(178)
cfn=(4698)
calls=2 0 
0 4610
0 28

fn=(4714)
0 14

fn=(4726)
0 44
cob=(4)
cfi=(178)
cfn=(3482)
calls=2 0 
0 754
0 20
cob=(4)
cfi=(178)
cfn=(3476)
calls=1 0 
0 5
0 1

fn=(4738)
0 16

fn=(4748) boost::asio::execution_context::service* boost::asio::detail::service_registry::create<boost::asio::detail::deadline_timer_service<boost::asio::detail::chrono_time_traits<std::chrono::_V2::steady_clock, boost::asio::wait_traits<std::chrono::_V2::steady_clock> > >, boost::asio::io_context>(void*)
0 16
cob=(4)
cfi=(178)
cfn=(1434)
calls=1 0 
0 233
0 20
cfn=(2986) boost::asio::detail::service_registry::do_use_service(boost::asio::execution_context::service::key const&, boost::asio::execution_context::service* (*)(void*), void*) [clone .constprop.0]
calls=1 0 
0 176
0 25
cob=(4)
cfi=(178)
cfn=(1804)
calls=1 0 
0 38
0 5
cob=(4)
cfi=(178)
cfn=(1838)
calls=1 0 
0 28
0 4
cob=(4)
cfi=(178)
cfn=(1804)
calls=1 0 
0 38
0 6
cob=(4)
cfi=(178)
cfn=(1838)
calls=1 0 
0 28
0 1

fn=(4754)
0 26
cob=(4)
cfi=(178)
cfn=(4756)
calls=2 0 
0 4044
0 46
cfn=(4776) std::vector<unsigned char, std::allocator<unsigned char> >::reserve(unsigned long)
calls=2 0 
0 542
0 14
cfn=(4778)
calls=2 0 
0 126
0 14
cfn=(4780)
calls=2 0 
0 397
0 58
cob=(4)
cfi=(178)
cfn=(2860)
calls=2 0 
0 36
0 10
cfn=(4782) void std::vector<unsigned char, std::allocator<unsigned char> >::_M_range_insert<__gnu_cxx::__normal_iterator<unsigned char*, std::vector<unsigned char, std::allocator<unsigned char> > > >(__gnu_cxx::__normal_iterator<unsigned char*, std::vector<unsigned char, std::allocator<unsigned char> > >, __gnu_cxx::__normal_iterator<unsigned char*, std::vector<unsigned char, std::allocator<unsigned char> > >, __gnu_cxx::__normal_iterator<unsigned char*, std::vector<unsigned char, std::allocator<unsigned char> > >, std::forward_iterator_tag)
calls=2 0 
0 130
0 26
cob=(4)
cfi=(178)
cfn=(4784)
calls=1 0 
0 3352
0 3
cob=(4)
cfi=(178)
cfn=(4784)
calls=1 0 
0 1435
0 4
cob=(4)
cfi=(178)
cfn=(4816)
calls=2 0 
0 6827
0 12
cob=(4)
cfi=(178)
cfn=(2536)
calls=2 0 
0 206
0 12
cob=(4)
cfi=(178)
cfn=(2536)
calls=2 0 
0 206
0 34
cfn=(4708) std::vector<unsigned char, std::allocator<unsigned char> >::_M_default_append(unsigned long)
calls=2 0 
0 450
0 30

fn=(4776)
0 38
cob=(4)
cfi=(178)
cfn=(1434)
calls=2 0 
0 466
0 38

fn=(4800)
0 65366

fn=(4848)
0 16
cob=(4)
cfi=(178)
cfn=(4206)
calls=1 0 
0 59
0 23
cob=(4)
cfi=(178)
cfn=(4850)
calls=1 0 
0 990
0 10

fn=(4894)
0 22152
cfn=(4800)
calls=568 0 
0 13064
0 6248
cfn=(4812)
calls=568 0 
0 15336
0 1704
cob=(4)
cfi=(178)
cfn=(2020)
calls=568 0 
0 7952
0 3976
cfn=(4616)
calls=568 0 
0 7954
0 5680
cfn=(4812)
calls=568 0 
0 98264
0 8520
cfn=(4834) boost::asio::detail::write_op<boost::asio::basic_stream_socket<boost::asio::ip::tcp, boost::asio::any_io_executor>, boost::asio::const_buffer, boost::asio::const_buffer const*, boost::asio::detail::transfer_all_t, zlink::tcp_transport_t::async_write_some(unsigned char const*, unsigned long, std::function<void (boost::system::error_code const&, unsigned long)>)::{lambda(boost::system::error_code const&, unsigned long)#2}>::operator()(boost::system::error_code, unsigned long, int)
calls=568 0 
0 61482892
0 9656

fn=(4920) zlink::asio_tcp_connecter_t::process_term(int)
0 14
cob=(4)
cfi=(178)
cfn=(4922)
calls=1 0 
0 809
0 8
cob=(4)
cfi=(178)
cfn=(4928)
calls=1 0 
0 4435

fn=(5028)
0 34
cob=(4)
cfi=(178)
cfn=(5030)
calls=2 0 
0 862
0 4
cob=(4)
cfi=(178)
cfn=(5036)
calls=2 0 
0 1484
0 26
cob=(4)
cfi=(178)
cfn=(2488)
calls=2 0 
0 16
0 28

fn=(5064)
0 3946190
cob=(4)
cfi=(178)
cfn=(2860)
calls=160268 0 
0 2510335
0 4575024
cfn=(5086)
calls=106217 0 
0 955953
cfn=(5066)
calls=106217 0 
0 33618692
0 1705287

fn=(5110) std::_Rb_tree<std::__cxx11::basic_string<char, std::char_traits<char>, std::allocator<char> >, std::pair<std::__cxx11::basic_string<char, std::char_traits<char>, std::allocator<char> > const, std::__cxx11::basic_string<char, std::char_traits<char>, std::allocator<char> > >, std::_Select1st<std::pair<std::__cxx11::basic_string<char, std::char_traits<char>, std::allocator<char> > const, std::__cxx11::basic_string<char, std::char_traits<char>, std::allocator<char> > > >, std::less<std::__cxx11::basic_string<char, std::char_traits<char>, std::allocator<char> > >, std::allocator<std::pair<std::__cxx11::basic_string<char, std::char_traits<char>, std::allocator<char> > const, std::__cxx11::basic_string<char, std::char_traits<char>, std::allocator<char> > > > >::_M_get_insert_hint_unique_pos(std::_Rb_tree_const_iterator<std::pair<std::__cxx11::basic_string<char, std::char_traits<char>, std::allocator<char> > const, std::__cxx11::basic_string<char, std::char_traits<char>, std::allocator<char> > > >, std::__cxx11::basic_string<char, std::char_traits<char>, std::allocator<char> > const&)
0 92
cfn=(5112) std::_Rb_tree<std::__cxx11::basic_string<char, std::char_traits<char>, std::allocator<char> >, std::pair<std::__cxx11::basic_string<char, std::char_traits<char>, std::allocator<char> > const, std::__cxx11::basic_string<char, std::char_traits<char>, std::allocator<char> > >, std::_Select1st<std::pair<std::__cxx11::basic_string<char, std::char_traits<char>, std::allocator<char> > const, std::__cxx11::basic_string<char, std::char_traits<char>, std::allocator<char> > > >, std::less<std::__cxx11::basic_string<char, std::char_traits<char>, std::allocator<char> > >, std::allocator<std::pair<std::__cxx11::basic_string<char, std::char_traits<char>, std::allocator<char> > const, std::__cxx11::basic_string<char, std::char_traits<char>, std::allocator<char> > > > >::_M_get_insert_unique_pos(std::__cxx11::basic_string<char, std::char_traits<char>, std::allocator<char> > const&)
calls=2 0 
0 58
0 20
cfn=(3898)
calls=2 0 
0 86
0 8

fn=(5186)
0 62
cfn=(5188)
calls=2 0 
0 625
0 14
cfn=(1980)
calls=2 0 
0 48
0 6

fn=(5228)
0 3941977
cfn=(5236) zlink::zmp_encoder_t::body_ready()
calls=106215 0 
0 8762734
0 2768996
cob=(4)
cfi=(178)
cfn=(2860)
calls=212959 0 
0 3248000
0 2562504
cob=(4)
cfi=(178)
cfn=(2782)
calls=106215 0 
0 10980896
0 424860
cob=(4)
cfi=(178)
cfn=(2488)
calls=106215 0 
0 849720
0 424860

fn=(5262)
0 1062150
cob=(4)
cfi=(178)
cfn=(3836)
calls=106215 0 
0 743505
0 1062150

fn=(5350)
0 80
cob=(4)
cfi=(178)
cfn=(2020)
calls=2 0 
0 28
0 14
cfn=(4616)
calls=2 0 
0 30
0 22
cfn=(4814)
calls=2 0 
0 20
0 60
cob=(4)
cfi=(178)
cfn=(5352)
calls=2 0 
0 1054
0 2

fn=(5388)
0 54
cfn=(3554)
calls=6 0 
0 96
0 30
cob=(4)
cfi=(178)
cfn=(4446)
calls=6 0 
0 853
0 18
cob=(4)
cfi=(178)
cfn=(5390)
calls=6 0 
0 960
0 34
cob=(4)
cfi=(178)
cfn=(2020)
calls=4 0 
0 56
0 68
cob=(4)
cfi=(178)
cfn=(3572)
calls=4 0 
0 27977
0 12
cob=(4)
cfi=(178)
cfn=(5476)
calls=6 0 
0 5339
0 18
cfn=(5482)
calls=6 0 
0 18
0 22
cob=(4)
cfi=(178)
cfn=(5464)
calls=2 0 
0 286
0 8
cob=(4)
cfi=(178)
cfn=(3836)
calls=6 0 
0 42
0 30
cfn=(5484)
calls=6 0 
0 18
0 54
cob=(4)
cfi=(178)
cfn=(5486)
calls=6 0 
0 6035
0 32

fn=(5389)
0 36
cfn=(3554)
calls=4 0 
0 64
0 20
cob=(4)
cfi=(178)
cfn=(4446)
calls=4 0 
0 583
0 12
cob=(4)
cfi=(178)
cfn=(5390)
calls=4 0 
0 28
0 28
cob=(4)
cfi=(178)
cfn=(5476)
calls=4 0 
0 1518
0 12
cfn=(5482)
calls=4 0 
0 12
0 20
cob=(4)
cfi=(178)
cfn=(5464)
calls=4 0 
0 2792
0 8
cob=(4)
cfi=(178)
cfn=(3836)
calls=4 0 
0 28
0 20
cfn=(5484)
calls=4 0 
0 12
0 36
cob=(4)
cfi=(178)
cfn=(5486)
calls=4 0 
0 15040

fn=(5394)
0 70

fn=(5424)
0 70
cob=(4)
cfi=(178)
cfn=(5426)
calls=7 0 
0 3256
0 56

fn=(5538)
0 50

fn=(5662)
0 50

fn=(5682)
0 142
cob=(4)
cfi=(178)
cfn=(2416)
calls=8 0 
0 1208
0 88
cob=(4)
cfi=(178)
cfn=(2840)
calls=18 0 
0 68839
0 36
cob=(4)
cfi=(178)
cfn=(5670)
calls=18 0 
0 90
0 86
cob=(4)
cfi=(178)
cfn=(5664)
calls=10 0 
0 2308
0 32

fn=(5748)
0 30

fn=(5772)
0 40

fn=(5790)
0 30
cob=(4)
cfi=(178)
cfn=(5792)
calls=10 0 
0 13095

fn=(5802)
0 120
cob=(4)
cfi=(178)
cfn=(2216)
calls=10 0 
0 50
0 270
cob=(4)
cfi=(178)
cfn=(1804)
calls=10 0 
0 380
0 40
cob=(4)
cfi=(178)
cfn=(4020)
calls=10 0 
0 290
0 20
cob=(4)
cfi=(178)
cfn=(1838)
calls=10 0 
0 280
0 80

fn=(5814)
0 120
cob=(4)
cfi=(178)
cfn=(5546)
calls=10 0 
0 100
0 50
cob=(4)
cfi=(178)
cfn=(3482)
calls=10 0 
0 4647
0 60

fn=(5874)
0 34
cob=(4)
cfi=(178)
cfn=(5876)
calls=2 0 
0 12012
0 16
cob=(4)
cfi=(178)
cfn=(2412)
calls=2 0 
0 12
0 20

fn=(5880)
0 21
cob=(4)
cfi=(178)
cfn=(5882)
calls=3 0 
0 831
0 12
cob=(4)
cfi=(178)
cfn=(5888)
calls=3 0 
0 1700
0 27
cob=(4)
cfi=(178)
cfn=(5900)
calls=3 0 
0 1660
0 12
cob=(4)
cfi=(178)
cfn=(5912)
calls=3 0 
0 1584
0 12
cob=(4)
cfi=(178)
cfn=(5924)
calls=3 0 
0 1564
0 12
cob=(4)
cfi=(178)
cfn=(5936)
calls=3 0 
0 1503
0 12
cob=(4)
cfi=(178)
cfn=(5948)
calls=3 0 
0 2493
0 6

fn=(5934)
0 12

fn=(5964)
0 12

fn=(6004)
0 12
cob=(4)
cfi=(178)
cfn=(2586)
calls=1 0 
0 9
0 7
cfn=(6006)
calls=1 0 
0 5
0 9
cfn=(6008) zlink::xsub_t::sub_dispatch_start(void (*)(zlink_routing_id_t const*, char const*, unsigned long, zlink_msg_t*, unsigned long, void*), void*)
calls=1 0 
0 3172
0 3
cob=(4)
cfi=(178)
cfn=(2624)
calls=1 0 
0 8
0 7

fn=(6046)
0 849712
cob=(4)
cfi=(178)
cfn=(2568)
calls=53107 0 
0 318642
0 902819
cob=(4)
cfi=(178)
cfn=(4172)
calls=53107 0 
0 265535
0 902819
cob=(4)
cfi=(178)
cfn=(6048)
calls=53107 0 
0 112344732

fn=(6114)
0 395

fn=(6236)
0 371749

fn=(6252)
0 849712
cob=(4)
cfi=(178)
cfn=(2740)
calls=106214 0 
0 849712
0 424856
cob=(4)
cfi=(178)
cfn=(2782)
calls=106214 0 
0 4354774
0 1274568
cob=(4)
cfi=(178)
cfn=(2488)
calls=106214 0 
0 849712
0 743498

fn=(6336)
0 371749
cob=(4)
cfi=(178)
cfn=(6338)
calls=53107 0 
0 1487926
0 212428

fn=(6416) zlink::xsub_t::monitor_ready_count() const
0 3

fn=(6626)
0 19
cob=(4)
cfi=(178)
cfn=(6628)
calls=1 0 
0 1513
0 6
cfn=(1836)
calls=1 0 
0 50
0 6
cfn=(1884)
calls=1 0 
0 57
0 4
cfn=(6636) std::vector<std::__cxx11::basic_string<char, std::char_traits<char>, std::allocator<char> >, std::allocator<std::__cxx11::basic_string<char, std::char_traits<char>, std::allocator<char> > > >::~vector()
calls=1 0 
0 15
0 11

fn=(6724) boost::asio::basic_waitable_timer<std::chrono::_V2::steady_clock, boost::asio::wait_traits<std::chrono::_V2::steady_clock>, boost::asio::any_io_executor>::cancel() [clone .isra.0]
0 28
cfn=(1980)
calls=2 0 
0 48
0 12

fn=(6752)
0 42
cfn=(6716)
calls=2 0 
0 80
0 4
cob=(4)
cfi=(178)
cfn=(2782)
calls=2 0 
0 82
0 12
cob=(4)
cfi=(178)
cfn=(5318)
calls=2 0 
0 12
0 14
cfn=(6754) zlink::zmp_encoder_t::~zmp_encoder_t()
calls=2 0 
0 1383
0 12
cfn=(6760) zlink::zmp_decoder_t::~zmp_decoder_t()
calls=2 0 
0 3289
0 152
cfn=(6320) std::vector<unsigned char, std::allocator<unsigned char> >::~vector()
calls=2 0 
0 10
0 82
cob=(4)
cfi=(178)
cfn=(2536)
calls=2 0 
0 206
0 12
cob=(4)
cfi=(178)
cfn=(2536)
calls=2 0 
0 206
0 58
cob=(4)
cfi=(178)
cfn=(2536)
calls=2 0 
0 206
0 12
cob=(4)
cfi=(178)
cfn=(2536)
calls=2 0 
0 206
0 6
cfn=(6320)
calls=2 0 
0 10
0 4
cfn=(6320)
calls=2 0 
0 400
0 10
cfn=(6778)
calls=2 0 
0 54
0 6
cob=(4)
cfi=(178)
cfn=(2536)
calls=2 0 
0 206
0 10
cfn=(6780)
calls=2 0 
0 1902
0 6
cob=(4)
cfi=(178)
cfn=(2818)
calls=2 0 
0 16
0 4
cob=(4)
cfi=(178)
cfn=(2818)
calls=2 0 
0 276
0 4
cob=(4)
cfi=(178)
cfn=(2818)
calls=2 0 
0 276
0 18
cfn=(3634)
calls=2 0 
0 118
0 36
cfn=(5168)
calls=2 0 
0 660
0 6
cob=(4)
cfi=(178)
cfn=(2536)
calls=2 0 
0 198
0 4

fn=(6776)
0 6
cob=(4)
cfi=(178)
cfn=(6766)
calls=2 0 
0 38
0 4

fn=(6796) zlink::sub_t::~sub_t()
0 4
cob=(4)
cfi=(178)
cfn=(6798)
calls=1 0 
0 6841
0 4
cob=(4)
cfi=(178)
cfn=(2536)
calls=1 0 
0 189

fn=(6797)
0 13
cob=(4)
cfi=(178)
cfn=(6802)
calls=1 0 
0 6144

fn=(6882)
0 5
cob=(4)
cfi=(178)
cfn=(6884)
calls=1 0 
0 20793

fn=(6966)
0 15
cob=(4)
cfi=(178)
cfn=(1838)
calls=1 0 
0 28
0 8
cob=(4)
cfi=(178)
cfn=(2536)
calls=1 0 
0 103
0 8
cob=(4)
cfi=(178)
cfn=(2536)
calls=1 0 
0 103
0 3
cob=(4)
cfi=(178)
cfn=(1804)
calls=1 0 
0 38
0 10

fn=(6988)
0 10

fn=(7078) std::_Sp_counted_ptr<boost::asio::ssl::detail::openssl_init_base::do_init*, (__gnu_cxx::_Lock_policy)2>::_M_dispose()
0 6
cob=(4)
cfi=(178)
cfn=(2536)
calls=1 0 
0 95

fn=(3292)
0 54

fn=(5480)
0 80
cfn=(3860)
calls=10 0 
0 120
0 30
cfn=(1884)
calls=10 0 
0 570
0 172
cfn=(1836)
calls=6 0 
0 300
0 32
cob=(4)
cfi=(178)
cfn=(5558)
calls=4 0 
0 1315
0 12
cob=(4)
cfi=(178)
cfn=(2536)
calls=4 0 
0 380
0 12
cfn=(1836)
calls=4 0 
0 200
0 28
cfn=(5564)
calls=4 0 
0 2292
0 24
cob=(4)
cfi=(178)
cfn=(2536)
calls=4 0 
0 380

fn=(1486)
0 4
cob=(4)
cfi=(178)
cfn=(1456)
calls=1 0 
0 463
0 6
cob=(4)
cfi=(178)
cfn=(1456)
calls=1 0 
0 463
0 7
cfn=(1460) (anonymous namespace)::parse_size_env(char const*, unsigned long) [clone .lto_priv.0] [clone .lto_priv.0]
calls=1 0 
0 484
0 3
cob=(4)
cfi=(178)
cfn=(1456)
calls=1 0 
0 471
0 7
cob=(4)
cfi=(178)
cfn=(1456)
calls=1 0 
0 463
0 6
cob=(4)
cfi=(178)
cfn=(1456)
calls=1 0 
0 475
0 27

fn=(1518)
0 22

fn=(1520)
0 22

fn=(1522)
0 22

fn=(1542)
0 22

fn=(1544)
0 22

fn=(1546)
0 22

fn=(1580)
0 22

fn=(1582)
0 22

fn=(1592)
0 22

fn=(1594)
0 22

fn=(1606)
0 22

fn=(1718)
0 325
cob=(4)
cfi=(178)
cfn=(1720)
calls=13 0 
0 8487
0 429
cob=(4)
cfi=(178)
cfn=(1736)
calls=13 0 
0 8238
0 39
cfn=(1396)
calls=13 0 
0 1352
0 468

fn=(1778)
0 4
cfn=(1396)
calls=1 0 
0 104
0 14

fn=(1802)
0 7
cob=(4)
cfi=(178)
cfn=(1804)
calls=1 0 
0 987
0 5
cob=(4)
cfi=(178)
cfn=(1810)
calls=1 0 
0 9435
0 4
cfn=(1836)
calls=1 0 
0 978
0 4

fn=(1848)
0 3
cob=(4)
cfi=(178)
cfn=(1850)
calls=1 0 
0 1447

fn=(1854)
0 18
cob=(4)
cfi=(178)
cfn=(1856)
calls=6 0 
0 760

fn=(1864)
0 10
cob=(4)
cfi=(178)
cfn=(1866)
calls=1 0 
0 2305
0 2

fn=(1926)
0 42
cob=(4)
cfi=(178)
cfn=(1434)
calls=7 0 
0 1305

fn=(1942)
0 12
cob=(4)
cfi=(178)
cfn=(1686)
calls=1 0 
0 215
0 7
cob=(4)
cfi=(178)
cfn=(1944)
calls=1 0 
0 15125
0 3
cob=(4)
cfi=(178)
cfn=(2036)
calls=1 0 
0 757
0 2
cob=(4)
cfi=(178)
cfn=(1850)
calls=1 0 
0 11
0 5
cob=(4)
cfi=(178)
cfn=(2036)
calls=1 0 
0 5
0 4
cob=(4)
cfi=(178)
cfn=(2042)
calls=1 0 
0 931
0 2
cob=(4)
cfi=(178)
cfn=(2048)
calls=1 0 
0 9586
0 7

fn=(1972)
0 60
cob=(4)
cfi=(178)
cfn=(1974)
calls=15 0 
0 816
0 30
cob=(4)
cfi=(178)
cfn=(1816)
calls=15 0 
0 615
0 105

fn=(1982)
0 54
cob=(4)
cfi=(178)
cfn=(1412)
calls=2 0 
0 94
0 20
cfn=(1980)
calls=2 0 
0 48
0 8
cob=(4)
cfi=(178)
cfn=(1984)
calls=2 0 
0 986
0 26
cfn=(1980)
calls=2 0 
0 48
0 60
cob=(4)
cfi=(178)
cfn=(1990)
calls=2 0 
0 1195
0 12
cob=(4)
cfi=(178)
cfn=(2002)
calls=2 0 
0 1044
0 10
cob=(4)
cfi=(178)
cfn=(1996)
calls=2 0 
0 1079
0 4

fn=(2058)
0 14
cob=(4)
cfi=(178)
cfn=(2060)
calls=2 0 
0 10492

fn=(2064)
0 60
cob=(4)
cfi=(178)
cfn=(2066)
calls=3 0 
0 1125
0 63
cob=(4)
cfi=(178)
cfn=(2074)
calls=3 0 
0 3696
0 18
cob=(4)
cfi=(178)
cfn=(2098)
calls=3 0 
0 7056
0 30

fn=(2070)
0 96
cfn=(2072)
calls=3 0 
0 12
0 27

fn=(2174)
0 10
cob=(4)
cfi=(178)
cfn=(1804)
calls=1 0 
0 46
0 6
cfn=(1836)
calls=1 0 
0 50
0 15
cob=(4)
cfi=(178)
cfn=(2060)
calls=1 0 
0 2506
0 2

fn=(2220)
0 4629

fn=(2318) thread_routine
0 91
cob=(4)
cfi=(178)
cfn=(2320)
calls=7 0 
0 948
0 42
cob=(4)
cfi=(178)
cfn=(2328)
calls=7 0 
0 1256
0 28
cob=(4)
cfi=(178)
cfn=(2334)
calls=7 0 
0 4970
0 14
cob=(4)
cfi=(178)
cfn=(2364)
calls=7 0 
0 2599
0 14
cfn=(4246)
calls=4 0 
0 54576
cfn=(3162) zlink::service_control_runtime_t::run(void*)
calls=1 0 
0 4622
cfn=(2378) zlink::worker_poller_base_t::worker_routine(void*)
calls=2 0 
0 274816631
0 70

fn=(2338)
0 98
cob=(4)
cfi=(178)
cfn=(2340)
calls=7 0 
0 888
0 35
cob=(4)
cfi=(178)
cfn=(2346)
calls=7 0 
0 1479
0 84
cob=(4)
cfi=(178)
cfn=(2356)
calls=7 0 
0 1397
0 133

fn=(1450)
0 32

fn=(1462)
0 38

fn=(1464)
0 38

fn=(2378)
0 6
cfn=(2380)
calls=2 0 
0 274816625

fn=(2584)
0 90
cob=(4)
cfi=(178)
cfn=(2586)
calls=5 0 
0 963
0 30
cob=(4)
cfi=(178)
cfn=(2592)
calls=5 0 
0 1005
0 30
cfn=(4192) zlink::socket_base_t::xgetsockopt(int, void*, unsigned long*)
calls=2 0 
0 26
cfn=(2704)
calls=1 0 
0 24
cfn=(2598) zlink::xpub_t::xgetsockopt(int, void*, unsigned long*)
calls=2 0 
0 48
0 15
cob=(4)
cfi=(178)
cfn=(2600)
calls=5 0 
0 992
0 15
cob=(4)
cfi=(178)
cfn=(2412)
calls=5 0 
0 30
0 25
cob=(4)
cfi=(178)
cfn=(2624)
calls=5 0 
0 958
0 87
cob=(4)
cfi=(178)
cfn=(2592)
calls=2 0 
0 22
0 10
cob=(4)
cfi=(178)
cfn=(2606)
calls=2 0 
0 2582
0 6
cob=(4)
cfi=(178)
cfn=(2600)
calls=2 0 
0 12
0 3
cob=(4)
cfi=(178)
cfn=(2592)
calls=1 0 
0 11
0 2
cob=(4)
cfi=(178)
cfn=(3446)
calls=1 0 
0 5
0 4
cob=(4)
cfi=(178)
cfn=(3524)
calls=1 0 
0 1873
0 3
cob=(4)
cfi=(178)
cfn=(2600)
calls=1 0 
0 6
0 5
cob=(4)
cfi=(178)
cfn=(4194)
calls=2 0 
0 1508
0 12
cob=(4)
cfi=(178)
cfn=(3530)
calls=2 0 
0 120
0 4

fn=(2642)
0 151
cob=(4)
cfi=(178)
cfn=(2412)
calls=5 0 
0 30
0 18

fn=(2662)
0 352
cob=(4)
cfi=(178)
cfn=(2664)
calls=22 0 
0 1062
0 264
cob=(4)
cfi=(178)
cfn=(2562)
calls=22 0 
0 418
0 264
cob=(4)
cfi=(178)
cfn=(2636)
calls=22 0 
0 16862

fn=(2804)
0 18
cob=(4)
cfi=(178)
cfn=(2806)
calls=3 0 
0 2143
0 9

fn=(2910)
0 15
cob=(4)
cfi=(178)
cfn=(2912)
calls=5 0 
0 2682

fn=(2968)
0 30

fn=(3036)
0 16

fn=(3070)
0 8

fn=(3112)
0 15

fn=(3176)
0 72
cob=(4)
cfi=(178)
cfn=(1804)
calls=3 0 
0 114
0 18
cfn=(1836)
calls=3 0 
0 150
0 24
cob=(4)
cfi=(178)
cfn=(3178)
calls=3 0 
0 2849
0 9
cob=(4)
cfi=(178)
cfn=(4580)
calls=3 0 
0 105
0 12
cfn=(1884)
calls=3 0 
0 171
0 12
cfn=(4520)
calls=3 0 
0 45
0 45
cob=(4)
cfi=(178)
cfn=(1838)
calls=3 0 
0 117
0 3

fn=(6696) zlink::session_base_t::~session_base_t()
0 8
cob=(4)
cfi=(178)
cfn=(6698)
calls=2 0 
0 6451
0 8
cob=(4)
cfi=(178)
cfn=(2536)
calls=2 0 
0 381

fn=(6702)
0 42
cfn=(6704) zlink::asio_engine_t::terminate()
calls=2 0 
0 4533
0 8
cob=(4)
cfi=(178)
cfn=(6726)
calls=1 0 
0 826
0 3
cob=(4)
cfi=(178)
cfn=(2536)
calls=1 0 
0 95
0 12
cfn=(4906)
calls=2 0 
0 8
0 10
cob=(4)
cfi=(178)
cfn=(4950)
calls=2 0 
0 166
0 4
cob=(4)
cfi=(178)
cfn=(2426)
calls=2 0 
0 12
0 2

fn=(3342)
0 30
cfn=(3344)
calls=3 0 
0 15156
0 21

fn=(3350)
0 93
cob=(4)
cfi=(178)
cfn=(3352)
calls=5 0 
0 935
0 83
cob=(4)
cfi=(178)
cfn=(4624)
calls=3 0 
0 24
0 3

fn=(3468)
0 68

fn=(3512)
0 64
cob=(4)
cfi=(178)
cfn=(3476)
calls=4 0 
0 20
0 24
cob=(4)
cfi=(178)
cfn=(3482)
calls=4 0 
0 1082
0 36

fn=(3534)
0 33
cob=(4)
cfi=(178)
cfn=(2860)
calls=3 0 
0 47
0 18
cob=(4)
cfi=(178)
cfn=(1928)
calls=3 0 
0 64
0 18

fn=(3554)
0 95
cob=(4)
cfi=(178)
cfn=(2568)
calls=19 0 
0 114
0 95

fn=(3634)
0 1368
cfn=(2072)
calls=36 0 
0 144
0 72
cfn=(2072)
calls=36 0 
0 144
0 72
cfn=(2072)
calls=36 0 
0 144
0 180

fn=(3662)
0 52
cfn=(1884)
calls=4 0 
0 228
0 148
cfn=(1836)
calls=4 0 
0 200
0 8

fn=(3668)
0 20
cob=(4)
cfi=(178)
cfn=(2098)
calls=4 0 
0 5645
0 12

fn=(3780)
0 96

fn=(3786)
0 318696

fn=(3804)
0 110
cfn=(3806)
calls=10 0 
0 300
0 180
cob=(4)
cfi=(178)
cfn=(3514)
calls=10 0 
0 180
0 180
cob=(4)
cfi=(178)
cfn=(1434)
calls=10 0 
0 2043
0 70

fn=(3824)
0 204

fn=(3832)
0 624
cob=(4)
cfi=(178)
cfn=(1434)
calls=13 0 
0 1601
0 156

fn=(3880)
0 96
cfn=(3882)
calls=8 0 
0 1519
0 64
cfn=(3890)
calls=8 0 
0 552
0 80
cob=(4)
cfi=(178)
cfn=(3892)
calls=8 0 
0 2702

fn=(3992)
0 699117

fn=(4228)
0 12
cfn=(4230)
calls=4 0 
0 1834

fn=(4258)
0 126
cfn=(1884)
calls=6 0 
0 342
0 76
cfn=(1836)
calls=6 0 
0 300
0 12
cfn=(4260) zlink::socket_base_t::monitor_delivery_ready_pump(void*)
calls=6 0 
0 21550
0 12
cfn=(1884)
calls=6 0 
0 342
0 35
cob=(4)
cfi=(178)
cfn=(2450)
calls=5 0 
0 155
0 35
cfn=(4278)
calls=5 0 
0 50
0 35
cob=(4)
cfi=(178)
cfn=(1804)
calls=5 0 
0 190
0 30
cfn=(1836)
calls=5 0 
0 250
0 110
cob=(4)
cfi=(178)
cfn=(4280)
calls=5 0 
0 2778
0 5
cob=(4)
cfi=(178)
cfn=(2450)
calls=5 0 
0 155
0 15
cob=(4)
cfi=(178)
cfn=(1838)
calls=5 0 
0 195
0 5
cob=(4)
cfi=(178)
cfn=(4580)
calls=5 0 
0 2890
0 20
cfn=(1884)
calls=5 0 
0 285
0 20
cfn=(4520)
calls=5 0 
0 75
0 38
cfn=(1836)
calls=4 0 
0 200
0 80
cfn=(3176)
calls=2 0 
0 1170
0 104
cob=(4)
cfi=(178)
cfn=(3430)
calls=2 0 
0 197
0 6
cob=(4)
cfi=(178)
cfn=(3430)
calls=2 0 
0 197
0 20
cfn=(1836)
calls=2 0 
0 100
0 10
cob=(4)
cfi=(178)
cfn=(2818)
calls=2 0 
0 116
0 4
cob=(4)
cfi=(178)
cfn=(2818)
calls=2 0 
0 116
0 6
cob=(4)
cfi=(178)
cfn=(2536)
calls=2 0 
0 1463
0 24
cob=(4)
cfi=(178)
cfn=(2412)
calls=4 0 
0 24
0 8

fn=(4316)
0 212440
cob=(4)
cfi=(178)
cfn=(2734)
calls=106220 0 
0 3134331

fn=(4390)
0 50
cfn=(4392)
calls=1 0 
0 904
0 111
cob=(4)
cfi=(178)
cfn=(1838)
calls=2 0 
0 56
0 4
cob=(4)
cfi=(178)
cfn=(1804)
calls=2 0 
0 76
0 10
cfn=(4400)
calls=2 0 
0 1287
0 20

fn=(4408) zlink::pipe_t::process_activate_read()
0 4768
cfn=(3882)
calls=596 0 
0 47680
0 4166
cfn=(3890)
calls=594 0 
0 40986
0 4752
cfn=(6152)
calls=27 0 
0 3126392
cfn=(4410)
calls=567 0 
0 101668172
0 4
cfn=(3890)
calls=2 0 
0 138
0 8

fn=(4514)
0 106218
cob=(4)
cfi=(178)
cfn=(2782)
calls=53109 0 
0 4124349

fn=(4540)
0 9

fn=(4548)
0 18
cob=(4)
cfi=(178)
cfn=(1686)
calls=1 0 
0 241
0 5
cob=(4)
cfi=(178)
cfn=(3032)
calls=1 0 
0 10
0 10
cob=(4)
cfi=(178)
cfn=(3044)
calls=1 0 
0 3145
0 6
cob=(4)
cfi=(178)
cfn=(3316)
calls=1 0 
0 9
0 8
cfn=(4558)
calls=1 0 
0 11
0 14
cfn=(3300) boost::asio::detail::reactive_socket_service<boost::asio::ip::tcp>::open(boost::asio::detail::reactive_socket_service<boost::asio::ip::tcp>::implementation_type&, boost::asio::ip::tcp const&, boost::system::error_code&) [clone .constprop.0] [clone .isra.0]
calls=1 0 
0 606
0 5
cob=(4)
cfi=(178)
cfn=(4560)
calls=1 0 
0 803
0 38
cob=(4)
cfi=(178)
cfn=(2020)
calls=1 0 
0 14
0 6
cfn=(2026)
calls=1 0 
0 291
0 21
cfn=(4386)
calls=1 0 
0 32
0 11
cfn=(4566) boost::asio::detail::reactive_socket_service_base::do_start_connect_op(boost::asio::detail::reactive_socket_service_base::base_implementation_type&, boost::asio::detail::reactor_op*, bool, void const*, unsigned long, void (*)(boost::asio::detail::scheduler_operation*, bool, void const*), void const*) [clone .constprop.0]
calls=1 0 
0 1366
0 2
cob=(4)
cfi=(178)
cfn=(4598)
calls=1 0 
0 869
0 4
cob=(4)
cfi=(178)
cfn=(4132)
calls=1 0 
0 369
0 4
cob=(4)
cfi=(178)
cfn=(4604)
calls=1 0 
0 1177
0 2
cob=(4)
cfi=(178)
cfn=(2818)
calls=1 0 
0 108
0 2
cob=(4)
cfi=(178)
cfn=(2818)
calls=1 0 
0 8
0 1

fn=(4676)
0 26

fn=(4706)
0 18
cfn=(4708)
calls=2 0 
0 16972

fn=(4720)
0 300

fn=(4740) std::_Sp_counted_ptr<boost::asio::basic_stream_socket<boost::asio::ip::tcp, boost::asio::any_io_executor>*, (__gnu_cxx::_Lock_policy)2>::_M_destroy()
0 12
cob=(4)
cfi=(178)
cfn=(2536)
calls=4 0 
0 472

fn=(4742) zlink::session_base_t::process_attach(zlink::i_engine*)
0 32
cfn=(4744) zlink::asio_engine_t::has_handshake_stage()
calls=2 0 
0 6
0 26
cfn=(4746)
calls=2 0 
0 21619

fn=(4802) boost::asio::detail::reactive_socket_service_base::do_start_op(boost::asio::detail::reactive_socket_service_base::base_implementation_type&, int, boost::asio::detail::reactor_op*, bool, bool, bool, void (*)(boost::asio::detail::scheduler_operation*, bool, void const*), void const*)
0 29994
cob=(4)
cfi=(178)
cfn=(1838)
calls=29 0 
0 812
0 1707
cob=(4)
cfi=(178)
cfn=(1804)
calls=569 0 
0 21622
0 7002
cfn=(4804)
calls=569 0 
0 72514
0 8390
cfn=(4846)
calls=540 0 
0 68580
0 2160
cob=(4)
cfi=(178)
cfn=(1838)
calls=540 0 
0 15120
0 540

fn=(4826)
0 7735
cfn=(4828) zlink::tcp_transport_t::supports_speculative_write() const
calls=595 0 
0 1785

fn=(4856)
0 29
cob=(4)
cfi=(178)
cfn=(2020)
calls=1 0 
0 14
0 7
cfn=(4616)
calls=1 0 
0 14
0 28
cob=(4)
cfi=(178)
cfn=(4858)
calls=1 0 
0 24113
0 1

fn=(4886)
0 13
cob=(4)
cfi=(178)
cfn=(3482)
calls=1 0 
0 211
0 5

fn=(4932)
0 211
cob=(4)
cfi=(178)
cfn=(4914)
calls=3 0 
0 693
0 6
cob=(4)
cfi=(178)
cfn=(5344)
calls=3 0 
0 54
0 51
cob=(4)
cfi=(178)
cfn=(4908)
calls=14 0 
0 70
0 42
cfn=(4906)
calls=14 0 
0 486
0 168
cob=(4)
cfi=(178)
cfn=(4272)
calls=14 0 
0 11714

fn=(5040)
0 11992
cob=(4)
cfi=(178)
cfn=(3742)
calls=567 0 
0 110642
0 12555
cob=(4)
cfi=(178)
cfn=(6204)
calls=565 0 
0 11317
0 565

fn=(5062)
0 48

fn=(5190)
0 67

fn=(5200)
0 2835
cob=(4)
cfi=(178)
cfn=(3986)
calls=567 0 
0 435890

fn=(5206)
0 9639
cfn=(5208) zlink::tcp_transport_t::supports_speculative_read() const
calls=567 0 
0 1701
0 5103
cob=(4)
cfi=(178)
cfn=(4784)
calls=567 0 
0 883589

fn=(5220)
0 17850

fn=(5242)
0 1274580
cob=(4)
cfi=(178)
cfn=(2752)
calls=106215 0 
0 531075
0 1168365
cob=(4)
cfi=(178)
cfn=(5244)
calls=106215 0 
0 2125872
0 531075
cfn=(5256) zlink::session_base_t::push_msg(zlink::msg_t*)
calls=106215 0 
0 47007284
0 849720

fn=(5256)
0 849720
cob=(4)
cfi=(178)
cfn=(2752)
calls=106215 0 
0 531075
0 1062150
cob=(4)
cfi=(178)
cfn=(5258)
calls=106215 0 
0 3081257
0 1062150
cob=(4)
cfi=(178)
cfn=(3954)
calls=106215 0 
0 38402847
0 424860
cob=(4)
cfi=(178)
cfn=(2488)
calls=106215 0 
0 849720
0 743505

fn=(5334)
0 56
cfn=(5336)
calls=2 0 
0 2528
0 8
cfn=(4906)
calls=2 0 
0 132
0 2

fn=(5342)
0 10
cfn=(5316)
calls=1 0 
0 295
0 2

fn=(5376)
0 12
cob=(4)
cfi=(178)
cfn=(5378)
calls=6 0 
0 2712

fn=(5520)
0 30

fn=(5624)
0 30
cob=(4)
cfi=(178)
cfn=(5626)
calls=10 0 
0 3922

fn=(5684) zlink::pipe_t::process_pipe_term()
0 160
cfn=(3882)
calls=10 0 
0 800
0 84
cob=(4)
cfi=(178)
cfn=(1456)
calls=9 0 
0 4167
0 5
cob=(4)
cfi=(178)
cfn=(1456)
calls=1 0 
0 463
0 192
cob=(4)
cfi=(178)
cfn=(5686)
calls=8 0 
0 4086
0 24
cfn=(3890)
calls=8 0 
0 552
0 4
cfn=(3890)
calls=2 0 
0 138
0 120
cfn=(4238)
calls=2 0 
0 50
0 12
cfn=(4414)
calls=2 0 
0 56
0 12
cfn=(4496)
calls=2 0 
0 64
0 16
cob=(4)
cfi=(178)
cfn=(5686)
calls=2 0 
0 1431
0 2

fn=(5714) non-virtual thunk to zlink::socket_base_t::pipe_terminated(zlink::pipe_t*)
0 30
cfn=(5716) .LTHUNK5.lto_priv.0
calls=10 0 
0 25218

fn=(5724)
0 114
cob=(4)
cfi=(178)
cfn=(5558)
calls=4 0 
0 172
0 32
cob=(4)
cfi=(178)
cfn=(2536)
calls=4 0 
0 470
0 12
cob=(4)
cfi=(178)
cfn=(2536)
calls=4 0 
0 438
0 44

fn=(5756)
0 48
cob=(4)
cfi=(178)
cfn=(5758)
calls=12 0 
0 3504
0 48
cob=(4)
cfi=(178)
cfn=(2536)
calls=12 0 
0 1451

fn=(5757)
0 192
cob=(4)
cfi=(178)
cfn=(2782)
calls=12 0 
0 492
0 24
cob=(4)
cfi=(178)
cfn=(5566)
calls=12 0 
0 168
0 81
cob=(4)
cfi=(178)
cfn=(2536)
calls=3 0 
0 389
0 54
cob=(4)
cfi=(178)
cfn=(2536)
calls=2 0 
0 266
0 48
cob=(4)
cfi=(178)
cfn=(2426)
calls=12 0 
0 988
0 60
cob=(4)
cfi=(178)
cfn=(4956)
calls=12 0 
0 48

fn=(5766)
0 30

fn=(5778)
0 50
cob=(4)
cfi=(178)
cfn=(5780)
calls=10 0 
0 1004
0 30
cob=(4)
cfi=(178)
cfn=(5786)
calls=10 0 
0 14035
0 20
cob=(4)
cfi=(178)
cfn=(5810)
calls=10 0 
0 5755
0 30
cob=(4)
cfi=(178)
cfn=(5816)
calls=10 0 
0 35860

fn=(5842)
0 143
cfn=(1884)
calls=13 0 
0 741
0 26
cfn=(1836)
calls=13 0 
0 650
0 65
cfn=(5564)
calls=13 0 
0 455
0 26
cob=(4)
cfi=(178)
cfn=(5844)
calls=13 0 
0 1716
0 91
cob=(4)
cfi=(178)
cfn=(2426)
calls=13 0 
0 2496
0 78
cob=(4)
cfi=(178)
cfn=(2426)
calls=13 0 
0 838
0 26

fn=(5850) std::_Sp_counted_ptr_inplace<std::mutex, std::allocator<void>, (__gnu_cxx::_Lock_policy)2>::_M_dispose()
0 44

fn=(5916)
0 18
cob=(4)
cfi=(178)
cfn=(5918)
calls=3 0 
0 772
0 18

fn=(5940)
0 9
cob=(4)
cfi=(178)
cfn=(5942)
calls=3 0 
0 730
0 12

fn=(5958)
0 18
cob=(4)
cfi=(178)
cfn=(5960)
calls=3 0 
0 780
0 9
cob=(4)
cfi=(178)
cfn=(2412)
calls=3 0 
0 18
0 15

fn=(6060)
0 1169399
cob=(4)
cfi=(178)
cfn=(2752)
calls=106309 0 
0 531545
0 1169114
cob=(4)
cfi=(178)
cfn=(2770)
calls=106214 0 
0 42457615
0 1487756
cob=(4)
cfi=(178)
cfn=(6078)
calls=106309 0 
0 21899992
0 319117
cob=(4)
cfi=(178)
cfn=(6062)
calls=53202 0 
0 266716
0 212808
cob=(4)
cfi=(178)
cfn=(2734)
calls=53202 0 
0 1542858
0 159606
cob=(4)
cfi=(178)
cfn=(2746)
calls=53202 0 
0 1596060
0 319212
cfn=(6068)
calls=53202 0 
0 5001750
0 212618
cob=(4)
cfi=(178)
cfn=(6062)
calls=53107 0 
0 265535
0 53202
cob=(4)
cfi=(178)
cfn=(2412)
calls=95 0 
0 570
0 285

fn=(6130) zlink::socket_base_t::async_mailbox_handler(void*)
0 2268
cob=(4)
cfi=(178)
cfn=(6132)
calls=567 0 
0 102291750
0 1701
cob=(4)
cfi=(178)
cfn=(5692)
calls=567 0 
0 17577

fn=(6160)
0 378
cob=(4)
cfi=(178)
cfn=(5216)
calls=27 0 
0 864
0 135
cob=(4)
cfi=(178)
cfn=(6162)
calls=27 0 
0 3074173
0 108
cob=(4)
cfi=(178)
cfn=(4822)
calls=27 0 
0 486
0 243
cob=(4)
cfi=(178)
cfn=(4816)
calls=27 0 
0 48697

fn=(6184)
0 189
cob=(4)
cfi=(178)
cfn=(6186)
calls=27 0 
0 1099
0 162

fn=(6208)
0 2260
cob=(4)
cfi=(178)
cfn=(6210)
calls=565 0 
0 5370
0 1695

fn=(6218)
0 2825
cob=(4)
cfi=(178)
cfn=(6220)
calls=565 0 
0 14342
0 3390
cob=(4)
cfi=(178)
cfn=(6140)
calls=565 0 
0 101644151

fn=(6264)
0 159321

fn=(6360)
0 143
cob=(4)
cfi=(178)
cfn=(2568)
calls=13 0 
0 78
0 52
cob=(4)
cfi=(178)
cfn=(4446)
calls=13 0 
0 1892
0 143
cfn=(6362)
calls=13 0 
0 12777

fn=(6620)
0 10
cfn=(1884)
calls=1 0 
0 57
0 2
cob=(4)
cfi=(178)
cfn=(6622)
calls=1 0 
0 2649
0 3
cob=(4)
cfi=(178)
cfn=(6600)
calls=1 0 
0 42
0 4
cfn=(1836)
calls=1 0 
0 50
0 2
cob=(4)
cfi=(178)
cfn=(6638)
calls=1 0 
0 1341
0 4
cfn=(1884)
calls=1 0 
0 57
0 2
cob=(4)
cfi=(178)
cfn=(6790)
calls=1 0 
0 7
0 4
cfn=(1836)
calls=1 0 
0 50
0 2
cob=(4)
cfi=(178)
cfn=(6872)
calls=1 0 
0 24603
0 3
cob=(4)
cfi=(178)
cfn=(2536)
calls=1 0 
0 95
0 7

fn=(6636)
0 15

fn=(6732) zlink::asio_tcp_listener_t::~asio_tcp_listener_t()
0 4
cob=(4)
cfi=(178)
cfn=(6734)
calls=1 0 
0 1025
0 4
cob=(4)
cfi=(178)
cfn=(2536)
calls=1 0 
0 189

fn=(6733)
0 15
cob=(4)
cfi=(178)
cfn=(2536)
calls=1 0 
0 123
0 2
cfn=(4736) boost::asio::detail::io_object_impl<boost::asio::detail::reactive_socket_service<boost::asio::ip::tcp>, boost::asio::any_io_executor>::~io_object_impl()
calls=1 0 
0 27
0 3
cob=(4)
cfi=(178)
cfn=(4950)
calls=1 0 
0 83

fn=(6760)
0 8
cob=(4)
cfi=(178)
cfn=(6762)
calls=2 0 
0 3067
0 8
cob=(4)
cfi=(178)
cfn=(2536)
calls=2 0 
0 206

fn=(6761)
0 20
cob=(4)
cfi=(178)
cfn=(2782)
calls=2 0 
0 82
0 14
cob=(4)
cfi=(178)
cfn=(6766)
calls=2 0 
0 1333
0 10
cob=(4)
cfi=(178)
cfn=(6772)
calls=2 0 
0 886

fn=(6826)
0 8

fn=(6906)
0 15
cob=(4)
cfi=(178)
cfn=(6908)
calls=1 0 
0 1382
0 6

fn=(6924)
0 4
cob=(4)
cfi=(178)
cfn=(6926)
calls=1 0 
0 8605
0 4
cob=(4)
cfi=(178)
cfn=(2536)
calls=1 0 
0 95

fn=(6925)
0 12
cob=(4)
cfi=(178)
cfn=(6930)
calls=1 0 
0 7188
0 3
cob=(4)
cfi=(178)
cfn=(5838)
calls=1 0 
0 679
0 3
cob=(4)
cfi=(178)
cfn=(4956)
calls=1 0 
0 4

fn=(6948) zlink::recv_tls_view::storage_t::~storage_t()
0 9
cob=(4)
cfi=(178)
cfn=(2536)
calls=1 0 
0 133
0 7
cob=(4)
cfi=(178)
cfn=(2536)
calls=1 0 
0 103

fn=(6970)
0 19
cob=(4)
cfi=(178)
cfn=(2474)
calls=1 0 
0 55
0 4
cob=(4)
cfi=(178)
cfn=(2474)
calls=1 0 
0 55
0 90
cob=(4)
cfi=(178)
cfn=(5566)
calls=3 0 
0 42
0 9
cob=(4)
cfi=(178)
cfn=(2536)
calls=3 0 
0 301
0 8
cob=(4)
cfi=(178)
cfn=(5566)
calls=1 0 
0 14
0 7
cob=(4)
cfi=(178)
cfn=(2474)
calls=1 0 
0 55
0 3
cob=(4)
cfi=(178)
cfn=(5566)
calls=1 0 
0 14
0 13
cob=(4)
cfi=(178)
cfn=(2536)
calls=1 0 
0 95

fn=(7004)
0 7
cob=(4)
cfi=(178)
cfn=(1804)
calls=1 0 
0 46
0 9
cfn=(1836)
calls=1 0 
0 50
0 4

fn=(7010) (anonymous namespace)::monitor_handler_registry_t::~monitor_handler_registry_t()
0 13
cfn=(5564)
calls=1 0 
0 35

fn=(7072) boost::asio::execution_context::id::~id()
0 22

fn=(7074) boost::asio::ssl::detail::openssl_init<true>::~openssl_init()
0 5
cfn=(4520)
calls=1 0 
0 15

fn=(7076) std::shared_ptr<boost::asio::ssl::detail::openssl_init_base::do_init>::~shared_ptr()
0 5
cfn=(4520)
calls=1 0 
0 214

fn=(3300)
0 60
cob=(4)
cfi=(178)
cfn=(3302)
calls=2 0 
0 833
0 28
cfn=(3306)
calls=2 0 
0 1075
0 16

fn=(3306)
0 218
cob=(4)
cfi=(178)
cfn=(3006)
calls=5 0 
0 45
0 80
cob=(4)
cfi=(178)
cfn=(1804)
calls=5 0 
0 190
0 30
cob=(4)
cfi=(178)
cfn=(1838)
calls=5 0 
0 140
0 20
cob=(4)
cfi=(178)
cfn=(1838)
calls=5 0 
0 140
0 20
cob=(4)
cfi=(178)
cfn=(1804)
calls=5 0 
0 190
0 21
cob=(4)
cfi=(178)
cfn=(1434)
calls=3 0 
0 674
0 24
cob=(4)
cfi=(178)
cfn=(1412)
calls=3 0 
0 141
0 30
cfn=(1980)
calls=3 0 
0 72
0 24

fn=(1474)
0 4
cob=(4)
cfi=(178)
cfn=(1456)
calls=1 0 
0 463
0 6
cob=(4)
cfi=(178)
cfn=(1456)
calls=1 0 
0 463
0 6
cob=(4)
cfi=(178)
cfn=(1456)
calls=1 0 
0 463
0 6
cob=(4)
cfi=(178)
cfn=(1456)
calls=1 0 
0 463
0 6
cob=(4)
cfi=(178)
cfn=(1456)
calls=1 0 
0 463
0 27

fn=(1478)
0 35

fn=(1484)
0 29
cob=(4)
cfi=(178)
cfn=(1420)
calls=1 0 
0 78

fn=(1500)
0 32

fn=(1532)
0 22

fn=(1572)
0 22

fn=(1784)
0 5
cob=(4)
cfi=(178)
cfn=(1786)
calls=1 0 
0 789

fn=(1814)
0 3
cob=(4)
cfi=(178)
cfn=(1768)
calls=1 0 
0 6
0 2
cob=(4)
cfi=(178)
cfn=(1816)
calls=1 0 
0 1644
0 3
cob=(4)
cfi=(178)
cfn=(1828)
calls=1 0 
0 7087

fn=(1888)
0 18
cob=(4)
cfi=(178)
cfn=(1872)
calls=2 0 
0 12
0 23
cob=(4)
cfi=(178)
cfn=(1890)
calls=1 0 
0 146695
0 10
cob=(4)
cfi=(178)
cfn=(1890)
calls=1 0 
0 10982

fn=(2026)
0 46433
cob=(4)
cfi=(178)
cfn=(2426)
calls=25 0 
0 2707
0 4
cob=(4)
cfi=(178)
cfn=(2426)
calls=2 0 
0 202
0 3648
cob=(4)
cfi=(178)
cfn=(2028)
calls=456 0 
0 42894
0 25029

fn=(2072)
0 500

fn=(2270)
0 900

fn=(1446)
0 35

fn=(1452)
0 46
cob=(4)
cfi=(178)
cfn=(1420)
calls=1 0 
0 78
0 1

fn=(1460)
0 20
cob=(4)
cfi=(178)
cfn=(1456)
calls=2 0 
0 926
0 22

fn=(2390)
0 12920
cob=(4)
cfi=(178)
cfn=(2020)
calls=760 0 
0 10640
0 12343
cfn=(6130)
calls=567 0 
0 102313296
cfn=(5676) zlink::socket_base_t::reaper_mailbox_handler(void*)
calls=18 0 
0 134633
cfn=(5360)
calls=11 0 
0 51016
cfn=(2392) zlink::io_thread_t::mailbox_handler(void*)
calls=164 0 
0 3372471
0 13619

fn=(2392)
0 328
cob=(4)
cfi=(178)
cfn=(2394)
calls=164 0 
0 3372143

fn=(2424)
0 1547

fn=(2512)
0 14
cob=(4)
cfi=(178)
cfn=(2514)
calls=1 0 
0 6198
0 12

fn=(2750)
0 3505488
cob=(4)
cfi=(178)
cfn=(2740)
calls=584248 0 
0 4673984
0 8713036

fn=(2854)
0 7711
cob=(4)
cfi=(178)
cfn=(2856)
calls=93 0 
0 13462
0 651
cob=(4)
cfi=(178)
cfn=(2860)
calls=93 0 
0 2315
0 105
cob=(4)
cfi=(178)
cfn=(2860)
calls=35 0 
0 584
0 384

fn=(2916)
0 250
cob=(4)
cfi=(178)
cfn=(2918)
calls=5 0 
0 1570
0 30

fn=(2946)
0 144

fn=(2956)
0 32
cob=(4)
cfi=(178)
cfn=(2958)
calls=4 0 
0 1736

fn=(2976)
0 102
cob=(4)
cfi=(178)
cfn=(1804)
calls=6 0 
0 228
0 262
cob=(4)
cfi=(178)
cfn=(2978)
calls=6 0 
0 1030
0 24
cob=(4)
cfi=(178)
cfn=(1838)
calls=6 0 
0 168
0 78
cob=(4)
cfi=(178)
cfn=(1838)
calls=2 0 
0 56
0 6
cfn=(4748)
calls=1 0 
0 618
cfn=(2984) boost::asio::execution_context::service* boost::asio::detail::service_registry::create<boost::asio::detail::reactive_socket_service<boost::asio::ip::tcp>, boost::asio::io_context>(void*)
calls=1 0 
0 7281
0 10
cob=(4)
cfi=(178)
cfn=(1804)
calls=2 0 
0 76
0 147
cob=(4)
cfi=(178)
cfn=(2978)
calls=5 0 
0 145
0 45

fn=(2977) boost::asio::detail::service_registry::do_use_service(boost::asio::execution_context::service::key const&, boost::asio::execution_context::service* (*)(void*), void*)'2
0 17
cob=(4)
cfi=(178)
cfn=(1804)
calls=1 0 
0 38
0 28
cob=(4)
cfi=(178)
cfn=(1838)
calls=1 0 
0 28
0 9

fn=(2984)
0 14
cob=(4)
cfi=(178)
cfn=(1434)
calls=1 0 
0 224
0 14
cfn=(2986)
calls=1 0 
0 5779
0 23
cfn=(3018)
calls=1 0 
0 97
0 18
cob=(4)
cfi=(178)
cfn=(1838)
calls=1 0 
0 28
0 2
cob=(4)
cfi=(178)
cfn=(3020)
calls=1 0 
0 1032
0 4
cob=(4)
cfi=(178)
cfn=(1804)
calls=1 0 
0 38
0 8

fn=(2986)
0 32
cob=(4)
cfi=(178)
cfn=(1804)
calls=2 0 
0 76
0 82
cob=(4)
cfi=(178)
cfn=(2978)
calls=2 0 
0 58
0 8
cob=(4)
cfi=(178)
cfn=(1838)
calls=2 0 
0 56
0 27
cob=(4)
cfi=(178)
cfn=(1838)
calls=1 0 
0 28
0 2
cob=(4)
cfi=(178)
cfn=(2988)
calls=1 0 
0 5465
0 5
cob=(4)
cfi=(178)
cfn=(1804)
calls=1 0 
0 38
0 37
cob=(4)
cfi=(178)
cfn=(2978)
calls=1 0 
0 29
0 12

fn=(2992)
0 14
cob=(4)
cfi=(178)
cfn=(1434)
calls=1 0 
0 221
0 18
cfn=(2977)
calls=1 0 
0 120
0 11
cob=(4)
cfi=(178)
cfn=(1412)
calls=1 0 
0 47
0 10
cfn=(1980)
calls=1 0 
0 24
0 5
cob=(4)
cfi=(178)
cfn=(1748)
calls=1 0 
0 8
0 7
cob=(4)
cfi=(178)
cfn=(2994)
calls=1 0 
0 829
0 7
cob=(4)
cfi=(178)
cfn=(3000)
calls=1 0 
0 918
0 13
cob=(4)
cfi=(178)
cfn=(1412)
calls=1 0 
0 47
0 10
cfn=(1980)
calls=1 0 
0 24
0 10
cob=(4)
cfi=(178)
cfn=(3006)
calls=1 0 
0 936
0 5
cob=(4)
cfi=(178)
cfn=(3012)
calls=1 0 
0 942
0 10
cob=(4)
cfi=(178)
cfn=(3006)
calls=1 0 
0 9
0 12

fn=(3042)
0 17
cob=(4)
cfi=(178)
cfn=(3044)
calls=1 0 
0 34137
0 6
cob=(4)
cfi=(178)
cfn=(3294)
calls=1 0 
0 782
0 14
cfn=(3300)
calls=1 0 
0 1406
0 28
cfn=(3308)
calls=1 0 
0 980
0 15
cfn=(3308)
calls=1 0 
0 39
0 7
cob=(4)
cfi=(178)
cfn=(3294)
calls=1 0 
0 12
0 9
cob=(4)
cfi=(178)
cfn=(3316)
calls=1 0 
0 1521
0 12
cob=(4)
cfi=(178)
cfn=(3328)
calls=1 0 
0 877
0 7
cob=(4)
cfi=(178)
cfn=(3332)
calls=1 0 
0 904
0 12
cob=(4)
cfi=(178)
cfn=(3338)
calls=1 0 
0 10874
0 3
cfn=(2880)
calls=1 0 
0 28
0 2
cob=(4)
cfi=(178)
cfn=(2818)
calls=1 0 
0 8
0 5
cob=(4)
cfi=(178)
cfn=(3406)
calls=1 0 
0 1526
0 4
cob=(4)
cfi=(178)
cfn=(3412)
calls=1 0 
0 1984
0 2
cob=(4)
cfi=(178)
cfn=(2818)
calls=1 0 
0 8
0 2
cob=(4)
cfi=(178)
cfn=(2818)
calls=1 0 
0 100
0 17

fn=(3064)
0 8

fn=(3088)
0 8

fn=(3094)
0 18

fn=(3106)
0 6

fn=(3162)
0 2
cob=(4)
cfi=(178)
cfn=(3164)
calls=1 0 
0 4620

fn=(3174)
0 392
cob=(4)
cfi=(178)
cfn=(1974)
calls=98 0 
0 784
0 888
cob=(4)
cfi=(178)
cfn=(1816)
calls=96 0 
0 3936
0 768

fn=(6664)
0 21

fn=(6676) void zlink::generic_mtrie_t<zlink::pipe_t>::rm<void*>(zlink::pipe_t*, void (*)(unsigned char const*, unsigned long, void*), void*, bool)
0 25
cob=(4)
cfi=(178)
cfn=(1434)
calls=1 0 
0 65
0 10
cob=(4)
cfi=(178)
cfn=(6678)
calls=1 0 
0 1097
0 17
cfn=(6692) zlink::xpub_t::send_unsubscription(unsigned char const*, unsigned long, zlink::xpub_t*)
calls=1 0 
0 22
0 6
cfn=(4906)
calls=1 0 
0 4
0 3
cob=(4)
cfi=(178)
cfn=(2536)
calls=1 0 
0 131
0 28
cob=(4)
cfi=(178)
cfn=(6684)
calls=1 0 
0 1050
0 3
cob=(4)
cfi=(178)
cfn=(2536)
calls=1 0 
0 95
0 7
cfn=(6690)
calls=1 0 
0 179
0 7
cob=(4)
cfi=(178)
cfn=(3980)
calls=1 0 
0 307
0 5
cob=(4)
cfi=(178)
cfn=(2426)
calls=1 0 
0 95
0 11

fn=(6692)
0 22

fn=(3378)
0 12
cob=(4)
cfi=(178)
cfn=(3288)
calls=4 0 
0 20
0 24

fn=(3450)
0 6

fn=(3474)
0 76
cob=(4)
cfi=(178)
cfn=(3482)
calls=4 0 
0 4858
0 40
cob=(4)
cfi=(178)
cfn=(3476)
calls=4 0 
0 746
0 4

fn=(3576)
0 152
cfn=(1884)
calls=8 0 
0 456
0 88
cob=(4)
cfi=(178)
cfn=(2846)
calls=4 0 
0 3187
0 16
cob=(4)
cfi=(178)
cfn=(2818)
calls=4 0 
0 400
0 8
cob=(4)
cfi=(178)
cfn=(2818)
calls=4 0 
0 32
0 16
cfn=(1836)
calls=8 0 
0 400
0 108
cob=(4)
cfi=(178)
cfn=(2882)
calls=4 0 
0 84
0 20
cfn=(2888)
calls=4 0 
0 252
0 36
cob=(4)
cfi=(178)
cfn=(5396)
calls=4 0 
0 27373
0 36
cob=(4)
cfi=(178)
cfn=(3578)
calls=4 0 
0 1026
0 8
cob=(4)
cfi=(178)
cfn=(3584)
calls=4 0 
0 746
0 12
cob=(4)
cfi=(178)
cfn=(1890)
calls=4 0 
0 18955
0 36
cob=(4)
cfi=(178)
cfn=(2636)
calls=4 0 
0 1858
0 32
cob=(4)
cfi=(178)
cfn=(2636)
calls=4 0 
0 880
0 20
cob=(4)
cfi=(178)
cfn=(3604)
calls=4 0 
0 29587
0 24
cob=(4)
cfi=(178)
cfn=(3658)
calls=4 0 
0 1538
0 20
cob=(4)
cfi=(178)
cfn=(3664)
calls=4 0 
0 6607
0 12

fn=(3588)
0 27

fn=(3612)
0 24
cfn=(2948)
calls=4 0 
0 1992

fn=(3630)
0 64
cfn=(1884)
calls=4 0 
0 228
0 20
cfn=(2852)
calls=4 0 
0 696
0 20
cob=(4)
cfi=(178)
cfn=(3400)
calls=4 0 
0 76
0 28
cfn=(2948)
calls=4 0 
0 1992
0 74
cob=(4)
cfi=(178)
cfn=(2890)
calls=3 0 
0 48
0 27
cfn=(3898)
calls=1 0 
0 35
0 16
cfn=(3634)
calls=4 0 
0 236
0 28
cob=(4)
cfi=(178)
cfn=(2536)
calls=4 0 
0 380
0 36
cfn=(1836)
calls=4 0 
0 200
0 65
cob=(4)
cfi=(178)
cfn=(1434)
calls=4 0 
0 1185
0 32
cfn=(2854)
calls=4 0 
0 1137
0 20
cfn=(3632)
calls=4 0 
0 1376
0 20
cob=(4)
cfi=(178)
cfn=(3514)
calls=4 0 
0 97
0 37
cfn=(3898)
calls=3 0 
0 105
0 15

fn=(3646)
0 12
cob=(4)
cfi=(178)
cfn=(3648)
calls=4 0 
0 4520

fn=(3698)
0 36
cob=(4)
cfi=(178)
cfn=(3700)
calls=4 0 
0 6699
0 28

fn=(3834) zlink::pair_t::xattach_pipe(zlink::pipe_t*, bool, bool)
0 120
cob=(4)
cfi=(178)
cfn=(3836)
calls=8 0 
0 938
0 64

fn=(3964)
0 1700216
cfn=(3882)
calls=212527 0 
0 12541004
0 425054
cob=(4)
cfi=(178)
cfn=(3966)
calls=212527 0 
0 2763637
0 637581
cfn=(3890)
calls=212527 0 
0 11265387
0 1062635

fn=(3978)
0 8721252
cob=(4)
cfi=(178)
cfn=(1720)
calls=338 0 
0 2012070
0 4056

fn=(4170)
0 18
cob=(4)
cfi=(178)
cfn=(4172)
calls=2 0 
0 800
0 24
cob=(4)
cfi=(178)
cfn=(3836)
calls=2 0 
0 14
0 16

fn=(4192)
0 6
cob=(4)
cfi=(178)
cfn=(2412)
calls=2 0 
0 12
0 8

fn=(4216)
0 108
cob=(4)
cfi=(178)
cfn=(4218)
calls=4 0 
0 5462
0 134

fn=(4222)
0 56
cob=(4)
cfi=(178)
cfn=(2840)
calls=4 0 
0 1868
0 60
cob=(4)
cfi=(178)
cfn=(4224)
calls=4 0 
0 2604
0 12

fn=(4260)
0 24
cob=(4)
cfi=(178)
cfn=(2840)
calls=6 0 
0 21526

fn=(4304)
0 318650
cob=(4)
cfi=(178)
cfn=(2746)
calls=159325 0 
0 5046540

fn=(4322)
0 38
cob=(4)
cfi=(178)
cfn=(4324)
calls=2 0 
0 1084
0 14
cob=(4)
cfi=(178)
cfn=(4330)
calls=2 0 
0 9872
0 6
cob=(4)
cfi=(178)
cfn=(4372)
calls=2 0 
0 848
0 20

fn=(4342) zlink::socket_base_t::process_bind(zlink::pipe_t*)
0 20
cob=(4)
cfi=(178)
cfn=(3814)
calls=5 0 
0 20751

fn=(4356)
0 1274592

fn=(4388) std::type_info const& boost::asio::execution::detail::any_executor_base::target_type_ex<boost::asio::io_context::basic_executor_type<std::allocator<void>, 0ul> >()
0 3426

fn=(4392)
0 72
cob=(4)
cfi=(178)
cfn=(4394)
calls=4 0 
0 949
0 60

fn=(4412)
0 24
cob=(4)
cfi=(178)
cfn=(3836)
calls=2 0 
0 14
0 24

fn=(4434)
0 16
cob=(4)
cfi=(178)
cfn=(2426)
calls=2 0 
0 174
0 16
cob=(4)
cfi=(178)
cfn=(2536)
calls=2 0 
0 190

fn=(4438)
0 16
cob=(4)
cfi=(178)
cfn=(4440)
calls=2 0 
0 1991
0 18
cob=(4)
cfi=(178)
cfn=(4452)
calls=2 0 
0 9988

fn=(4496)
0 6825968
cob=(4)
cfi=(178)
cfn=(2426)
calls=828 0 
0 1172036
0 2484

fn=(4534)
0 17
cob=(4)
cfi=(178)
cfn=(2936)
calls=1 0 
0 539
0 3
cob=(4)
cfi=(178)
cfn=(2952)
calls=1 0 
0 40
0 7
cob=(4)
cfi=(178)
cfn=(2970)
calls=1 0 
0 8
0 10
cfn=(2976)
calls=1 0 
0 120
0 28
cob=(4)
cfi=(178)
cfn=(4536)
calls=1 0 
0 803
0 10
cfn=(2888)
calls=1 0 
0 63
0 6
cob=(4)
cfi=(178)
cfn=(4038)
calls=1 0 
0 2743
0 10

fn=(4564)
0 3

fn=(4596) boost::asio::detail::epoll_reactor::start_op(int, int, boost::asio::detail::epoll_reactor::descriptor_state*&, boost::asio::detail::reactor_op*, bool, bool, void (*)(boost::asio::detail::scheduler_operation*, bool, void const*), void const*) [clone .constprop.0]
0 60
cob=(4)
cfi=(178)
cfn=(1838)
calls=1 0 
0 28
0 4
cob=(4)
cfi=(178)
cfn=(1804)
calls=1 0 
0 38
0 23
cob=(4)
cfi=(178)
cfn=(3006)
calls=1 0 
0 9
0 2

fn=(4640)
0 3

fn=(4646)
0 362
cob=(4)
cfi=(178)
cfn=(1838)
calls=5 0 
0 140
0 15
cob=(4)
cfi=(178)
cfn=(1804)
calls=5 0 
0 190
0 25

fn=(4708)
0 188
cob=(4)
cfi=(178)
cfn=(1434)
calls=4 0 
0 728
0 52
cob=(4)
cfi=(178)
cfn=(1928)
calls=4 0 
0 16450
0 4

fn=(4734) std::_Sp_counted_ptr<boost::asio::basic_stream_socket<boost::asio::ip::tcp, boost::asio::any_io_executor>*, (__gnu_cxx::_Lock_policy)2>::_M_dispose()
0 28
cfn=(4736)
calls=4 0 
0 108
0 16
cob=(4)
cfi=(178)
cfn=(2536)
calls=4 0 
0 412

fn=(4766)
0 50
cob=(4)
cfi=(178)
cfn=(2450)
calls=2 0 
0 62
0 32
cfn=(1980)
calls=2 0 
0 48
0 44
cob=(4)
cfi=(178)
cfn=(2020)
calls=2 0 
0 28
0 12
cfn=(2026)
calls=2 0 
0 76
0 42
cfn=(4386)
calls=2 0 
0 64
0 16
cfn=(4768)
calls=2 0 
0 1850
0 36

fn=(4796) std::function<void (boost::system::error_code const&, unsigned long)>::function(std::function<void (boost::system::error_code const&, unsigned long)> const&)
0 25575
cfn=(4832)
calls=1136 0 
0 115737
cfn=(4798) std::_Function_handler<void (boost::system::error_code const&, unsigned long), zlink::asio_engine_t::start_async_read()::{lambda(boost::system::error_code const&, unsigned long)#2}>::_M_manager(std::_Any_data&, std::_Any_data const&, std::_Manager_operation)
calls=569 0 
0 57805
0 10230

fn=(4830)
0 15904
cfn=(4278)
calls=568 0 
0 5680
0 3976
cfn=(4796)
calls=568 0 
0 69632
0 3408
cfn=(4278)
calls=568 0 
0 5680
0 9656
cfn=(4520)
calls=568 0 
0 8520
0 2840
cfn=(4796)
calls=568 0 
0 69961
0 2840
cfn=(4278)
calls=568 0 
0 5680
0 6816
cfn=(4800)
calls=568 0 
0 13064
0 6248
cfn=(4835) boost::asio::detail::write_op<boost::asio::basic_stream_socket<boost::asio::ip::tcp, boost::asio::any_io_executor>, boost::asio::const_buffer, boost::asio::const_buffer const*, boost::asio::detail::transfer_all_t, zlink::tcp_transport_t::async_write_some(unsigned char const*, unsigned long, std::function<void (boost::system::error_code const&, unsigned long)>)::{lambda(boost::system::error_code const&, unsigned long)#2}>::operator()(boost::system::error_code, unsigned long, int)'2
calls=539 0 
0 326638
cfn=(4834)
calls=29 0 
0 23643
0 1704
cfn=(4812)
calls=568 0 
0 15336
0 1136
cfn=(4812)
calls=568 0 
0 15336
0 1136
cfn=(4812)
calls=568 0 
0 98264
0 568

fn=(4846)
0 7756
cfn=(2034)
calls=1108 0 
0 132960

fn=(4942) zlink::asio_tcp_connecter_t::~asio_tcp_connecter_t()
0 4
cob=(4)
cfi=(178)
cfn=(4944)
calls=1 0 
0 2369
0 4
cob=(4)
cfi=(178)
cfn=(2536)
calls=1 0 
0 192

fn=(4972)
0 7393
cob=(4)
cfi=(178)
cfn=(4974)
calls=567 0 
0 106199084

fn=(4998)
0 82
cob=(4)
cfi=(178)
cfn=(3788)
calls=2 0 
0 3758
0 18
cob=(4)
cfi=(178)
cfn=(5000)
calls=2 0 
0 2916
0 36
cob=(4)
cfi=(178)
cfn=(1686)
calls=2 0 
0 584
0 14
cob=(4)
cfi=(178)
cfn=(5024)
calls=2 0 
0 3184
0 8
cob=(4)
cfi=(178)
cfn=(5042)
calls=2 0 
0 24694
0 6
cob=(4)
cfi=(178)
cfn=(5170)
calls=2 0 
0 1301
0 6
cob=(4)
cfi=(178)
cfn=(5176)
calls=2 0 
0 5251
0 12
cob=(4)
cfi=(178)
cfn=(1686)
calls=2 0 
0 623
0 12
cob=(4)
cfi=(178)
cfn=(5018)
calls=2 0 
0 1327
0 10
cob=(4)
cfi=(178)
cfn=(4816)
calls=2 0 
0 288
0 8
cob=(4)
cfi=(178)
cfn=(5182)
calls=2 0 
0 1549
0 4

fn=(5004)
0 98
cob=(4)
cfi=(178)
cfn=(2860)
calls=2 0 
0 26
0 24
cob=(4)
cfi=(178)
cfn=(5006)
calls=2 0 
0 1902
0 40

fn=(5094)
0 16
cob=(4)
cfi=(178)
cfn=(2734)
calls=2 0 
0 58
0 8
cob=(4)
cfi=(178)
cfn=(2746)
calls=2 0 
0 60
0 24
cob=(4)
cfi=(178)
cfn=(5096)
calls=2 0 
0 17092

fn=(5106)
0 68
cfn=(2852)
calls=2 0 
0 174
0 18
cob=(4)
cfi=(178)
cfn=(2818)
calls=2 0 
0 16
0 4
cob=(4)
cfi=(178)
cfn=(5114)
calls=2 0 
0 2381
0 10
cob=(4)
cfi=(178)
cfn=(5120)
calls=2 0 
0 5306
0 40
cob=(4)
cfi=(178)
cfn=(4106)
calls=2 0 
0 158
0 10
cfn=(2852)
calls=2 0 
0 178
0 42
cob=(4)
cfi=(178)
cfn=(2890)
calls=2 0 
0 48
0 32
cob=(4)
cfi=(178)
cfn=(2818)
calls=2 0 
0 16
0 4
cob=(4)
cfi=(178)
cfn=(2818)
calls=2 0 
0 16
0 12
cob=(4)
cfi=(178)
cfn=(2818)
calls=2 0 
0 16
0 10
cob=(4)
cfi=(178)
cfn=(4110)
calls=2 0 
0 28
0 22
cob=(4)
cfi=(178)
cfn=(4114)
calls=2 0 
0 150
0 8
cob=(4)
cfi=(178)
cfn=(1434)
calls=2 0 
0 289
0 12
cob=(4)
cfi=(178)
cfn=(3400)
calls=2 0 
0 56
0 6
cob=(4)
cfi=(178)
cfn=(3400)
calls=2 0 
0 64
0 8
cfn=(5110)
calls=2 0 
0 156
0 22
cob=(4)
cfi=(178)
cfn=(3514)
calls=2 0 
0 50
0 18
cfn=(5108) std::_Rb_tree_iterator<std::pair<std::__cxx11::basic_string<char, std::char_traits<char>, std::allocator<char> > const, std::__cxx11::basic_string<char, std::char_traits<char>, std::allocator<char> > > > std::_Rb_tree<std::__cxx11::basic_string<char, std::char_traits<char>, std::allocator<char> >, std::pair<std::__cxx11::basic_string<char, std::char_traits<char>, std::allocator<char> > const, std::__cxx11::basic_string<char, std::char_traits<char>, std::allocator<char> > >, std::_Select1st<std::pair<std::__cxx11::basic_string<char, std::char_traits<char>, std::allocator<char> > const, std::__cxx11::basic_string<char, std::char_traits<char>, std::allocator<char> > > >, std::less<std::__cxx11::basic_string<char, std::char_traits<char>, std::allocator<char> > >, std::allocator<std::pair<std::__cxx11::basic_string<char, std::char_traits<char>, std::allocator<char> > const, std::__cxx11::basic_string<char, std::char_traits<char>, std::allocator<char> > > > >::_M_emplace_hint_unique<std::__cxx11::basic_string<char, std::char_traits<char>, std::allocator<char> >, std::__cxx11::basic_string<char, std::char_traits<char>, std::allocator<char> > const&>(std::_Rb_tree_const_iterator<std::pair<std::__cxx11::basic_string<char, std::char_traits<char>, std::allocator<char> > const, std::__cxx11::basic_string<char, std::char_traits<char>, std::allocator<char> > > >, std::__cxx11::basic_string<char, std::char_traits<char>, std::allocator<char> >&&, std::__cxx11::basic_string<char, std::char_traits<char>, std::allocator<char> > const&)
calls=2 0 
0 875
0 12
cfn=(3898)
calls=2 0 
0 86
0 6

fn=(5108)
0 28
cob=(4)
cfi=(178)
cfn=(1434)
calls=2 0 
0 465
0 40
cfn=(2854)
calls=2 0 
0 104
0 8
cfn=(5110)
calls=2 0 
0 108
0 26
cob=(4)
cfi=(178)
cfn=(3514)
calls=2 0 
0 36
0 60

fn=(5166) std::_Rb_tree_node<std::pair<std::__cxx11::basic_string<char, std::char_traits<char>, std::allocator<char> > const, std::__cxx11::basic_string<char, std::char_traits<char>, std::allocator<char> > > >* std::_Rb_tree<std::__cxx11::basic_string<char, std::char_traits<char>, std::allocator<char> >, std::pair<std::__cxx11::basic_string<char, std::char_traits<char>, std::allocator<char> > const, std::__cxx11::basic_string<char, std::char_traits<char>, std::allocator<char> > >, std::_Select1st<std::pair<std::__cxx11::basic_string<char, std::char_traits<char>, std::allocator<char> > const, std::__cxx11::basic_string<char, std::char_traits<char>, std::allocator<char> > > >, std::less<std::__cxx11::basic_string<char, std::char_traits<char>, std::allocator<char> > >, std::allocator<std::pair<std::__cxx11::basic_string<char, std::char_traits<char>, std::allocator<char> > const, std::__cxx11::basic_string<char, std::char_traits<char>, std::allocator<char> > > > >::_M_copy<false, std::_Rb_tree<std::__cxx11::basic_string<char, std::char_traits<char>, std::allocator<char> >, std::pair<std::__cxx11::basic_string<char, std::char_traits<char>, std::allocator<char> > const, std::__cxx11::basic_string<char, std::char_traits<char>, std::allocator<char> > >, std::_Select1st<std::pair<std::__cxx11::basic_string<char, std::char_traits<char>, std::allocator<char> > const, std::__cxx11::basic_string<char, std::char_traits<char>, std::allocator<char> > > >, std::less<std::__cxx11::basic_string<char, std::char_traits<char>, std::allocator<char> > >, std::allocator<std::pair<std::__cxx11::basic_string<char, std::char_traits<char>, std::allocator<char> > const, std::__cxx11::basic_string<char, std::char_traits<char>, std::allocator<char> > > > >::_Alloc_node>(std::_Rb_tree_node<std::pair<std::__cxx11::basic_string<char, std::char_traits<char>, std::allocator<char> > const, std::__cxx11::basic_string<char, std::char_traits<char>, std::allocator<char> > > >*, std::_Rb_tree_node_base*, std::_Rb_tree<std::__cxx11::basic_string<char, std::char_traits<char>, std::allocator<char> >, std::pair<std::__cxx11::basic_string<char, std::char_traits<char>, std::allocator<char> > const, std::__cxx11::basic_string<char, std::char_traits<char>, std::allocator<char> > >, std::_Select1st<std::pair<std::__cxx11::basic_string<char, std::char_traits<char>, std::allocator<char> > const, std::__cxx11::basic_string<char, std::char_traits<char>, std::allocator<char> > > >, std::less<std::__cxx11::basic_string<char, std::char_traits<char>, std::allocator<char> > >, std::allocator<std::pair<std::__cxx11::basic_string<char, std::char_traits<char>, std::allocator<char> > const, std::__cxx11::basic_string<char, std::char_traits<char>, std::allocator<char> > > > >::_Alloc_node&) [clone .isra.0]
0 26
cob=(4)
cfi=(178)
cfn=(1434)
calls=2 0 
0 815
0 18
cfn=(2854)
calls=2 0 
0 104
0 14
cfn=(2854)
calls=2 0 
0 104
0 22
cfn=(5167) std::_Rb_tree_node<std::pair<std::__cxx11::basic_string<char, std::char_traits<char>, std::allocator<char> > const, std::__cxx11::basic_string<char, std::char_traits<char>, std::allocator<char> > > >* std::_Rb_tree<std::__cxx11::basic_string<char, std::char_traits<char>, std::allocator<char> >, std::pair<std::__cxx11::basic_string<char, std::char_traits<char>, std::allocator<char> > const, std::__cxx11::basic_string<char, std::char_traits<char>, std::allocator<char> > >, std::_Select1st<std::pair<std::__cxx11::basic_string<char, std::char_traits<char>, std::allocator<char> > const, std::__cxx11::basic_string<char, std::char_traits<char>, std::allocator<char> > > >, std::less<std::__cxx11::basic_string<char, std::char_traits<char>, std::allocator<char> > >, std::allocator<std::pair<std::__cxx11::basic_string<char, std::char_traits<char>, std::allocator<char> > const, std::__cxx11::basic_string<char, std::char_traits<char>, std::allocator<char> > > > >::_M_copy<false, std::_Rb_tree<std::__cxx11::basic_string<char, std::char_traits<char>, std::allocator<char> >, std::pair<std::__cxx11::basic_string<char, std::char_traits<char>, std::allocator<char> > const, std::__cxx11::basic_string<char, std::char_traits<char>, std::allocator<char> > >, std::_Select1st<std::pair<std::__cxx11::basic_string<char, std::char_traits<char>, std::allocator<char> > const, std::__cxx11::basic_string<char, std::char_traits<char>, std::allocator<char> > > >, std::less<std::__cxx11::basic_string<char, std::char_traits<char>, std::allocator<char> > >, std::allocator<std::pair<std::__cxx11::basic_string<char, std::char_traits<char>, std::allocator<char> > const, std::__cxx11::basic_string<char, std::char_traits<char>, std::allocator<char> > > > >::_Alloc_node>(std::_Rb_tree_node<std::pair<std::__cxx11::basic_string<char, std::char_traits<char>, std::allocator<char> > const, std::__cxx11::basic_string<char, std::char_traits<char>, std::allocator<char> > > >*, std::_Rb_tree_node_base*, std::_Rb_tree<std::__cxx11::basic_string<char, std::char_traits<char>, std::allocator<char> >, std::pair<std::__cxx11::basic_string<char, std::char_traits<char>, std::allocator<char> > const, std::__cxx11::basic_string<char, std::char_traits<char>, std::allocator<char> > >, std::_Select1st<std::pair<std::__cxx11::basic_string<char, std::char_traits<char>, std::allocator<char> > const, std::__cxx11::basic_string<char, std::char_traits<char>, std::allocator<char> > > >, std::less<std::__cxx11::basic_string<char, std::char_traits<char>, std::allocator<char> > >, std::allocator<std::pair<std::__cxx11::basic_string<char, std::char_traits<char>, std::allocator<char> > const, std::__cxx11::basic_string<char, std::char_traits<char>, std::allocator<char> > > > >::_Alloc_node&) [clone .isra.0]'2
calls=2 0 
0 777
0 26

fn=(5167)
0 26
cob=(4)
cfi=(178)
cfn=(1434)
calls=2 0 
0 457
0 18
cfn=(2854)
calls=2 0 
0 108
0 14
cfn=(2854)
calls=2 0 
0 114
0 40

fn=(5232)
0 2336730
cfn=(5234) zlink::zmp_encoder_t::header_ready()
calls=106215 0 
0 7700591

fn=(5236)
0 743505
cob=(4)
cfi=(178)
cfn=(2734)
calls=106215 0 
0 3239556
0 318645
cob=(4)
cfi=(178)
cfn=(2746)
calls=106215 0 
0 3398878
0 1062150

fn=(5356)
0 32
cfn=(4518)
calls=2 0 
0 66
0 18

fn=(5400)
0 324
cob=(4)
cfi=(178)
cfn=(5402)
calls=4 0 
0 1034
0 32
cob=(4)
cfi=(178)
cfn=(5408)
calls=4 0 
0 5048
0 8
cob=(4)
cfi=(178)
cfn=(5385)
calls=4 0 
0 20277
0 72
cob=(4)
cfi=(178)
cfn=(3578)
calls=4 0 
0 20
0 176

fn=(5596)
0 30

fn=(5618)
0 30
cob=(4)
cfi=(178)
cfn=(5620)
calls=10 0 
0 4894

fn=(5630)
0 120
cfn=(1884)
calls=10 0 
0 570
0 92
cob=(4)
cfi=(178)
cfn=(5470)
calls=10 0 
0 161
0 42
cob=(4)
cfi=(178)
cfn=(5558)
calls=4 0 
0 165
0 12
cfn=(3634)
calls=4 0 
0 236
0 28
cob=(4)
cfi=(178)
cfn=(2536)
calls=4 0 
0 466
0 12
cob=(4)
cfi=(178)
cfn=(2536)
calls=4 0 
0 380
0 32
cfn=(1836)
calls=10 0 
0 500
0 80

fn=(5636)
0 72
cfn=(3882)
calls=8 0 
0 661
0 16
cob=(4)
cfi=(178)
cfn=(2734)
calls=8 0 
0 232
0 32
cfn=(3890)
calls=8 0 
0 552
0 32

fn=(5718) zlink::pair_t::xpipe_terminated(zlink::pipe_t*)
0 40

fn=(5730)
0 160

fn=(5750) zlink::ypipe_t<zlink::msg_t, 256>::~ypipe_t()
0 120
cob=(4)
cfi=(178)
cfn=(2426)
calls=12 0 
0 5647
0 36
cob=(4)
cfi=(178)
cfn=(2426)
calls=12 0 
0 509
0 48
cob=(4)
cfi=(178)
cfn=(2536)
calls=12 0 
0 1302
0 24

fn=(5796)
0 110
cob=(4)
cfi=(178)
cfn=(1804)
calls=10 0 
0 487
0 60
cob=(4)
cfi=(178)
cfn=(5798)
calls=10 0 
0 2508
0 30
cob=(4)
cfi=(178)
cfn=(5804)
calls=10 0 
0 5774
0 24
cob=(4)
cfi=(178)
cfn=(6790)
calls=2 0 
0 828
0 24
cfn=(1836)
calls=10 0 
0 511
0 62
cob=(4)
cfi=(178)
cfn=(6828)
calls=1 0 
0 1794
0 1

fn=(5852) std::_Sp_counted_ptr_inplace<std::mutex, std::allocator<void>, (__gnu_cxx::_Lock_policy)2>::_M_destroy()
0 66
cob=(4)
cfi=(178)
cfn=(2536)
calls=22 0 
0 2444

fn=(5986)
0 2
cob=(4)
cfi=(178)
cfn=(5988)
calls=1 0 
0 6937

fn=(6008)
0 13
cob=(4)
cfi=(178)
cfn=(2894)
calls=1 0 
0 83
0 6
cob=(4)
cfi=(178)
cfn=(1804)
calls=1 0 
0 38
0 7
cob=(4)
cfi=(178)
cfn=(1838)
calls=1 0 
0 28
0 13
cob=(4)
cfi=(178)
cfn=(6010)
calls=1 0 
0 2981
0 3

fn=(6020)
0 18
cob=(4)
cfi=(178)
cfn=(2970)
calls=1 0 
0 8
0 6
cob=(4)
cfi=(178)
cfn=(2008)
calls=1 0 
0 8
0 2
cob=(4)
cfi=(178)
cfn=(2014)
calls=1 0 
0 636
0 7

fn=(6022) zlink::socket_base_t::async_mailbox_pre_post(void*)
0 1134
cob=(4)
cfi=(178)
cfn=(5600)
calls=567 0 
0 5670

fn=(6138)
0 2830
cob=(4)
cfi=(178)
cfn=(6140)
calls=566 0 
0 113256

fn=(6214)
0 3414

fn=(6266)
0 1115247
cob=(4)
cfi=(178)
cfn=(6268)
calls=53107 0 
0 266381
0 424856
cob=(4)
cfi=(178)
cfn=(6274)
calls=53107 0 
0 1701468
0 212428
cob=(4)
cfi=(178)
cfn=(6332)
calls=53107 0 
0 2179095
0 690391
cob=(4)
cfi=(178)
cfn=(6286)
calls=53107 0 
0 266437
0 371749
cob=(11) /home/hep7/project/kairos/zlink/core/build/bin/comp_zlink_pubsub
cfi=(221) ???
cfn=(6292) (anonymous namespace)::pubsub_recv_handler(zlink_routing_id_t const*, char const*, unsigned long, zlink_msg_t*, unsigned long, void*)
calls=53107 0 
0 20053281
0 53107

fn=(6278)
0 371749
cob=(4)
cfi=(178)
cfn=(6280)
calls=53107 0 
0 1063070
0 159321

fn=(6320)
0 36
cob=(4)
cfi=(178)
cfn=(2536)
calls=2 0 
0 384
0 5

fn=(6368)
0 195
cob=(4)
cfi=(178)
cfn=(2840)
calls=13 0 
0 4363
0 104
cfn=(1884)
calls=13 0 
0 741
0 39
cfn=(6416)
calls=1 0 
0 3
cfn=(6370)
calls=12 0 
0 36
0 78
cob=(4)
cfi=(178)
cfn=(2688)
calls=13 0 
0 91
0 91
cob=(4)
cfi=(178)
cfn=(3864)
calls=13 0 
0 78
0 39
cob=(4)
cfi=(178)
cfn=(6372)
calls=13 0 
0 3055
0 39
cob=(4)
cfi=(178)
cfn=(6378)
calls=13 0 
0 1872
0 78
cfn=(1836)
calls=13 0 
0 650
0 143

fn=(6388)
0 39

fn=(6574)
0 8
cob=(4)
cfi=(178)
cfn=(2014)
calls=1 0 
0 353

fn=(6592)
0 6
cob=(4)
cfi=(178)
cfn=(1872)
calls=1 0 
0 6
0 5
cob=(4)
cfi=(178)
cfn=(6594)
calls=1 0 
0 4346

fn=(6632)
0 11
cfn=(1884)
calls=1 0 
0 57
0 7
cfn=(6634) std::vector<std::__cxx11::basic_string<char, std::char_traits<char>, std::allocator<char> >, std::allocator<std::__cxx11::basic_string<char, std::char_traits<char>, std::allocator<char> > > >::reserve(unsigned long)
calls=1 0 
0 23
0 7
cfn=(1836)
calls=1 0 
0 50
0 6

fn=(6742)
0 8
cob=(4)
cfi=(178)
cfn=(6744)
calls=2 0 
0 12074
0 8
cob=(4)
cfi=(178)
cfn=(2536)
calls=2 0 
0 384

fn=(6743)
0 48
cob=(4)
cfi=(178)
cfn=(2536)
calls=2 0 
0 206
0 10
cob=(4)
cfi=(178)
cfn=(6748)
calls=2 0 
0 11048

fn=(6794)
0 20

fn=(6850)
0 22
cob=(4)
cfi=(178)
cfn=(2782)
calls=1 0 
0 41
0 10
cob=(4)
cfi=(178)
cfn=(5854)
calls=1 0 
0 26
0 13
cob=(4)
cfi=(178)
cfn=(2536)
calls=1 0 
0 95
0 6
cob=(4)
cfi=(178)
cfn=(2536)
calls=1 0 
0 125
0 13
cob=(4)
cfi=(178)
cfn=(2536)
calls=1 0 
0 95
0 6
cob=(4)
cfi=(178)
cfn=(2536)
calls=1 0 
0 125
0 29
cob=(4)
cfi=(178)
cfn=(2536)
calls=1 0 
0 95
0 6
cob=(4)
cfi=(178)
cfn=(2536)
calls=1 0 
0 125
0 13
cob=(4)
cfi=(178)
cfn=(2536)
calls=1 0 
0 95
0 6
cob=(4)
cfi=(178)
cfn=(2536)
calls=1 0 
0 125
0 2
cob=(4)
cfi=(178)
cfn=(6814)
calls=1 0 
0 151
0 2
cfn=(6852)
calls=1 0 
0 21
0 2
cfn=(6852)
calls=1 0 
0 21
0 9
cob=(4)
cfi=(178)
cfn=(5832)
calls=1 0 
0 2564
0 2

fn=(6866)
0 44
cob=(4)
cfi=(178)
cfn=(1838)
calls=2 0 
0 56
0 4
cob=(4)
cfi=(178)
cfn=(1804)
calls=2 0 
0 76
0 14
cob=(4)
cfi=(178)
cfn=(6868)
calls=2 0 
0 1033
0 4

fn=(6918)
0 16
cob=(4)
cfi=(178)
cfn=(6920)
calls=1 0 
0 9424
0 10
cob=(4)
cfi=(178)
cfn=(6984)
calls=1 0 
0 822

fn=(6972)
0 44
cob=(4)
cfi=(178)
cfn=(6974)
calls=2 0 
0 1165
0 4
cob=(4)
cfi=(178)
cfn=(5566)
calls=2 0 
0 28
0 22
cob=(4)
cfi=(178)
cfn=(2536)
calls=2 0 
0 190

fn=(1548)
0 22

fn=(1550)
0 22

fn=(1558)
0 22

fn=(1560)
0 22

fn=(1746)
0 143
cob=(4)
cfi=(178)
cfn=(1748)
calls=13 0 
0 915
0 156

fn=(1836)
0 20365
cob=(4)
cfi=(178)
cfn=(1838)
calls=4073 0 
0 159791
0 24438

fn=(1918)
0 13
cob=(4)
cfi=(178)
cfn=(1920)
calls=1 0 
0 797
0 15
cfn=(1936)
calls=1 0 
0 237
0 40985
cfn=(1926)
calls=1 0 
0 270
0 9
cob=(4)
cfi=(178)
cfn=(1928)
calls=1 0 
0 33650
0 24

fn=(1948)
0 10
cob=(4)
cfi=(178)
cfn=(1950)
calls=1 0 
0 753
0 7
cob=(4)
cfi=(178)
cfn=(1714)
calls=1 0 
0 936
0 5
cob=(4)
cfi=(178)
cfn=(1850)
calls=1 0 
0 11
0 5
cob=(4)
cfi=(178)
cfn=(1686)
calls=1 0 
0 284
0 6
cob=(4)
cfi=(178)
cfn=(1956)
calls=1 0 
0 8229
0 7
cob=(4)
cfi=(178)
cfn=(2008)
calls=1 0 
0 996
0 2
cob=(4)
cfi=(178)
cfn=(2014)
calls=1 0 
0 3114
0 1
cob=(4)
cfi=(178)
cfn=(1768)
calls=1 0 
0 6
0 7

fn=(1978)
0 641682

fn=(2018)
0 21034
cfn=(6022)
calls=567 0 
0 6804
cfn=(5598)
calls=18 0 
0 1944
0 6080
cob=(4)
cfi=(178)
cfn=(2020)
calls=760 0 
0 11648
0 4449
cfn=(2026)
calls=723 0 
0 28530
0 74
cfn=(2026)
calls=37 0 
0 8026
0 12160
cfn=(2034)
calls=760 0 
0 93032
0 760

fn=(2046)
0 10

fn=(2162)
0 9
cob=(4)
cfi=(178)
cfn=(1686)
calls=1 0 
0 229
0 6
cob=(4)
cfi=(178)
cfn=(2164)
calls=1 0 
0 1254
0 6
cob=(4)
cfi=(178)
cfn=(2170)
calls=1 0 
0 3459

fn=(2252)
0 18
cob=(4)
cfi=(178)
cfn=(2254)
calls=1 0 
0 10784
0 17
cob=(4)
cfi=(178)
cfn=(2482)
calls=1 0 
0 680
0 12
cob=(4)
cfi=(178)
cfn=(1434)
calls=1 0 
0 228
0 7
cob=(4)
cfi=(178)
cfn=(1434)
calls=1 0 
0 215
0 25
cob=(4)
cfi=(178)
cfn=(1434)
calls=1 0 
0 224
0 7
cob=(4)
cfi=(178)
cfn=(1434)
calls=1 0 
0 215
0 20
cob=(4)
cfi=(178)
cfn=(1434)
calls=1 0 
0 224
0 7
cob=(4)
cfi=(178)
cfn=(1434)
calls=1 0 
0 215
0 20
cob=(4)
cfi=(178)
cfn=(1434)
calls=1 0 
0 224
0 7
cob=(4)
cfi=(178)
cfn=(1434)
calls=1 0 
0 215
0 23
cob=(4)
cfi=(178)
cfn=(1708)
calls=1 0 
0 8
0 4
cob=(4)
cfi=(178)
cfn=(2488)
calls=1 0 
0 690
0 8

fn=(2398)
0 3116
cob=(4)
cfi=(178)
cfn=(2400)
calls=164 0 
0 45333
0 1048
cob=(4)
cfi=(178)
cfn=(2400)
calls=262 0 
0 41134
0 1016
cob=(4)
cfi=(178)
cfn=(2412)
calls=164 0 
0 984
0 1148
cob=(4)
cfi=(178)
cfn=(2416)
calls=164 0 
0 25574
0 2754
cob=(4)
cfi=(178)
cfn=(4262)
calls=262 0 
0 3248648
0 262

fn=(2404)
0 26726
cob=(4)
cfi=(178)
cfn=(6116)
calls=96 0 
0 11862
0 384
cob=(4)
cfi=(178)
cfn=(2406)
calls=96 0 
0 8736
0 3636
cfn=(1884)
calls=861 0 
0 49077
0 3312
cfn=(1884)
calls=1104 0 
0 62928
0 37801
cfn=(1836)
calls=1105 0 
0 55250
0 34963
cfn=(1836)
calls=860 0 
0 43000
0 1720
cob=(4)
cfi=(178)
cfn=(2412)
calls=860 0 
0 5160
0 7670
cob=(4)
cfi=(178)
cfn=(2406)
calls=1655 0 
0 161252
0 4200
cob=(4)
cfi=(178)
cfn=(2412)
calls=890 0 
0 5340
0 3060
cob=(4)
cfi=(178)
cfn=(2426)
calls=65 0 
0 390
0 65

fn=(2506)
0 30

fn=(2524)
0 7

fn=(2530)
0 5

fn=(2598)
0 30
cob=(4)
cfi=(178)
cfn=(2412)
calls=2 0 
0 12
0 6

fn=(2692)
0 175

fn=(2780)
0 2230512
cob=(4)
cfi=(178)
cfn=(2782)
calls=1 0 
0 1453
0 4
cob=(4)
cfi=(178)
cfn=(2488)
calls=1 0 
0 8
0 531072
cob=(4)
cfi=(178)
cfn=(6084)
calls=106214 0 
0 35128849
0 212428
cob=(4)
cfi=(178)
cfn=(2488)
calls=106214 0 
0 849712
0 212428

fn=(2792)
0 2768960

fn=(2922)
0 15
cob=(4)
cfi=(178)
cfn=(2924)
calls=5 0 
0 791

fn=(3048)
0 36
cob=(4)
cfi=(178)
cfn=(3050)
calls=2 0 
0 939
0 8
cob=(4)
cfi=(178)
cfn=(3054)
calls=2 0 
0 780
0 8
cob=(4)
cfi=(178)
cfn=(3060)
calls=2 0 
0 822
0 6
cob=(4)
cfi=(178)
cfn=(3066)
calls=2 0 
0 826
0 6
cob=(4)
cfi=(178)
cfn=(3072)
calls=2 0 
0 870
0 6
cob=(4)
cfi=(178)
cfn=(3078)
calls=2 0 
0 806
0 6
cob=(4)
cfi=(178)
cfn=(3084)
calls=2 0 
0 846
0 18
cob=(4)
cfi=(178)
cfn=(3090)
calls=2 0 
0 912
0 8
cob=(4)
cfi=(178)
cfn=(3096)
calls=2 0 
0 29567
0 30

fn=(3082)
0 8

fn=(3100)
0 46
cob=(4)
cfi=(178)
cfn=(3102)
calls=2 0 
0 852
0 10
cob=(4)
cfi=(178)
cfn=(3050)
calls=2 0 
0 48
0 22
cfn=(2854)
calls=2 0 
0 104
0 6
cfn=(2880)
calls=2 0 
0 98
0 4
cob=(4)
cfi=(178)
cfn=(2818)
calls=2 0 
0 16
0 8
cfn=(2852)
calls=2 0 
0 156
0 6
cfn=(2888)
calls=2 0 
0 87
0 7
cfn=(2888)
calls=1 0 
0 33
0 6
cob=(4)
cfi=(178)
cfn=(2818)
calls=1 0 
0 8
0 2
cob=(4)
cfi=(178)
cfn=(2818)
calls=1 0 
0 8
0 4
cob=(4)
cfi=(178)
cfn=(3114)
calls=2 0 
0 836
0 24
cob=(4)
cfi=(178)
cfn=(3120)
calls=2 0 
0 1333
0 12
cob=(4)
cfi=(178)
cfn=(3108)
calls=2 0 
0 10
0 7
cfn=(2888)
calls=1 0 
0 33
0 6
cob=(4)
cfi=(178)
cfn=(3126)
calls=2 0 
0 876
0 12
cob=(4)
cfi=(178)
cfn=(3246)
calls=2 0 
0 6465
0 12
cob=(4)
cfi=(178)
cfn=(3282)
calls=2 0 
0 1506
0 4
cob=(4)
cfi=(178)
cfn=(3288)
calls=2 0 
0 10
0 10
cob=(4)
cfi=(178)
cfn=(2818)
calls=2 0 
0 16
0 26
cob=(4)
cfi=(178)
cfn=(3108)
calls=1 0 
0 823
0 10
cob=(4)
cfi=(178)
cfn=(3132)
calls=1 0 
0 14039
0 4
cob=(4)
cfi=(178)
cfn=(2412)
calls=1 0 
0 6
0 7
cob=(4)
cfi=(178)
cfn=(4550)
calls=1 0 
0 1084
0 3

fn=(3118)
0 6

fn=(3238)
0 27

fn=(6694) non-virtual thunk to zlink::session_base_t::pipe_terminated(zlink::pipe_t*)
0 64
cob=(4)
cfi=(178)
cfn=(4928)
calls=2 0 
0 7932

fn=(3320)
0 12
cob=(4)
cfi=(178)
cfn=(3322)
calls=6 0 
0 800

fn=(3654)
0 259
cob=(4)
cfi=(178)
cfn=(2890)
calls=13 0 
0 232
0 240
cob=(4)
cfi=(178)
cfn=(2890)
calls=8 0 
0 152
0 160

fn=(3656)
0 76

fn=(3692)
0 36
cob=(4)
cfi=(178)
cfn=(3694)
calls=4 0 
0 7525
0 28

fn=(3710)
0 144
cob=(4)
cfi=(178)
cfn=(1686)
calls=6 0 
0 2170
0 84
cob=(4)
cfi=(178)
cfn=(3712)
calls=6 0 
0 2650
0 36
cob=(4)
cfi=(178)
cfn=(1686)
calls=6 0 
0 1826
0 84
cob=(4)
cfi=(178)
cfn=(3712)
calls=6 0 
0 918
0 36
cob=(4)
cfi=(178)
cfn=(3724)
calls=6 0 
0 860
0 18
cob=(4)
cfi=(178)
cfn=(3724)
calls=6 0 
0 114
0 84
cob=(4)
cfi=(178)
cfn=(1686)
calls=6 0 
0 2142
0 90
cob=(4)
cfi=(178)
cfn=(1720)
calls=6 0 
0 2943
0 228
cob=(4)
cfi=(178)
cfn=(1686)
calls=6 0 
0 1795
0 96
cob=(4)
cfi=(178)
cfn=(1720)
calls=6 0 
0 3127
0 186

fn=(3750)
0 120
cob=(4)
cfi=(178)
cfn=(3742)
calls=10 0 
0 1094
0 160
cob=(4)
cfi=(178)
cfn=(2860)
calls=10 0 
0 130
0 20
cob=(4)
cfi=(178)
cfn=(2426)
calls=10 0 
0 60
0 10

fn=(3792)
0 190
cob=(4)
cfi=(178)
cfn=(1804)
calls=10 0 
0 460
0 80
cob=(4)
cfi=(178)
cfn=(3794)
calls=10 0 
0 11743
0 30
cfn=(1836)
calls=10 0 
0 500
0 130
cob=(4)
cfi=(178)
cfn=(3418)
calls=10 0 
0 538
0 130

fn=(3818)
0 140
cob=(4)
cfi=(178)
cfn=(3820)
calls=10 0 
0 1060
0 20
cfn=(1884)
calls=10 0 
0 570
0 30
cob=(4)
cfi=(178)
cfn=(3826)
calls=10 0 
0 2742
0 20
cfn=(1836)
calls=10 0 
0 500
0 60
cfn=(5264)
calls=1 0 
0 15326
cfn=(3926) zlink::xsub_t::xattach_pipe(zlink::pipe_t*, bool, bool)
calls=1 0 
0 17270
cfn=(3834)
calls=8 0 
0 1122
0 20
cob=(4)
cfi=(178)
cfn=(3842)
calls=10 0 
0 812
0 74
cob=(4)
cfi=(178)
cfn=(4908)
calls=2 0 
0 10
0 18
cob=(4)
cfi=(178)
cfn=(5638)
calls=2 0 
0 3358

fn=(3846)
0 66

fn=(3858)
0 96
cfn=(3860)
calls=4 0 
0 283
0 12
cfn=(1884)
calls=4 0 
0 228
0 56
cob=(4)
cfi=(178)
cfn=(1686)
calls=4 0 
0 604
0 56
cfn=(1396)
calls=4 0 
0 416
0 46
cfn=(1836)
calls=4 0 
0 200
0 122
cob=(4)
cfi=(178)
cfn=(3514)
calls=2 0 
0 36
0 6
cob=(4)
cfi=(178)
cfn=(3514)
calls=2 0 
0 50
0 24
cob=(4)
cfi=(178)
cfn=(1434)
calls=4 0 
0 882
0 40
cfn=(3862) std::_Rb_tree<zlink::socket_base_t*, std::pair<zlink::socket_base_t* const, monitor_handler_state_t*>, std::_Select1st<std::pair<zlink::socket_base_t* const, monitor_handler_state_t*> >, std::less<zlink::socket_base_t*>, std::allocator<std::pair<zlink::socket_base_t* const, monitor_handler_state_t*> > >::_M_get_insert_unique_pos(zlink::socket_base_t* const&) [clone .isra.0]
calls=2 0 
0 40
0 30

fn=(3862)
0 40

fn=(3890)
0 2986431
cob=(4)
cfi=(178)
cfn=(2020)
calls=426633 0 
0 5972862
0 7466918
cob=(4)
cfi=(178)
cfn=(1838)
calls=320395 0 
0 8971060
0 640790

fn=(3926)
0 14
cob=(4)
cfi=(178)
cfn=(3928)
calls=1 0 
0 1077
0 6
cob=(4)
cfi=(178)
cfn=(3934)
calls=1 0 
0 1094
0 4
cob=(4)
cfi=(178)
cfn=(3940)
calls=1 0 
0 6370
0 2
cob=(4)
cfi=(178)
cfn=(3986)
calls=1 0 
0 881
0 2
cob=(4)
cfi=(178)
cfn=(3776)
calls=1 0 
0 5
0 8
cob=(4)
cfi=(178)
cfn=(2794)
calls=1 0 
0 7807

fn=(3932)
0 47
cfn=(3832)
calls=1 0 
0 272
0 2

fn=(3976)
0 1593250

fn=(4004)
0 150
cob=(4)
cfi=(178)
cfn=(3430)
calls=2 0 
0 197
0 6
cob=(4)
cfi=(178)
cfn=(3430)
calls=2 0 
0 365
0 22

fn=(4176)
0 159336

fn=(4190)
0 52
cob=(4)
cfi=(178)
cfn=(1968)
calls=2 0 
0 128
0 40
cob=(4)
cfi=(178)
cfn=(4212)
calls=4 0 
0 6606
0 20
cob=(4)
cfi=(178)
cfn=(4240)
calls=2 0 
0 1102
0 34
cob=(4)
cfi=(178)
cfn=(4206)
calls=2 0 
0 118
0 6
cob=(4)
cfi=(178)
cfn=(4206)
calls=2 0 
0 975
0 12
cob=(4)
cfi=(178)
cfn=(4160)
calls=2 0 
0 2118
0 18
cob=(4)
cfi=(178)
cfn=(4424)
calls=2 0 
0 934
0 24

fn=(4198)
0 6
cob=(4)
cfi=(178)
cfn=(4200)
calls=2 0 
0 764

fn=(4266)
0 12164
cfn=(4342)
calls=5 0 
0 20771
0 105
cfn=(4270) zlink::own_t::process_seqnum()
calls=15 0 
0 925
0 60
cfn=(5868) zlink::reaper_t::process_reaped()
calls=10 0 
0 2986
0 70
cfn=(5578)
calls=10 0 
0 38236
0 24
cfn=(4962)
calls=4 0 
0 2932
0 28
cfn=(6646)
calls=1 0 
0 3447
cfn=(6644)
calls=2 0 
0 1383
cfn=(4920)
calls=1 0 
0 5266
0 7
cfn=(4904)
calls=1 0 
0 2006
0 64
cfn=(4344)
calls=8 0 
0 352
0 72
cfn=(5712) zlink::pipe_t::process_pipe_term_ack()
calls=12 0 
0 56711
0 60
cfn=(5684)
calls=10 0 
0 12438
0 2982
cfn=(6350)
calls=426 0 
0 71142
0 3576
cfn=(4408)
calls=596 0 
0 104897066
0 8
cfn=(4742)
calls=2 0 
0 21683
0 18
cfn=(4268) zlink::own_t::process_own(zlink::own_t*)
calls=4 0 
0 2441
0 16
cfn=(4542)
calls=1 0 
0 10080
cfn=(4522) zlink::session_base_t::process_plug()
calls=2 0 
0 7396
cfn=(4378)
calls=1 0 
0 4167
0 52
cfn=(6946)
calls=1 0 
0 129
cfn=(6854)
calls=1 0 
0 6
cfn=(5710)
calls=6 0 
0 888

fn=(4268)
0 68
cob=(4)
cfi=(178)
cfn=(1434)
calls=4 0 
0 2229
0 24
cob=(4)
cfi=(178)
cfn=(3514)
calls=4 0 
0 72
0 48

fn=(4270)
0 45
cob=(4)
cfi=(178)
cfn=(4272)
calls=15 0 
0 880

fn=(4278)
0 28534

fn=(4364)
0 26
cfn=(3882)
calls=2 0 
0 181
0 14
cob=(4)
cfi=(178)
cfn=(3960)
calls=2 0 
0 216
0 10
cob=(4)
cfi=(178)
cfn=(2752)
calls=2 0 
0 10
0 8
cob=(4)
cfi=(178)
cfn=(3972)
calls=2 0 
0 14
0 12
cfn=(3978)
calls=2 0 
0 86
0 28
cfn=(3992)
calls=2 0 
0 30
0 10
cob=(4)
cfi=(178)
cfn=(4366)
calls=2 0 
0 1564
0 4
cfn=(3890)
calls=2 0 
0 138
0 18

fn=(4370)
0 7152
cob=(4)
cfi=(178)
cfn=(3482)
calls=596 0 
0 335562
0 2980

fn=(4528)
0 15
cob=(4)
cfi=(178)
cfn=(2894)
calls=1 0 
0 83
0 7
cfn=(2888)
calls=1 0 
0 63
0 10
cob=(4)
cfi=(178)
cfn=(3458)
calls=1 0 
0 538
0 4
cob=(4)
cfi=(178)
cfn=(1686)
calls=1 0 
0 225
0 10
cob=(4)
cfi=(178)
cfn=(4530)
calls=1 0 
0 5591
0 1

fn=(4614)
0 28
cfn=(3306)
calls=1 0 
0 546
0 11

fn=(4744)
0 6

fn=(4782)
0 78
cob=(4)
cfi=(178)
cfn=(2532)
calls=2 0 
0 30
0 22

fn=(4794) zlink::tcp_transport_t::async_read_some(unsigned char*, unsigned long, std::function<void (boost::system::error_code const&, unsigned long)>)
0 15363
cfn=(4278)
calls=569 0 
0 5690
0 3414
cfn=(4796)
calls=569 0 
0 69754
0 2276
cfn=(4278)
calls=569 0 
0 5690
0 6828
cob=(4)
cfi=(178)
cfn=(2020)
calls=569 0 
0 7966
0 3414
cfn=(2026)
calls=569 0 
0 56262
0 14225
cfn=(4800)
calls=569 0 
0 13087
0 1707
cfn=(4386)
calls=569 0 
0 18208
0 10242
cfn=(4802)
calls=569 0 
0 228441
0 1707
cfn=(4812)
calls=569 0 
0 15363
0 2276
cfn=(4520)
calls=569 0 
0 8535
0 6828

fn=(4828)
0 1785

fn=(4834)
0 18188
cfn=(4896)
calls=568 0 
0 61456196
0 9987
cob=(4)
cfi=(178)
cfn=(2020)
calls=29 0 
0 406
0 174
cfn=(2026)
calls=29 0 
0 6319
0 957
cfn=(4800)
calls=29 0 
0 667
0 87
cfn=(4386)
calls=29 0 
0 928
0 377
cfn=(4836)
calls=29 0 
0 11959
0 290

fn=(4835)
0 27489
cob=(4)
cfi=(178)
cfn=(2020)
calls=539 0 
0 7546
0 3234
cfn=(2026)
calls=539 0 
0 20486
0 17787
cfn=(4800)
calls=539 0 
0 12397
0 1617
cfn=(4386)
calls=539 0 
0 17248
0 7007
cfn=(4836)
calls=539 0 
0 206437
0 5390

fn=(4838)
0 14768
cob=(4)
cfi=(178)
cfn=(4840)
calls=568 0 
0 38340
0 14768

fn=(4862)
0 31
cfn=(4644)
calls=1 0 
0 214
0 27
cob=(4)
cfi=(178)
cfn=(1838)
calls=1 0 
0 28
0 11
cfn=(1980)
calls=1 0 
0 24
0 3
cob=(4)
cfi=(178)
cfn=(4864)
calls=1 0 
0 972
0 6
cfn=(3344)
calls=1 0 
0 2574
0 4
cob=(4)
cfi=(178)
cfn=(4870)
calls=1 0 
0 19058
0 2
cob=(4)
cfi=(178)
cfn=(2818)
calls=1 0 
0 108
0 11
cob=(4)
cfi=(178)
cfn=(1804)
calls=1 0 
0 38
0 2

fn=(4892)
0 13
cob=(4)
cfi=(178)
cfn=(3418)
calls=1 0 
0 149
0 7

fn=(4902)
0 28395
cob=(4)
cfi=(178)
cfn=(4816)
calls=567 0 
0 61415448
0 2839

fn=(4912)
0 81

fn=(4918)
0 52
cob=(4)
cfi=(178)
cfn=(3482)
calls=4 0 
0 844
0 20

fn=(4948)
0 21
cob=(4)
cfi=(178)
cfn=(2536)
calls=1 0 
0 103
0 2
cfn=(4736)
calls=1 0 
0 27
0 5
cob=(4)
cfi=(178)
cfn=(4950)
calls=1 0 
0 1439

fn=(5016)
0 24

fn=(5022)
0 30
cob=(4)
cfi=(178)
cfn=(3742)
calls=2 0 
0 541
0 34

fn=(5088)
0 318651

fn=(5100)
0 34
cob=(4)
cfi=(178)
cfn=(2734)
calls=2 0 
0 58
0 26
cob=(4)
cfi=(178)
cfn=(5102)
calls=2 0 
0 11809
0 20
cfn=(5168)
calls=2 0 
0 540
0 30
cob=(4)
cfi=(178)
cfn=(1686)
calls=2 0 
0 341
0 12
cob=(4)
cfi=(178)
cfn=(5160)
calls=2 0 
0 3282
0 6

fn=(5112)
0 58

fn=(5164)
0 36
cfn=(5166)
calls=2 0 
0 1906
0 50

fn=(5508)
0 70
cob=(4)
cfi=(178)
cfn=(5510)
calls=10 0 
0 8479
0 50
cob=(4)
cfi=(178)
cfn=(5540)
calls=10 0 
0 8110

fn=(5514)
0 80
cob=(4)
cfi=(178)
cfn=(5516)
calls=10 0 
0 1000
0 20
cob=(4)
cfi=(178)
cfn=(5522)
calls=10 0 
0 1036
0 23
cob=(4)
cfi=(178)
cfn=(6570)
calls=1 0 
0 1441
0 3
cob=(4)
cfi=(178)
cfn=(6576)
calls=1 0 
0 1739
0 70
cob=(4)
cfi=(178)
cfn=(5534)
calls=10 0 
0 856
0 18
cob=(4)
cfi=(178)
cfn=(5528)
calls=9 0 
0 1057
0 18

fn=(5590)
0 30

fn=(5668)
0 220
cob=(4)
cfi=(178)
cfn=(5670)
calls=20 0 
0 998
0 200
cob=(4)
cfi=(178)
cfn=(5762)
calls=10 0 
0 1000
0 20
cob=(4)
cfi=(178)
cfn=(5768)
calls=10 0 
0 978
0 20

fn=(5740)
0 147
cfn=(5741) std::_Rb_tree<std::__cxx11::basic_string<char, std::char_traits<char>, std::allocator<char> >, std::__cxx11::basic_string<char, std::char_traits<char>, std::allocator<char> >, std::_Identity<std::__cxx11::basic_string<char, std::char_traits<char>, std::allocator<char> > >, std::less<std::__cxx11::basic_string<char, std::char_traits<char>, std::allocator<char> > >, std::allocator<std::__cxx11::basic_string<char, std::char_traits<char>, std::allocator<char> > > >::_M_erase(std::_Rb_tree_node<std::__cxx11::basic_string<char, std::char_traits<char>, std::allocator<char> > >*)'2
calls=10 0 
0 40
0 80
cob=(4)
cfi=(178)
cfn=(2536)
calls=10 0 
0 988
0 30
cob=(4)
cfi=(178)
cfn=(2536)
calls=10 0 
0 1144
0 69

fn=(5741)
0 40

fn=(5820) zlink::pair_t::~pair_t()
0 32
cob=(4)
cfi=(178)
cfn=(5822)
calls=8 0 
0 21015
0 32
cob=(4)
cfi=(178)
cfn=(2536)
calls=8 0 
0 1512

fn=(5821)
0 144
cob=(4)
cfi=(178)
cfn=(5826)
calls=8 0 
0 1198
0 80
cob=(4)
cfi=(178)
cfn=(5832)
calls=8 0 
0 18891

fn=(5868)
0 52
cob=(4)
cfi=(178)
cfn=(6856)
calls=1 0 
0 1075
0 4
cob=(4)
cfi=(178)
cfn=(6862)
calls=1 0 
0 1855

fn=(6014)
0 8
cob=(4)
cfi=(178)
cfn=(6016)
calls=1 0 
0 1961

fn=(6088)
0 1380782
cob=(4)
cfi=(178)
cfn=(2752)
calls=106214 0 
0 531070
0 477963
cob=(4)
cfi=(178)
cfn=(6090)
calls=53107 0 
0 15989162
0 796605
cob=(4)
cfi=(178)
cfn=(6098)
calls=53107 0 
0 15633831
0 106214

fn=(6096) (anonymous namespace)::send_frames_once(zlink::socket_base_t*, zlink_msg_t*, unsigned long, int, bool, zlink::socket_public_send_scope_t&)
0 1540103
cob=(4)
cfi=(178)
cfn=(4330)
calls=53107 0 
0 42459879
0 477963
cob=(4)
cfi=(178)
cfn=(2412)
calls=53107 0 
0 318642
0 531070

fn=(6144)
0 339000
cob=(4)
cfi=(178)
cfn=(2488)
calls=54238 0 
0 433904
0 542380
cob=(4)
cfi=(178)
cfn=(6146)
calls=54238 0 
0 10337877
0 374011
cob=(4)
cfi=(178)
cfn=(6226)
calls=53107 0 
0 4781118
0 318642
cob=(4)
cfi=(178)
cfn=(6238)
calls=53107 0 
0 84443150
0 120917
cob=(4)
cfi=(178)
cfn=(2782)
calls=1131 0 
0 46371
0 3393
cob=(4)
cfi=(178)
cfn=(2412)
calls=1131 0 
0 6786
0 6786

fn=(6190)
0 135

fn=(6272)
0 159321

fn=(6342)
0 424856
cob=(4)
cfi=(178)
cfn=(2624)
calls=53107 0 
0 424856
0 531070

fn=(6580)
0 31
cfn=(1884)
calls=1 0 
0 57
0 13
cob=(4)
cfi=(178)
cfn=(2450)
calls=1 0 
0 31
0 15
cob=(4)
cfi=(178)
cfn=(1804)
calls=1 0 
0 38
0 6
cfn=(1836)
calls=1 0 
0 50
0 20
cob=(4)
cfi=(178)
cfn=(4280)
calls=1 0 
0 294
0 1
cob=(4)
cfi=(178)
cfn=(2450)
calls=1 0 
0 31
0 3
cob=(4)
cfi=(178)
cfn=(1838)
calls=1 0 
0 39
0 1
cob=(4)
cfi=(178)
cfn=(4580)
calls=1 0 
0 35
0 5
cfn=(4520)
calls=1 0 
0 15
0 5
cfn=(1836)
calls=1 0 
0 50
0 2
cfn=(1884)
calls=1 0 
0 57
0 4

fn=(6604)
0 64
cob=(4)
cfi=(178)
cfn=(5804)
calls=1 0 
0 494
0 6
cob=(4)
cfi=(178)
cfn=(6606)
calls=1 0 
0 1258
0 10
cob=(4)
cfi=(178)
cfn=(5372)
calls=1 0 
0 333
0 2
cob=(4)
cfi=(178)
cfn=(5372)
calls=1 0 
0 333
0 16
cob=(4)
cfi=(178)
cfn=(2536)
calls=1 0 
0 95
0 3
cob=(4)
cfi=(178)
cfn=(1768)
calls=1 0 
0 6
0 2

fn=(6610)
0 65
cfn=(1926)
calls=1 0 
0 71
0 14

fn=(6614)
0 6
cob=(4)
cfi=(178)
cfn=(1872)
calls=1 0 
0 6
0 5
cob=(4)
cfi=(178)
cfn=(6616)
calls=1 0 
0 29710

fn=(6714)
0 64
cfn=(6716)
calls=2 0 
0 2519
0 12
cfn=(6724)
calls=2 0 
0 88
0 170

fn=(6716)
0 84
cfn=(4278)
calls=6 0 
0 44
0 32
cfn=(4520)
calls=2 0 
0 30
0 50
cob=(4)
cfi=(178)
cfn=(6718)
calls=2 0 
0 845
0 22
cfn=(6648)
calls=2 0 
0 878
0 20
cfn=(4520)
calls=2 0 
0 30
0 184
cfn=(4646)
calls=2 0 
0 256
0 4
cfn=(2424)
calls=2 0 
0 34
0 22
cob=(4)
cfi=(178)
cfn=(1838)
calls=2 0 
0 56
0 6
cob=(4)
cfi=(178)
cfn=(1804)
calls=2 0 
0 76
0 6

fn=(6754)
0 8
cob=(4)
cfi=(178)
cfn=(6756)
calls=2 0 
0 1161
0 8
cob=(4)
cfi=(178)
cfn=(2536)
calls=2 0 
0 206

fn=(6755)
0 6
cob=(4)
cfi=(178)
cfn=(2426)
calls=2 0 
0 425

fn=(6876)
0 7
cob=(4)
cfi=(178)
cfn=(6790)
calls=1 0 
0 7
0 4
cob=(4)
cfi=(178)
cfn=(6878)
calls=1 0 
0 21698
0 1
cob=(4)
cfi=(178)
cfn=(7000)
calls=1 0 
0 836
0 7
cob=(4)
cfi=(178)
cfn=(2536)
calls=1 0 
0 95
0 8
cfn=(5564)
calls=1 0 
0 35
0 2
cob=(4)
cfi=(178)
cfn=(5838)
calls=1 0 
0 444
0 4
cfn=(4520)
calls=1 0 
0 115
0 2
cob=(4)
cfi=(178)
cfn=(5854)
calls=1 0 
0 26
0 6
cob=(4)
cfi=(178)
cfn=(2536)
calls=1 0 
0 222
0 6
cob=(4)
cfi=(178)
cfn=(2536)
calls=1 0 
0 222
0 6
cob=(4)
cfi=(178)
cfn=(2536)
calls=1 0 
0 95
0 2
cfn=(5564)
calls=1 0 
0 35
0 6
cfn=(2072)
calls=1 0 
0 4
0 5
cfn=(5564)
calls=1 0 
0 35

fn=(6888)
0 10
cob=(4)
cfi=(178)
cfn=(6890)
calls=1 0 
0 1536
0 5
cob=(4)
cfi=(178)
cfn=(6896)
calls=1 0 
0 1119
0 3
cob=(4)
cfi=(178)
cfn=(2536)
calls=1 0 
0 95
0 4
cob=(4)
cfi=(178)
cfn=(6902)
calls=1 0 
0 2239
0 2
cob=(4)
cfi=(178)
cfn=(6914)
calls=1 0 
0 11140
0 4
cob=(4)
cfi=(178)
cfn=(6990)
calls=1 0 
0 3527
0 6
cob=(4)
cfi=(178)
cfn=(1920)
calls=1 0 
0 15

fn=(6894)
0 16
cfn=(1884)
calls=2 0 
0 114
0 8
cob=(4)
cfi=(178)
cfn=(1804)
calls=1 0 
0 38
0 4
cob=(4)
cfi=(178)
cfn=(4020)
calls=1 0 
0 136
0 2
cob=(4)
cfi=(178)
cfn=(1838)
calls=1 0 
0 28
0 2
cfn=(1836)
calls=1 0 
0 50
0 2
cob=(4)
cfi=(178)
cfn=(5420)
calls=1 0 
0 265
0 2
cfn=(1884)
calls=1 0 
0 57
0 13
cfn=(1836)
calls=1 0 
0 50
0 6
cfn=(1836)
calls=1 0 
0 50
0 4

fn=(6900)
0 6
cob=(4)
cfi=(178)
cfn=(6890)
calls=1 0 
0 125
0 7
cfn=(4520)
calls=1 0 
0 115
0 2
cob=(4)
cfi=(178)
cfn=(5854)
calls=1 0 
0 26
0 2
cfn=(5564)
calls=1 0 
0 35
0 5
cfn=(2072)
calls=1 0 
0 4

fn=(5496)
0 50
cob=(4)
cfi=(178)
cfn=(2020)
calls=10 0 
0 140
0 40

fn=(1498)
0 22

fn=(1578)
0 22

fn=(1600)
0 22

fn=(1900)
0 2
cob=(4)
cfi=(178)
cfn=(1902)
calls=1 0 
0 124474

fn=(1924)
0 24

fn=(2012)
0 84

fn=(2052)
0 7
cob=(4)
cfi=(178)
cfn=(1850)
calls=1 0 
0 11
0 8
cob=(4)
cfi=(178)
cfn=(2054)
calls=1 0 
0 8858

fn=(2168)
0 23
cfn=(1396)
calls=1 0 
0 104
0 3
cob=(4)
cfi=(178)
cfn=(1708)
calls=1 0 
0 8
0 3
cob=(4)
cfi=(178)
cfn=(1434)
calls=1 0 
0 224
0 29

fn=(2206)
0 47
cfn=(1926)
calls=1 0 
0 218
0 4

fn=(2282)
0 330
cfn=(1884)
calls=10 0 
0 570
0 40
cfn=(1836)
calls=10 0 
0 500
0 140
cfn=(1884)
calls=10 0 
0 570
0 40
cfn=(1836)
calls=10 0 
0 500
0 10

fn=(1454)
0 8
cob=(4)
cfi=(178)
cfn=(1456)
calls=1 0 
0 1305
0 7
cfn=(1460)
calls=1 0 
0 484
0 31

fn=(2498)
0 230
cob=(4)
cfi=(178)
cfn=(2502)
calls=6 0 
0 30
0 8
cob=(4)
cfi=(178)
cfn=(2502)
calls=4 0 
0 810
0 30
cob=(4)
cfi=(178)
cfn=(2216)
calls=10 0 
0 50
0 122
cfn=(2500)
calls=4 0 
0 4483
0 4

fn=(2610)
0 28
cob=(4)
cfi=(178)
cfn=(2612)
calls=2 0 
0 748
0 28
cob=(4)
cfi=(178)
cfn=(2618)
calls=2 0 
0 978
0 18

fn=(2622)
0 28

fn=(2680)
0 240

fn=(2768)
0 4
cob=(4)
cfi=(178)
cfn=(2770)
calls=1 0 
0 3165

fn=(2774)
0 849720
cob=(4)
cfi=(178)
cfn=(2752)
calls=106215 0 
0 531075
0 531075
cob=(4)
cfi=(178)
cfn=(2776)
calls=106215 0 
0 39379702
0 955936

fn=(2810)
0 30
cob=(4)
cfi=(178)
cfn=(1804)
calls=3 0 
0 138
0 12
cob=(4)
cfi=(178)
cfn=(2812)
calls=3 0 
0 935
0 9
cfn=(1836)
calls=3 0 
0 150
0 21

fn=(2850)
0 294
cfn=(2852)
calls=14 0 
0 5205
0 70
cob=(4)
cfi=(178)
cfn=(2864)
calls=14 0 
0 4229
0 182
cfn=(2854)
calls=14 0 
0 762
0 42
cfn=(2880)
calls=14 0 
0 720
0 182
cfn=(2854)
calls=14 0 
0 2553
0 42
cfn=(2880)
calls=14 0 
0 434
0 210
cob=(4)
cfi=(178)
cfn=(2536)
calls=14 0 
0 1330
0 168

fn=(3130)
0 6

fn=(3256)
0 6

fn=(6670)
0 124

fn=(6674) zlink::xpub_t::xpipe_terminated(zlink::pipe_t*)
0 20
cob=(4)
cfi=(178)
cfn=(3776)
calls=1 0 
0 5
0 7
cfn=(2854)
calls=1 0 
0 130
0 6
cfn=(2854)
calls=1 0 
0 130
0 7
cob=(4)
cfi=(178)
cfn=(6666)
calls=1 0 
0 64
0 3
cob=(4)
cfi=(178)
cfn=(5324)
calls=1 0 
0 133
0 6
cob=(4)
cfi=(178)
cfn=(2536)
calls=1 0 
0 95
0 6
cob=(4)
cfi=(178)
cfn=(2536)
calls=1 0 
0 95
0 19
cfn=(6676)
calls=1 0 
0 3167
0 1

fn=(6704)
0 32
cfn=(4520)
calls=2 0 
0 308
0 4
cob=(4)
cfi=(178)
cfn=(6710)
calls=2 0 
0 3615
0 12
cob=(4)
cfi=(178)
cfn=(2020)
calls=2 0 
0 28
0 14
cfn=(2026)
calls=2 0 
0 252
0 20
cfn=(2034)
calls=2 0 
0 240
0 8

fn=(6706) std::_Sp_counted_base<(__gnu_cxx::_Lock_policy)2>::_M_release_last_use_cold()
0 10
cfn=(6708)
calls=2 0 
0 248
0 20

fn=(3632)
0 768
cob=(4)
cfi=(178)
cfn=(3400)
calls=8 0 
0 224
0 288
cob=(4)
cfi=(178)
cfn=(3400)
calls=8 0 
0 224
0 24
cob=(4)
cfi=(178)
cfn=(3400)
calls=8 0 
0 224
0 24
cob=(4)
cfi=(178)
cfn=(3400)
calls=8 0 
0 224
0 40
cob=(4)
cfi=(178)
cfn=(3400)
calls=8 0 
0 224
0 64
cob=(4)
cfi=(178)
cfn=(3400)
calls=8 0 
0 224
0 200

fn=(3674)
0 45
cob=(4)
cfi=(178)
cfn=(2568)
calls=5 0 
0 30
0 40
cob=(4)
cfi=(178)
cfn=(3676)
calls=5 0 
0 120563

fn=(3680)
0 75
cob=(4)
cfi=(178)
cfn=(3682)
calls=5 0 
0 119696

fn=(3774)
0 160

fn=(3830)
0 240
cfn=(3832)
calls=10 0 
0 1550
0 10

fn=(3882)
0 3839697
cob=(4)
cfi=(178)
cfn=(2020)
calls=426633 0 
0 5972862
0 3200588
cob=(4)
cfi=(178)
cfn=(1804)
calls=320395 0 
0 12175010
0 4480507
cob=(4)
cfi=(178)
cfn=(3884)
calls=5 0 
0 928
0 15

fn=(3944)
0 12
cob=(4)
cfi=(178)
cfn=(3946)
calls=1 0 
0 5484
0 2
cob=(4)
cfi=(178)
cfn=(2426)
calls=1 0 
0 87
0 5

fn=(3958)
0 1380808
cfn=(3882)
calls=106216 0 
0 8497280
0 743512
cob=(4)
cfi=(178)
cfn=(3960)
calls=106216 0 
0 11472840
0 531080
cob=(4)
cfi=(178)
cfn=(2752)
calls=106216 0 
0 531080
0 424864
cob=(4)
cfi=(178)
cfn=(3972)
calls=106216 0 
0 744278
0 637296
cfn=(3978)
calls=106216 0 
0 4360981
0 477977
cfn=(3890)
calls=53109 0 
0 3664521
0 106214
cfn=(3890)
calls=53107 0 
0 3664383
0 955944

fn=(3998)
0 39
cob=(4)
cfi=(178)
cfn=(3418)
calls=3 0 
0 8771
0 21

fn=(4010)
0 8
cob=(4)
cfi=(178)
cfn=(4012)
calls=2 0 
0 4939

fn=(4016)
0 24
cfn=(1884)
calls=2 0 
0 114
0 60
cob=(4)
cfi=(178)
cfn=(1804)
calls=2 0 
0 76
0 8
cob=(4)
cfi=(178)
cfn=(4020)
calls=2 0 
0 2062
0 4
cob=(4)
cfi=(178)
cfn=(1838)
calls=2 0 
0 56
0 14
cfn=(1836)
calls=2 0 
0 100
0 24
cob=(4)
cfi=(178)
cfn=(1434)
calls=2 0 
0 451
0 90
cfn=(4018)
calls=2 0 
0 706
0 20

fn=(4142)
0 24
cfn=(2880)
calls=3 0 
0 85
0 9
cfn=(2880)
calls=3 0 
0 84
0 18

fn=(4236)
0 64
cfn=(4238)
calls=4 0 
0 100
0 20
cfn=(4414)
calls=2 0 
0 830
0 46

fn=(4310)
0 24
cob=(4)
cfi=(178)
cfn=(2568)
calls=2 0 
0 12
0 8
cob=(4)
cfi=(178)
cfn=(4312)
calls=2 0 
0 706
0 10
cob=(4)
cfi=(178)
cfn=(4318)
calls=2 0 
0 12688
0 22

fn=(4340)
0 1276316

fn=(4386)
0 14846
cfn=(4388)
calls=1142 0 
0 3426
0 18272

fn=(4422)
0 849744

fn=(4444)
0 18
cob=(4)
cfi=(178)
cfn=(2568)
calls=2 0 
0 12
0 8
cob=(4)
cfi=(178)
cfn=(4446)
calls=2 0 
0 1171
0 28

fn=(4468)
0 20
cob=(4)
cfi=(178)
cfn=(2568)
calls=2 0 
0 12
0 8
cob=(4)
cfi=(178)
cfn=(4172)
calls=2 0 
0 10
0 16
cob=(4)
cfi=(178)
cfn=(4470)
calls=2 0 
0 5836

fn=(4502)
0 1062160

fn=(4518)
0 1762

fn=(4520)
0 85828
cfn=(7078)
calls=1 0 
0 101
cfn=(5850)
calls=22 0 
0 44
cfn=(4734)
calls=4 0 
0 564
0 135
cfn=(7080)
calls=1 0 
0 98
cfn=(5852)
calls=22 0 
0 2510
cfn=(4740)
calls=4 0 
0 484
0 2
cfn=(6706)
calls=2 0 
0 278

fn=(4522)
0 9
cob=(4)
cfi=(178)
cfn=(4524)
calls=1 0 
0 7387

fn=(4558)
0 33

fn=(4566)
0 24
cfn=(4392)
calls=1 0 
0 59
0 8
cob=(4)
cfi=(178)
cfn=(4568)
calls=1 0 
0 989
0 4
cfn=(4516)
calls=1 0 
0 20
0 9
cfn=(4518)
calls=1 0 
0 20
0 8
cfn=(4518)
calls=1 0 
0 33
0 15
cfn=(4596)
calls=1 0 
0 164
0 13

fn=(4616)
0 10912
cob=(4)
cfi=(178)
cfn=(2426)
calls=58 0 
0 5510
0 5286

fn=(4634)
0 16
cob=(4)
cfi=(178)
cfn=(4636)
calls=1 0 
0 719
0 14

fn=(4688)
0 22
cob=(4)
cfi=(178)
cfn=(4690)
calls=2 0 
0 29383
0 52
cob=(4)
cfi=(178)
cfn=(4716)
calls=2 0 
0 1138
0 14

fn=(4736)
0 102
cfn=(4738)
calls=6 0 
0 12
0 48

fn=(4788)
0 25593
cob=(4)
cfi=(178)
cfn=(5210)
calls=567 0 
0 4320
0 2835
cfn=(5048)
calls=567 0 
0 169600
0 9092
cfn=(4790)
calls=569 0 
0 5121
0 7397
cfn=(4792)
calls=569 0 
0 5121
0 3414
cob=(4)
cfi=(178)
cfn=(1434)
calls=569 0 
0 37153
0 3983
cfn=(4792)
calls=569 0 
0 5121
0 7966
cfn=(4794)
calls=569 0 
0 497276
0 3983
cfn=(4798)
calls=569 0 
0 80798
0 2276
cfn=(4814)
calls=569 0 
0 5690
0 2276
cfn=(4814)
calls=569 0 
0 5690
0 1719

fn=(4792)
0 35811

fn=(4798)
0 29019
cfn=(4814)
calls=1138 0 
0 11654
0 3414
cob=(4)
cfi=(178)
cfn=(2536)
calls=1138 0 
0 117274
0 11380
cob=(4)
cfi=(178)
cfn=(1434)
calls=569 0 
0 37321
0 3414
cfn=(4792)
calls=569 0 
0 5121
0 1138

fn=(4812)
0 31829
cfn=(4520)
calls=4547 0 
0 68759
0 20461
cfn=(4798)
calls=569 0 
0 81132
cfn=(4832)
calls=1136 0 
0 161312
0 9094

fn=(4814)
0 35828
cfn=(6738)
calls=2 0 
0 272
0 15354

fn=(4880)
0 68
cob=(4)
cfi=(178)
cfn=(4882)
calls=1 0 
0 1085
0 40
cfn=(5612)
calls=10 0 
0 28005

fn=(4940)
0 42
cfn=(6840)
calls=1 0 
0 5419
cfn=(6796)
calls=1 0 
0 7038
cfn=(6732)
calls=1 0 
0 1222
cfn=(6696)
calls=2 0 
0 6848
cfn=(5820)
calls=8 0 
0 22591
cfn=(4942)
calls=1 0 
0 2569

fn=(4978)
0 16443
cob=(4)
cfi=(178)
cfn=(4980)
calls=567 0 
0 14330
0 6231
cob=(4)
cfi=(178)
cfn=(4992)
calls=567 0 
0 105247123
0 8505
cob=(4)
cfi=(178)
cfn=(5202)
calls=567 0 
0 902052
0 2268

fn=(5072)
0 1699472
cob=(4)
cfi=(178)
cfn=(2782)
calls=106217 0 
0 4354897
0 531085
cob=(4)
cfi=(178)
cfn=(5074)
calls=106217 0 
0 638156
0 318651
cob=(4)
cfi=(178)
cfn=(5050)
calls=106217 0 
0 531085
0 1590537
cob=(4)
cfi=(178)
cfn=(5080)
calls=105764 0 
0 8098262
0 317292
cob=(4)
cfi=(178)
cfn=(2788)
calls=105764 0 
0 634584
0 742613
cob=(4)
cfi=(178)
cfn=(2722)
calls=106217 0 
0 531085
0 212434
cob=(4)
cfi=(178)
cfn=(2734)
calls=106217 0 
0 3134226
0 318651
cob=(4)
cfi=(178)
cfn=(2746)
calls=106217 0 
0 3240856
0 1645120
cob=(4)
cfi=(178)
cfn=(6198)
calls=52694 0 
0 317042
0 54053
cob=(4)
cfi=(178)
cfn=(2716)
calls=453 0 
0 33347
0 906

fn=(5208)
0 1701

fn=(5214)
0 2268

fn=(5234)
0 849720
cob=(4)
cfi=(178)
cfn=(2734)
calls=106215 0 
0 3239556
0 318645
cob=(4)
cfi=(178)
cfn=(2752)
calls=106215 0 
0 531075
0 2761595

fn=(5240)
0 6

fn=(5254)
0 318645

fn=(5276)
0 18
cob=(4)
cfi=(178)
cfn=(3934)
calls=1 0 
0 343
0 5
cob=(4)
cfi=(178)
cfn=(2734)
calls=1 0 
0 29
0 14
cob=(4)
cfi=(178)
cfn=(5278)
calls=1 0 
0 13106

fn=(5314)
0 18
cfn=(5316)
calls=1 0 
0 295
0 12
cob=(4)
cfi=(178)
cfn=(1686)
calls=1 0 
0 241
0 15

fn=(5322)
0 424868

fn=(5358)
0 9961
cob=(4)
cfi=(178)
cfn=(1804)
calls=291 0 
0 11058
0 873

fn=(5412)
0 52
cfn=(1884)
calls=4 0 
0 228
0 124
cob=(4)
cfi=(178)
cfn=(1804)
calls=4 0 
0 152
0 16
cob=(4)
cfi=(178)
cfn=(4020)
calls=4 0 
0 544
0 8
cob=(4)
cfi=(178)
cfn=(1838)
calls=4 0 
0 112
0 8
cfn=(1836)
calls=4 0 
0 200
0 24
cob=(4)
cfi=(178)
cfn=(5420)
calls=4 0 
0 2678
0 36

fn=(5526)
0 5720

fn=(5550)
0 60
cob=(4)
cfi=(178)
cfn=(5552)
calls=20 0 
0 962

fn=(5676)
0 72
cob=(4)
cfi=(178)
cfn=(5678)
calls=18 0 
0 73627
0 54
cob=(4)
cfi=(178)
cfn=(5692)
calls=18 0 
0 60880

fn=(5690)
0 144
cob=(4)
cfi=(178)
cfn=(3482)
calls=12 0 
0 5253
0 60

fn=(5712)
0 228
cob=(4)
cfi=(178)
cfn=(1456)
calls=10 0 
0 4630
0 10
cob=(4)
cfi=(178)
cfn=(1456)
calls=2 0 
0 926
0 60
cfn=(3882)
calls=12 0 
0 960
0 86
cfn=(3890)
calls=10 0 
0 690
0 60
cfn=(6694)
calls=2 0 
0 7996
cfn=(5714)
calls=8 0 
0 15624
0 108
cfn=(5750)
calls=12 0 
0 7686
0 144
cob=(4)
cfi=(178)
cfn=(5752)
calls=12 0 
0 5745
0 80
cfn=(4496)
calls=20 0 
0 668
0 56
cob=(4)
cfi=(178)
cfn=(2782)
calls=8 0 
0 328
0 22
cfn=(3890)
calls=2 0 
0 138
0 12
cfn=(5714)
calls=2 0 
0 9624
0 6
cob=(4)
cfi=(178)
cfn=(5686)
calls=2 0 
0 822
0 2

fn=(5716)
0 290
cob=(4)
cfi=(178)
cfn=(3776)
calls=10 0 
0 50
0 40
cob=(4)
cfi=(178)
cfn=(3430)
calls=10 0 
0 533
0 40
cob=(4)
cfi=(178)
cfn=(3430)
calls=10 0 
0 646
0 50
cob=(4)
cfi=(178)
cfn=(3782)
calls=10 0 
0 50
0 110
cfn=(6674)
calls=1 0 
0 3894
cfn=(6658)
calls=1 0 
0 2208
cfn=(5718)
calls=8 0 
0 40
0 40
cob=(4)
cfi=(178)
cfn=(5720)
calls=10 0 
0 2172
0 70
cfn=(1884)
calls=10 0 
0 570
0 60
cob=(4)
cfi=(178)
cfn=(5726)
calls=10 0 
0 1102
0 70
cob=(4)
cfi=(178)
cfn=(5732)
calls=10 0 
0 9756
0 30
cfn=(1836)
calls=10 0 
0 500
0 128
cob=(4)
cfi=(178)
cfn=(3418)
calls=9 0 
0 270
0 45
cob=(4)
cfi=(178)
cfn=(3776)
calls=9 0 
0 45
0 3
cob=(4)
cfi=(178)
cfn=(3776)
calls=1 0 
0 5
0 54
cfn=(6672)
calls=2 0 
0 238
0 38
cob=(4)
cfi=(178)
cfn=(3842)
calls=10 0 
0 50
0 60
cob=(4)
cfi=(178)
cfn=(4964)
calls=10 0 
0 1412
0 36
cob=(4)
cfi=(178)
cfn=(2536)
calls=2 0 
0 190
0 33
cob=(4)
cfi=(178)
cfn=(2536)
calls=1 0 
0 125
0 111
cob=(4)
cfi=(178)
cfn=(5470)
calls=1 0 
0 18
0 36

fn=(5738)
0 240
cob=(4)
cfi=(178)
cfn=(2890)
calls=10 0 
0 214
0 280
cfn=(5740)
calls=9 0 
0 2171
0 175
cob=(4)
cfi=(178)
cfn=(2890)
calls=10 0 
0 214
0 189

fn=(5848)
0 143
cob=(4)
cfi=(178)
cfn=(2474)
calls=13 0 
0 715
0 130

fn=(5946)
0 24
cob=(4)
cfi=(178)
cfn=(2412)
calls=3 0 
0 18
0 12

fn=(6052)
0 1593210
cob=(4)
cfi=(178)
cfn=(4324)
calls=53107 0 
0 1381800
0 318642
cob=(4)
cfi=(178)
cfn=(2706)
calls=53107 0 
0 849712
0 265535
cob=(4)
cfi=(178)
cfn=(2716)
calls=53107 0 
0 955926
0 637284
cob=(4)
cfi=(178)
cfn=(4330)
calls=53107 0 
0 52250267
0 212428
cob=(4)
cfi=(178)
cfn=(2782)
calls=53107 0 
0 2177387
0 371749
cfn=(6096)
calls=53107 0 
0 45327657
0 159321
cob=(4)
cfi=(178)
cfn=(2412)
calls=53107 0 
0 318642
0 212428
cob=(4)
cfi=(178)
cfn=(4372)
calls=53107 0 
0 1541125
0 902819
cob=(4)
cfi=(178)
cfn=(2746)
calls=53107 0 
0 1593210
0 212428
cob=(4)
cfi=(178)
cfn=(2860)
calls=53107 0 
0 902819
0 53107

fn=(6082)
0 1594350
cob=(4)
cfi=(178)
cfn=(3960)
calls=106309 0 
0 19348238
0 744068

fn=(6150)
0 1180795
cob=(4)
cfi=(178)
cfn=(2782)
calls=107345 0 
0 4401145
0 1177970
cob=(4)
cfi=(178)
cfn=(4490)
calls=106780 0 
0 11455307
0 228842
cob=(4)
cfi=(178)
cfn=(2488)
calls=566 0 
0 4528
0 1130
cob=(4)
cfi=(178)
cfn=(2488)
calls=565 0 
0 4520
0 3393
cob=(4)
cfi=(178)
cfn=(2412)
calls=1131 0 
0 6786
0 859891
cob=(4)
cfi=(178)
cfn=(2752)
calls=106214 0 
0 531070
0 1433889

fn=(6166)
0 486
cob=(4)
cfi=(178)
cfn=(6168)
calls=27 0 
0 1092
0 162
cfn=(5228)
calls=27 0 
0 783
0 36909
cfn=(5230)
calls=5238 0 
0 736649
0 31428
cfn=(5232)
calls=5238 0 
0 494991
0 52380
cfn=(5228)
calls=5238 0 
0 1668303
0 47115
cob=(4)
cfi=(178)
cfn=(6180)
calls=27 0 
0 2454
0 513

fn=(6172)
0 108

fn=(6178)
0 7242
cob=(4)
cfi=(178)
cfn=(2216)
calls=426 0 
0 2130
0 2130
cob=(4)
cfi=(178)
cfn=(3482)
calls=426 0 
0 146476
0 3408

fn=(6202)
0 210776

fn=(6224)
0 12430

fn=(6230)
0 424856
cob=(4)
cfi=(178)
cfn=(2734)
calls=53107 0 
0 1540103
0 159321
cob=(4)
cfi=(178)
cfn=(2746)
calls=53107 0 
0 1593210
0 212428
cob=(4)
cfi=(178)
cfn=(6232)
calls=53107 0 
0 478689
0 265535

fn=(6258)
0 2814671
cob=(4)
cfi=(178)
cfn=(3782)
calls=53107 0 
0 265535
0 265535
cob=(4)
cfi=(178)
cfn=(6260)
calls=53107 0 
0 266253
0 212428
cob=(4)
cfi=(178)
cfn=(3782)
calls=53107 0 
0 265535
0 1540103

fn=(6318)
0 17
cob=(4)
cfi=(178)
cfn=(2020)
calls=1 0 
0 14
0 11
cob=(4)
cfi=(178)
cfn=(2020)
calls=1 0 
0 14
0 28
cob=(4)
cfi=(178)
cfn=(2020)
calls=1 0 
0 14
0 2
cob=(4)
cfi=(178)
cfn=(2020)
calls=1 0 
0 14
0 10
cob=(4)
cfi=(178)
cfn=(4458)
calls=2 0 
0 24
0 7
cob=(4)
cfi=(178)
cfn=(1428)
calls=1 0 
0 22
0 4
cob=(4)
cfi=(178)
cfn=(1456)
calls=1 0 
0 463
0 7
cob=(4)
cfi=(178)
cfn=(1440)
calls=1 0 
0 11
0 3
cob=(4)
cfi=(178)
cfn=(1434)
calls=1 0 
0 62
0 6
cob=(4)
cfi=(178)
cfn=(1928)
calls=1 0 
0 20
0 2
cob=(4)
cfi=(178)
cfn=(2020)
calls=1 0 
0 14
0 9
cfn=(6320)
calls=1 0 
0 5
0 24
cob=(4)
cfi=(178)
cfn=(2020)
calls=1 0 
0 14
0 7
cob=(4)
cfi=(178)
cfn=(2020)
calls=1 0 
0 14
0 19
cob=(4)
cfi=(178)
cfn=(1434)
calls=1 0 
0 223
0 9

fn=(6322)
0 685587
cob=(4)
cfi=(178)
cfn=(2426)
calls=565 0 
0 99448

fn=(6598)
0 10
cob=(4)
cfi=(178)
cfn=(1804)
calls=1 0 
0 46
0 5
cob=(4)
cfi=(178)
cfn=(6600)
calls=1 0 
0 3518
0 2
cfn=(1836)
calls=1 0 
0 50
0 7

fn=(6634)
0 23

fn=(6860)
0 14
cob=(4)
cfi=(178)
cfn=(3488)
calls=1 0 
0 308
0 5

fn=(7064) 0x00000000000cadf0
0 9
cob=(4)
cfi=(178)
cfn=(7070)
calls=1 0 
0 822
0 1
cfn=(7084) 0x00000000000cad80
calls=1 0 
0 5
0 3

fn=(7084)
0 5

ob=(7) /usr/lib/x86_64-linux-gnu/libssl.so.3
fl=(190) ???
fn=(7192) 0x0000000000021f40
0 9
cob=(4)
cfi=(178)
cfn=(7198)
calls=1 0 
0 204
0 1
cfn=(7202) 0x0000000000021ed0
calls=1 0 
0 5
0 3

fn=(698) 0x0000000000021f80
0 12

fn=(7202)
0 5

ob=(2)
fl=(107) ./wcsmbs/../sysdeps/x86_64/multiarch/wcscmp.c
fn=(344) wcscmp
30 1
fi=(101) ./wcsmbs/../sysdeps/x86_64/multiarch/ifunc-avx2.h
+10 3
-2 4
fe=(107)
-8 2
fi=(101)
+11 2
+1 3
+3 2
+4 3
+3 5
fe=(107)

fl=(280) ./misc/../sysdeps/unix/sysv/linux/setvmaname.c
fn=(2314) __set_vma_name
33 161
+2 115
+14 210
-9 4
cob=(4)
cfi=(178)
cfn=(574)
calls=1 -40 
* 26
* 3
+7 1
+1 1

fl=(341) ./resolv/./resolv/resolv_context.c
fn=(5444) __resolv_context_freeres
242 72
+2 16
+1 8
+1 16
+6 64

fl=(125) ./string/../sysdeps/x86_64/multiarch/strcpy.c
fn=(386) strcpy
29 3
fi=(118) ./string/../sysdeps/x86_64/multiarch/ifunc-strcpy.h
+9 6
+1 3
-1 6
+1 6
+3 6
+4 9
+3 9
fe=(125)
-20 3

fl=(243)
fn=(1994)
28 2
+5 2
-3 4
+10 2
+1 2
-1 2
+1 4
+2 2
+1 2

fl=(325)
fn=(4030)
39 956151
+1 106239
+2 106239
+1 318717
fi=(297) ./nptl/./nptl/pthread_cond_common.c
186 1556
-70 4668
+70 1556
-69 3112
+2 6220
fi=(291) ./nptl/../include/atomic_wide_counter.h
-89 1556
fe=(325)
+21 1556
+1 1556
-1 1556
+1 1556
-1 1556
+5 7780
fi=(297)
215 1556
-54 1556
fi=(291)
30 1556
fi=(297)
215 1556
-54 1556
+53 1556
-1 4668
+1 6224
-63 9282
+1 1547
-1 3095
fi=(198) ./nptl/../sysdeps/nptl/futex-internal.h
+58 9
fe=(325)
84 2
+1 9
fi=(198)
209 27
fe=(325)
85 9
fi=(198)
209 27
fe=(325)
88 956151
fi=(297)
241 54
+15 45
fi=(198)
146 27
fi=(297)
257 18
+38 27
fi=(291)
57 9
fi=(297)
295 9
fi=(291)
57 27
fi=(297)
302 18
60 54
310 9
+6 9
174 9
316 18
174 9
+1 9
-1 9
+2 18
+1 9
-1 18
320 18
+5 9
fe=(325)
75 27
+2 9
fi=(297)
+74 54
+1 9
-1 18
fi=(198)
+58 27
-63 4
fi=(297)
-3 1
-14 8
+2 10
+3 4
+7 1
fi=(198)
+5 2
fi=(297)
-6 2
fi=(198)
+6 4
fe=(325)

fl=(205)
fn=(908)
73 151
+7 151
+1 151
+3 31
+1 31
+1 31
+4 31
+1 31
+2 19
+1 19
+3 1
+1 1
+1 1
+3 1
+1 1
+3 1
+1 1
+3 1
+1 1
+1 1
+1 1
+1 1
+1 1
+1 1
+1 1
+1 1
+1 1
+3 1
+1 1
+6 1
+1 1
+1 1
+1 1
+4 1
+1 1
+2 1
+1 1
+1 1
+1 1
+3 1
+1 1
+1 1
+1 1
+1 1
+1 1
+2 2
+4 64
+10 64
+1 64
+1 64
+3 128
337 18
+1 18
+1 18
+1 18
+1 18
+1 36
+59 120
+1 120
+5 119
+1 119
+1 119
+1 119
+1 119
+3 110
+1 110
+1 110
+1 110
+3 110
+1 110
+1 58
+1 116
+6 9
+1 9
+2 5
+1 5
+2 5
+1 5
+2 2
+1 2
+1 2
+1 2
+1 2
+1 2
+1 2
+1 2
+1 2
+2 2
+2 2
+4 1
+1 1
+1 1
+1 1
+2 1
+53 4
+1 4
+1 4
+1 4
+1 4
+4 4
+1 4
+1 4
+1 4
+1 4
+1 4
+2 4
+2 4
+24 3
+1 3
+1 3
+1 3
+1 3
+1 3
+1 3
+1 3
+1 3
+1 3
+2 3
+2 3

fl=(258) ./nptl/./nptl/pthread_getattr_default_np.c
fn=(2118) pthread_getattr_default_np@@GLIBC_2.34
24 16
+1 16
-1 32
+1 16
+1 24
cfi=(259) ./nptl/./nptl/pthread_attr_copy.c
cfn=(2120) __pthread_attr_copy
calls=8 -1 
* 360
+1 32
+2 24

fl=(269) ./misc/../sysdeps/unix/sysv/linux/x86_64/clone.S
fn=(2152) clone
52 8
+2 8
+1 8
+1 8
+3 8
+1 8
+3 8
+2 8
+4 8
+3 8
+1 8
+1 8
+1 8
+1 8
+5 8
+2 14
+1 14
+1 14
+2 8
+8 6
+3 6
+1 6
+1 6
cfi=(256)
cfn=(2308) start_thread
calls=6 338 
* 281941270

fl=(335) ./nptl/./nptl/pthread_join_common.c
fn=(5432) __pthread_clockjoin_ex
39 96
+4 48
+5 40
+4 8
+3 8
+2 16
+1 16
+16 40
+10 16
+34 8
-4 8
+7 16
+4 16
cfi=(344) ./nptl/./nptl/nptl_free_tcb.c
cfn=(5460) __nptl_free_tcb
calls=8 25 
* 1202
* 8
+5 8
+3 88
-44 48
cfi=(196) ./nptl/./nptl/cleanup_compat.c
cfn=(784) _pthread_cleanup_push@@GLIBC_2.34
calls=8 -64 
* 56
+5 8
+8 35
cfi=(292) ./nptl/./nptl/futex-internal.c
cfn=(2470) __futex_abstimed_wait_cancelable64
calls=7 +36 
* 595
+2 28
-10 45
+17 24
cfi=(196)
cfn=(802) _pthread_cleanup_pop@@GLIBC_2.34
calls=8 -71 
* 48
* 8

fl=(351) ./libio/./libio/filedoalloc.c
fn=(6436) _IO_file_doallocate
78 11
+6 4
fi=(353) ./libio/./libio/libioP.h
1025 3
+1 2
fe=(351)
84 3
cfi=(350) ./libio/./libio/fileops.c
cfn=(6438) _IO_file_stat
calls=1 1147 
* 9
* 2
+2 4
+11 4
+4 2
cob=(4)
cfi=(178)
cfn=(3156)
calls=1 0 
* 1693
* 1
+1 2
+2 4
cfi=(265) ./libio/./libio/genops.c
cfn=(6442) _IO_setb
calls=1 329 
* 29
+1 1
+1 9

fl=(207)
fn=(1204)
28 1
+1 5
cfi=(188)
cfn=(638)
calls=1 -5 
* 791

fl=(264) ./nptl/./nptl/nptl-stack.c
fn=(2140) __nptl_stack_list_add
43 8
+1 32
fi=(378) ./nptl/../include/list.h
-1 40
+2 8
+2 8
fe=(264)
+5 8
+1 8

fn=(5462) __nptl_deallocate_stack
112 16
+1 16
-1 32
+1 24
+4 8
-88 8
fi=(378)
+26 24
+1 8
fe=(264)
+67 8
-86 8
+86 8
-79 24
fi=(378)
-1 8
+1 16
-1 8
+2 8
+2 8
fe=(264)
+58 8
-1 8
-52 8
+52 16
+1 16
+24 32
+1 32
-23 2
cfn=(6950) __nptl_free_stacks
calls=2 -49 
* 726
* 2

fn=(5966) __nptl_stack_list_del
28 2
+1 4
fi=(378)
+26 6
+1 2
fe=(264)
-19 2
+1 2

fn=(6950)
58 20
+7 12
+5 6
-41 2
fi=(378)
+26 6
+1 2
fe=(264)
+23 2
-3 2
-7 2
+7 2
-39 2
+39 2
+3 2
cob=(4)
cfi=(178)
cfn=(6952)
calls=2 -79 
* 622
+4 6
cfi=(231)
cfn=(2440) munmap
calls=2 +34 
* 12
* 4
+4 4
+4 16

fl=(298)
fn=(3154) __netlink_request
127 18
+12 2
-12 10
+12 2
cob=(4)
cfi=(178)
cfn=(3156)
calls=2 0 
* 358
* 2
+1 4
+3 2
-39 4
+39 2
-39 4
+5 2
fi=(308) ./inet/../string/bits/string_fortified.h
-50 4
fe=(298)
+58 2
-9 4
-1 2
+2 2
+1 2
+1 2
+1 2
fi=(308)
-53 8
fe=(298)
+58 4
+2 14
cfi=(301) ./socket/../sysdeps/unix/sysv/linux/sendto.c
cfn=(3160) sendto
calls=2 -94 
* 132
* 4
+26 10
+5 45
+11 20
cfi=(305) ./socket/../sysdeps/unix/sysv/linux/recvmsg.c
cfn=(3204) recvmsg
calls=5 35 
* 295
* 15
+1 15
cfi=(306) ./inet/../sysdeps/unix/sysv/linux/netlink_assert_response.c
cfn=(3206) __netlink_assert_response
calls=5 44 
* 135
+1 10
+3 15
+3 15
+5 5
-1 5
-1 5
+3 37
+3 27
+1 27
+4 9
-1 9
+1 18
+6 14
-13 28
-1 44
+27 10
+3 10
cob=(4)
cfi=(178)
cfn=(3156)
calls=5 0 
* 1008
+2 10
+2 5
fi=(308)
29 15
fe=(298)
210 10
fi=(308)
29 5
cob=(4)
cfi=(178)
cfn=(3208)
calls=5 -29 
* 430
fe=(298)
210 5
+3 5
-3 5
+2 5
-1 5
+1 5
+1 5
+3 8
+1 4
-69 8
+69 1
-69 2
+72 4
cob=(4)
cfi=(178)
cfn=(3214)
calls=2 0 
* 362
+1 2
+5 24
-12 2
fi=(300) ./inet/../include/time.h
527 3
cfi=(236)
cfn=(1826)
calls=1 30 
* 11
+1 1
fe=(298)
105 3
+81 4

fn=(3142)
827 6
+4 2
cfn=(3144) getifaddrs_internal
calls=1 303 
* 10076
+1 2
+3 3

fn=(3244)
843 1
+1 1
cob=(4)
cfi=(178)
cfn=(3214)
calls=1 0 
* 208

fn=(3146) __netlink_open
240 2
+3 2
-3 4
+3 1
-3 4
+3 1
cfi=(299)
cfn=(3148)
calls=1 120 
* 6
* 1
+1 2
+4 1
fi=(308)
59 3
fe=(298)
248 1
+1 2
fi=(308)
59 2
fe=(298)
249 1
cfi=(299)
cfn=(3150)
calls=1 120 
* 6
* 2
+11 3
-1 1
+1 1
cfi=(299)
cfn=(3152)
calls=1 120 
* 6
* 2
+2 2
+1 1
+1 8

fn=(3144)
303 1
+1 1
-1 4
fi=(309) ./inet/../include/scratch_buffer.h
77 1
fe=(298)
303 3
+15 1
-15 4
+13 1
+2 1
-14 2
fi=(309)
77 1
+1 1
fe=(298)
304 1
+14 1
cfn=(3146)
calls=1 -78 
* 65
* 2
+5 3
cfn=(3154)
calls=1 127 
* 1605
* 2
+12 2
-1 1
+1 1
cfn=(3154)
calls=1 127 
* 1767
+9 1
-9 2
+9 2
-35 1
+34 1
+14 1
-14 2
+1 1
-1 3
+6 1
-2 1
+2 6
-2 4
+2 8
+46 20
-41 106
+3 45
+5 18
+6 27
+3 14
+7 2
-1 2
+3 184
+4 120
+6 232
-10 296
77 2
+3 3
+4 2
+1 1
cob=(4)
cfi=(178)
cfn=(3214)
calls=1 -85 
* 214
-1 8
+1 4
cob=(4)
cfi=(178)
cfn=(3214)
calls=4 -85 
* 348
-5 10
+9 1
233 3
fi=(309)
85 3
fe=(298)
819 12
344 17
+56 4
+6 1
-1 1
+2 1
-2 4
cob=(4)
cfi=(178)
cfn=(3216)
calls=1 0 
* 518
* 1
+4 2
+7 1
fi=(309)
131 5
cfi=(307) ./malloc/./malloc/scratch_buffer_set_array_size.c
cfn=(3218) __libc_scratch_buffer_set_array_size
calls=1 30 
* 25
fe=(298)
416 3
+5 1
+1 1
fi=(308)
59 1
fe=(298)
422 1
-1 1
fi=(308)
59 1
cob=(4)
cfi=(178)
cfn=(2138)
calls=1 -59 
* 15
fe=(298)
424 1
+4 5
-4 3
+4 2
-3 5
+8 1
-2 1
+2 6
-2 4
+2 8
+7 25
544 10
440 96
+5 54
+3 27
+3 14
+11 2
-5 2
278 2
456 2
+6 2
278 10
+9 2
-9 4
+2 9
+4 2
-2 2
+2 4
-1 4
+1 1
471 8
+2 2
-2 8
+2 24
+5 12
+19 4
+44 276
-68 552
+5 69
-3 69
+1 69
+2 331
+45 4
fi=(308)
29 24
fe=(298)
524 2
fi=(308)
29 6
cob=(4)
cfi=(178)
cfn=(3208)
calls=2 -29 
* 62
fe=(298)
541 2
-17 4
fi=(308)
29 2
fe=(298)
386 2
+6 2
-6 4
+6 2
80 5
428 15
793 8
+2 1
79 1
795 2
+2 3
+5 4
-4 4
-1 6
+14 1
312 1
811 2
514 6
+2 8
+1 2
cob=(4)
cfi=(178)
cfn=(3220)
calls=2 0 
* 41
* 4
+1 2
+23 4
-60 8
+2 6
fi=(308)
29 8
fe=(298)
484 2
fi=(308)
29 24
cob=(4)
cfi=(178)
cfn=(3208)
calls=2 -29 
* 48
fe=(298)
488 2
-2 6
+2 2
+1 2
-3 2
+3 2
+3 4
+49 4
440 16
554 5
+1 5
-8 5
+1 5
+6 5
+1 5
-1 5
278 30
+9 14
-9 8
+2 21
559 60
+1 10
+1 5
+1 5
+2 115
+5 22
+58 9
+5 3
fi=(308)
59 3
fe=(298)
634 6
-2 3
+2 3
fi=(308)
59 3
fe=(298)
632 18
fi=(308)
59 6
fe=(298)
635 3
-3 3
fi=(308)
59 39
cob=(4)
cfi=(178)
cfn=(3224)
calls=3 -59 
* 63
* 9
fe=(298)
639 3
+2 6
+2 6
+90 20
564 8
733 84
564 192
+5 25
-3 25
+1 25
+2 100
675 8
fi=(308)
59 6
fe=(298)
676 4
fi=(308)
59 30
cob=(4)
cfi=(178)
cfn=(3224)
calls=2 -59 
* 42
* 6
fe=(298)
680 2
+2 4
+2 4
575 35
+19 10
+2 14
715 9
+2 3
+1 6
-1 3
+1 3
cob=(4)
cfi=(178)
cfn=(3220)
calls=3 0 
* 63
+1 31
+19 10
+10 15
+1 5
+1 20
+6 10
+2 14
+3 3
+1 3
+10 3
+6 9
+5 9
-11 2
+6 6
+5 6
+1 41
+1 15
+1 5
440 10
+59 4
fi=(308)
29 4
fe=(298)
499 4
fi=(308)
29 4
fe=(298)
500 2
fi=(308)
29 26
cob=(4)
cfi=(178)
cfn=(3208)
calls=2 -29 
* 48
fe=(298)
504 2
-2 6
+2 2
+2 2
-4 2
+4 2
+3 4
+32 4
+66 4
+2 2
fi=(308)
29 34
cob=(4)
cfi=(178)
cfn=(3208)
calls=2 -29 
* 40
fe=(298)
611 10
+1 2
+2 2
733 2
600 6
+1 3
fi=(308)
29 45
cob=(4)
cfi=(178)
cfn=(3208)
calls=3 -29 
* 72
fe=(298)
733 3
fi=(308)
29 3
fe=(298)
647 6
+1 3
fi=(308)
29 57
cob=(4)
cfi=(178)
cfn=(3208)
calls=3 -29 
* 72
fe=(298)
733 3
fi=(308)
29 3
fe=(298)
688 4
+1 2
fi=(308)
29 38
cob=(4)
cfi=(178)
cfn=(3208)
calls=2 -29 
* 48
fe=(298)
733 2
fi=(308)
29 2
fe=(298)
589 5
+1 15
+1 15
284 5
559 15
fi=(308)
29 4
fe=(298)
740 8
287 6
-9 5
+2 9
744 6
+22 2
+1 4
284 2
744 6
+40 34

fl=(86) ./string/../sysdeps/x86_64/multiarch/strcmp.c
fn=(294) strcmp
79 5
-31 10
+1 5
-2 20
+2 10
+3 10
+4 15
+3 15
+20 5

fl=(116) ./wcsmbs/../sysdeps/x86_64/multiarch/wcscpy.c
fn=(364) wcscpy
60 1
-17 2
-1 4
+2 3
+2 2
+4 3
+10 1

fl=(136) ./string/../sysdeps/x86_64/multiarch/strspn.c
fn=(426) strspn
29 2
fi=(379) ./string/../sysdeps/x86_64/multiarch/ifunc-sse4_2.h
+7 10
fe=(136)
-7 2

fl=(247)
fn=(2078)
27 144
+1 24
+9 12
+1 12
-1 48
-4 24
+4 12
-4 12
+5 24
cfi=(248)
cfn=(2080) __vsnprintf_internal
calls=12 +55 
* 8995
+4 60

fl=(177) ./nptl/./nptl/pthread_mutex_conf.c
fn=(572) __pthread_tunables_init
55 2
+1 2
-1 2
+1 2
-1 4
+1 1
cob=(4)
cfi=(178)
cfn=(574)
calls=1 -56 
* 26
+2 4
cob=(4)
cfi=(178)
cfn=(574)
calls=1 -58 
* 25
+2 4
cob=(4)
cfi=(178)
cfn=(574)
calls=1 -60 
* 26
+2 6

fl=(229)
fn=(3270) __strtoul_internal
107 8
+1 32
cfi=(230) ./stdlib/../stdlib/strtol_l.c
cfn=(1670) ____strtoul_l_internal
calls=8 238 
* 970

fn=(4554)
125 3
+1 15
cfi=(230)
cfn=(4556) ____strtol_l_internal
calls=3 238 
* 362

fn=(1668)
125 1
+1 5
cfi=(230)
cfn=(1670)
calls=1 238 
* 126

fl=(304)
fn=(3202)
28 675
+2 675
-2 675
+2 675
-2 4050
+2 1350
cfi=(276) ./nptl/./nptl/cancellation.c
cfn=(2296) __pthread_enable_asynccancel
calls=675 +1 
* 12150
* 8100
cfi=(276)
cfn=(2300) __pthread_disable_asynccancel
calls=675 +33 
* 10125
* 675
+4 1350

fl=(303) ./nptl/./nptl/lowlevellock.c
fn=(5970) __lll_lock_wait
41 1
+1 1
-1 1
+1 2
+3 8
+3 1
fi=(198)
+98 8
-59 1
fe=(303)

fn=(3194) __lll_lock_wake
63 147
+1 735
+1 147

fl=(324)
fn=(3912)
40 1
+1 2
+1 1

fl=(223)
fn=(1636)
255 532888
+1 532888
+6 532888
+1 532888
+2 106680
+1 106680
+1 106680
+3 106680
+1 106680
+1 106680
+3 213360
+30 426208
+1 426208
+2 425647
+1 425647
+2 213069
+4 213069
+1 446
+1 446
+1 444
+1 444
+1 244
+1 244
+2 244
+2 244
-2 200
+2 202
+6 212623
+1 212623
+1 212623
+1 212623
+1 212623
+7 561
+1 561
+1 561
+1 561
+2 561
+17 212578
+1 212578
+1 212578
+1 212578
+1 212578

fn=(3210)
249 21
+1 21
+1 105
+4 21
+1 21
+6 21
+1 21
+2 5
+1 5
+1 5
+38 16
+1 16
+2 12
+1 12
+2 12
+4 12
+16 12
+1 12
+1 12
+1 12
+1 12
+7 4
+1 4
+1 4
+1 4
+2 4
+28 2
+1 2
+1 2
+1 2
+1 2
+1 2
+1 4
+5 5
+1 5
+5 5
+1 5
+2 4
+1 4
+1 4
+2 2
+1 2
+1 2
+1 2
+1 2
+1 2
+1 2
+1 2
+1 2
+1 2
+1 2
+1 2
+1 2
+1 2
+1 4
+4 1
+1 1
+4 1
+2 1
+4 1
+1 1
+11 1
+3 1
+2 1
+2 1
+4 1
+1 1
+66 1
+1 1
+2 1
+1 1
+1 1
+2 1
+2 1
+2 2
+6 1
+1 1
+1 1
+1 1
+1 1
+1 1
+1 1
+1 1
+1 1
+1 1
+1 1
+1 1
-11 21
+1 21
+1 21
+1 21
+1 21
+1 21
+1 21
+1 21
+1 21
+1 21
+1 21
+1 21
+2 1
+1 1
+1 1
+1 1
+2 1
+1 2

fn=(3222)
242 84
+1 84
+1 84
+1 84
+17 84
+1 84
+42 84
+1 84
+2 81
+1 81
+2 72
+4 72
+1 43
+1 43
+1 43
+1 43
+1 19
+1 19
+2 19
+2 19
-2 24
+2 24
+6 29
+1 29
+1 29
+1 29
+1 29
+7 3
+1 3
+1 3
+1 3
+2 3
+17 9
+1 9
+1 9
+1 9
+1 9

fl=(127) ./string/../sysdeps/x86_64/multiarch/strlen.c
fn=(398) strlen
29 5
fi=(84) ./string/../sysdeps/x86_64/multiarch/ifunc-avx2.h
+11 15
-2 20
fe=(127)
-9 10
fi=(84)
+12 10
+1 15
+3 10
+4 15
+3 25
fe=(127)

fl=(174) ./ctype/./ctype/ctype-info.c
fn=(566) __ctype_init
29 9
+2 63
+2 36
+2 36
+1 9

fl=(228)
fn=(1664)
25 114178
+1 228356
+1 114178

fl=(239)
fn=(2466) __pthread_mutex_unlock_usercnt
48 145
+3 435
+1 290
-4 435
+9 290
+5 145
+1 290
-24 145
+1 580
+30 145
+2 145
+32 290
-61 586
cfi=(303)
cfn=(3194)
calls=3 +20 
* 21
* 6

fn=(1842)
367 410152
51 1230456
+1 820304
367 1230456
57 820304
+8 410152
-3 410152
-23 410152
+1 1640608
+1 5
+29 5
+2 5
369 10
70 410147
+2 410147
369 820294
43 1640876
cfi=(303)
cfn=(3194)
calls=144 +20 
* 1008
* 288
+31 8166
+6 16332
+4 12249
+3 8166

fl=(94) ./debug/../sysdeps/x86_64/multiarch/memcpy_chk.c
fn=(312) __memcpy_chk
29 3
fi=(93) ./debug/../sysdeps/x86_64/multiarch/ifunc-memmove.h
+28 9
-1 6
+4 9
+14 6
+3 6
+8 6
+8 6
+3 15
fe=(94)

fl=(242)
fn=(1988)
24 2
+7 2
+3 4

fl=(354) ./stdio-common/./stdio-common/printf_fp.c
fn=(6516) hack_digit
88 136
+3 34
-3 34
+3 68
+2 34
+2 68
-2 68
+8 56
+21 69
cfi=(361) ./stdlib/../sysdeps/x86_64/mul_1.S
cfn=(6508) __mpn_mul_1
calls=23 -91 
* 483
+1 46
+1 90
+4 115
-23 168
cfi=(365) ./stdlib/./stdlib/divrem.c
cfn=(6518) __mpn_divrem
calls=28 -59 
* 1249
+2 28
-2 28
+2 84
+3 28
-2 28
+2 28
+1 112
+1 10
-1 61
+11 23
-4 46
-23 6
+1 18
-1 6
+1 6
cfi=(361)
cfn=(6508)
calls=6 -65 
* 126
+31 6
-31 6
+32 30
-10 5
-1 5
+11 25

fn=(6496) __printf_fp_buffer_1.isra.0
138 144
+21 8
+18 8
+10 8
-28 56
+62 16
1030 88
226 24
+4 56
+36 8
+5 8
-49 8
+44 32
+1 8
+1 16
+3 104
+1 8
-1 8
+1 24
-1 8
+1 16
-1 8
+1 64
+1 8
-1 16
+1 104
+6 8
-6 16
+7 16
+17 5
+4 20
-4 10
+16 10
+11 5
-41 5
+10 5
+31 5
-30 35
+33 15
+41 5
+1 5
-1 5
+1 15
fi=(359) ./stdio-common/../string/bits/string_fortified.h
29 5
cob=(4)
cfi=(178)
cfn=(2094)
calls=5 -29 
* 65
fe=(354)
385 47
+18 9
-9 9
+2 18
-2 51
+2 102
-74 120
-4 60
+4 245
-4 5
+4 20
+15 14
-13 28
+53 9
-2 54
cfi=(360) ./stdlib/./stdlib/mul.c
cfn=(6506) __mpn_mul
calls=9 48 
* 693
+5 18
+1 18
fi=(359)
29 10
fe=(354)
388 10
fi=(359)
29 5
cob=(4)
cfi=(178)
cfn=(2094)
calls=5 -29 
* 65
fe=(354)
389 15
+1 15
+1 5
+3 5
-4 5
-1 5
+1 5
+1 15
+5 10
+1 10
+6 10
+4 5
+4 5
-4 5
+4 15
-4 60
+6 6
665 8
+9 8
-9 8
+9 8
+6 8
-15 8
+9 16
+6 8
-6 16
+2 16
+10 16
+52 16
+8 16
fi=(364) ./stdio-common/../sysdeps/pthread/allocalim.h
27 8
fe=(354)
746 8
fi=(364)
27 8
cfi=(363) ./nptl/./nptl/alloca_cutoff.c
cfn=(6512) __libc_alloca_cutoff
calls=8 * 
* 88
+2 16
fe=(354)
759 112
fi=(364)
29 8
fe=(354)
759 24
+4 8
-3 16
+3 16
+3 24
+7 48
+2 16
-4 8
+4 8
+14 16
-2 8
+1 40
+1 8
+1 16
-1 16
+1 48
91 16
792 16
+2 16
91 32
+2 16
+2 32
-2 32
+8 20
+4 60
cfi=(365)
cfn=(6518)
calls=10 -59 
* 430
+2 10
+4 10
-6 10
+2 30
+1 10
+2 20
+1 20
+1 10
-1 25
+7 5
+4 15
cfi=(361)
cfn=(6508)
calls=5 -91 
* 105
+1 10
+1 20
793 4
+1 8
-1 12
+1 24
+1 32
230 48
cfi=(356) ./stdlib/../sysdeps/ieee754/dbl-64/dbl2mpn.c
cfn=(6498) __mpn_extract_double
calls=8 33 
* 178
* 32
+4 8
382 27
796 27
95 6
+1 18
-1 12
+1 6
cfi=(361)
cfn=(6508)
calls=6 -65 
* 126
* 6
+31 18
805 40
+1 24
cfn=(6516)
calls=8 88 
* 609
+2 16
-2 8
+2 40
+2 18
+3 4
+5 4
-8 4
+8 16
-9 1
fi=(366) ./stdio-common/../sysdeps/generic/get-rounding-mode.h
94 1
+1 4
-1 7
+1 52
fi=(367) ./stdio-common/../include/rounding-mode.h
-37 2
fe=(354)
935 7
-11 21
+7 14
+4 16
+45 40
+3 16
+8 16
-4 8
+4 8
+5 16
-9 32
+9 32
fi=(253) ./stdio-common/../include/printf_buffer.h
163 24
fe=(354)
999 32
+2 24
+5 16
fi=(253)
163 24
fe=(354)
1009 24
+13 32
cfi=(251) ./stdio-common/./stdio-common/Xprintf_buffer_write.c
cfn=(2088) __printf_buffer_write
calls=8 27 
* 432
+2 24
+4 24
117 5
+1 10
483 6
655 9
+4 6
cfi=(357) ./stdlib/../sysdeps/x86_64/lshift.S
cfn=(6500) __mpn_lshift
calls=3 28 
* 48
* 3
+1 15
+1 6
385 42
cfi=(358) ./stdlib/./stdlib/cmp.c
cfn=(6502) __mpn_cmp
calls=14 31 
* 168
* 28
+3 10
fi=(367)
52 18
fe=(354)
835 1
-5 2
+5 4
+5 3
+2 2
+2 2
+80 3
-69 2
+80 1
-11 3
766 24
-78 16
+1 16
+3 24
+2 8
+2 16
+42 16
994 32
+2 16
308 5
-2 5
+2 5
-3 5
+3 20
-3 10
cfi=(357)
cfn=(6500)
calls=5 28 
* 80
+4 10
-4 5
+4 35
+1 10
+1 41
766 24
+3 16
cfn=(6516)
calls=8 88 
* 746
* 36
cfn=(6516)
calls=18 88 
* 2078
* 26
-3 86
+44 12
+3 2
407 2
+6 4
1003 16
439 6
+3 34
+16 9
+2 3
-2 3
cfi=(362) ./stdlib/../sysdeps/x86_64/rshift.S
cfn=(6510) __mpn_rshift
calls=3 28 
* 54
+3 6
-1 3
+1 3
-1 3
+1 9
cfi=(362)
cfn=(6510)
calls=3 28 
* 54
+2 18
+14 10
-4 2
-21 4
+19 2
-1 6
+1 2
-1 6
cfi=(362)
cfn=(6510)
calls=2 28 
* 36
+4 6
-1 2
+1 6
cfi=(362)
cfn=(6510)
calls=2 28 
* 36
+3 2
+1 10
-48 2
+4 2
-5 2
+5 12
694 64
834 2

fn=(6492) __printf_fp_l_buffer
1099 96
+3 8
-3 56
+3 16
+13 16
+2 8
-2 8
cob=(4)
cfi=(178)
cfn=(640)
calls=8 0 
* 128
* 16
+1 40
+31 88
-30 16
fi=(355) ./stdio-common/../include/../locale/localeinfo.h
331 16
fe=(354)
1111 8
fi=(355)
331 8
fe=(354)
1112 16
+10 56
cfn=(6496)
calls=8 138 
* 11194
+4 8

fl=(184)
fn=(614)
53 6
+1 6
+1 6
+2 6
+1 6
+4 6
+1 6
+1 6
+3 6
+2 6
+1 6
+1 6
+1 6
+3 5
+1 5
+2 5
+1 5
+1 5
+1 3
+1 3
+9 10
+6 1
+1 1
+1 1
+1 1
+1 1
+4 1
+1 1
+1 1
+1 1
+1 1
+1 1
+5 2
+41 1
+3 1
+1 1
+1 1
+1 1
+1 1
+1 1

fl=(201)
fn=(888)
32 512
+5 256
-5 2048
+5 1536
+5 512
+4 384
fi=(380) ./wcsmbs/./wcsmbsload.h
+23 128
+1 384
fe=(201)
-23 128
+1 128
-1 128
+1 128
+4 512
+3 256
cfi=(202) ./elf/./elf/libc-dl-profstub.c
cfn=(890) _dl_mcount_wrapper_check
calls=128 -19 
* 640
* 512
+39 128
-39 256
+39 512
-39 128
cfi=(203) ./iconv/./iconv/gconv_simple.c
cfn=(892) __gconv_btwoc_ascii
calls=128 -6 
* 768
+39 1152

fl=(244)
fn=(2000)
27 2
fi=(220) ./nptl/../string/bits/string_fortified.h
+32 8
fe=(244)
-21 12
+6 4
+1 2
+2 2
+3 4

fl=(100) ./wcsmbs/../sysdeps/x86_64/multiarch/wcscat.c
fn=(328) wcschr
31 2
fi=(101)
+9 6
-2 8
fi=(102) ./wcsmbs/../sysdeps/x86_64/multiarch/wcschr.c
-7 4
fi=(101)
+10 4
+1 6
+3 4
+4 6
+3 10
fe=(100)

fn=(394) wcscat
31 1
fi=(97) ./wcsmbs/../sysdeps/x86_64/multiarch/ifunc-wcs.h
+9 3
-1 4
+2 3
+3 2
+4 4
fe=(100)
-17 1

fl=(108) ./string/../sysdeps/x86_64/multiarch/stpncpy.c
fn=(348) stpncpy
31 1
fi=(109) ./string/../sysdeps/x86_64/multiarch/ifunc-strncpy.h
+4 5
+1 3
+3 2
+4 3
+3 4
fe=(108)
-15 1

fl=(185) ./libio/./libio/vtables.c
fn=(616) check_stdfiles_vtables
545 1
+1 4
+1 3
+1 3
+2 1

fl=(230)
fn=(1670)
238 45
+54 9
-54 9
+19 9
-19 36
+14 9
-14 27
+26 18
+31 36
+9 54
+2 18
+5 18
-1 9
+6 18
+4 18
+15 10
+10 20
-87 5
390 15
+1 15
+4 5
+56 25
+26 5
+1 5
-84 5
-1 5
+96 10
-12 4
+1 4
-84 4
-1 4
+96 8
-5 28
+5 14
+1 42
-41 28
+2 56
+2 60
+7 12
+17 12
+4 42
+3 28
+11 18
+5 27
+1 9
+12 18
+11 45
+22 81
342 2
-20 28
+5 8
+63 4
+1 8
-1 4
+1 12
+4 8
-63 20

fn=(4556)
238 15
+54 3
-54 3
+19 3
-19 12
+14 3
-14 9
+26 6
+31 12
+9 18
+2 6
+5 6
-1 3
+6 6
+4 6
+15 6
+10 12
-87 6
395 3
+56 15
+26 3
+1 3
-84 3
-1 3
+96 6
-5 12
+5 6
+1 18
-41 12
+2 24
+2 18
+28 18
+3 12
+11 6
+5 9
+1 2
+5 6
+3 3
+15 3
-15 6
-2 6
+39 24
342 6

fl=(276)
fn=(2300)
63 4773
+3 14319
+5 14319
+3 4773
+2 4773
-2 4773
+2 9546
+7 14319

fn=(2296)
31 4773
+1 4773
+1 9546
+4 9546
+2 9546
+3 19092
fi=(277) ./nptl/../nptl/descr.h
439 9546
fe=(276)
45 9546
+11 9546

fl=(292)
fn=(2470)
138 1216
-61 304
+3 304
+3 456
+1 304
-27 456
+46 1132
+10 152
+28 912
-38 42
fi=(198)
-16 304
fe=(292)
-30 304
cfi=(276)
cfn=(2296)
calls=152 -26 
* 2736
* 1824
cfi=(276)
cfn=(2300)
calls=152 +6 
* 2280
* 152
+20 74

fl=(189)
fn=(642)
52 53411
+13 53411
+1 53411
+1 53411
+3 53411
+2 53411
+1 53411
+3 53411
+1 53411
+8 53411
+1 53411
+1 53366
+5 106732
+26 44
+13 44
+1 44
+1 44
+6 88
+4 1
+13 1
+1 1
+1 1
+6 2
+57 45
+15 45
+6 45
+1 45
+1 45
+2 1
+1 1
+1 1
+1 1

fl=(272) ./stdio-common/./stdio-common/Xprintf_buffer_flush.c
fn=(2176) __printf_buffer_flush
61 1
fi=(253)
+54 1
fe=(272)
-53 2
-1 4
fi=(273) ./stdio-common/./stdio-common/printf_buffer_flush.c
-20 7
fe=(272)
+25 2
+4 3
+1 1
+1 3
fi=(273)
-25 1
cfi=(248)
cfn=(2180) __printf_buffer_flush_snprintf
calls=1 -12 
* 18
fi=(253)
+68 1
fi=(273)
-67 1
fe=(272)

fl=(282)
fn=(2324)
26 7
+1 14
fi=(283) ./signal/../sysdeps/unix/sysv/linux/sigsetops.h
+85 14
fe=(282)
-77 7
+1 7

fl=(284)
fn=(2332)
25 49
+5 14
+2 7
fi=(381) ./nptl/../sysdeps/unix/sysv/linux/sigsetops.h
+64 7
fe=(284)
-64 14
+8 35
+5 35
+1 35

fl=(285)
fn=(2344)
23 14
+2 28

fl=(377) ./posix/../sysdeps/unix/sysv/linux/_exit.c
fn=(7260) _Exit
27 2
+3 2

fl=(327)
fn=(4398)
26 32
+2 20
+7 8
+1 12
+7 24

fl=(117) ./string/../sysdeps/x86_64/multiarch/strcat.c
fn=(366) strcat
29 2
fi=(118)
+9 4
+1 2
-1 4
+1 4
+3 4
+4 6
+3 6
fe=(117)
-20 2

fl=(358)
fn=(6502)
31 14
+4 28
+2 14
+1 14
+1 28
+8 70

fl=(139) ./string/../sysdeps/x86_64/multiarch/strncase.c
fn=(436) strncasecmp
31 1
fi=(114) ./string/../sysdeps/x86_64/multiarch/ifunc-strcasecmp.h
+6 2
-1 4
fe=(139)
-5 2
fi=(114)
+7 3
+3 2
+4 3
+3 4
fe=(139)

fl=(188)
fn=(638)
24 1008
+1 896
+3 112
cob=(4)
cfi=(178)
cfn=(640)
calls=112 -28 
* 1836
+1 112
-1 112
+1 30784
+2 15284
+1 1324
cob=(4)
cfi=(178)
cfn=(1206)
calls=331 -32 
* 9093
* 666
+1 2
+4 1008

fl=(110) ./wcsmbs/../sysdeps/x86_64/multiarch/wmemchr.c
fn=(352) wmemchr
31 2
fi=(111) ./wcsmbs/../sysdeps/x86_64/multiarch/ifunc-evex.h
+7 6
-1 8
+2 6
+6 4
-3 4
+9 6
+3 8
fe=(110)
-23 2

fl=(245)
fn=(2006)
23 2
+3 4

fl=(219)
fn=(1416)
53 1008
+12 168
+3 315
fi=(220)
-9 252
fe=(219)
+33 189
+10 252
+3 504
+31 336
+4 84
+9 84
+2 84
+1 840
fi=(220)
-93 42
fe=(219)
+33 42
fi=(220)
-33 21
fe=(219)
+6 21
fi=(220)
-6 42
fe=(219)

fl=(362)
fn=(6510)
28 10
+1 10
+1 10
+1 10
+13 10
+1 10
+16 10
+1 10
+1 10
+1 10
+1 10
+1 10
+1 10
+5 10
+1 10
+1 10
+1 10
+1 10

fl=(368)
fn=(6542)
25 72
+3 16
+2 16
+1 56
fi=(353)
979 16
+1 32
fe=(368)
34 48
-4 112
fi=(353)
980 48
fe=(368)

fl=(261) ./misc/../sysdeps/unix/sysv/linux/getpagesize.c
fn=(2124) getpagesize
27 16
+1 64
+2 16

fl=(95) ./string/../sysdeps/x86_64/multiarch/memrchr.c
fn=(316) memrchr
29 1
fi=(84)
+11 3
-2 4
fe=(95)
-9 2
fi=(84)
+12 2
+1 3
+3 2
+4 3
+3 5
fe=(95)

fl=(179) ./nptl/../sysdeps/unix/sysv/linux/x86/elision-conf.c
fn=(576) __lll_elision_init
92 2
+4 1
-4 2
+4 2
-4 1
+4 1
-4 3
+4 1
cob=(4)
cfi=(178)
cfn=(574)
calls=1 -96 
* 26
+2 4
cob=(4)
cfi=(178)
cfn=(574)
calls=1 -98 
* 26
+2 4
cob=(4)
cfi=(178)
cfn=(574)
calls=1 0 
* 26
+2 4
cob=(4)
cfi=(178)
cfn=(574)
calls=1 0 
* 26
+2 4
cob=(4)
cfi=(178)
cfn=(574)
calls=1 0 
* 26
+3 3
+1 1
+1 6

fl=(268) ./misc/../sysdeps/unix/sysv/linux/x86_64/clone3.S
fn=(2150) clone3
42 1
+2 1
+1 1
+1 1
+1 1
+1 1
+4 1
+3 1
+5 1
+2 1
+1 1
+23 5

fl=(301)
fn=(3160)
25 2
+2 2
-2 2
+2 2
-2 18
+2 4
cfi=(276)
cfn=(2296)
calls=2 +4 
* 36
* 28
cfi=(276)
cfn=(2300)
calls=2 +36 
* 30
* 2
+6 6

fl=(365)
fn=(6518)
46 532
+3 76
234 342
62 38
+1 38
-16 38
+18 76
+7 195
+1 27
-1 54
+1 54
-1 54
+4 76
+3 38
+2 38
-13 1
-1 1
+1 1

fl=(369)
fn=(6556)
32 18
+1 36
-1 90
+7 36
+1 18
fi=(353)
1025 54
+1 36
fe=(369)
40 36
cfi=(350)
cfn=(6558) _IO_file_sync@@GLIBC_2.2.5
calls=18 793 
* 1682
* 36
fi=(353)
979 36
+1 72
fe=(369)
44 90
-5 252
fi=(353)
980 108
fe=(369)

fl=(275)
fn=(2294)
30 20
+3 10
-3 100
+3 60
+8 20
+2 80
-2 20
cfi=(276)
cfn=(2296)
calls=10 -10 
* 180
* 120
cfi=(276)
cfn=(2300)
calls=10 +22 
* 150
* 20

fl=(349)
fn=(6428)
31 480
+1 80
-1 80
+1 80
-1 160
+4 480
+2 1360
+1 241
+1 1
fi=(353)
1025 1
fe=(349)
39 1
fi=(353)
1025 1
+1 2
fe=(349)
39 79
fi=(353)
1025 79
fe=(349)
39 79
fi=(353)
1025 79
+1 158
fe=(349)
39 400
cfi=(350)
cfn=(6430) _IO_file_xsputn@@GLIBC_2.2.5
calls=80 1198 
* 7277
+6 160
fi=(353)
979 160
fe=(349)
45 160
+1 80
+3 720
-11 158
fi=(353)
980 800
fe=(349)

fl=(287)
fn=(2360)
28 77
+4 49
+7 35
+7 28
+9 21
cfi=(234)
cfn=(2362) sched_setscheduler
calls=7 +65 
* 42
* 14
+7 7
fi=(220)
-33 7
fe=(287)
+35 7
fi=(220)
-35 7
fe=(287)
+7 7
+31 28
+3 77

fl=(299)
fn=(3152)
120 30
+2 6

fn=(3148)
120 15
+2 3

fn=(3150)
120 10
+2 2

fn=(4628)
120 20
+2 4

fn=(3336)
120 5
+2 1

fn=(6722)
120 10
+2 2

fl=(350)
fn=(6430)
1198 560
+7 80
-7 160
+6 320
+9 160
-2 320
+17 240
+1 158
+5 79
+2 158
+2 79
-4 79
+2 79
+2 79
-1 79
-1 79
cob=(4)
cfi=(178)
cfn=(3220)
calls=79 0 
* 1543
+2 79
-2 79
+4 158
+28 720
-68 1
+44 1
fi=(353)
1025 3
+1 2
fe=(350)
1244 3
cfn=(6432) _IO_file_overflow@@GLIBC_2.2.5
calls=1 732 
* 1873
* 2
+6 2
+1 5
+2 3
+11 2
+1 4
cfi=(265)
cfn=(6446) _IO_default_xsputn
calls=1 371 
* 85
+2 3

fn=(6438)
1147 1
+1 2
cfi=(352) ./io/../sysdeps/unix/sysv/linux/fstat64.c
cfn=(6440) fstat
calls=1 30 
* 6

fn=(6444) _IO_do_write@@GLIBC_2.2.5
424 9
+2 27
+1 1
-3 24
fi=(353)
1025 8
fe=(350)
424 64
+20 8
-10 16
+7 32
fi=(353)
1025 16
+1 16
fe=(350)
449 32
cfn=(6562) _IO_file_write@@GLIBC_2.2.5
calls=8 1174 
* 760
* 8
+1 24
+2 8
+4 16
-3 16
-1 16
+4 24
-30 16
+28 8
-28 16
+1 64
+28 24

fn=(6562)
1174 64
+2 32
-1 16
+6 8
cfi=(295)
cfn=(3016)
calls=8 25 
* 456
+1 16
+5 8
+1 8
-12 16
+4 24
+1 16
+10 24
+3 48
-4 24

fn=(6558)
793 133
+5 76
+1 24
+1 19
+1 38
+11 38
+4 95
-17 16
cfn=(6444)
calls=8 424 
* 1248
* 16

fn=(7256) _IO_file_setbuf@@GLIBC_2.2.5
382 6
+1 1
cfi=(265)
cfn=(7258) _IO_default_setbuf
calls=1 +69 
* 69
* 2
+3 1
+4 2
-2 3
+3 3

fn=(6432)
732 8
+1 4
+7 3
+3 2
+12 2
+9 3
+5 3
+2 2
-5 1
+5 1
+1 1
-5 1
+1 1
+4 2
-7 1
+10 2
+13 1
-12 1
+1 1
+11 4
-12 1
cfn=(6444)
calls=1 424 
* 5
-4 2
-27 2
cfi=(265)
cfn=(6434) _IO_doallocbuf
calls=1 343 
* 1812
+1 1
+9 1
-9 5

fl=(352)
fn=(6440)
30 1
+9 4
+33 1

fl=(175) ./resource/../sysdeps/unix/sysv/linux/getrlimit64.c
fn=(568) getrlimit
38 2
+1 7
+1 1

fl=(208)
fn=(1208)
206 331
+24 331
+5 331
+14 331
+25 331
+1 331
+1 331
+2 331
+1 331
+4 331
+4 331
+2 331
+2 331
+3 331
+2 331
+1 331
+6 10
+1 20
+4 10
+10 10
+1 10
+3 10
+4 20
-18 319
+10 319
+1 319
+3 319
+4 638
+5 321
+1 321
+1 321
+4 2
+1 4
957 18
+1 18
+1 18
+1 18
+2 18
+3 18
+1 18
1076 18
+1 18

fn=(2982)
206 17
+43 17
+25 17
+1 17
+1 17
+2 17
+1 17
+4 17
+4 17
+2 17
+2 17
+3 17
+9 17
+1 17
+4 3
+10 3
+1 3
+3 3
+4 6
+45 14
+17 14
+1 14
+3 14
+3 28
+61 14
+1 14
+1 14
+1 14
+1 14
+1 14
+1 14
953 1
+1 1
+3 1
+1 1
+1 1
+1 1
+2 1
+3 1
+1 1
+4 1
+1 1

fl=(128) ./string/../sysdeps/x86_64/multiarch/strncpy.c
fn=(402) strncpy
29 3
fi=(109)
+6 15
+1 9
+3 6
+4 9
+3 12
fe=(128)
-17 3

fl=(293)
fn=(2478)
26 29
+1 58
-1 116
+1 29
cfi=(276)
cfn=(2296)
calls=29 +4 
* 522
* 261
cfi=(276)
cfn=(2300)
calls=29 +36 
* 435
* 29
+1 58

fl=(173) ./elf/./elf/libc_early_init.c
fn=(564) __libc_early_init
33 9
+2 1
cfi=(174)
cfn=(566)
calls=1 -6 
* 17
+3 1
fi=(176) ./elf/../sysdeps/nptl/pthread_early_init.h
-5 2
fe=(173)
+8 1
-3 1
+3 1
fi=(176)
-8 1
cfi=(175)
cfn=(568)
calls=1 +5 
* 10
* 3
+1 1
+4 5
+7 1
fi=(382) ./elf/../nptl/nptl-stack.h
+16 3
fi=(176)
-16 1
fi=(382)
+16 2
fi=(176)
-7 1
fi=(382)
+7 3
fi=(176)
-9 1
-6 1
+2 2
+4 4
+1 1
+3 1
cfi=(177)
cfn=(572)
calls=1 -1 
* 104
fe=(173)
-9 3
+2 2
-2 1
cfi=(179)
cfn=(576)
calls=1 +45 
* 169

fl=(182) ./csu/./csu/init-first.c
fn=(608) _init_first
46 6
+5 2
+4 5
+8 1
-2 1
+10 1
-9 1
+1 1
+9 3
-1 1
cfi=(183) ./misc/./misc/init-misc.c
cfn=(610) __init_misc
calls=1 -41 
* 61

fl=(363)
fn=(6512)
27 8
+1 72
+7 8

fl=(115) ./string/../sysdeps/x86_64/multiarch/strcspn.c
fn=(362) strcspn
29 2
fi=(379)
+7 10
fe=(115)
-7 2

fl=(134) ./string/../sysdeps/x86_64/multiarch/memchr.c
fn=(422) memchr
29 4
fi=(135) ./string/../sysdeps/x86_64/multiarch/ifunc-evex.h
+9 12
-1 16
+2 12
+6 8
-3 8
+9 12
+3 16
fe=(134)
-25 4

fl=(237)
fn=(3568) random
288 16
+3 8
-3 40
+3 16
+2 24
cfi=(238) ./stdlib/./stdlib/random_r.c
cfn=(3570) random_r
calls=8 +61 
* 224
+2 32
+2 8
+1 40

fn=(1832)
209 2
+1 2
-1 4
+1 2
+1 3
cfi=(238)
cfn=(1834) srandom_r
calls=1 -49 
* 6212
+1 4
+1 3

fl=(345)
fn=(5570)
26 84
+1 84
+4 252
+2 84
+1 84
-1 168
+6 84
+2 84
+1 84

fl=(279) ./stdio-common/./stdio-common/snprintf.c
fn=(2312) snprintf
26 96
+4 8
+1 16
-1 40
+1 8
cfi=(248)
cfn=(2080)
calls=8 +62 
* 4304
+4 40

fl=(163) ./time/../sysdeps/unix/sysv/linux/gettimeofday.c
fn=(526) gettimeofday
42 2
fi=(383) ./time/../sysdeps/unix/sysv/linux/dl-vdso.h
-2 4
+1 4
fe=(163)
+1 4

fl=(87) ./wcsmbs/../sysdeps/x86_64/multiarch/wcsnlen.c
fn=(296) wcsnlen
30 1
fi=(88) ./wcsmbs/../sysdeps/x86_64/multiarch/ifunc-wcslen.h
+11 2
-1 4
+2 3
+3 2
+4 3
+3 3
fe=(87)
-22 1

fl=(260) ./nptl/./nptl/allocatestack.c
fn=(2310) name_stack_maps
587 96
+2 16
+4 16
-4 64
+4 16
+2 32
+5 8
+1 8
-2 8
+2 16
-1 8
+3 24
cfi=(279)
cfn=(2312)
calls=8 26 
* 4512
* 32
cfi=(280)
cfn=(2314)
calls=8 33 
* 206
+2 72
-2 24
-7 24
+9 8
-9 24
+9 32
-9 8
cfi=(280)
cfn=(2314)
calls=8 33 
* 168

fl=(98) ./string/../sysdeps/x86_64/multiarch/memcmpeq.c
fn=(324) memcpy@@GLIBC_2.14
29 6
fi=(99) ./string/../sysdeps/x86_64/multiarch/ifunc-memmove.h
+28 18
-1 12
+4 18
+14 12
+3 12
+8 12
+8 12
+3 30
fe=(98)

fl=(213) ./misc/./misc/sbrk.c
fn=(1236) sbrk
37 56
+3 7
+3 7
-3 7
+3 7
+35 7
-20 14
+4 14
+4 24
+8 6
cfi=(214) ./misc/../sysdeps/unix/sysv/linux/brk.c
cfn=(1238) brk
calls=6 -38 
* 54
* 12
+4 42
-19 2
cfi=(214)
cfn=(1238)
calls=1 -23 
* 9
* 2
+4 2

fl=(289) ./misc/../sysdeps/unix/sysv/linux/prctl.c
fn=(2376) prctl
30 77
+2 7
+2 7
-2 14
+1 7
+1 7
+4 7
-6 7
+6 35
+1 35

fl=(338) ./malloc/./malloc/thread-freeres.c
fn=(5438) __libc_thread_freeres
31 24
+2 8
cfi=(339) ./sunrpc/./sunrpc/rpc_thread.c
cfn=(5440) __rpc_thread_destroy
calls=8 -12 
* 104
+2 8
cfi=(340) ./resolv/./resolv/res-close.c
cfn=(5442) __res_thread_freeres
calls=8 +96 
* 328
+1 8
cfi=(342) ./string/../sysdeps/unix/sysv/linux/tls-internal.c
cfn=(5446) __glibc_tls_internal_free
calls=8 -12 
* 192
+1 8
cfi=(343) ./dlfcn/./dlfcn/libc_dlerror_result.c
cfn=(5448) __libc_dlerror_result_free
calls=8 -8 
* 96
+5 8
-1 8
cfi=(210) ./malloc/./malloc/arena.c
cfn=(5450) __malloc_arena_thread_freeres
calls=8 893 
* 22057

fl=(126) ./string/../sysdeps/x86_64/multiarch/strcasecmp_l.c
fn=(390) strcasecmp_l
31 1
fi=(114)
+6 2
-1 4
fe=(126)
-5 2
fi=(114)
+7 3
+3 2
+4 3
+3 4
fe=(126)

fl=(263) ./misc/../sysdeps/unix/sysv/linux/mmap64.c
fn=(2128) mmap
47 13
+3 26
-3 78
+6 26
+5 78
+2 52
-7 60

fl=(96) ./wcsmbs/../sysdeps/x86_64/multiarch/wcsncpy.c
fn=(320) wcsncpy
31 1
fi=(97)
+9 3
-1 4
+2 3
+3 2
+4 4
fe=(96)
-17 1

fl=(138) ./string/../sysdeps/x86_64/multiarch/mempcpy.c
fn=(432) mempcpy
33 1
fi=(99)
+24 3
-1 2
+4 3
+14 2
+3 2
+8 2
+8 2
+3 5
fe=(138)

fl=(374) ./posix/./posix/register-atfork.c
fn=(7030) __unregister_atfork
82 16
+1 16
-1 32
+1 16
fi=(375) ./posix/../malloc/dynarray-skeleton.c
243 8
fe=(374)
71 16
+38 32
+1 24

fl=(183)
fn=(610)
30 1
+1 2
-1 4
+1 4
+2 3
cob=(4)
cfi=(178)
cfn=(612)
calls=1 -33 
* 35
+4 5
+1 3
+2 4

fl=(361)
fn=(6508)
31 49
+1 49
+3 49
+1 49
+1 49
+1 49
+1 49
+2 49
+1 49
+2 49
+1 49
+1 49
+1 49
+1 40
+2 40
+1 40
+1 40
+1 40
+26 9
+1 9
+1 9
+1 9
+1 9
+1 9
+1 9
+1 9
+1 9
+26 9
+1 9
+1 9
+2 9
+1 9
+1 9
+1 9
+1 9
+1 9
+2 9
+3 9
-5 40
+2 40
+3 40

fl=(206)
fn=(1162)
67 210
-26 60
+2 240
+1 60
cfn=(1164) __new_exitfn
calls=30 +36 
* 1106
+2 60
+8 30
-2 30
+3 30
+1 30
-4 60
+1 30
+4 120
+1 30
+11 180

fn=(1164)
80 30
+6 60
-6 120
+11 60
-10 30
+10 120
+2 60
+1 145
-1 60
-2 1
+10 1
-10 3
+13 58
+25 29
+1 58
-1 58
+7 29
+5 87
-4 29
+4 58
-5 1
+5 3
-4 1
+4 2
-18 1
-1 1
+12 1

fl=(113) ./string/../sysdeps/x86_64/multiarch/strcasecmp.c
fn=(358) strcasecmp
31 1
fi=(114)
+6 2
-1 4
fe=(113)
-5 2
fi=(114)
+7 3
+3 2
+4 3
+3 4
fe=(113)

fl=(129) ./wcsmbs/../sysdeps/x86_64/multiarch/wmemcmp.c
fn=(406) wmemcmp
29 1
fi=(130) ./wcsmbs/../sysdeps/x86_64/multiarch/ifunc-memcmp.h
+5 5
+1 2
+1 2
+1 3
+3 2
+4 3
+3 4
fe=(129)
-18 2

fl=(137) ./wcsmbs/../sysdeps/x86_64/multiarch/wcpcpy.c
fn=(428) wcpncpy
31 1
fi=(97)
+9 3
-1 4
+2 3
+3 2
+4 4
fi=(384) ./wcsmbs/../sysdeps/x86_64/multiarch/wcpncpy.c
-17 1
fe=(137)

fl=(224) ./csu/../sysdeps/nptl/libc_start_call_main.h
fn=(1642) (below main)
29 4
+15 1
-15 5
+15 1
cfi=(225) ./setjmp/../sysdeps/x86_64/bsd-_setjmp.S
cfn=(1644) _setjmp
calls=1 -16 
* 38
* 1
+2 2
+5 2
+1 2
+3 2
+3 6
cob=(11)
cfi=(221)
cfn=(1650) main
calls=1 -58 
* 141193214
+16 2
cfi=(370) ./stdlib/./stdlib/exit.c
cfn=(7006) exit
calls=1 +63 
* 11729

fl=(318) ./debug/./debug/sprintf_chk.c
fn=(3390) __sprintf_chk
25 90
+3 24
+6 6
+2 12
+3 6
+1 12
-1 30
+1 6
cfi=(319) ./libio/./libio/iovsprintf.c
cfn=(3392) __vsprintf_internal
calls=6 -3 
* 8406
+4 30

fl=(195)
fn=(780)
136 40
+3 40
+1 80
+4 76
-1 2
cfn=(782) __pthread_once_slow
calls=2 -75 
* 2052

fn=(782)
68 22
+8 2
+4 4
+52 20
-44 4
+4 4
+9 4
+13 26
cfi=(196)
cfn=(784)
calls=2 -89 
* 14
+2 2
cob=(9)
cfi=(192)
cfn=(748) 0x00000000000e9850
calls=1 0 
* 12
cob=(9)
cfi=(192)
cfn=(786) 0x00000000000d0450
calls=1 0 
* 1902
+2 6
cfi=(196)
cfn=(802)
calls=2 -78 
* 12
fi=(198)
+91 6
fe=(195)
-85 2
fi=(198)
+85 10
fe=(195)

fl=(274) ./stdio-common/./stdio-common/_itoa.c
fn=(2222) _itoa_word
169 45
+3 180
+2 98
+18 8
-8 256
-1 2056
+9 82

fl=(302) ./nptl/../nptl/pthread_mutex_lock.c
fn=(3192) __pthread_mutex_cond_lock
77 145
+3 435
+2 145
+2 290
-7 580
+11 290
+2 435
+3 580
+1 435
+85 145
+3 145
+5 145
-82 145
+85 435

fl=(196)
fn=(802)
40 155
+3 310
+4 310
+2 155

fn=(784)
25 155
+3 155
+1 155
+1 310
+2 155
+1 155

fl=(255)
fn=(2108)
54 7
+18 7
+3 7
+3 7
+1 7
+1 7
+1 7
+1 7
+3 7
+1 7
+1 7
+4 7
+7 7
+2 7
504 7
+1 7
+1 7
+1 7
+1 7
+1 5
+1 10
+6 5
+1 5
+1 5
+6 2
+7 7
+2 7
+1 7
+1 7
+2 7
+1 7
+1 7
+44 5
+1 5
+17 5
+1 5
+1 5
+2 5
+1 5

fl=(265)
fn=(6446)
371 11
+3 4
fi=(353)
1025 1
fe=(265)
373 2
+16 2
+8 1
+2 2
-20 4
+2 1
+1 2
+2 2
-9 1
+29 8
-11 3
+1 14
-1 21
+2 4
-6 2

fn=(7248) _IO_flush_all
686 5
+5 1
-5 1
+5 1
-5 6
+5 4
cfi=(376) ./nptl/./nptl/libc-cleanup.c
cfn=(7250) __libc_cleanup_push_defer
calls=1 24 
* 13
+1 12
+3 3
-8 1
fi=(353)
1025 2
fe=(265)
708 18
+1 3
-14 9
+2 3
+1 45
+2 21
+8 18
+5 3
+1 2
cfi=(376)
cfn=(7252) __libc_cleanup_pop_restore
calls=1 54 
* 9
+4 12
-5 6

fn=(7258)
452 8
fi=(353)
1025 1
fe=(265)
452 1
+1 1
-1 1
fi=(353)
1025 2
+1 2
fe=(265)
453 2
cfi=(350)
cfn=(6558)
calls=1 793 
* 21
* 2
+4 1
330 1
462 1
-7 2
332 1
466 1
337 1
-4 1
+4 1
467 1
-1 3
+2 6
-11 1
+1 2
-1 1
330 4

fn=(2142) _IO_enable_locks
518 1
+3 3
1044 1
523 1
+1 3
+1 1
1058 1
524 2
+1 2
1058 2
524 4
+2 1

fn=(6442)
329 11
+1 4
+5 2
-3 1
+3 2
-2 1
+2 2
+3 6

fn=(7246) _IO_cleanup
842 6
-66 1
+66 6
+1 1
cfn=(7248)
calls=1 686 
* 198
-67 2
+67 1
-67 3
cfi=(376)
cfn=(7250)
calls=1 24 
* 13
+1 12
+3 3
fi=(353)
1025 1
fe=(265)
785 1
-1 1
+1 4
-1 2
+1 40
+7 3
-7 3
+7 6
+2 6
+2 4
+4 1
-2 1
+3 1
-3 1
+2 2
+5 1
fi=(353)
1025 2
+1 2
fe=(265)
805 4
cfi=(350)
cfn=(7256)
calls=1 382 
* 87
+2 3
+9 1
-2 1
+2 2
-2 2
+2 4
+1 3
-37 9
+41 3
+1 2
cfi=(376)
cfn=(7252)
calls=1 54 
* 9
+33 12
-78 3
+39 27
+5 6

fn=(6434)
343 1
+1 2
-1 7
+3 3
+1 1
fi=(353)
1025 3
+1 2
fe=(265)
347 2
cfi=(351)
cfn=(6436)
calls=1 78 
* 1783
* 2
+3 6

fl=(295)
fn=(3016)
25 870
+1 1740
-1 5220
+1 870
cfi=(276)
cfn=(2296)
calls=870 +5 
* 15660
* 9570
cfi=(276)
cfn=(2300)
calls=870 +37 
* 13050
* 870
+1 1740

fl=(310)
fn=(3280)
2620 2
+3 4
-3 12
+6 4
+1 4
cob=(4)
cfi=(178)
cfn=(3214)
calls=2 0 
* 12
+1 4
cob=(4)
cfi=(178)
cfn=(3214)
calls=2 0 
* 182
-5 4
+7 8

fn=(3262)
2297 32
+3 2
+4 8
+3 4
+6 4
+3 6
+6 4
+3 6
+1 10
+3 2
+1 2
+1 2
+1 2
+3 4
+30 4
fi=(311) ./nss/../include/scratch_buffer.h
77 2
fe=(310)
1134 4
fi=(311)
78 2
-1 4
fe=(310)
1134 42
419 2
-25 4
+5 6
-3 4
+3 4
+1 6
+14 6
2613 24
423 2
+2 2
-2 2
+2 4
-1 2
+2 2
+1 2
1147 2
+3 2
+2 2
-5 2
+3 4
1035 2
1147 2
+1 10
+4 2
+6 6
-15 2
876 2
1158 4
881 2
fi=(385) ./nss/../string/bits/string_fortified.h
59 4
fe=(310)
882 4
cfi=(312) ./resolv/./resolv/inet_addr.c
cfn=(3266) __inet_aton_exact
calls=2 183 
* 1344
* 4
+2 6
+1 2
+15 4
2387 6
1062 4
+1 4
+61 2
-64 6
1202 4
166 4
+2 2
2386 2
168 2
cob=(4)
cfi=(178)
cfn=(3214)
calls=2 0 
* 12
+1 4
cob=(4)
cfi=(178)
cfn=(3214)
calls=2 0 
* 12
fi=(311)
-84 8
fe=(310)
2394 4
-95 2
+87 2
+16 6
+2 2
+1 2
-3 4
+6 4
1085 2
-7 4
+7 2
-7 4
+3 4
cob=(4)
cfi=(178)
cfn=(3156)
calls=2 0 
* 662
* 2
+1 4
+3 2
+5 2
+18 2
-30 2
+7 2
+14 2
+22 2
-36 4
+23 2
-19 2
-11 2
+7 4
+18 2
-18 4
+5 4
+4 2
-4 2
fi=(385)
29 2
+30 2
-30 2
fe=(310)
1078 4
2604 4
cfi=(314) ./inet/../sysdeps/unix/sysv/linux/check_pf.c
cfn=(3274) __free_in6ai
calls=2 374 
* 8
+4 4
+1 2
1170 6

fl=(232)
fn=(1764)
38 448
+4 280
+6 224
+3 56
cfi=(233) ./io/../sysdeps/unix/sysv/linux/fcntl_nocancel.c
cfn=(1766) __fcntl64_nocancel_adjusted
calls=56 * 
* 1008
+1 280

fl=(333)
fn=(4854)
93 2
-64 4
+73 1

fl=(344)
fn=(5460)
25 8
+2 16
-2 40
+6 24
+11 8
+2 16
-2 8
cfi=(264)
cfn=(5462)
calls=8 +70 
* 1082

fl=(347)
fn=(5864)
42 27
+1 27
+6 189
+1 27
+1 27
fi=(198)
+95 108
fe=(347)
-95 81
+8 54

fl=(356)
fn=(6498)
33 8
+2 8
-2 16
+4 24
+1 40
+9 16
+9 8
-9 8
+9 16
+4 4
+2 2
+45 4
-4 6
+4 6
-4 6
+4 6

fl=(329)
fn=(4572)
24 1
+2 2
-2 6
+2 1
cfi=(276)
cfn=(2296)
calls=1 +5 
* 18
* 11
cfi=(276)
cfn=(2300)
calls=1 +37 
* 15
* 1
+4 2
-4 5

fl=(231)
fn=(3010)
120 234
+2 39

fn=(1752)
120 70
+2 14

fn=(2130) mprotect
117 60
+5 12

fn=(2998)
120 5
+2 1

fn=(3004)
120 5
+2 1

fn=(2440)
117 45
+5 9

fn=(5458) madvise
117 40
+5 8

fl=(91) ./wcsmbs/../sysdeps/x86_64/multiarch/wcslen.c
fn=(304) wcslen
29 1
fi=(88)
+12 2
-1 4
+2 3
+3 2
+4 3
+3 3
fe=(91)
-23 1

fl=(250)
fn=(2086)
53 99
+2 99
+1 99
+1 99
+1 99
+1 99
+3 99
+1 99
+4 99
+1 99
+1 99
+1 99
+1 99
+1 99
+1 99
+1 99
+13 99
+2 198

fl=(331)
fn=(4810)
24 596
+4 596
-4 596
+4 596
-4 4172
+4 1192
cfi=(276)
cfn=(2296)
calls=596 +3 
* 10728
* 8344
cfi=(276)
cfn=(2300)
calls=596 +35 
* 8940
* 596
+4 1788
-4 145

fl=(236)
fn=(1826)
30 134625
+8 269250
+2 269250
+28 269250
+1 269250
-25 269250

fl=(254) ./stdio-common/./stdio-common/Xprintf_buffer_done.c
fn=(2096) __printf_buffer_done
25 34
+1 102
+5 68
+2 408
+7 34

fl=(131) ./debug/../sysdeps/x86_64/multiarch/memmove_chk.c
fn=(410) __memmove_chk
29 1
fi=(93)
+28 3
-1 2
+4 3
+14 2
+3 2
+8 2
+8 2
+3 5
fe=(131)

fl=(233)
fn=(1766)
51 392
+1 112
+11 224
+1 280

fl=(241)
fn=(1934)
158 20
+1 40
+5 20
+1 20
+1 14
+1 14
+1 14
+2 1
+1 1
+1 2
+65 13
+1 13
+6 10
+1 10
+12 10
+3 10
+1 10
+12 10
+1 10
+13 10
+1 10
+2 10
+3 9
+3 9
+3 9
+1 9
+1 9
+1 9
+1 9
+1 9
+1 9
-6 9
+1 9
+1 9
+1 9
+1 9
+1 9
+1 18
+3 9
+1 9
+1 9
+1 9
+3 18
-6 1
+1 1
+1 1
+1 1
+3 2
+11 3
+1 3
+1 3
+1 49169
+1 3
+1 6
+7 6
+9 6
+1 6
+5 6
+1 6
+1 3
+1 3
+1 3
+1 3
+1 2
+3 2
+28 3
+1 3
+5 3
+21 1
+1 1
+1 1
+5 1

fn=(3226)
152 5
+1 5
+1 25
+4 5
+1 10
+5 5
+1 5
+1 5
+1 5
+1 5
+2 5
+1 5
+1 10

fl=(326)
fn=(4210)
27 101
+2 202
-2 606
+2 101
cfi=(276)
cfn=(2296)
calls=101 +2 
* 1818
* 1111
cfi=(276)
cfn=(2300)
calls=101 +34 
* 1515
* 101
+14 202

fl=(376)
fn=(7250)
24 2
+1 2
+2 4
+2 4
+3 4
+14 6
+2 2
+1 2

fn=(7252)
54 2
+1 2
+2 4
+2 2
+1 6
+11 2

fl=(317) ./resolv/./resolv/inet_ntop.c
fn=(3388) inet_ntop
54 90
+1 12
+10 66
+20 6
fi=(386) ./resolv/../libio/bits/stdio2.h
-55 30
fe=(317)
+55 6
fi=(386)
-55 36
cfi=(318)
cfn=(3390)
calls=6 -5 
* 8622
fe=(317)
+55 36
fi=(320) ./resolv/../string/bits/string_fortified.h
-6 18
cob=(4)
cfi=(178)
cfn=(3396)
calls=6 -79 
* 150
fe=(317)
-22 6

fl=(321)
fn=(3398)
64 6
+1 6
+7 6
+1 6
+1 6
+1 6
+3 6
+2 6
+1 6
+1 6
+2 6
+1 6
+4 6
+2 6
+1 6
+9 6
+1 6
+2 6
+1 6
+39 6
+2 6
+1 6
+1 6

fl=(328)
fn=(4406)
24 3
+2 6
-2 18
+2 3
cfi=(276)
cfn=(2296)
calls=3 +5 
* 54
* 33
cfi=(276)
cfn=(2300)
calls=3 +37 
* 45
* 3
+6 6
-6 10

fl=(330)
fn=(4774)
28 2
+6 4
+26 1

fl=(119) ./string/../sysdeps/x86_64/multiarch/strncase_l.c
fn=(370) strncasecmp_l
31 1
fi=(114)
+6 2
-1 4
fe=(119)
-5 2
fi=(114)
+7 3
+3 2
+4 3
+3 4
fe=(119)

fl=(212) ./malloc/./malloc/morecore.c
fn=(1234) __glibc_morecore
25 7
+1 14
-1 14
+4 7
cfi=(213)
cfn=(1236)
calls=7 +8 
* 272
+1 14
+4 14

fl=(112) ./string/../sysdeps/x86_64/multiarch/strncmp.c
fn=(356) strncmp
67 3
-23 6
-1 12
+24 6
-22 9
+3 6
+4 9
+3 12

fl=(199)
fn=(876)
30 18
+1 54
+2 36
+3 36
+1 18
+28 54
+1 54
+2 54
+4 54
+1 18

fl=(332)
fn=(4844)
24 568
+4 568
-4 568
+4 568
-4 3976
+4 1136
cfi=(276)
cfn=(2296)
calls=568 +3 
* 10224
* 7952
cfi=(276)
cfn=(2300)
calls=568 +35 
* 8520
* 568
+4 1704

fl=(121) ./string/../sysdeps/x86_64/multiarch/memcmp.c
fn=(378) bcmp
29 6
fi=(122) ./string/../sysdeps/x86_64/multiarch/ifunc-memcmp.h
+5 30
+1 12
+1 12
+1 18
+3 12
+4 18
+3 24
fe=(121)
-18 12

fl=(197)
fn=(800)
43 15
+12 2
277 12
63 2
+3 1
-10 1
+10 2
+7 3
+2 1
-2 1

fl=(214)
fn=(1238)
36 7
fi=(387) ./misc/../sysdeps/unix/sysv/linux/brk_call.h
-12 14
fe=(214)
+13 14
+1 14
+6 7
+1 7

fl=(225)
fn=(1644)
28 9
+2 9
+2 9
cfi=(226) ./setjmp/../sysdeps/x86_64/setjmp.S
cfn=(1646) __sigsetjmp
calls=9 -1 
* 315

fl=(288)
fn=(2374)
32 28
+8 7
-8 14
+6 7
-6 49
+6 7
cob=(4)
cfi=(178)
cfn=(640)
calls=7 -38 
* 112
+1 14
+3 14
+21 77
-20 28
cfi=(289)
cfn=(2376)
calls=7 -13 
* 203
* 21

fl=(315)
fn=(3314)
94 8
-65 16
+74 4

fl=(336)
fn=(5434) __call_tls_dtors
148 36
+1 9
-1 9
+1 28
+6 1
-2 3
+2 1
+1 2
cob=(10)
cfi=(216)
cfn=(6948)
calls=1 0 
* 252
+6 2
+1 2
cob=(4)
cfi=(178)
cfn=(3214)
calls=1 0 
* 95
-14 3
+16 36

fn=(6310)
102 5
+4 1
-4 3
+1 1
+3 1
-4 1
+1 2
+3 1
cob=(4)
cfi=(178)
cfn=(3216)
calls=1 0 
* 498
+1 2
+3 2
+7 1
-6 1
+1 1
+5 1
-5 2
+1 1
+4 1
cfi=(235)
cfn=(1808)
calls=1 -40 
* 44
+3 2
+16 1
+1 2
cfi=(239)
cfn=(1842)
calls=1 367 
* 37
+2 2
+3 7
-18 2
cob=(4)
cfi=(178)
cfn=(6314)
calls=1 0 
* 47
+4 5

fl=(343)
fn=(5448)
29 40
+1 32
+9 24

fl=(81) ./string/../sysdeps/x86/cacheinfo.c
fn=(284) __x86_cacheinfo
86 1
fi=(82) ./string/../sysdeps/x86/cacheinfo.h
-27 1
+3 3
+2 1
+1 1
-1 2
+7 3
+2 1
+1 1
-1 2
+5 2
+2 2
+1 2
+1 2
+2 2
+2 2
fe=(81)

fl=(370)
fn=(7006)
137 2
+1 3
-1 1
+1 1
cfn=(7008) __run_exit_handlers
calls=1 38 
* 11722

fn=(7008)
38 12
+2 2
+3 5
+11 2
+2 2
+38 2
-30 93
+2 30
+1 30
-1 30
+3 260
+44 15
+13 1
-66 1
+66 3
+2 2
+3 2
cfi=(377)
cfn=(7260)
calls=1 27 
* 4
-29 5
+1 5
-2 5
+3 5
+3 5
-3 10
+3 15
+1 15
cob=(1)
cfi=(371) ./elf/./elf/dl-fini.c
cfn=(7016) _dl_fini
calls=1 -82 
* 10151
cob=(11)
cfi=(221)
cfn=(7014) std::vector<unsigned long, std::allocator<unsigned long> >::~vector()
calls=1 0 
* 103
cob=(11)
cfi=(221)
cfn=(7012) std::vector<std::__cxx11::basic_string<char, std::char_traits<char>, std::allocator<char> >, std::allocator<std::__cxx11::basic_string<char, std::char_traits<char>, std::allocator<char> > > >::~vector()
calls=2 0 
* 311
cob=(10)
cfi=(216)
cfn=(7010)
calls=1 0 
* 48
+1 20
+10 3
+1 2
-79 1
cfi=(336)
cfn=(5434)
calls=1 148 
* 13
* 1
+88 1
cfi=(265)
cfn=(7246)
calls=1 842 
* 506
* 1

fl=(323)
fn=(3888)
29 5
+1 5
+1 5
+1 5
+1 5
+1 5
+1 5
+1 5
+1 5
+1 5
+1 5
+1 5

fl=(373)
fn=(7028)
30 16
+3 16
-3 64
+3 40
+3 32
+4 573
+1 450
+2 25
+2 25
+36 25
-5 25
-33 25
+35 75
+3 75
+1 75
cob=(9)
cfi=(192)
cfn=(7128) std::ios_base::Init::~Init()
calls=1 -82 
* 4884
cob=(9)
cfi=(192)
cfn=(7126) 0x00000000000b8da0
calls=1 -82 
* 8
cob=(9)
cfi=(192)
cfn=(7118) 0x00000000000b8d50
calls=1 -82 
* 822
cob=(9)
cfi=(192)
cfn=(7116) 0x00000000000e75a0
calls=1 -82 
* 2
cob=(9)
cfi=(192)
cfn=(7114) 0x00000000000e8920
calls=1 -82 
* 2
cob=(9)
cfi=(192)
cfn=(7112) 0x00000000000eca30
calls=1 -82 
* 2
cob=(9)
cfi=(192)
cfn=(7110) 0x00000000000eca40
calls=1 -82 
* 2
cob=(9)
cfi=(192)
cfn=(7108) 0x00000000001b4e80
calls=1 -82 
* 2
cob=(9)
cfi=(192)
cfn=(7106) 0x00000000001b4e90
calls=1 -82 
* 2
cob=(9)
cfi=(192)
cfn=(7104) 0x00000000001b4ea0
calls=1 -82 
* 2
cob=(9)
cfi=(192)
cfn=(7100) 0x00000000001d0060
calls=1 -82 
* 5
cob=(10)
cfi=(216)
cfn=(5564)
calls=1 -82 
* 35
cob=(10)
cfi=(216)
cfn=(7076)
calls=1 -82 
* 219
cob=(10)
cfi=(216)
cfn=(7074)
calls=1 -82 
* 20
cob=(10)
cfi=(216)
cfn=(7072)
calls=11 -82 
* 22
+1 100
+4 75
-47 76
-4 24
+57 32
+4 48
-4 24
+12 16
cfi=(374)
cfn=(7030)
calls=8 -23 
* 160
+1 32
+1 64

fl=(238)
fn=(1834)
162 2
+8 2
+2 1
+1 2
+7 2
-4 1
+4 2
+1 2
+5 1
+1 3
-3 3
+8 8
+2 1
-1 2
+1 2
+2 3
+1 2
-10 2
+5 232
+2 29
-1 58
+1 58
+2 87
+1 58
-10 58
+13 4
+2 1
-2 1
+3 1
-3 1
+3 1
362 930
+9 310
-1 310
+2 310
+3 620
+3 310
+4 310
-3 620
+9 600
+2 300
+1 300
203 600
390 10
+1 10
203 20
+7 2
381 20

fn=(3570)
354 8
+3 32
+5 8
-2 8
+2 16
+8 8
+1 8
+1 8
+3 16
+3 8
+4 8
-7 8
+2 16
+2 16
+8 16
-9 8
+12 8
+3 8
-2 8
+7 8

fl=(85) ./string/../sysdeps/x86_64/multiarch/strpbrk.c
fn=(292) strpbrk
29 1
fi=(379)
+7 5
fe=(85)
-7 1

fl=(267) ./misc/../sysdeps/unix/sysv/linux/clone-internal.c
fn=(2148) __clone_internal
97 96
+2 16
-19 24
+2 4
cfi=(268)
cfn=(2150)
calls=1 -40 
* 16
+1 4
+3 1
+20 1
-42 1
-11 1
+11 1
-2 1
-9 1
+11 2
-2 1
+2 4
cfi=(269)
cfn=(2152)
calls=1 -12 
* 19
+42 7
-42 7
-11 7
+11 7
-2 7
-9 7
+11 14
-2 7
+2 28
cfi=(269)
cfn=(2152)
calls=7 -12 
* 133
+45 16
+1 64

fl=(307)
fn=(3218)
30 13
+4 1
+1 2
+10 2
+1 1
+17 6

fl=(259)
fn=(2120)
25 80
+4 16
-4 24
+4 16
+9 8
-9 24
+3 8
-3 8
+9 16
+23 16
+1 8
-1 48
+2 88

fl=(339)
fn=(5440)
21 32
+1 8
-1 8
+1 8
+2 16
+15 32

fl=(203)
fn=(892)
49 128
+2 512
+3 128

fl=(249) ./stdio-common/./stdio-common/vfprintf-internal.c
fn=(2082) __printf_buffer
600 408
fi=(388) ./stdio-common/./stdio-common/printf-parse.h
82 34
fe=(249)
600 68
fi=(388)
82 34
fe=(249)
600 34
+27 102
+11 34
-11 34
+11 34
-11 34
+11 68
fi=(388)
82 34
cob=(4)
cfi=(178)
cfn=(2084)
calls=34 -82 
* 714
fe=(249)
653 68
+1 34
fi=(388)
82 68
fe=(249)
654 34
-1 34
cfi=(251)
cfn=(2088)
calls=34 27 
* 1069
+2 102
+4 68
+4 272
-32 34
973 34
642 34
973 68
634 34
+71 260
1044 374
705 130
-13 65
+7 65
+6 130
-14 65
-4 65
+18 65
-10 65
+10 65
-7 65
-4 65
+11 130
-19 65
-1 65
+20 65
-12 65
-9 65
-1 65
+22 65
-15 130
891 16
+82 16
+3 272
+20 88
+1 8
263 8
+1 8
997 8
744 8
264 16
744 8
263 16
1024 65
fi=(388)
82 65
fe=(249)
1018 65
fi=(388)
82 130
cob=(4)
cfi=(178)
cfn=(2084)
calls=65 -82 
* 1365
fe=(249)
1028 130
+1 65
fi=(388)
82 65
fe=(249)
1029 65
-1 65
cfi=(251)
cfn=(2088)
calls=65 27 
* 2157
+3 223
fi=(252) ./stdio-common/./stdio-common/vfprintf-process-arg.c
501 48
cfi=(251)
cfn=(2088)
calls=12 27 
* 530
+1 12
-11 12
-88 51
+19 6
-14 6
-5 9
+19 18
-14 18
+47 36
+6 18
fi=(253)
163 12
fe=(249)
709 8
814 8
-1 8
+1 16
+41 104
fi=(252)
422 48
+8 24
fe=(249)
784 37
fi=(252)
126 74
+75 37
92 37
+1 37
+1 37
201 74
-65 90
+19 585
cfi=(274)
cfn=(2222)
calls=45 +14 
* 2725
+11 90
-11 90
+11 180
-5 360
+25 199
+1 13
+14 26
-4 39
+4 64
-4 96
+2 135
+2 90
+7 45
-2 90
+2 135
+3 90
+13 90
fi=(253)
-61 90
fi=(252)
+70 90
+3 90
128 74
+8 45
+2 90
fe=(249)
865 4
fi=(252)
298 32
+1 8
+9 4
-1 4
-1 4
-2 4
+1 4
-3 4
+6 4
fe=(249)
883 37
fi=(252)
66 37
+1 41
-18 4
-1 8
201 12
58 8
-23 4
+22 8
161 45
+9 90
+17 45
+8 45
-8 45
+12 45
-12 45
+8 180
-8 192
+53 180
cfi=(251)
cfn=(2088)
calls=45 27 
* 2504
* 45
-16 16
fi=(253)
-76 12
+1 12
-1 12
+1 16
fi=(252)
-19 74
+1 232
fe=(249)
266 8
cfi=(354)
cfn=(6492)
calls=8 1099 
* 11802
1001 8
fi=(252)
201 12
+2 16
fi=(253)
-40 90
fi=(252)
403 36
50 8
+2 8
+1 32
fe=(249)
819 8
-1 8
+1 24
+15 56
+3 16
+18 8
-37 8
+19 32
fi=(252)
435 24
cob=(4)
cfi=(178)
cfn=(640)
calls=12 0 
* 192
* 24
131 64
fe=(249)

fl=(222) ./csu/../csu/libc-start.c
fn=(1612) __libc_start_main@@GLIBC_2.34
242 13
+69 3
+1 3
cfi=(206)
cfn=(1162)
calls=1 67 
* 76
+25 6
+6 2
-3 2
+10 2
cob=(4)
cfi=(178)
cfn=(1638)
calls=1 0 
* 7
+2 2
+8 4
cfi=(224)
cfn=(1642)
calls=1 29 
* 141205009
128 2
+6 3
+1 6
cob=(4)
cfi=(178)
cfn=(1614)
calls=1 0 
* 7
* 1
+3 1
+1 2
+3 2
+1 2
-1 1
+2 9
+1 4
cob=(11)
cfi=(221)
cfn=(1624) _GLOBAL__sub_I__Z10run_pubsubRKNSt7__cxx1112basic_stringIcSt11char_traitsIcESaIcEEEmS6_
calls=1 0 
* 1503
* 4
cob=(11)
cfi=(221)
cfn=(1618) 0x0000000000004c30
calls=1 0 
* 12
-1 7

fl=(209)
fn=(1732) _int_free_maybe_consolidate
4770 17699
+6 3218
+22 17688
-20 356
+3 267
fi=(210)
55 3
fe=(209)
4792 3
fi=(210)
55 6
+92 3
fe=(209)
4794 6
+1 3
fi=(210)
545 3
fe=(209)
4795 3
fi=(210)
545 6
+27 3
55 6
585 3
+1 6
fe=(209)
4779 40
cfn=(5972) malloc_consolidate
calls=40 +32 
* 1171905
* 40
+5 430
+1 4
+13 7
-13 1
cfn=(2480) systrim.constprop.0
calls=1 2957 
* 30
fi=(210)
585 6
fe=(209)

fn=(2208) unlink_chunk.isra.0
1608 40920
+2 122760
-2 40920
+2 81840
+3 40920
+1 81840
+2 163680
-3 40920
+6 40920
+1 40920
+1 157890
+2 2700
+1 4050
+3 2700
+14 1343
+1 1343
+3 81826
-16 14
+4 8
+2 2
+1 4
+9 4
-32 5
+17 5
+15 10

fn=(2430)
3359 58867
+4 117734
-4 174546
+14 58182
-14 174546
+12 58182
+4 58182
-4 58182
+4 116364
+17 174537
fi=(210)
153 174537
-98 3942
+92 23652
+6 3942
fe=(209)
3398 11826
cfn=(2448) _int_free
calls=3942 4495 
* 262067
* 162711
cfn=(2448)
calls=54237 4495 
* 5743531
+3 58179
+1 349074
-23 9
+2 10
+2 2
+1 2
-1 2
+1 2
+1 2
+3 4
cfn=(6036) munmap_chunk
calls=2 3024 
* 72
* 2
cfn=(6036)
calls=1 3024 
* 36
+13 3
+1 703
3248 40
cfn=(1230) tcache_init.part.0
calls=4 -6 
* 4117
3395 12

fn=(2448)
4495 408226
+4 174954
+6 233272
+1 116636
+4 291590
+8 233272
-1 116348
+1 116348
+29 57213
-20 57213
-6 57213
+6 114426
+20 228852
1792 54342
4561 108684
+11 213264
+2 159948
1992 53316
4593 53316
1992 106632
4595 53316
+1 53316
+4 106632
+2 53316
-2 53316
+2 53316
+26 212932
+30 349908
-21 2052
+3 2052
+3 2052
-46 53316
+22 53316
-22 106632
+22 159948
+2 213264
+1 106632
-6 106632
3163 3976
+4 3976
-4 3976
+2 15904
+1 3976
+1 3976
4550 3976
+94 4104
+2 2052
cfn=(1730) _int_free_merge_chunk
calls=1026 +19 
* 1273112
+3 4104

fn=(1240) alloc_perturb
1985 113640
+2 37880

fn=(5976) sysmalloc_mmap.isra.0
2400 15
+13 9
-13 3
+18 6
+3 27
cfi=(263)
cfn=(2128)
calls=3 47 
* 78
* 3
+3 6
+4 6
2008 12
2432 12
cfi=(280)
cfn=(2314)
calls=3 33 
* 63
+16 9
+19 3
-1 3
+5 3
-4 6
+4 6
+1 15
+3 9
+1 15
+5 21

fn=(1220)
3294 462464
+7 115616
1326 115614
+19 289017
3311 115570
+2 231232
+3 115612
+10 83324
+8 333176
+2 124941
cfn=(1232) _int_malloc
calls=41647 3846 
* 6425839
+3 83294
+8 166588
+4 124941
fi=(210)
153 124932
-98 664
+92 3320
fe=(209)
3351 664
fi=(210)
147 664
+6 664
fe=(209)
3351 83288
+3 249972
3248 8
cfn=(1230)
calls=2 -6 
* 1762
+68 4
+1 4
+1 171630
3178 32292
+4 32292
+4 16146
+4 16146
-4 48438
+4 16146
+1 16146
3354 96876
-26 60
cfn=(1232)
calls=15 3846 
* 2186
+1 75
fi=(210)
153 30
264 1
cfn=(1224) ptmalloc_init.part.0
calls=1 -2 
* 1151
fe=(209)
1326 2

fn=(1232)
3846 462473
1326 84086
+19 252247
3887 84064
1794 42032
3914 84064
+65 81946
-63 163892
+3 40973
+2 81946
+2 3538
-6 1769
+9 3538
+6 3538
+1 3538
+7 1769
-1 3538
+1 8845
+5 3538
3165 1769
3945 1769
+1 3538
3165 12298
-2 12298
+4 12298
-2 12298
3945 12298
3163 12298
+3 12298
+1 12298
3946 61538
+2 24596
+2 36894
+27 2118
+62 14168
+1 2898
+20 40228
-1 40228
-1 40228
+1 80456
+1 80456
-2 80444
+12 201140
-1 76350
+4 76350
+1 38175
+2 76350
-3 2404
+1 1202
+2 2404
+1 118131
+2 39377
+1 157508
+2 157508
-10 39377
+12 78754
+1 78754
+2 78754
+11 155098
+29 2220
+1 2220
+4 4440
+29 3828
+8 12384
+1 476
+1 476
-1 476
+4 952
-4 968
+1 968
-1 968
+4 1936
+5 246
-2 246
+2 738
+1 492
+7 63
-1 252
+2 189
3929 31814
-42 22
+27 22
+66 39308
+2 39308
-2 39308
+2 78616
+2 46
+1 92
+6 46
-4 46
+1 46
+1 46
+2 92
+1 1
+6 184
-1 92
+1 92
+5 368
+1 184
+2 92
-52 221308
-40 33
1345 11
3919 22
+2 22
+9 117645
4041 158
cfn=(5972)
calls=79 4811 
* 1828324
* 79
+93 802
+1 802
-1 802
+1 1604
+1 283
-15 283
+19 566
-19 519
+19 1038
+1 3090
1985 6168
4487 504516
1985 46
4020 46
1985 92
3165 36894
+2 24596
4163 1772
+1 2658
+1 886
-1 886
+57 1772
+9 886
-9 1772
+9 886
-9 2658
+1 886
+1 886
+1 886
+1 886
+6 1772
-10 2888
+9 1444
-9 2888
+9 1444
-9 4332
+1 1444
+1 1444
+1 1444
+1 1444
+6 2888
+1 61
+1 122
+7 244
4070 6990
4246 2288
+11 9573
+2 2040
+3 680
-3 680
+3 1360
+1 3647
+71 9441
-4 3147
+1 3147
+1 3147
-1 3147
+1 3147
+1 6294
+1 9441
+5 16216
+16 17595
+2 35190
-4 40824
+8 2817
+3 5634
+2 1261
+1 1261
+1 1261
-2 5044
-27 1261
-99 9076
3163 515
+4 515
-4 515
+2 4120
+1 1030
+1 515
4070 1046
+74 32
-45 75068
+2 37157
-1 74314
+27 912
+1 912
+4 1824
+29 1219
+8 1935
4008 46
+1 46
+1 92
+1 1
3159 1
4012 1
3167 1
-8 1
+4 1
4013 1
3163 1
+2 4
+1 1
+2 1
-2 1
+1 1
+1 1
-9 45
4012 45
3167 45
-8 45
+4 45
4013 45
3163 45
+2 180
+1 45
+2 45
-2 45
+1 45
+1 45
4218 1198
-48 1198
+48 3594
4343 8976
+3 10540
-3 6633
+3 8772
-3 5199
+3 6860
-3 2396
4443 1591
+1 3182
+2 3182
+3 4773
+17 44
4070 93
-91 558
4169 5312
+23 549
+3 5
+1 15
-3 376
+6 183
+7 89
-1 356
+2 178
+2 89
+1 267
+2 89
+1 178
-1 94
+1 188
-44 824
+33 188
-33 11
4343 1401
+5 5604
+1 2802
+24 6224
+3 3112
+2 1556
+3 3112
-3 3112
+3 1556
cfn=(2208)
calls=1556 1608 
* 47586
+3 6224
+15 3086
-5 1543
+5 3086
+1 3086
+3 1543
+1 1543
+1 1543
+3 3086
+1 1274
+1 3086
+2 2464
+3 9856
+2 3696
+1 1232
1985 1232
4421 1232
1985 2464
4415 2488
+2 933
+1 311
1985 311
4421 311
1985 635
4421 13
1985 26
4387 13
-1 13
+1 26
+1 2
4070 499
3199 499
-21 499
+4 998
+17 6
-21 6
+4 12
+8 505
-4 2020
+4 505
+1 1010
4248 505
4105 36245
-1 36245
+3 36245
-1 36245
+1 72490
+1 108735
+1 72490
+2 58882
+4 29441
+6 29441
-6 29441
+7 29441
-7 176646
+2 88323
+5 29441
-4 29441
+4 29441
cfn=(1240)
calls=29441 1985 
* 117764
-7 6804
+6 6804
-6 6804
+7 6804
-7 40824
+2 20412
+5 6804
-4 6804
+4 6804
cfn=(1240)
calls=6804 1985 
* 27216
+1 36245
2552 11
+12 11
-12 55
+12 11
+1 9
+3 12
+8 15
cfn=(5976)
calls=3 2400 
* 330
* 3
+1 6
4482 6
-22 4905
cfn=(1240)
calls=1635 1985 
* 6540
+1 1635
-9 3160
+2 3160
-1 1580
+1 1580
-3 1580
+3 1580
+2 1580
-2 6320
+2 1580
+3 3248
4266 44
+1 44
+2 38
-2 410
+6 88
+2 27
+1 54
+2 27
+1 54
-1 54
+1 27
cfn=(2208)
calls=27 1608 
* 882
-1 17
+1 34
-1 34
+1 17
cfn=(2208)
calls=17 1608 
* 561
+3 176
+13 86
-4 43
+4 86
+1 86
+3 43
+1 43
+1 43
+1 86
+2 72
+3 288
+2 108
+1 36
+3 36
-6 56
+2 21
+1 7
+3 7
2553 8
+36 24
+1 8
-1 8
+1 8
+9 74
+6 21
+3 24
fi=(210)
55 6
fe=(209)
2616 2
fi=(210)
147 2
fe=(209)
2616 2
fi=(210)
147 2
fe=(209)
2616 2
fi=(210)
147 2
fe=(209)
2616 2
-1 2
+1 4
fi=(210)
479 2
+4 6
+1 2
+1 4
+3 6
+10 2
+1 2
fe=(209)
2619 4
+1 4
-1 4
+1 4
2921 24
+1 8
+4 8
+4 40
+5 8
-2 8
+5 8
-3 16
-3 8
+2 8
+1 8
+1 8
-1 24
+1 8
4482 8
fi=(210)
490 16
cfi=(231)
cfn=(2130)
calls=2 117 
* 12
* 12
+5 4
55 4
fe=(209)
2669 18
+8 12
+1 18
+13 6
+2 6
-2 12
+8 30
+8 12
+48 4
+40 3
+19 2
+3 2
+1 6
+2 1
+1 5
cfi=(212)
cfn=(1234)
calls=1 25 
* 33
+12 4
-12 1
+12 1
2008 4
3882 1
2873 1
+3 1
-1 1
+1 4
+12 1
-11 1
+11 2
2783 1
-1 2
2017 2
2745 1
+1 1
+6 3
-6 1
+6 3
-6 5
+6 15
-6 5
+6 25
+1 30
-44 18
cfi=(212)
cfn=(1234)
calls=6 25 
* 309
+1 12
-1 6
+1 6
2008 6
2711 6
2008 18
2712 6
+3 12
+29 38
4285 1
-1 1
+1 2
+91 18

fn=(3984)
3407 22
+6 4
+4 4
3538 2
3425 2
3538 12
3425 2
cfn=(1220)
calls=2 3294 
* 480
-1 4

fn=(5972)
4811 119
+17 119
-17 595
+28 119
-28 357
+15 119
+2 119
+13 238
+1 238
-1 2142
+1 2142
+62 3570
+1 952
-31 78132
+4 7184
+2 3592
+1 7184
+1 7184
+2 7184
-4 35474
+1 70948
+1 70948
+2 70948
+1 48180
+4 24090
+2 24090
-2 48180
+3 24090
+9 48180
-12 14976
+2 14976
-2 29952
+3 14976
+9 69012
-56 78212
+4 117318
+1 156424
+8 39106
-3 78212
+3 39106
-3 39106
+4 39106
-4 39106
+5 39106
-5 39106
+5 78212
+2 78212
+1 3128
+2 3128
-1 3128
+2 12512
+2 21896
cfn=(2208)
calls=3128 1608 
* 72637
* 15640
+3 78212
+25 40
+1 80
+1 80
-23 35474
+1 106422
+16 70948
-16 35474
cfn=(2208)
calls=35474 1608 
* 808893
* 141896

fn=(1230)
3242 24
+9 28
+1 6
cfn=(1232)
calls=2 3846 
* 469
+1 4
+8 8
+9 6
fi=(215) ./malloc/../string/bits/string_fortified.h
59 12
fe=(209)
3270 6
fi=(215)
59 516
fe=(209)
3274 18
fi=(210)
824 5
cfn=(2434) get_free_list
calls=5 703 
* 112
* 5
+1 22
cfn=(2436) arena_get2.part.0
calls=4 -7 
* 4054
fe=(209)
3252 16
cfn=(1232)
calls=4 3846 
* 528
+1 8
+7 8
+8 8
-7 16

fn=(1730)
4665 6210
+1 1242
-1 3726
+5 7452
+3 2484
+5 3726
+3 2484
+1 2484
+1 2484
1992 3726
4689 2484
+2 221
+2 221
-1 221
+2 884
+2 442
cfn=(2208)
calls=221 1608 
* 5397
+18 2484
+6 1862
+4 739
+9 739
-1 739
+1 2217
+1 1478
-1 192
-1 192
+1 576
+1 384
+2 931
+2 1862
+5 931
+1 931
+2 2793
+1 931
-45 931
-1 1862
+1 5586
-1 931
cfn=(1732)
calls=931 +69 
* 726270
+1 311
-1 622
+1 1866
-1 311
cfn=(1732)
calls=311 +69 
* 476069
+39 2031
+16 311
+1 933
+1 622
-37 192
+1 192
-1 192
cfn=(2208)
calls=192 1608 
* 4295
+1 192
-47 1890
-2 1260

fn=(2032)
3556 912
+1 456
-1 2280
+1 456
+7 2280
+7 912
+1 1368
-1 456
cfn=(1726) _mid_memalign.isra.0
calls=456 +4 
* 32017

fn=(2136)
3699 16
+10 8
-10 56
+10 64
+8 16
+3 24
+2 16
+3 64
+7 8
+8 8
-7 16
+7 16
fi=(210)
55 1
+92 6
fe=(209)
3743 4
+11 3
cfn=(1232)
calls=1 +92 
* 383
* 21
cfn=(1232)
calls=7 +92 
* 1152
+2 56
fi=(210)
153 16
-98 1
+92 6
fe=(209)
3756 2
+3 2
+9 2
+1 3
+68 8
-68 28
+15 8
+3 32
+9 8
-12 8
+12 16
+3 40
+8 8
+2 16
+2 16
+5 1
+2 1
-2 1
+3 2
+2 1
+2 2
-67 21
+3 14
+78 7
fi=(215)
59 14
fe=(209)
3837 42
fi=(215)
59 7
cob=(4)
cfi=(178)
cfn=(2138)
calls=7 -59 
* 329
fe=(209)

fn=(1728) _int_memalign
5039 2936
1326 734
+19 2569
5052 734
+20 1468
cfn=(1232)
calls=367 3846 
* 1911842
+2 734
-2 367
+2 367
+5 367
-2 367
+2 1101
+7 1080
+2 864
+5 864
+3 432
+8 2160
+2 216
+1 648
+1 216
-1 432
+1 216
cfn=(1730)
calls=216 4665 
* 19626
+3 1944
-2 216
+7 1101
+2 734
+1 367
+1 367
+1 734
+2 367
+2 367
-5 367
+4 734
4720 616
+4 3
+9 3
-1 3
+1 9
+1 6
-1 305
-1 305
+1 915
+1 610
+2 308
+2 616
+2 592
+3 296
+1 296
+2 888
+1 296
5137 888
cfn=(1732)
calls=296 4770 
* 7128
4743 12
+1 12
+2 36
+1 12
5137 36
cfn=(1732)
calls=12 4770 
* 288
* 177
cfn=(1732)
calls=59 4770 
* 1990
+7 3303
-55 25
+3 75
+41 367
-1 367
+1 734
4714 734
5126 616
4756 59
+1 177
+1 118
-37 305
cfn=(2208)
calls=305 1608 
* 7293
+1 610

fn=(2480)
2957 6
+9 3
+2 1
+1 2
+5 1
+1 1
-1 2
+4 5
+2 2
-10 1
+50 6

fn=(6036)
3024 3
+2 3
-1 3
+1 6
+2 3
-3 3
-1 3
+4 3
+3 6
+7 3
-8 3
+9 3
-8 3
+1 3
+6 9
+1 12
+3 3
+1 9
+6 3
-1 6
cfi=(231)
cfn=(2440)
calls=3 117 
* 18

fn=(1724)
5786 3670
+3 734
+6 1468
-1 734
+2 1468
+5 1101
cfn=(1726)
calls=367 3575 
* 2013687
* 367
+8 367
-6 734
+2 367
+1 367
+4 2202

fn=(1726)
3575 5761
+6 1646
+4 734
1326 734
+19 1835
3615 1101
+2 734
+21 734
+8 2920
+2 1460
cfn=(1728)
calls=365 5039 
* 1988347
+1 730
+8 1460
+2 1825
fi=(210)
153 1095
-98 7
+92 35
fe=(209)
3659 7
fi=(210)
147 7
+6 7
fe=(209)
3659 730
+3 2202
-72 1101
+8 1101
+64 456
-80 456
+80 1824
-80 456
cfn=(1220)
calls=456 3294 
* 24721
+58 10
cfn=(1728)
calls=2 5039 
* 720
+1 10
fi=(210)
153 4
fe=(209)
3643 734

fl=(294)
fn=(2874)
61 26
+7 26
+2 26
+3 26
+1 26
+2 26
+1 26
+1 26
+1 26
+3 26
+1 26
+3 26
+1 26
+2 12
+1 12
+1 12
+1 12
+2 24
+7 14
+5 14
+7 14
+1 14
+1 12
+1 12
+12 2
+1 2

fl=(306)
fn=(3206)
44 60
+1 15
+44 10
+16 50

fl=(164) ./string/../sysdeps/x86_64/multiarch/strstr.c
fn=(528) strstr
64 1
-13 4
+7 4
+6 1

fl=(235)
fn=(1808)
77 410152
+3 1230456
+2 410152
+2 820304
-7 1640608
+11 820304
+2 1218207
-46 406069
+1 1624276
+3 1624268
+46 1218207
+85 410152
+3 410152
+2 410152
+3 410152
-63 410152
+66 1230456
45 6
+1 4
+51 8166
+11 16332
+4 4083
+3 8166
-71 4083
+1 16344
+1 4
+84 12249
+1 8166
-83 16318
cfi=(303)
cfn=(5970)
calls=1 -7 
* 23
* 2

fl=(248)
fn=(6490)
102 24
fi=(389) ./libio/../include/printf_buffer.h
+22 8
fe=(248)
-22 8
fi=(389)
+22 8
fe=(248)
-22 56
fi=(389)
+35 8
-13 8
+13 8
-10 8
+1 8
fe=(248)
-65 16
+3 8
+30 32
cfi=(249)
cfn=(2082)
calls=8 600 
* 14074
-21 24
+1 8
+11 16
cfi=(254)
cfn=(2096)
calls=8 -62 
* 152
+17 48

fn=(2180)
35 1
+2 4
+2 5
+4 3
+1 1
+6 2
+3 1
+2 1

fn=(2080)
93 100
fi=(389)
+31 20
fe=(248)
-31 40
fi=(389)
+31 20
fe=(248)
-31 120
fi=(389)
+44 20
-13 20
+13 20
-10 20
+1 20
fe=(248)
-65 40
+3 20
+30 60
cfi=(249)
cfn=(2082)
calls=20 600 
* 12159
-21 60
+1 20
+11 40
cfi=(254)
cfn=(2096)
calls=20 -62 
* 380
+11 120

fl=(286)
fn=(2350)
27 49
+4 49
+7 42
+7 21
+19 7
fi=(220)
-35 21
fe=(286)
+39 28
+3 49
-24 21
cfi=(234)
cfn=(2352) sched_getparam
calls=7 +73 
* 42
* 14
+3 28
+3 21
+2 14
cfi=(234)
cfn=(2354) sched_getscheduler
calls=7 +65 
* 42
* 7
+1 14
+3 7
+3 7

fl=(316)
fn=(3384)
504 84
+1 18
+4 30
+3 30
+3 18
+43 66
fi=(311)
77 6
+1 6
-1 6
fe=(316)
536 24
fi=(311)
85 12
fe=(316)
557 12
-35 12
+24 12
380 24
+8 12
-50 18
+30 24
cfi=(317)
cfn=(3388)
calls=6 54 
* 9078
* 18
fi=(311)
85 12
fe=(316)

fl=(271) ./nptl/./nptl/pthread_attr_destroy.c
fn=(2156) pthread_attr_destroy
26 8
+10 24
+8 16

fl=(278)
fn=(2306)
25 1761
+1 3522
-1 10566
+1 1761
cfi=(276)
cfn=(2296)
calls=1761 +5 
* 31698
* 19371
cfi=(276)
cfn=(2300)
calls=1761 +37 
* 26415
* 1761
+1 3522
-1 4450

fl=(217)
fn=(1404)
24 63
+11 63
+3 126

fl=(103) ./string/../sysdeps/x86_64/multiarch/strchr.c
fn=(334) index
65 3
-22 6
+1 3
-2 12
+2 6
+3 6
+4 9
+3 9
+11 3

fl=(89) ./string/../sysdeps/x86_64/multiarch/memset.c
fn=(300) memset
29 5
fi=(90) ./string/../sysdeps/x86_64/multiarch/ifunc-memset.h
+25 25
+3 15
+7 10
+9 10
+2 10
+10 10
+8 10
+3 25
fe=(89)

fl=(104) ./debug/../sysdeps/x86_64/multiarch/memset_chk.c
fn=(336) __memset_chk
29 2
fi=(105) ./debug/../sysdeps/x86_64/multiarch/ifunc-memset.h
+25 10
+3 6
+7 4
+9 4
+2 4
+10 4
+8 4
+3 10
fe=(104)

fl=(132) ./string/../sysdeps/x86_64/multiarch/stpcpy.c
fn=(414) stpcpy
33 1
fi=(118)
+5 2
+1 1
-1 2
+1 2
+3 2
+4 3
+3 3
fe=(132)
-16 1

fl=(123) ./wcsmbs/../sysdeps/x86_64/multiarch/wmemset.c
fn=(382) wmemset
31 2
fi=(124) ./wcsmbs/../sysdeps/x86_64/multiarch/ifunc-wmemset.h
+5 10
+1 6
fe=(123)
-6 2

fl=(256)
fn=(2146) create_thread
236 96
+4 40
+4 16
+3 16
+1 16
+42 8
-3 8
+10 8
-10 8
+10 16
-10 72
+10 8
cfi=(267)
cfn=(2148)
calls=8 97 
* 497
+1 16
+5 8
+6 16
+12 16
+11 8
+1 88

fn=(2114)
626 128
+6 16
+13 32
+2 24
cfi=(258)
cfn=(2118)
calls=8 24 
* 520
* 8
+1 16
+2 16
fi=(260)
219 8
cfi=(261)
cfn=(2124)
calls=8 27 
* 48
fi=(262) ./nptl/./nptl-stack.h
61 8
fi=(260)
219 16
fi=(262)
61 8
fi=(260)
219 8
fi=(262)
61 56
fi=(260)
223 8
fi=(262)
61 8
fi=(260)
223 16
+5 24
+10 16
+91 16
+4 16
-4 8
+4 8
+10 48
+4 16
fe=(256)
897 16
+1 16
cfi=(271)
cfn=(2156)
calls=8 26 
* 48
+3 104
fi=(260)
347 32
+5 24
+1 8
-2 16
66 32
329 8
74 8
329 16
-1 16
74 24
-11 4
+16 12
-1 2
+3 4
+15 6
+12 4
-3 2
+3 10
cfi=(264)
cfn=(5966)
calls=2 -80 
* 18
+3 6
cfi=(264)
cfn=(2140)
calls=2 -68 
* 28
+3 6
+3 12
+3 2
+16 2
fi=(220)
-77 2
fi=(260)
+65 2
fi=(220)
-65 2
fi=(260)
+61 2
+17 2
-16 2
+4 2
+1 2
-5 2
+8 2
+2 2
+1 2
+5 16
+1 10
cob=(4)
cfi=(178)
cfn=(3214)
calls=2 0 
* 12
* 170
cob=(4)
cfi=(178)
cfn=(3214)
calls=34 0 
* 204
-1 108
+2 14
fi=(220)
-80 10
cob=(4)
cfi=(178)
cfn=(2138)
calls=2 -59 
* 76
fi=(260)
+83 6
cob=(4)
cfi=(178)
cfn=(5968)
calls=2 0 
* 1078
361 4
477 24
+29 40
+26 8
fe=(256)
755 8
fi=(260)
547 8
fe=(256)
674 8
fi=(260)
558 8
-11 8
+11 8
+5 8
-26 8
+21 8
-11 8
fe=(256)
677 8
+12 8
fi=(260)
558 8
fe=(256)
683 8
fi=(260)
542 8
+21 8
fe=(256)
+81 8
fi=(260)
-97 8
fe=(256)
689 8
-6 8
+1 8
+1 8
+4 8
-5 8
fi=(260)
545 8
fe=(256)
688 8
+2 24
+4 8
+1 8
+8 8
-8 24
+5 16
+3 8
-3 8
-11 8
+11 8
+3 16
+5 8
+1 8
-1 8
+1 8
+4 16
+5 16
fi=(390) ./nptl/../sysdeps/x86/nptl/tls-setup.h
22 16
fe=(256)
730 16
+21 16
+4 16
+2 8
+10 8
fi=(270) ./nptl/../sysdeps/unix/sysv/linux/internal-signals.h
81 40
fe=(256)
772 16
fi=(270)
81 16
fe=(256)
780 24
fi=(266) ./nptl/../sysdeps/unix/sysv/linux/internal-sigset.h
34 8
fe=(256)
609 32
836 48
cfn=(2146)
calls=8 236 
* 961
fi=(270)
89 24
fe=(256)
836 8
fi=(270)
89 24
fe=(256)
843 16
+40 16
+10 16
83 2
-2 1
+2 1
fi=(381)
-29 1
fe=(256)
+27 1
+1 1
+1 1
cfi=(257) ./signal/../sysdeps/unix/sysv/linux/libc_sigaction.c
cfn=(2116) __libc_sigaction
calls=1 -40 
* 52
+7 2
fi=(381)
+14 1
fe=(256)
-14 1
fi=(381)
+14 1
fe=(256)
-14 3
638 1
-3 1
+3 2
791 16
fi=(266)
102 8
+1 8
fi=(260)
-4 24
366 66
cfi=(263)
cfn=(2128)
calls=6 47 
* 156
+3 18
-3 6
+3 6
+5 24
+6 12
+5 12
+1 6
+9 12
170 12
-4 18
+4 6
cfi=(231)
cfn=(2130)
calls=6 -53 
* 36
* 24
407 6
+1 6
+21 6
-18 6
-4 6
+9 12
+3 6
+7 6
-18 6
+3 6
+18 6
cob=(4)
cfi=(178)
cfn=(2132)
calls=6 0 
* 4858
* 24
fe=(256)
663 1
+89 1
cfi=(265)
cfn=(2142)
calls=1 518 
* 22
* 2
fi=(260)
442 24
+3 42
cfi=(264)
cfn=(2140)
calls=6 43 
* 84
+2 36
+7 30
-88 12
83 4
fe=(256)

fn=(2308)
338 66
+7 12
+22 24
+3 6
cfi=(174)
cfn=(566)
calls=6 29 
* 102
+3 18
cfi=(260)
cfn=(2310)
calls=6 587 
* 3788
+4 6
fi=(281) ./nptl/../sysdeps/unix/sysv/linux/rseq-internal.h
32 12
+8 6
fe=(256)
388 30
+17 12
cfi=(225)
cfn=(1644)
calls=6 28 
* 228
* 6
+14 6
-14 6
+18 6
-4 6
+4 30
+3 12
+3 12
+2 6
fi=(270)
89 24
fe=(256)
431 6
fi=(270)
89 6
fe=(256)
433 6
+4 12
+11 6
+4 6
cfi=(336)
cfn=(5434)
calls=6 148 
* 440
+3 6
cfi=(337) ./nptl/./nptl/nptl_deallocate_tsd.c
cfn=(5436) __nptl_deallocate_tsd
calls=6 23 
* 36
+3 6
cfi=(338)
cfn=(5438)
calls=6 31 
* 22595
+3 18
+31 12
+2 12
fi=(266)
102 6
fe=(256)
508 18
fi=(266)
102 12
fe=(256)
508 18
+7 30
+1 12
+1 24
+35 18
+1 18
fi=(260)
189 6
cfi=(261)
cfn=(2124)
calls=6 27 
* 36
* 6
+2 30
+1 12
+1 12
fe=(256)
556 6
fi=(198)
146 6
fe=(256)
556 12
+17 18
+5 18
cfi=(260)
cfn=(2310)
calls=6 +9 
* 288
* 6
+21 10
447 18
cob=(9)
cfi=(192)
cfn=(6122) 0x00000000000ecda0
calls=1 0 
* 7025072
cob=(10)
cfi=(216)
cfn=(2318)
calls=5 0 
* 274883416
* 6
fi=(260)
194 24
cfi=(231)
cfn=(5458)
calls=6 -77 
* 36
* 6
fi=(269)
83 2
+1 2
+1 2
+10 2
+3 2
+1 2
+1 2
cfi=(256)
cfn=(2309) start_thread'2
calls=2 338 
* 4465
fe=(256)

fn=(2309)
338 22
+7 4
+22 8
+3 2
cfi=(174)
cfn=(566)
calls=2 29 
* 34
+3 6
cfi=(260)
cfn=(2310)
calls=2 587 
* 1250
+4 2
fi=(281)
32 4
+8 2
fe=(256)
388 10
+17 4
cfi=(225)
cfn=(1644)
calls=2 28 
* 76
* 2
+14 2
-14 2
+18 2
-4 2
+4 10
+3 4
+3 4
+2 2
fi=(270)
89 8
fe=(256)
431 2
fi=(270)
89 2
fe=(256)
433 2
+4 4
+11 2
+4 2
cfi=(336)
cfn=(5434)
calls=2 148 
* 26
+3 2
cfi=(337)
cfn=(5436)
calls=2 23 
* 12
+3 2
cfi=(338)
cfn=(5438)
calls=2 31 
* 254
+3 6
+31 4
+2 4
fi=(266)
102 2
fe=(256)
508 6
fi=(266)
102 4
fe=(256)
508 6
+7 10
+1 4
+1 8
+35 6
+1 6
fi=(260)
189 2
cfi=(261)
cfn=(2124)
calls=2 27 
* 12
* 2
+2 10
+1 4
+1 4
fe=(256)
556 2
fi=(198)
146 2
fe=(256)
556 4
+17 6
+5 6
cfi=(260)
cfn=(2310)
calls=2 +9 
* 96
* 2
447 6
cob=(10)
cfi=(216)
cfn=(2318)
calls=2 0 
* 2445
* 2
fi=(260)
194 8
cfi=(231)
cfn=(5458)
calls=2 -77 
* 12
* 2
fe=(256)

fl=(337)
fn=(5436)
23 8
+5 32
+82 8

fl=(257)
fn=(2116)
43 8
+5 2
+2 1
fi=(391) ./signal/../string/bits/string_fortified.h
-21 1
fe=(257)
+29 1
fi=(391)
-29 2
fe=(257)
+21 1
+3 1
fi=(391)
-24 3
fe=(257)
+24 1
fi=(391)
-24 3
fe=(257)
+24 2
fi=(391)
-24 1
fe=(257)
+29 1
-5 1
+5 3
fi=(391)
-29 6
fe=(257)
+29 6
+5 2
+8 6

fl=(340)
fn=(5442)
131 56
+1 8
cfi=(341)
cfn=(5444)
calls=8 242 
* 176
+2 40
+8 48

fl=(120) ./string/../sysdeps/x86_64/multiarch/strchrnul.c
fn=(374) strchrnul
31 1
fi=(84)
+9 3
-2 4
fe=(120)
-7 2
fi=(84)
+10 2
+1 3
+3 2
+4 3
+3 5
fe=(120)

fl=(296)
fn=(3024)
35 478053
+1 53117
+5 53117
+1 159351
fi=(297)
186 52736
-70 158208
+70 52736
-69 105472
+2 210944
fi=(291)
-89 52736
fe=(296)
+37 158208
+9 52736
-9 52736
+9 105472
+8 230
+1 230
fi=(297)
+66 690
+1 115
-1 230
fi=(198)
+58 114
fe=(296)
93 114
fi=(198)
209 570
fe=(296)
93 1
fi=(198)
209 235
fe=(296)
96 478053
fi=(297)
215 52734
-54 52734
fe=(296)
-93 52734
fi=(291)
-38 52734
fi=(297)
215 52734
fe=(296)
68 52734
fi=(297)
+93 52734
+53 52734
-1 105468
+1 210936
-63 315726
+1 52621
-1 105242
fi=(198)
+58 9
fe=(296)
92 2
+1 3
fi=(297)
241 452
+15 565
fi=(198)
146 339
fi=(297)
257 238
+16 10
+2 6
fi=(198)
146 10
fi=(297)
279 2
-22 14
+38 6
fi=(291)
57 2
fi=(297)
295 2
fi=(291)
57 6
fi=(297)
302 4
60 12
295 333
fi=(291)
57 111
fi=(297)
295 111
fi=(291)
57 333
fi=(297)
302 222
60 666
174 113
310 113
+6 226
175 113
-1 226
+2 226
+1 113
-1 226
320 113
+5 226
-13 226
fe=(296)
87 2

fl=(314)
fn=(3274)
374 2
+1 4
+17 2

fl=(334)
fn=(5430)
23 8
+1 32
cfi=(335)
cfn=(5432)
calls=8 +15 
* 2537

fl=(342)
fn=(5446)
24 40
+1 8
+1 16
cob=(4)
cfi=(178)
cfn=(3214)
calls=8 -26 
* 48
+1 8
+1 16
-1 8
cob=(4)
cfi=(178)
cfn=(3214)
calls=8 -27 
* 48

fl=(234)
fn=(1772)
91 3243
+2 1081

fn=(2352)
120 35
+2 7

fn=(2362)
120 35
+2 7

fn=(2354)
120 35
+2 7

fl=(83) ./string/../sysdeps/x86_64/multiarch/strnlen.c
fn=(288) strnlen
31 2
fi=(84)
+9 6
-2 8
fe=(83)
-7 4
fi=(84)
+10 4
+1 6
+3 4
+4 6
+3 10
fe=(83)

fl=(106) ./string/../sysdeps/x86_64/multiarch/strrchr.c
fn=(340) rindex
28 3
fi=(84)
+12 9
-2 12
fe=(106)
-10 6
fi=(84)
+13 6
+1 9
+3 6
+4 9
+3 15
fe=(106)

fl=(133) ./string/../sysdeps/x86_64/multiarch/memmove.c
fn=(418) memmove
29 5
fi=(99)
+28 15
-1 10
+4 15
+14 10
+3 10
+8 10
+8 10
+3 25
fe=(133)

fl=(200)
fn=(882)
30 1280
+9 384
+6 128
-1 256
+35 1152

fl=(322)
fn=(3566)
26 24
+1 8
cfi=(237)
cfn=(3568)
calls=8 288 
* 408
+1 16

fl=(165)
fn=(3756)
31 10
+1 40
+1 10

fn=(530) time
38 3
fi=(383)
+2 6
+1 6
fe=(165)
-3 6

fl=(202)
fn=(890)
36 128
+1 384
+1 128

fl=(312)
fn=(3266)
183 10
+4 4
-4 8
+4 2
cfn=(3268) inet_aton_end
calls=2 -80 
* 1288
* 6
+6 2
-6 4
+7 12
-5 4
+1 4

fn=(3268)
107 20
+12 8
+1 2
+9 2
-7 2
+7 6
-13 6
+20 2
-20 4
+17 10
cfi=(229)
cfn=(3270)
calls=2 -26 
* 312
* 30
cfi=(229)
cfn=(3270)
calls=6 -26 
* 698
+3 16
+3 8
+3 8
+1 16
+6 30
+2 6
-22 6
+22 6
+1 6
-23 18
+44 4
+6 22
-21 4
+3 4
+5 12
+3 6
fi=(313) ./resolv/../bits/byteswap.h
52 2
fe=(312)
170 4
+1 4
+3 4

fl=(204)
fn=(904)
26 80
+7 10
-7 30
+3 10
cob=(4)
cfi=(178)
cfn=(640)
calls=10 -29 
* 160
* 10
+3 30
+1 10
+7 48
+1 96
-8 48
+2 96
cob=(4)
cfi=(178)
cfn=(640)
calls=48 -35 
* 768
* 20
cob=(4)
cfi=(178)
cfn=(640)
calls=10 -35 
* 160
* 58
+2 312
cob=(4)
cfi=(178)
cfn=(906)
calls=49 -37 
* 1146
* 98
+8 20
+1 10
+1 80

fl=(227) ./setjmp/./setjmp/sigjmp.c
fn=(1648) __sigjmp_save
28 54
+2 18
-1 9
+5 36

fl=(346)
fn=(5576)
23 63
+2 126

fl=(251)
fn=(2088)
27 164
+1 492
-1 1148
+4 522
+2 194
+3 98
fi=(359)
-7 98
fe=(251)
+8 196
fi=(359)
-8 98
fe=(251)
+12 98
fi=(359)
-12 98
cob=(4)
cfi=(178)
cfn=(2094)
calls=98 -29 
* 1665
fe=(251)
+11 294
-9 196
+2 296
cfi=(272)
cfn=(2176)
calls=1 +28 
* 45
* 2
+2 4
+9 984

fl=(319)
fn=(3392)
37 84
+8 12
+2 6
+5 12
+10 6
fi=(389)
+64 6
fe=(319)
-64 6
fi=(389)
+65 6
+1 6
-4 6
fe=(319)
-62 6
cfi=(249)
cfn=(2082)
calls=6 600 
* 8064
+4 18
+2 6
+2 12
cfi=(254)
cfn=(2096)
calls=6 -45 
* 114
+1 36

fl=(357)
fn=(6500)
28 8
+1 8
+1 8
+2 8
+1 8
+1 8
+12 8
+1 8
+1 8
+1 8
+1 8
+1 8
+1 8
+6 8
+1 8
+1 8

fl=(360)
fn=(6506)
48 153
+6 18
+12 18
+76 99
-71 9
+1 18
+69 9
-60 18
cfi=(361)
cfn=(6508)
calls=9 -50 
* 297
* 18
+2 9
+1 9
+4 18

fl=(92) ./debug/../sysdeps/x86_64/multiarch/mempcpy_chk.c
fn=(308) __mempcpy_chk
29 1
fi=(93)
+28 3
-1 2
+4 3
+14 2
+3 2
+8 2
+8 2
+3 5
fe=(92)

fl=(305)
fn=(3204)
35 25
-8 10
+22 15
-22 5
cfi=(276)
cfn=(2296)
calls=5 +4 
* 90
* 40
+14 5
-14 10
cfi=(276)
cfn=(2300)
calls=5 +36 
* 75
+22 20

fl=(210)
fn=(1224)
262 1
fi=(211) ./malloc/../sysdeps/unix/sysv/linux/not-cancel.h
97 3
fe=(210)
262 7
+5 1
fi=(211)
97 3
fi=(209)
3143 2
fe=(210)
292 2
+4 3
fi=(209)
1946 4
+3 1
-3 1
+3 2
-3 2
+3 126
-3 126
+3 252
-3 252
+11 1
fe=(210)
300 3
fi=(209)
1958 1
+2 1
fe=(210)
300 1
cob=(4)
cfi=(178)
cfn=(574)
calls=1 0 
* 25
+1 4
cob=(4)
cfi=(178)
cfn=(574)
calls=1 0 
* 26
+1 4
cob=(4)
cfi=(178)
cfn=(574)
calls=1 0 
* 25
+1 4
cob=(4)
cfi=(178)
cfn=(574)
calls=1 0 
* 25
+1 4
cob=(4)
cfi=(178)
cfn=(574)
calls=1 0 
* 26
+1 4
cob=(4)
cfi=(178)
cfn=(574)
calls=1 0 
* 25
+1 4
cob=(4)
cfi=(178)
cfn=(574)
calls=1 0 
* 25
+2 4
cob=(4)
cfi=(178)
cfn=(574)
calls=1 0 
* 25
+1 4
cob=(4)
cfi=(178)
cfn=(574)
calls=1 0 
* 25
+1 4
cob=(4)
cfi=(178)
cfn=(574)
calls=1 0 
* 25
+3 4
cob=(4)
cfi=(178)
cfn=(574)
calls=1 0 
* 25
+1 4
cob=(4)
cfi=(178)
cfn=(574)
calls=1 0 
* 25
+2 2
+10 8

fn=(2436)
818 40
+10 4
+4 4
-4 8
+2 12
+23 12
+12 36
-33 8
+23 28
463 4
638 8
463 8
+7 28
cfn=(2438) alloc_new_heap
calls=4 -90 
* 566
* 4
640 8
+9 12
fi=(209)
1946 8
+3 4
-3 4
+3 8
-3 8
+3 504
-3 504
+3 1008
-3 1008
+7 12
+2 4
+3 4
fe=(210)
657 4
-1 4
-5 4
+2 12
+5 8
+1 8
+2 4
-1 4
+1 12
+2 4
+1 4
+4 4
-4 4
+1 4
+3 4
-2 4
+2 8
+3 8
+7 4
-2 4
+2 12
+2 16
-61 8
+63 16
+12 16
857 8

fn=(5450)
893 72
fi=(209)
3213 8
+2 8
-2 8
+2 8
+2 16
+4 15
+4 5
+2 995
+3 278
+3 139
3371 139
+2 139
3233 417
3375 139
-4 139
+4 278
+26 139
3227 417
-2 960
+13 10
cfn=(2430)
calls=5 3359 
* 919
* 5
fe=(210)
899 10
+1 5
+2 10
-3 6
+1 3
+2 6
+2 20
+3 15
+1 15
+2 5
+1 5
-1 5
+3 20
+2 64
fi=(209)
3392 278
fe=(210)
153 417
-98 50
+92 300
+6 50
fi=(209)
3398 100
cfn=(2448)
calls=50 4495 
* 4899
* 178
cfn=(2448)
calls=89 4495 
* 9648
* 139
3231 139
+17 417
fe=(210)

fn=(2438)
380 36
49 12
387 12
+2 8
+1 4
+5 8
+7 4
+2 4
-9 4
+9 4
-9 16
+7 8
+2 5
cfi=(263)
cfn=(2128)
calls=1 47 
* 21
+1 1
-1 1
+2 6
+35 16
cfi=(231)
cfn=(2130)
calls=4 117 
* 24
* 8
+7 16
cfi=(280)
cfn=(2314)
calls=4 33 
* 84
fi=(209)
2008 16
fe=(210)
453 4
+2 4
-2 4
+3 4
+2 36
-44 21
cfi=(263)
cfn=(2128)
calls=3 47 
* 78
* 3
+1 6
+2 3
+1 15
+5 3
-3 9
+3 2
+1 8
cfi=(231)
cfn=(2440)
calls=2 117 
* 12
* 4
cfi=(231)
cfn=(2440)
calls=1 117 
* 6
* 3
49 4
+6 8
421 3
cfi=(231)
cfn=(2440)
calls=1 117 
* 6
* 2

fn=(2434)
703 30
+1 5
+2 5
-2 5
+2 5
+2 4
+1 1
+1 2
+2 1
+3 1
-3 1
+3 1
+1 1
-97 2
724 1
+1 4
+1 1
+5 7
-26 4
+26 28
-11 3

fl=(218)
fn=(1410)
24 63
+4 63
-1 126
+6 189
+4 252
+2 63
+1 63

fl=(226)
fn=(1646)
31 9
+2 9
+9 9
+1 18
+1 9
+4 9
+1 9
+1 9
+1 9
+1 9
+2 18
+2 9
+1 9
+1 9
+2 18
+2 9
+5 9
+1 9
+17 9
cfi=(227)
cfn=(1648)
calls=9 -57 
* 117

fl=(290)
fn=(3188)
625 1512
386 108
fi=(291)
50 216
fe=(290)
404 108
fi=(291)
50 108
fe=(290)
405 108
+4 108
-5 108
+1 108
+4 108
-5 108
+5 108
+10 108
fi=(297)
186 108
fe=(290)
419 108
fi=(297)
186 216
fe=(290)
419 108
cfi=(239)
cfn=(2466)
calls=108 48 
* 2916
* 108
+1 216
+12 432
+33 324
+4 430
+63 321
fi=(291)
30 214
fe=(290)
540 428
53 540
616 216
cfi=(302)
cfn=(3192)
calls=108 77 
* 3240
+2 216
+10 1296
484 324
+1 324
fi=(291)
30 108
fe=(290)
486 324
+11 108
+4 540
-3 108
-1 108
+3 216
+1 108
-1 108
-1 108
+2 108
cfi=(196)
cfn=(784)
calls=108 25 
* 756
+2 648
cfi=(292)
cfn=(2470)
calls=108 138 
* 9180
+3 216
-3 108
+3 108
cfi=(196)
cfn=(802)
calls=108 40 
* 648
+2 756
152 432
524 108
-59 217
158 1
fi=(198)
+51 9
fe=(290)

fn=(4284)
682 132
+3 33
+3 55
386 11
fi=(291)
50 22
fe=(290)
404 11
fi=(291)
50 11
fe=(290)
405 11
+4 11
-5 11
+1 11
+4 11
-5 11
+5 11
+10 11
fi=(297)
186 11
fe=(290)
419 11
fi=(297)
186 22
fe=(290)
419 11
cfi=(239)
cfn=(2466)
calls=11 48 
* 330
+1 33
-1 11
+1 11
+12 55
+33 44
+4 36
+63 21
fi=(291)
30 14
fe=(290)
540 28
53 55
616 22
cfi=(302)
cfn=(3192)
calls=11 77 
* 330
+2 33
+74 132
484 33
+1 33
fi=(291)
30 11
fe=(290)
486 33
+11 11
+4 55
-3 11
-1 11
+3 22
+1 11
-1 11
-1 11
+2 11
cfi=(196)
cfn=(784)
calls=11 25 
* 77
+2 66
cfi=(292)
cfn=(2470)
calls=11 138 
* 951
+3 22
-3 11
+3 11
cfi=(196)
cfn=(802)
calls=11 40 
* 66
+2 68
152 32
524 8
-59 17
158 1
fi=(198)
+51 9
fe=(290)
-57 15
516 18
cfn=(4574) __condvar_cancel_waiting
calls=3 80 
* 141
+1 3
+1 3

fn=(2464)
641 338
+3 52
+5 104
+2 26
-1 52
386 26
fi=(291)
50 52
fe=(290)
404 26
fi=(291)
50 26
fe=(290)
405 26
-1 26
+1 26
+4 26
-5 26
+5 26
+10 26
fi=(297)
186 26
fe=(290)
419 26
fi=(297)
186 52
fe=(290)
419 26
cfi=(239)
cfn=(2466)
calls=26 48 
* 702
* 26
+1 52
+12 104
+33 78
+4 68
+63 24
fi=(291)
30 16
fe=(290)
540 32
53 130
616 52
cfi=(302)
cfn=(3192)
calls=26 77 
* 780
+2 52
+35 312
484 78
+1 78
fi=(291)
30 26
fe=(290)
486 78
+11 26
+4 130
-3 26
-1 26
+3 52
+1 26
-1 26
-1 26
+2 26
cfi=(196)
cfn=(784)
calls=26 25 
* 182
+2 156
cfi=(292)
cfn=(2470)
calls=26 138 
* 2226
+3 52
-3 26
+3 26
cfi=(196)
cfn=(802)
calls=26 40 
* 156
+2 128
152 32
524 8
-59 16
152 90
516 108
cfn=(4574)
calls=18 80 
* 846
+1 18
+1 18

fn=(4574)
80 63
fi=(297)
+36 21
fe=(290)
-36 147
fi=(297)
+36 21
+1 42
+2 84
fi=(291)
-89 21
fe=(290)
+57 21
+1 42
+56 126
fi=(297)
+17 42
fe=(290)
-65 42
+5 21
-5 21
+33 21
-26 21
fi=(297)
+48 126
+1 21
-1 42
fe=(290)
-50 42

ob=(3) /usr/lib/x86_64-linux-gnu/libm.so.6
fl=(159) ./math/../sysdeps/x86_64/fpu/multiarch/s_expm1.c
fn=(506) expm1
26 1
fi=(142) ./math/../sysdeps/x86_64/fpu/multiarch/ifunc-fma.h
+3 4
+1 3
fe=(159)
-4 1

fl=(141) ./math/../sysdeps/x86_64/fpu/multiarch/s_cosf.c
fn=(444) cosf
26 1
fi=(142)
+3 4
+1 3
fe=(141)
-4 1

fl=(154) ./math/../sysdeps/x86_64/fpu/multiarch/s_log1p.c
fn=(484) __log1p
26 1
fi=(142)
+3 4
+1 3
fe=(154)
-4 1

fl=(186) ???
fn=(7238) 0x0000000000010430
0 5

fn=(622) 0x00000000000104e0
0 12

fn=(7228) 0x00000000000104a0
0 9
cob=(4)
cfi=(178)
cfn=(7234)
calls=1 0 
0 204
0 1
cfn=(7238)
calls=1 0 
0 5
0 3

fl=(160) ./math/../sysdeps/x86_64/fpu/multiarch/e_exp2f.c
fn=(510) exp2f@@GLIBC_2.27
27 1
fi=(142)
+2 4
+1 3
fe=(160)
-3 1

fl=(146) ./math/../sysdeps/x86_64/fpu/multiarch/s_sin.c
fn=(456) cos
34 1
fi=(144) ./math/../sysdeps/x86_64/fpu/multiarch/ifunc-avx-fma4.h
-2 5
+1 2
fe=(146)
+1 1

fn=(518) sin
27 1
fi=(144)
+5 5
+1 2
fe=(146)
-6 1

fl=(162) ./math/../sysdeps/x86_64/fpu/multiarch/s_sincos.c
fn=(522) sincos
26 1
fi=(152) ./math/../sysdeps/x86_64/fpu/multiarch/ifunc-fma4.h
+5 4
+1 2
fe=(162)
-6 1

fl=(155) ./math/../sysdeps/x86_64/fpu/multiarch/e_log.c
fn=(488) __log_finite@GLIBC_2.15
27 1
fi=(144)
+5 5
+1 2
fe=(155)
-6 1

fl=(145) ./math/../sysdeps/x86_64/fpu/multiarch/e_expf.c
fn=(452) expf@@GLIBC_2.27
27 1
fi=(142)
+2 4
+1 3
fe=(145)
-3 1

fl=(153) ./math/../sysdeps/x86_64/fpu/multiarch/e_log2f.c
fn=(480) log2f@@GLIBC_2.27
27 1
fi=(142)
+2 4
+1 3
fe=(153)
-3 1

fl=(158) ./math/../sysdeps/x86_64/fpu/multiarch/s_fma.c
fn=(500) fma
49 6

fl=(143) ./math/../sysdeps/x86_64/fpu/multiarch/e_exp.c
fn=(448) __exp_finite@GLIBC_2.15
27 1
fi=(144)
+5 5
+1 2
fe=(143)
-6 1

fl=(151) ./math/../sysdeps/x86_64/fpu/multiarch/e_pow.c
fn=(476) __pow_finite@GLIBC_2.15
27 1
fi=(152)
+4 4
+1 2
fe=(151)
-5 1

fl=(157) ./math/../sysdeps/x86_64/fpu/multiarch/s_sinf.c
fn=(496) sinf
26 1
fi=(142)
+3 4
+1 3
fe=(157)
-4 1

fl=(149) ./math/../sysdeps/x86_64/fpu/multiarch/s_sincosf.c
fn=(468) sincosf
26 1
fi=(142)
+3 4
+1 3
fe=(149)
-4 1

fl=(150) ./math/../sysdeps/x86_64/fpu/multiarch/e_powf.c
fn=(472) powf@@GLIBC_2.27
30 1
fi=(142)
-1 4
+1 4
fe=(150)

fl=(148) ./math/../sysdeps/x86_64/fpu/multiarch/e_log2.c
fn=(464) log2@@GLIBC_2.29
27 1
fi=(142)
+2 4
+1 3
fe=(148)
-3 1

fl=(147) ./math/../sysdeps/x86_64/fpu/multiarch/e_logf.c
fn=(460) logf@@GLIBC_2.27
27 1
fi=(142)
+2 4
+1 3
fe=(147)
-3 1

fl=(161) ./math/../sysdeps/x86_64/fpu/multiarch/e_atan2.c
fn=(514) __atan2_finite@GLIBC_2.15
26 1
fi=(144)
+6 5
+1 2
fe=(161)
-7 1

fl=(156) ./math/../sysdeps/x86_64/fpu/multiarch/e_asin.c
fn=(502) __asin_finite@GLIBC_2.15
27 1
fi=(152)
+4 4
+1 2
fe=(156)
-5 1

fn=(492) __acos_finite@GLIBC_2.15
35 1
fi=(152)
-4 4
+1 2
+3 1
fe=(156)

ob=(9)
fl=(192)
fn=(748)
0 12

fn=(822)
0 14
cob=(4)
cfi=(178)
cfn=(770)
calls=1 0 
0 25
0 5

fn=(840)
0 115

fn=(944)
0 12
cob=(4)
cfi=(178)
cfn=(770)
calls=1 0 
0 25
0 117

fn=(958)
0 417

fn=(976)
0 114

fn=(1054)
0 109

fn=(1078)
0 14
cob=(4)
cfi=(178)
cfn=(770)
calls=1 0 
0 25
0 2
cob=(4)
cfi=(178)
cfn=(758)
calls=1 0 
0 5
0 5

fn=(1130)
0 414

fn=(1142)
0 126
cob=(4)
cfi=(178)
cfn=(812)
calls=14 0 
0 112
0 98
cob=(4)
cfi=(178)
cfn=(812)
calls=14 0 
0 112
0 98
cob=(4)
cfi=(178)
cfn=(812)
calls=14 0 
0 112
0 126

fn=(1148)
0 32
cob=(4)
cfi=(178)
cfn=(1120)
calls=4 0 
0 404
0 12
cob=(4)
cfi=(178)
cfn=(1150)
calls=4 0 
0 1265
0 52

fn=(720) 0x00000000000b74f0
0 8
cob=(4)
cfi=(178)
cfn=(722)
calls=1 0 
0 86399
0 7
cob=(4)
cfi=(178)
cfn=(1158)
calls=1 0 
0 1024

fn=(3538)
0 324
cob=(4)
cfi=(178)
cfn=(2652)
calls=6 0 
0 100
0 117
cob=(4)
cfi=(178)
cfn=(3540)
calls=3 0 
0 1821
0 15

fn=(4024)
0 212470
cob=(4)
cfi=(178)
cfn=(4026)
calls=106235 0 
0 2725933

fn=(4124)
0 64

fn=(4130)
0 72

fn=(6548)
0 187
cob=(4)
cfi=(178)
cfn=(4070)
calls=11 0 
0 417
0 77
cfn=(6550) __gnu_cxx::stdio_sync_filebuf<char, std::char_traits<char> >::sync()
calls=11 0 
0 2935
0 188
cob=(4)
cfi=(178)
cfn=(7134)
calls=1 0 
0 811
0 7
cfn=(6550)
calls=1 0 
0 77
0 2

fn=(6549)
0 17
cob=(4)
cfi=(178)
cfn=(4071)
calls=1 0 
0 24
0 7
cfn=(6550)
calls=1 0 
0 77
0 17

fn=(742) 0x00000000000e98b0
0 12
cob=(4)
cfi=(178)
cfn=(752)
calls=1 0 
0 74241
0 9
cob=(4)
cfi=(178)
cfn=(1100)
calls=1 0 
0 787
0 337
cob=(4)
cfi=(178)
cfn=(776)
calls=18 0 
0 224
0 91

fn=(846)
0 16
cob=(4)
cfi=(178)
cfn=(758)
calls=1 0 
0 5
0 4
cob=(4)
cfi=(178)
cfn=(848)
calls=1 0 
0 1169
0 4

fn=(926)
0 109

fn=(1136)
0 312

fn=(1278) 0x00000000000b7530
0 48

fn=(3518)
0 597

fn=(4118)
0 44
cob=(4)
cfi=(178)
cfn=(4120)
calls=4 0 
0 1006
0 8
cob=(4)
cfi=(178)
cfn=(4126)
calls=4 0 
0 954
0 32
cob=(4)
cfi=(178)
cfn=(1132)
calls=4 0 
0 56

fn=(5124)
0 22
cob=(4)
cfi=(178)
cfn=(5126)
calls=2 0 
0 4500

fn=(5144)
0 38
cfn=(5146) 0x0000000000142070
calls=2 0 
0 60
0 58
cfn=(5152) 0x0000000000146900
calls=2 0 
0 82
0 56
cfn=(4076) std::basic_streambuf<char, std::char_traits<char> >::xsputn(char const*, long)
calls=2 0 
0 296
0 32

fn=(5858)
0 50
cob=(4)
cfi=(178)
cfn=(5860)
calls=25 0 
0 1675

fn=(7100)
0 5

fn=(7114)
0 2

fn=(7126)
0 4
cob=(4)
cfi=(178)
cfn=(7120)
calls=1 0 
0 4

fn=(4584)
0 44
cob=(4)
cfi=(178)
cfn=(4586)
calls=11 0 
0 2068
0 55

fn=(4068)
0 1330
cob=(4)
cfi=(178)
cfn=(4070)
calls=70 0 
0 2443
0 2310
cfn=(6422) __gnu_cxx::stdio_sync_filebuf<char, std::char_traits<char> >::xsputn(char const*, long)
calls=64 0 
0 12384
cfn=(4076)
calls=6 0 
0 6969
0 350

fn=(4104)
0 68
cob=(4)
cfi=(178)
cfn=(4080)
calls=2 0 
0 32

fn=(5474)
0 243

fn=(756)
0 142
cob=(4)
cfi=(178)
cfn=(758)
calls=1 0 
0 865
0 7
cob=(4)
cfi=(178)
cfn=(764)
calls=1 0 
0 4791
0 4
cob=(4)
cfi=(178)
cfn=(806)
calls=1 0 
0 2152
0 4
cob=(4)
cfi=(178)
cfn=(818)
calls=1 0 
0 876
0 4
cob=(4)
cfi=(178)
cfn=(806)
calls=1 0 
0 400
0 24
cob=(4)
cfi=(178)
cfn=(824)
calls=1 0 
0 1469
0 4
cob=(4)
cfi=(178)
cfn=(806)
calls=1 0 
0 400
0 8
cob=(4)
cfi=(178)
cfn=(806)
calls=1 0 
0 400
0 8
cob=(4)
cfi=(178)
cfn=(806)
calls=1 0 
0 400
0 5
cob=(4)
cfi=(178)
cfn=(770)
calls=1 0 
0 25
0 5
cob=(4)
cfi=(178)
cfn=(806)
calls=1 0 
0 400
0 29
cob=(4)
cfi=(178)
cfn=(830)
calls=1 0 
0 1230
0 4
cob=(4)
cfi=(178)
cfn=(806)
calls=1 0 
0 400
0 29
cob=(4)
cfi=(178)
cfn=(836)
calls=1 0 
0 1267
0 4
cob=(4)
cfi=(178)
cfn=(806)
calls=1 0 
0 400
0 8
cob=(4)
cfi=(178)
cfn=(806)
calls=1 0 
0 400
0 8
cob=(4)
cfi=(178)
cfn=(806)
calls=1 0 
0 400
0 35
cob=(4)
cfi=(178)
cfn=(842)
calls=1 0 
0 2185
0 4
cob=(4)
cfi=(178)
cfn=(806)
calls=1 0 
0 400
0 8
cob=(4)
cfi=(178)
cfn=(806)
calls=1 0 
0 400
0 8
cob=(4)
cfi=(178)
cfn=(806)
calls=1 0 
0 400
0 4
cob=(4)
cfi=(178)
cfn=(854)
calls=1 0 
0 846
0 4
cob=(4)
cfi=(178)
cfn=(806)
calls=1 0 
0 400
0 4
cob=(4)
cfi=(178)
cfn=(860)
calls=1 0 
0 27169
0 4
cob=(4)
cfi=(178)
cfn=(806)
calls=1 0 
0 400
0 4
cob=(4)
cfi=(178)
cfn=(910)
calls=1 0 
0 876
0 4
cob=(4)
cfi=(178)
cfn=(806)
calls=1 0 
0 400
0 23
cob=(4)
cfi=(178)
cfn=(916)
calls=1 0 
0 1381
0 4
cob=(4)
cfi=(178)
cfn=(806)
calls=1 0 
0 400
0 8
cob=(4)
cfi=(178)
cfn=(806)
calls=1 0 
0 400
0 8
cob=(4)
cfi=(178)
cfn=(806)
calls=1 0 
0 400
0 5
cob=(4)
cfi=(178)
cfn=(770)
calls=1 0 
0 25
0 18
cob=(4)
cfi=(178)
cfn=(806)
calls=1 0 
0 400
0 28
cob=(4)
cfi=(178)
cfn=(922)
calls=1 0 
0 1241
0 4
cob=(4)
cfi=(178)
cfn=(806)
calls=1 0 
0 400
0 27
cob=(4)
cfi=(178)
cfn=(928)
calls=1 0 
0 1209
0 4
cob=(4)
cfi=(178)
cfn=(806)
calls=1 0 
0 400
0 8
cob=(4)
cfi=(178)
cfn=(806)
calls=1 0 
0 400
0 8
cob=(4)
cfi=(178)
cfn=(806)
calls=1 0 
0 400
0 35
cob=(4)
cfi=(178)
cfn=(934)
calls=1 0 
0 2154
0 4
cob=(4)
cfi=(178)
cfn=(806)
calls=1 0 
0 400
0 8
cob=(4)
cfi=(178)
cfn=(806)
calls=1 0 
0 400
0 8
cob=(4)
cfi=(178)
cfn=(806)
calls=1 0 
0 400
0 4
cob=(4)
cfi=(178)
cfn=(946)
calls=1 0 
0 846
0 4
cob=(4)
cfi=(178)
cfn=(806)
calls=1 0 
0 400
0 8
cob=(4)
cfi=(178)
cfn=(806)
calls=1 0 
0 400
0 8
cob=(4)
cfi=(178)
cfn=(806)
calls=1 0 
0 400
0 8
cob=(4)
cfi=(178)
cfn=(806)
calls=1 0 
0 400
0 8
cob=(4)
cfi=(178)
cfn=(806)
calls=1 0 
0 400
0 9
cfn=(952) 0x00000000000ed260
calls=1 0 
0 9745
0 3
cob=(4)
cfi=(178)
cfn=(812)
calls=1 0 
0 8
0 5
cob=(4)
cfi=(178)
cfn=(812)
calls=1 0 
0 8
0 4
cob=(4)
cfi=(178)
cfn=(812)
calls=1 0 
0 8
0 5
cob=(4)
cfi=(178)
cfn=(812)
calls=1 0 
0 8
0 5
cob=(4)
cfi=(178)
cfn=(812)
calls=1 0 
0 8
0 4
cob=(4)
cfi=(178)
cfn=(812)
calls=1 0 
0 8
0 5
cob=(4)
cfi=(178)
cfn=(812)
calls=1 0 
0 8
0 4
cob=(4)
cfi=(178)
cfn=(812)
calls=1 0 
0 8
0 13

fn=(828)
0 417

fn=(864)
0 14
cob=(4)
cfi=(178)
cfn=(770)
calls=1 0 
0 25
0 7
cob=(4)
cfi=(178)
cfn=(866)
calls=1 0 
0 26387

fn=(920)
0 353

fn=(932)
0 109

fn=(952)
0 25
cob=(4)
cfi=(178)
cfn=(954)
calls=1 0 
0 1397
0 8
cob=(4)
cfi=(178)
cfn=(812)
calls=1 0 
0 17
0 7
cob=(4)
cfi=(178)
cfn=(770)
calls=1 0 
0 25
0 7
cob=(4)
cfi=(178)
cfn=(812)
calls=1 0 
0 17
0 13
cob=(4)
cfi=(178)
cfn=(972)
calls=1 0 
0 1166
0 7
cob=(4)
cfi=(178)
cfn=(812)
calls=1 0 
0 17
0 13
cob=(4)
cfi=(178)
cfn=(984)
calls=1 0 
0 1183
0 7
cob=(4)
cfi=(178)
cfn=(812)
calls=1 0 
0 17
0 12
cob=(4)
cfi=(178)
cfn=(812)
calls=1 0 
0 17
0 12
cob=(4)
cfi=(178)
cfn=(812)
calls=1 0 
0 17
0 12
cob=(4)
cfi=(178)
cfn=(812)
calls=1 0 
0 17
0 6
cob=(4)
cfi=(178)
cfn=(1008)
calls=1 0 
0 814
0 7
cob=(4)
cfi=(178)
cfn=(812)
calls=1 0 
0 17
0 16
cob=(4)
cfi=(178)
cfn=(1020)
calls=1 0 
0 1341
0 7
cob=(4)
cfi=(178)
cfn=(812)
calls=1 0 
0 17
0 7
cob=(4)
cfi=(178)
cfn=(770)
calls=1 0 
0 25
0 7
cob=(4)
cfi=(178)
cfn=(812)
calls=1 0 
0 17
0 13
cob=(4)
cfi=(178)
cfn=(1038)
calls=1 0 
0 1193
0 7
cob=(4)
cfi=(178)
cfn=(812)
calls=1 0 
0 17
0 13
cob=(4)
cfi=(178)
cfn=(1050)
calls=1 0 
0 1169
0 7
cob=(4)
cfi=(178)
cfn=(812)
calls=1 0 
0 17
0 12
cob=(4)
cfi=(178)
cfn=(812)
calls=1 0 
0 17
0 12
cob=(4)
cfi=(178)
cfn=(812)
calls=1 0 
0 17
0 12
cob=(4)
cfi=(178)
cfn=(812)
calls=1 0 
0 17
0 6
cob=(4)
cfi=(178)
cfn=(1074)
calls=1 0 
0 814
0 6
cob=(4)
cfi=(178)
cfn=(812)
calls=1 0 
0 17
0 4
cob=(4)
cfi=(178)
cfn=(812)
calls=1 0 
0 8
0 4
cob=(4)
cfi=(178)
cfn=(812)
calls=1 0 
0 8
0 5
cob=(4)
cfi=(178)
cfn=(812)
calls=1 0 
0 8
0 5
cob=(4)
cfi=(178)
cfn=(812)
calls=1 0 
0 8
0 4
cob=(4)
cfi=(178)
cfn=(812)
calls=1 0 
0 8
0 5
cob=(4)
cfi=(178)
cfn=(812)
calls=1 0 
0 8
0 10

fn=(1188) 0x00000000000b71c0
0 4
cob=(4)
cfi=(178)
cfn=(1190)
calls=1 0 
0 793
0 4

fn=(1194)
0 3

fn=(1282) 0x00000000000b76c0
0 5
cob=(4)
cfi=(178)
cfn=(1158)
calls=1 0 
0 78

fn=(1444)
0 33

fn=(2454)
0 492939
cob=(4)
cfi=(178)
cfn=(2456)
calls=54771 0 
0 712898
0 383397

fn=(5118)
0 44
cob=(4)
cfi=(178)
cfn=(1108)
calls=2 0 
0 216
0 24
cob=(4)
cfi=(178)
cfn=(1114)
calls=2 0 
0 398
0 22
cob=(4)
cfi=(178)
cfn=(736)
calls=2 0 
0 92
0 22
cob=(4)
cfi=(178)
cfn=(1114)
calls=2 0 
0 398
0 16

fn=(5146)
0 162
cob=(4)
cfi=(178)
cfn=(812)
calls=18 0 
0 144
0 234

fn=(7110)
0 2

fn=(7148)
0 48
cob=(4)
cfi=(178)
cfn=(7139)
calls=1 0 
0 144
0 27

fn=(7149)
0 22

fn=(734)
0 40
cob=(4)
cfi=(178)
cfn=(736)
calls=1 0 
0 75803
0 16
cob=(4)
cfi=(178)
cfn=(736)
calls=1 0 
0 32
0 14
cob=(4)
cfi=(178)
cfn=(736)
calls=1 0 
0 32
0 7
cob=(4)
cfi=(178)
cfn=(1108)
calls=1 0 
0 820
0 11
cob=(4)
cfi=(178)
cfn=(1114)
calls=1 0 
0 4557
0 4
cob=(4)
cfi=(178)
cfn=(1108)
calls=1 0 
0 94
0 15
cob=(4)
cfi=(178)
cfn=(1114)
calls=1 0 
0 185
0 4
cob=(4)
cfi=(178)
cfn=(1108)
calls=1 0 
0 94
0 11
cob=(4)
cfi=(178)
cfn=(1114)
calls=1 0 
0 185
0 4
cob=(4)
cfi=(178)
cfn=(1108)
calls=1 0 
0 94
0 11
cob=(4)
cfi=(178)
cfn=(1114)
calls=1 0 
0 185
0 23
cob=(4)
cfi=(178)
cfn=(736)
calls=1 0 
0 32
0 16
cob=(4)
cfi=(178)
cfn=(736)
calls=1 0 
0 32
0 14
cob=(4)
cfi=(178)
cfn=(736)
calls=1 0 
0 32
0 7
cob=(4)
cfi=(178)
cfn=(1108)
calls=1 0 
0 94
0 11
cob=(4)
cfi=(178)
cfn=(1144)
calls=1 0 
0 2251
0 4
cob=(4)
cfi=(178)
cfn=(1108)
calls=1 0 
0 94
0 15
cob=(4)
cfi=(178)
cfn=(1144)
calls=1 0 
0 185
0 4
cob=(4)
cfi=(178)
cfn=(1108)
calls=1 0 
0 94
0 11
cob=(4)
cfi=(178)
cfn=(1144)
calls=1 0 
0 185
0 4
cob=(4)
cfi=(178)
cfn=(1108)
calls=1 0 
0 94
0 11
cob=(4)
cfi=(178)
cfn=(1144)
calls=1 0 
0 185
0 15

fn=(740)
0 400
cfn=(742)
calls=40 0 
0 75701
0 480

fn=(1172) 0x00000000000b7120
0 10
cob=(4)
cfi=(178)
cfn=(1174)
calls=1 0 
0 799
0 7
cob=(4)
cfi=(178)
cfn=(1158)
calls=1 0 
0 78
0 3
cob=(4)
cfi=(178)
cfn=(1174)
calls=1 0 
0 7
0 9
cob=(4)
cfi=(178)
cfn=(1158)
calls=1 0 
0 78

fn=(1280) 0x00000000000b76a0
0 5
cob=(4)
cfi=(178)
cfn=(1158)
calls=1 0 
0 78

fn=(1690)
0 292
cob=(4)
cfi=(178)
cfn=(1692)
calls=73 0 
0 20473
0 146

fn=(1432)
0 81

fn=(1438)
0 35475
cob=(4)
cfi=(178)
cfn=(1216)
calls=3225 0 
0 281281
0 16125

fn=(5348)
0 851296

fn=(6326)
0 106214
cob=(4)
cfi=(178)
cfn=(6328)
calls=53107 0 
0 3549439

fn=(6410)
0 2

fn=(6464)
0 136
cob=(4)
cfi=(178)
cfn=(4070)
calls=8 0 
0 192
0 168
cfn=(6466) std::num_put<char, std::ostreambuf_iterator<char, std::char_traits<char> > >::do_put(std::ostreambuf_iterator<char, std::char_traits<char> >, std::ios_base&, char, double) const
calls=8 0 
0 21769
0 160

fn=(6478)
0 184

fn=(6480) 0x000000000010d1d0
0 224
cob=(4)
cfi=(178)
cfn=(872)
calls=8 0 
0 192
0 96
cob=(4)
cfi=(178)
cfn=(6486)
calls=8 0 
0 15342
0 24
cob=(4)
cfi=(178)
cfn=(872)
calls=8 0 
0 192
0 88

fn=(7106)
0 2

fn=(7118)
0 4
cob=(4)
cfi=(178)
cfn=(7120)
calls=1 0 
0 818

fn=(7154) 0x00000000000b7a30
0 5

fn=(4078) std::__cxx11::basic_stringbuf<char, std::char_traits<char>, std::allocator<char> >::overflow(int)
0 276
cob=(4)
cfi=(178)
cfn=(4080)
calls=4 0 
0 1119
0 90
cob=(4)
cfi=(178)
cfn=(4086)
calls=2 0 
0 1564
0 18
cob=(4)
cfi=(178)
cfn=(4090)
calls=2 0 
0 1198
0 30
cob=(4)
cfi=(178)
cfn=(4094)
calls=2 0 
0 1141
0 14
cob=(4)
cfi=(178)
cfn=(4100)
calls=2 0 
0 1159
0 6

fn=(786)
0 7
cob=(4)
cfi=(178)
cfn=(790)
calls=1 0 
0 1895

fn=(1118)
0 112
cob=(4)
cfi=(178)
cfn=(1120)
calls=14 0 
0 3820
0 42
cob=(4)
cfi=(178)
cfn=(1138)
calls=14 0 
0 1845
0 182

fn=(1186) 0x00000000000b71b0
0 3

fn=(1324) 0x00000000000b7830
0 50

fn=(3544)
0 664
cob=(4)
cfi=(178)
cfn=(3436)
calls=5 0 
0 583
0 54
cob=(4)
cfi=(178)
cfn=(3436)
calls=18 0 
0 1662
0 141
cob=(4)
cfi=(178)
cfn=(2652)
calls=4 0 
0 52
0 198
cob=(4)
cfi=(178)
cfn=(2652)
calls=19 0 
0 247
0 162
cob=(4)
cfi=(178)
cfn=(2542)
calls=5 0 
0 471
0 406

fn=(5138) std::num_put<char, std::ostreambuf_iterator<char, std::char_traits<char> > >::do_put(std::ostreambuf_iterator<char, std::char_traits<char> >, std::ios_base&, char, long) const
0 6
cob=(4)
cfi=(178)
cfn=(5140)
calls=2 0 
0 1865

fn=(6122)
0 8
cob=(11)
cfi=(221)
cfn=(6124) std::thread::_State_impl<std::thread::_Invoker<std::tuple<start_single_metric_worker<(anonymous namespace)::pubsub_callback_state_t>(single_metric_worker_t<(anonymous namespace)::pubsub_callback_state_t>*)::{lambda()#1}> > >::_M_run()
calls=1 0 
0 7024675
0 3
cob=(11)
cfi=(221)
cfn=(6406) std::thread::_State_impl<std::thread::_Invoker<std::tuple<start_single_metric_worker<(anonymous namespace)::pubsub_callback_state_t>(single_metric_worker_t<(anonymous namespace)::pubsub_callback_state_t>*)::{lambda()#1}> > >::~_State_impl()
calls=1 0 
0 381
0 5

fn=(7092) 0x00000000000b7aa0
0 9
cob=(4)
cfi=(178)
cfn=(7098)
calls=1 0 
0 6191
0 1
cfn=(7154)
calls=1 0 
0 5
0 3

fn=(7128)
0 13
cob=(4)
cfi=(178)
cfn=(7130)
calls=1 0 
0 879
0 2
cob=(4)
cfi=(178)
cfn=(7130)
calls=1 0 
0 1195
0 2
cob=(4)
cfi=(178)
cfn=(7130)
calls=1 0 
0 144
0 2
cob=(4)
cfi=(178)
cfn=(7138)
calls=1 0 
0 2078
0 2
cob=(4)
cfi=(178)
cfn=(7138)
calls=1 0 
0 419
0 2
cob=(4)
cfi=(178)
cfn=(7138)
calls=1 0 
0 144
0 2

fn=(7142)
0 51
cob=(4)
cfi=(178)
cfn=(7144)
calls=3 0 
0 1196
0 21
cfn=(7150) __gnu_cxx::stdio_sync_filebuf<wchar_t, std::char_traits<wchar_t> >::sync()
calls=3 0 
0 231
0 52
cob=(4)
cfi=(178)
cfn=(7134)
calls=1 0 
0 35
0 7
cfn=(7150)
calls=1 0 
0 77
0 2

fn=(7143)
0 17
cob=(4)
cfi=(178)
cfn=(7145)
calls=1 0 
0 24
0 7
cfn=(7150)
calls=1 0 
0 77
0 17

fn=(7150)
0 15
cob=(4)
cfi=(178)
cfn=(6552)
calls=5 0 
0 370

fn=(898)
0 88
cob=(4)
cfi=(178)
cfn=(900)
calls=1 0 
0 505
0 24
cob=(4)
cfi=(178)
cfn=(900)
calls=1 0 
0 395
0 3
cob=(4)
cfi=(178)
cfn=(900)
calls=1 0 
0 560
0 9
cob=(4)
cfi=(178)
cfn=(900)
calls=1 0 
0 205
0 3
cob=(4)
cfi=(178)
cfn=(900)
calls=1 0 
0 150
0 3
cob=(4)
cfi=(178)
cfn=(900)
calls=1 0 
0 890
0 3
cob=(4)
cfi=(178)
cfn=(900)
calls=1 0 
0 260
0 7
cob=(4)
cfi=(178)
cfn=(900)
calls=1 0 
0 340
0 3
cob=(4)
cfi=(178)
cfn=(900)
calls=1 0 
0 195
0 3
cob=(4)
cfi=(178)
cfn=(900)
calls=1 0 
0 615

fn=(914)
0 14
cob=(4)
cfi=(178)
cfn=(770)
calls=1 0 
0 25
0 5

fn=(1166) 0x00000000000b7ae0
0 12

fn=(1198) 0x00000000000b71e0
0 23
cob=(4)
cfi=(178)
cfn=(1200)
calls=1 0 
0 1760
0 27
cob=(4)
cfi=(178)
cfn=(1216)
calls=1 0 
0 2719
0 8

fn=(1306) 0x00000000000b77b0
0 34

fn=(1350) 0x00000000000b78f0
0 50

fn=(1658)
0 727
cob=(4)
cfi=(178)
cfn=(2542)
calls=61 0 
0 6029
0 60

fn=(1712)
0 150

fn=(2650)
0 395
cob=(4)
cfi=(178)
cfn=(2652)
calls=6 0 
0 1150
0 247
cob=(4)
cfi=(178)
cfn=(3540)
calls=16 0 
0 2736
0 76

fn=(6682)
0 9

fn=(5130)
0 34
cob=(4)
cfi=(178)
cfn=(4070)
calls=2 0 
0 48
0 40
cfn=(5138)
calls=2 0 
0 1871
0 70
cob=(4)
cfi=(178)
cfn=(5132)
calls=1 0 
0 1659
0 7

fn=(5136)
0 741
cob=(4)
cfi=(178)
cfn=(2876)
calls=1 0 
0 49
0 13

fn=(5152)
0 410

fn=(5562)
0 476

fn=(6026)
0 10
cob=(4)
cfi=(178)
cfn=(6028)
calls=1 0 
0 2313
0 6

fn=(6398)
0 11
cob=(4)
cfi=(178)
cfn=(6400)
calls=1 0 
0 1066
0 6

fn=(6536) __gnu_cxx::stdio_sync_filebuf<char, std::char_traits<char> >::overflow(int)
0 56
cob=(4)
cfi=(178)
cfn=(6538)
calls=8 0 
0 1228

fn=(7116)
0 2

fn=(774)
0 176
cob=(4)
cfi=(178)
cfn=(776)
calls=22 0 
0 3195
0 154

fn=(794)
0 8
cob=(4)
cfi=(178)
cfn=(796)
calls=1 0 
0 861
0 6

fn=(834)
0 114

fn=(938)
0 16
cob=(4)
cfi=(178)
cfn=(758)
calls=1 0 
0 5
0 4
cob=(4)
cfi=(178)
cfn=(940)
calls=1 0 
0 1190
0 4

fn=(950)
0 14
cob=(4)
cfi=(178)
cfn=(770)
calls=1 0 
0 25
0 2
cob=(4)
cfi=(178)
cfn=(758)
calls=1 0 
0 5
0 5

fn=(988)
0 115

fn=(1042)
0 109

fn=(1124)
0 270
cob=(4)
cfi=(178)
cfn=(736)
calls=18 0 
0 716
0 54
cob=(4)
cfi=(178)
cfn=(1126)
calls=18 0 
0 1192
0 36
cob=(4)
cfi=(178)
cfn=(1132)
calls=18 0 
0 1006
0 144

fn=(1178)
0 10

fn=(1284) 0x00000000000b76e0
0 10
cob=(4)
cfi=(178)
cfn=(1158)
calls=1 0 
0 78
0 7
cob=(4)
cfi=(178)
cfn=(1158)
calls=1 0 
0 78

fn=(1288) 0x00000000000b7730
0 34

fn=(1376) 0x00000000000b79b0
0 10
cob=(4)
cfi=(178)
cfn=(1158)
calls=1 0 
0 78
0 4
cob=(4)
cfi=(178)
cfn=(1158)
calls=1 0 
0 78
0 7
cob=(4)
cfi=(178)
cfn=(1158)
calls=1 0 
0 78

fn=(2646)
0 54
cob=(4)
cfi=(178)
cfn=(3436)
calls=2 0 
0 467
0 50

fn=(3182)
0 324
cob=(4)
cfi=(178)
cfn=(3184)
calls=108 0 
0 31236

fn=(6304)
0 4
cob=(4)
cfi=(178)
cfn=(6306)
calls=1 0 
0 1778
0 2

fn=(6452)
0 136
cob=(4)
cfi=(178)
cfn=(4070)
calls=8 0 
0 192
0 157
cfn=(6454) std::num_put<char, std::ostreambuf_iterator<char, std::char_traits<char> > >::do_put(std::ostreambuf_iterator<char, std::char_traits<char> >, std::ios_base&, char, unsigned long) const
calls=7 0 
0 2205
0 10
cfn=(6454)
calls=1 0 
0 1562
0 175

fn=(7112)
0 2

fn=(4074)
0 1504
cob=(4)
cfi=(178)
cfn=(7131)
calls=1 0 
0 144
0 859

fn=(4075)
0 22

fn=(768)
0 18
cob=(4)
cfi=(178)
cfn=(770)
calls=1 0 
0 3918
0 103

fn=(816)
0 1284

fn=(1012)
0 14
cob=(4)
cfi=(178)
cfn=(770)
calls=1 0 
0 25
0 2
cob=(4)
cfi=(178)
cfn=(758)
calls=1 0 
0 5
0 5

fn=(1112)
0 720
cob=(4)
cfi=(178)
cfn=(736)
calls=12 0 
0 520

fn=(2828)
0 1701
cob=(4)
cfi=(178)
cfn=(1692)
calls=106 0 
0 13315
0 99
cob=(4)
cfi=(178)
cfn=(1692)
calls=33 0 
0 3112

fn=(2868)
0 554
cob=(4)
cfi=(178)
cfn=(2870)
calls=18 0 
0 1213
0 118
cob=(4)
cfi=(178)
cfn=(2876)
calls=16 0 
0 1154
0 244

fn=(3124)
0 154

fn=(4590)
0 55
cob=(4)
cfi=(178)
cfn=(4592)
calls=11 0 
0 1214
0 33

fn=(5982)
0 717435
cob=(4)
cfi=(178)
cfn=(2456)
calls=79715 0 
0 1036295
0 558005

fn=(6454)
0 24
cob=(4)
cfi=(178)
cfn=(6456)
calls=8 0 
0 3743

fn=(6534)
0 120
cob=(4)
cfi=(178)
cfn=(4070)
calls=8 0 
0 192
0 216
cfn=(6536)
calls=8 0 
0 1284
0 16

fn=(7108)
0 2

fn=(4076)
0 294
cob=(4)
cfi=(178)
cfn=(2652)
calls=10 0 
0 180
0 146
cfn=(4078)
calls=6 0 
0 6615
0 30

fn=(4084)
0 84

fn=(4098)
0 102

fn=(762)
0 21

fn=(810)
0 480
cob=(4)
cfi=(178)
cfn=(812)
calls=32 0 
0 1306
0 11712

fn=(852)
0 13
cob=(4)
cfi=(178)
cfn=(770)
calls=1 0 
0 25
0 119

fn=(858)
0 14
cob=(4)
cfi=(178)
cfn=(770)
calls=1 0 
0 25
0 2
cob=(4)
cfi=(178)
cfn=(758)
calls=1 0 
0 5
0 5

fn=(870)
0 11
cob=(4)
cfi=(178)
cfn=(872)
calls=1 0 
0 843
0 770
cob=(4)
cfi=(178)
cfn=(878)
calls=128 0 
0 4363
0 262
cob=(4)
cfi=(178)
cfn=(884)
calls=1 0 
0 812
0 510
cob=(4)
cfi=(178)
cfn=(884)
calls=255 0 
0 11618
0 1086
cob=(4)
cfi=(178)
cfn=(894)
calls=8 0 
0 3402
0 72
cob=(4)
cfi=(178)
cfn=(894)
calls=4 0 
0 1745
0 23
cob=(4)
cfi=(178)
cfn=(872)
calls=1 0 
0 24
0 2

fn=(1024)
0 353

fn=(1104)
0 3

fn=(1154)
0 36
cob=(4)
cfi=(178)
cfn=(812)
calls=4 0 
0 32
0 28
cob=(4)
cfi=(178)
cfn=(812)
calls=4 0 
0 32
0 28
cob=(4)
cfi=(178)
cfn=(812)
calls=4 0 
0 32
0 36

fn=(1252) 0x00000000000b7400
0 78

fn=(1382) 0x00000000000b7a10
0 5
cob=(4)
cfi=(178)
cfn=(1158)
calls=1 0 
0 78

fn=(2540)
0 6318
cob=(4)
cfi=(178)
cfn=(2542)
calls=3159 0 
0 390346

fn=(2546)
0 6450
cob=(4)
cfi=(178)
cfn=(2548)
calls=3225 0 
0 383286

fn=(6688)
0 6

fn=(3404)
0 1496

fn=(3434)
0 2126
cob=(4)
cfi=(178)
cfn=(3436)
calls=18 0 
0 4286
0 234
cob=(4)
cfi=(178)
cfn=(2652)
calls=18 0 
0 242
0 146

fn=(6422)
0 480
cob=(4)
cfi=(178)
cfn=(6424)
calls=80 0 
0 14320

fn=(6460)
0 152
cfn=(5146)
calls=8 0 
0 240
0 216
cfn=(5152)
calls=8 0 
0 328
0 192
cfn=(6422)
calls=8 0 
0 1224
0 128

fn=(6466)
0 32
cob=(4)
cfi=(178)
cfn=(6468)
calls=8 0 
0 21737

fn=(6472)
0 160
cfn=(5146)
calls=8 0 
0 240
0 88
cob=(4)
cfi=(178)
cfn=(6474)
calls=8 0 
0 1140
0 104
cob=(4)
cfi=(178)
cfn=(770)
calls=8 0 
0 200
0 88
cfn=(6480)
calls=8 0 
0 16158
0 40
cob=(4)
cfi=(178)
cfn=(812)
calls=8 0 
0 64
0 264
cob=(4)
cfi=(178)
cfn=(2870)
calls=8 0 
0 168
0 208
cfn=(6422)
calls=8 0 
0 1192
0 192
cob=(4)
cfi=(178)
cfn=(2652)
calls=8 0 
0 128
0 32

fn=(6550)
0 39
cob=(4)
cfi=(178)
cfn=(6552)
calls=13 0 
0 3050

fn=(7104)
0 2

fn=(7124)
0 4

ob=(11)
fl=(221)
fn=(1650)
0 27
cob=(4)
cfi=(178)
cfn=(1652)
calls=1 0 
0 802
0 14
cfn=(1654) bool std::operator==<char, std::char_traits<char>, std::allocator<char> >(std::__cxx11::basic_string<char, std::char_traits<char>, std::allocator<char> > const&, char const*)
calls=1 0 
0 32
0 4
cob=(4)
cfi=(178)
cfn=(1656)
calls=1 0 
0 8
0 3
cfn=(1660) std::__cxx11::basic_string<char, std::char_traits<char>, std::allocator<char> >::basic_string<std::allocator<char> >(char const*, std::allocator<char> const&) [clone .isra.0]
calls=1 0 
0 77
0 3
cfn=(1660)
calls=1 0 
0 80
0 4
cfn=(1660)
calls=1 0 
0 80
0 1
cob=(4)
cfi=(178)
cfn=(1662)
calls=1 0 
0 6
0 9
cob=(4)
cfi=(178)
cfn=(1666)
calls=1 0 
0 134
0 12
cob=(4)
cfi=(178)
cfn=(1656)
calls=1 0 
0 8
0 4
cfn=(1672) run_pubsub(std::__cxx11::basic_string<char, std::char_traits<char>, std::allocator<char> > const&, unsigned long, std::__cxx11::basic_string<char, std::char_traits<char>, std::allocator<char> > const&)
calls=1 0 
0 141191884
0 2
cob=(4)
cfi=(178)
cfn=(1656)
calls=1 0 
0 8
0 2
cob=(4)
cfi=(178)
cfn=(1656)
calls=1 0 
0 8
0 2

fn=(2656) (anonymous namespace)::setup_connected_pubsub_pair(void*, void*, std::__cxx11::basic_string<char, std::char_traits<char>, std::allocator<char> > const&, std::__cxx11::basic_string<char, std::char_traits<char>, std::allocator<char> > const&)
0 40
cob=(4)
cfi=(178)
cfn=(1652)
calls=1 0 
0 802
0 6
cob=(4)
cfi=(178)
cfn=(1652)
calls=1 0 
0 802
0 5
cob=(4)
cfi=(178)
cfn=(1652)
calls=1 0 
0 802
0 7
cob=(4)
cfi=(178)
cfn=(1652)
calls=1 0 
0 793
0 7
cfn=(2658) set_sockopt_int(void*, zlink_option_t, int, char const*) [clone .isra.0]
calls=1 0 
0 5507
0 6
cob=(4)
cfi=(178)
cfn=(2660)
calls=1 0 
0 345
0 9
cob=(4)
cfi=(178)
cfn=(1652)
calls=1 0 
0 802
0 6
cob=(4)
cfi=(178)
cfn=(1652)
calls=1 0 
0 802
0 5
cob=(4)
cfi=(178)
cfn=(1652)
calls=1 0 
0 802
0 6
cob=(4)
cfi=(178)
cfn=(1652)
calls=1 0 
0 793
0 9
cob=(4)
cfi=(178)
cfn=(2660)
calls=1 0 
0 346
0 13
cob=(4)
cfi=(178)
cfn=(2660)
calls=1 0 
0 346
0 10
cob=(4)
cfi=(178)
cfn=(2700)
calls=1 0 
0 17106
0 10
cfn=(2824) bind_and_resolve_endpoint(void*, std::__cxx11::basic_string<char, std::char_traits<char>, std::allocator<char> > const&, std::__cxx11::basic_string<char, std::char_traits<char>, std::allocator<char> > const&) [clone .isra.0]
calls=1 0 
0 110714
0 9
cob=(4)
cfi=(178)
cfn=(3548)
calls=1 0 
0 95
0 15
cob=(4)
cfi=(178)
cfn=(3550)
calls=1 0 
0 73773
0 5
cob=(4)
cfi=(178)
cfn=(1652)
calls=1 0 
0 793
0 8
cfn=(2658)
calls=1 0 
0 327
0 5
cfn=(2658)
calls=1 0 
0 4961
0 5
cfn=(2658)
calls=1 0 
0 838
0 5
cob=(4)
cfi=(178)
cfn=(3550)
calls=1 0 
0 29515
0 5
cob=(4)
cfi=(178)
cfn=(1652)
calls=1 0 
0 793
0 8
cfn=(2658)
calls=1 0 
0 327
0 5
cfn=(2658)
calls=1 0 
0 838
0 5
cfn=(2658)
calls=1 0 
0 838
0 4
cob=(4)
cfi=(178)
cfn=(3900)
calls=1 0 
0 52576
0 16
cfn=(4144) parse_positive_env(char const*, int)
calls=1 0 
0 813
0 4
cfn=(4144)
calls=1 0 
0 813
0 6
cfn=(2658)
calls=1 0 
0 346
0 5
cfn=(2658)
calls=1 0 
0 346
0 5
cfn=(2658)
calls=1 0 
0 346
0 7
cfn=(4144)
calls=1 0 
0 813
0 4
cfn=(4144)
calls=1 0 
0 813
0 6
cfn=(2658)
calls=1 0 
0 347
0 5
cfn=(2658)
calls=1 0 
0 347
0 5
cfn=(2658)
calls=1 0 
0 347
0 3
cfn=(4144)
calls=1 0 
0 813
0 5
cfn=(4146) wait_for_socket_monitor_event(void*, unsigned long, int)
calls=1 0 
0 27970
0 5
cfn=(4146)
calls=1 0 
0 3983
0 3
cob=(4)
cfi=(178)
cfn=(5368)
calls=1 0 
0 29134
0 2
cob=(4)
cfi=(178)
cfn=(5368)
calls=1 0 
0 4352
0 20

fn=(6392) void std::__introsort_loop<__gnu_cxx::__normal_iterator<double*, std::vector<double, std::allocator<double> > >, long, __gnu_cxx::__ops::_Iter_less_iter>(__gnu_cxx::__normal_iterator<double*, std::vector<double, std::allocator<double> > >, __gnu_cxx::__normal_iterator<double*, std::vector<double, std::allocator<double> > >, long, __gnu_cxx::__ops::_Iter_less_iter) [clone .isra.0]
0 134821
cfn=(6393) void std::__introsort_loop<__gnu_cxx::__normal_iterator<double*, std::vector<double, std::allocator<double> > >, long, __gnu_cxx::__ops::_Iter_less_iter>(__gnu_cxx::__normal_iterator<double*, std::vector<double, std::allocator<double> > >, __gnu_cxx::__normal_iterator<double*, std::vector<double, std::allocator<double> > >, long, __gnu_cxx::__ops::_Iter_less_iter) [clone .isra.0]'2
calls=5 0 
0 2378355
0 60

fn=(6393)
0 2326471
cfn=(6393)
calls=2830 0 
0 8914165
0 24184
cfn=(6394) void std::__adjust_heap<__gnu_cxx::__normal_iterator<double*, std::vector<double, std::allocator<double> > >, long, double, __gnu_cxx::__ops::_Iter_less_iter>(__gnu_cxx::__normal_iterator<double*, std::vector<double, std::allocator<double> > >, long, long, double, __gnu_cxx::__ops::_Iter_less_iter) [clone .isra.0]
calls=63 0 
0 5442
0 15
cfn=(6394)
calls=3 0 
0 154
0 171
cfn=(6394)
calls=3 0 
0 300
0 1397
cfn=(6394)
calls=127 0 
0 10731
0 9490

fn=(1618)
0 12

fn=(1654)
0 8
cob=(4)
cfi=(178)
cfn=(1632)
calls=1 0 
0 16
0 8

fn=(4144)
0 45
cob=(4)
cfi=(178)
cfn=(1652)
calls=5 0 
0 3965
0 55

fn=(6292)
0 1221461
cob=(4)
cfi=(178)
cfn=(6294)
calls=53107 0 
0 1806464
0 265535
cob=(4)
cfi=(178)
cfn=(6042)
calls=53107 0 
0 1859984
0 902819
cob=(4)
cfi=(178)
cfn=(6296)
calls=53107 0 
0 8907476
0 1327675
cob=(4)
cfi=(178)
cfn=(6324)
calls=53107 0 
0 3761867

fn=(6566) print_queue_metrics(std::__cxx11::basic_string<char, std::char_traits<char>, std::allocator<char> > const&, std::__cxx11::basic_string<char, std::char_traits<char>, std::allocator<char> > const&, std::__cxx11::basic_string<char, std::char_traits<char>, std::allocator<char> > const&, unsigned long, queue_stats_t const&)
0 21
cob=(4)
cfi=(178)
cfn=(6420)
calls=1 0 
0 233
0 5
cob=(4)
cfi=(178)
cfn=(6420)
calls=1 0 
0 233
0 5
cob=(4)
cfi=(178)
cfn=(6420)
calls=1 0 
0 234
0 4
cob=(4)
cfi=(178)
cfn=(6420)
calls=1 0 
0 233
0 5
cob=(4)
cfi=(178)
cfn=(6420)
calls=1 0 
0 234
0 4
cob=(4)
cfi=(178)
cfn=(6420)
calls=1 0 
0 236
0 5
cob=(4)
cfi=(178)
cfn=(6420)
calls=1 0 
0 234
0 3
cob=(4)
cfi=(178)
cfn=(6450)
calls=1 0 
0 399
0 5
cob=(4)
cfi=(178)
cfn=(6420)
calls=1 0 
0 229
0 11
cob=(4)
cfi=(178)
cfn=(6462)
calls=1 0 
0 2526
0 11
cob=(4)
cfi=(178)
cfn=(6532)
calls=1 0 
0 131
0 2
cob=(4)
cfi=(178)
cfn=(6546)
calls=1 0 
0 307
0 6
cob=(4)
cfi=(178)
cfn=(6420)
calls=1 0 
0 233
0 4
cob=(4)
cfi=(178)
cfn=(6420)
calls=1 0 
0 233
0 5
cob=(4)
cfi=(178)
cfn=(6420)
calls=1 0 
0 234
0 4
cob=(4)
cfi=(178)
cfn=(6420)
calls=1 0 
0 233
0 5
cob=(4)
cfi=(178)
cfn=(6420)
calls=1 0 
0 234
0 4
cob=(4)
cfi=(178)
cfn=(6420)
calls=1 0 
0 236
0 5
cob=(4)
cfi=(178)
cfn=(6420)
calls=1 0 
0 234
0 3
cob=(4)
cfi=(178)
cfn=(6450)
calls=1 0 
0 399
0 5
cob=(4)
cfi=(178)
cfn=(6420)
calls=1 0 
0 229
0 11
cob=(4)
cfi=(178)
cfn=(6462)
calls=1 0 
0 1692
0 11
cob=(4)
cfi=(178)
cfn=(6532)
calls=1 0 
0 131
0 2
cob=(4)
cfi=(178)
cfn=(6546)
calls=1 0 
0 307
0 4
cob=(4)
cfi=(178)
cfn=(6420)
calls=1 0 
0 233
0 4
cob=(4)
cfi=(178)
cfn=(6420)
calls=1 0 
0 233
0 5
cob=(4)
cfi=(178)
cfn=(6420)
calls=1 0 
0 234
0 4
cob=(4)
cfi=(178)
cfn=(6420)
calls=1 0 
0 233
0 5
cob=(4)
cfi=(178)
cfn=(6420)
calls=1 0 
0 234
0 4
cob=(4)
cfi=(178)
cfn=(6420)
calls=1 0 
0 236
0 5
cob=(4)
cfi=(178)
cfn=(6420)
calls=1 0 
0 234
0 3
cob=(4)
cfi=(178)
cfn=(6450)
calls=1 0 
0 399
0 5
cob=(4)
cfi=(178)
cfn=(6420)
calls=1 0 
0 229
0 11
cob=(4)
cfi=(178)
cfn=(6462)
calls=1 0 
0 1692
0 11
cob=(4)
cfi=(178)
cfn=(6532)
calls=1 0 
0 131
0 9
cob=(4)
cfi=(178)
cfn=(6546)
calls=1 0 
0 307

fn=(1610) (below main)
0 12
cob=(2)
cfi=(222)
cfn=(1612)
calls=1 242 
0 141206695

fn=(1672)
0 17
cob=(4)
cfi=(178)
cfn=(1676)
calls=1 0 
0 30083
0 6
cob=(4)
cfi=(178)
cfn=(1652)
calls=1 0 
0 802
0 3
cob=(4)
cfi=(178)
cfn=(1652)
calls=1 0 
0 802
0 9
cob=(4)
cfi=(178)
cfn=(1862)
calls=1 0 
0 2319
0 4
cob=(4)
cfi=(178)
cfn=(1652)
calls=1 0 
0 802
0 6
cob=(4)
cfi=(178)
cfn=(1886)
calls=1 0 
0 146726
0 5
cob=(4)
cfi=(178)
cfn=(1886)
calls=1 0 
0 11018
0 10
cob=(4)
cfi=(178)
cfn=(1652)
calls=1 0 
0 802
0 23
cob=(4)
cfi=(178)
cfn=(2552)
calls=1 0 
0 12092
0 14
cob=(4)
cfi=(178)
cfn=(2644)
calls=1 0 
0 24
0 8
cob=(4)
cfi=(178)
cfn=(2648)
calls=1 0 
0 1113
0 8
cob=(4)
cfi=(178)
cfn=(2648)
calls=1 0 
0 51
0 5
cfn=(2656)
calls=1 0 
0 378338
0 8
cob=(4)
cfi=(178)
cfn=(1652)
calls=1 0 
0 793
0 8
cob=(4)
cfi=(178)
cfn=(1674)
calls=1 0 
0 24
0 7
cob=(4)
cfi=(178)
cfn=(1674)
calls=1 0 
0 24
0 7
cob=(4)
cfi=(178)
cfn=(1674)
calls=1 0 
0 24
0 5
cob=(4)
cfi=(178)
cfn=(1652)
calls=1 0 
0 811
0 17
cob=(4)
cfi=(178)
cfn=(1626)
calls=1 0 
0 940
0 7
cob=(4)
cfi=(178)
cfn=(5870)
calls=1 0 
0 14
0 7
cob=(4)
cfi=(178)
cfn=(5872)
calls=1 0 
0 11846
0 5
cob=(4)
cfi=(178)
cfn=(1652)
calls=1 0 
0 793
0 9
cfn=(2658)
calls=1 0 
0 327
0 5
cfn=(2658)
calls=1 0 
0 838
0 5
cfn=(2658)
calls=1 0 
0 838
0 5
cob=(4)
cfi=(178)
cfn=(5872)
calls=1 0 
0 252
0 5
cob=(4)
cfi=(178)
cfn=(1652)
calls=1 0 
0 793
0 9
cfn=(2658)
calls=1 0 
0 327
0 5
cfn=(2658)
calls=1 0 
0 838
0 5
cfn=(2658)
calls=1 0 
0 838
0 9
cob=(4)
cfi=(178)
cfn=(1652)
calls=1 0 
0 802
0 9
cob=(4)
cfi=(178)
cfn=(1652)
calls=1 0 
0 819
0 23
cob=(4)
cfi=(178)
cfn=(1652)
calls=1 0 
0 147
0 6
cob=(4)
cfi=(178)
cfn=(1662)
calls=1 0 
0 6
0 9
cob=(4)
cfi=(178)
cfn=(5974)
calls=1 0 
0 109
0 13
cob=(4)
cfi=(178)
cfn=(1652)
calls=1 0 
0 618
0 6
cob=(4)
cfi=(178)
cfn=(1662)
calls=1 0 
0 6
0 9
cob=(4)
cfi=(178)
cfn=(5974)
calls=1 0 
0 109
0 18
cob=(4)
cfi=(178)
cfn=(1652)
calls=1 0 
0 802
0 24
cob=(4)
cfi=(178)
cfn=(1652)
calls=1 0 
0 793
0 18
cob=(4)
cfi=(178)
cfn=(1626)
calls=1 0 
0 421
0 46
cob=(4)
cfi=(178)
cfn=(5978)
calls=1 0 
0 8
0 6
cob=(4)
cfi=(178)
cfn=(1626)
calls=1 0 
0 341
0 458775
cob=(4)
cfi=(178)
cfn=(5980)
calls=1 0 
0 31
0 15
cob=(4)
cfi=(178)
cfn=(5984)
calls=1 0 
0 6941
0 11
cob=(4)
cfi=(178)
cfn=(1626)
calls=1 0 
0 65
0 11
cob=(4)
cfi=(178)
cfn=(6024)
calls=1 0 
0 2331
0 22
cfn=(6032) (anonymous namespace)::run_oneway_phase(void*, std::vector<char, std::allocator<char> >*, (anonymous namespace)::pubsub_callback_state_t*, unsigned long*, perf_single_metric::phase_t, int, int, queue_probe_t*, unsigned long long*, latency_stats_t*) [clone .constprop.0]
calls=1 0 
0 68127533
0 17
cfn=(6032)
calls=1 0 
0 71748869
0 9
cob=(4)
cfi=(178)
cfn=(6352)
calls=1 0 
0 136
0 8
cob=(4)
cfi=(178)
cfn=(3548)
calls=1 0 
0 75
0 2
cob=(4)
cfi=(178)
cfn=(6414)
calls=1 0 
0 26
0 6
cob=(4)
cfi=(178)
cfn=(3548)
calls=1 0 
0 71069
0 13
cob=(4)
cfi=(178)
cfn=(4148)
calls=1 0 
0 31
0 20
cob=(4)
cfi=(178)
cfn=(6358)
calls=1 0 
0 1597
0 15
cob=(4)
cfi=(178)
cfn=(4148)
calls=1 0 
0 31
0 20
cob=(4)
cfi=(178)
cfn=(6358)
calls=1 0 
0 781
0 38
cfn=(6418) print_result(std::__cxx11::basic_string<char, std::char_traits<char>, std::allocator<char> > const&, std::__cxx11::basic_string<char, std::char_traits<char>, std::allocator<char> > const&, std::__cxx11::basic_string<char, std::char_traits<char>, std::allocator<char> > const&, unsigned long, double, double, double, double)
calls=1 0 
0 36001
0 6
cfn=(6566)
calls=1 0 
0 14235
0 7
cob=(4)
cfi=(178)
cfn=(5368)
calls=1 0 
0 4504
0 4
cob=(4)
cfi=(178)
cfn=(5368)
calls=1 0 
0 4352
0 6
cob=(4)
cfi=(178)
cfn=(3548)
calls=1 0 
0 95
0 2
cob=(4)
cfi=(178)
cfn=(6568)
calls=1 0 
0 4604
0 2
cob=(4)
cfi=(178)
cfn=(6568)
calls=1 0 
0 891
0 2
cob=(4)
cfi=(178)
cfn=(6590)
calls=1 0 
0 4365
0 2
cob=(4)
cfi=(178)
cfn=(6612)
calls=1 0 
0 29729
0 12
cob=(4)
cfi=(178)
cfn=(1674)
calls=1 0 
0 24
0 6
cob=(4)
cfi=(178)
cfn=(3550)
calls=1 0 
0 30779
0 7
cob=(4)
cfi=(178)
cfn=(3550)
calls=1 0 
0 31931
0 27
cob=(4)
cfi=(178)
cfn=(6396)
calls=1 0 
0 1085
0 2

fn=(6418)
0 28
cob=(4)
cfi=(178)
cfn=(6420)
calls=1 0 
0 2991
0 4
cob=(4)
cfi=(178)
cfn=(6420)
calls=1 0 
0 233
0 5
cob=(4)
cfi=(178)
cfn=(6420)
calls=1 0 
0 234
0 4
cob=(4)
cfi=(178)
cfn=(6420)
calls=1 0 
0 233
0 5
cob=(4)
cfi=(178)
cfn=(6420)
calls=1 0 
0 234
0 4
cob=(4)
cfi=(178)
cfn=(6420)
calls=1 0 
0 236
0 5
cob=(4)
cfi=(178)
cfn=(6420)
calls=1 0 
0 234
0 3
cob=(4)
cfi=(178)
cfn=(6450)
calls=1 0 
0 1660
0 5
cob=(4)
cfi=(178)
cfn=(6420)
calls=1 0 
0 231
0 11
cob=(4)
cfi=(178)
cfn=(6462)
calls=1 0 
0 5885
0 11
cob=(4)
cfi=(178)
cfn=(6532)
calls=1 0 
0 927
0 2
cob=(4)
cfi=(178)
cfn=(6546)
calls=1 0 
0 1091
0 4
cob=(4)
cfi=(178)
cfn=(6420)
calls=1 0 
0 233
0 4
cob=(4)
cfi=(178)
cfn=(6420)
calls=1 0 
0 233
0 5
cob=(4)
cfi=(178)
cfn=(6420)
calls=1 0 
0 234
0 4
cob=(4)
cfi=(178)
cfn=(6420)
calls=1 0 
0 233
0 5
cob=(4)
cfi=(178)
cfn=(6420)
calls=1 0 
0 234
0 4
cob=(4)
cfi=(178)
cfn=(6420)
calls=1 0 
0 236
0 5
cob=(4)
cfi=(178)
cfn=(6420)
calls=1 0 
0 234
0 3
cob=(4)
cfi=(178)
cfn=(6450)
calls=1 0 
0 399
0 5
cob=(4)
cfi=(178)
cfn=(6420)
calls=1 0 
0 231
0 11
cob=(4)
cfi=(178)
cfn=(6462)
calls=1 0 
0 1671
0 11
cob=(4)
cfi=(178)
cfn=(6532)
calls=1 0 
0 131
0 2
cob=(4)
cfi=(178)
cfn=(6546)
calls=1 0 
0 307
0 4
cob=(4)
cfi=(178)
cfn=(6420)
calls=1 0 
0 233
0 4
cob=(4)
cfi=(178)
cfn=(6420)
calls=1 0 
0 233
0 5
cob=(4)
cfi=(178)
cfn=(6420)
calls=1 0 
0 234
0 4
cob=(4)
cfi=(178)
cfn=(6420)
calls=1 0 
0 233
0 5
cob=(4)
cfi=(178)
cfn=(6420)
calls=1 0 
0 234
0 4
cob=(4)
cfi=(178)
cfn=(6420)
calls=1 0 
0 236
0 5
cob=(4)
cfi=(178)
cfn=(6420)
calls=1 0 
0 234
0 3
cob=(4)
cfi=(178)
cfn=(6450)
calls=1 0 
0 399
0 5
cob=(4)
cfi=(178)
cfn=(6420)
calls=1 0 
0 231
0 11
cob=(4)
cfi=(178)
cfn=(6462)
calls=1 0 
0 3017
0 11
cob=(4)
cfi=(178)
cfn=(6532)
calls=1 0 
0 131
0 2
cob=(4)
cfi=(178)
cfn=(6546)
calls=1 0 
0 307
0 4
cob=(4)
cfi=(178)
cfn=(6420)
calls=1 0 
0 233
0 4
cob=(4)
cfi=(178)
cfn=(6420)
calls=1 0 
0 233
0 5
cob=(4)
cfi=(178)
cfn=(6420)
calls=1 0 
0 234
0 4
cob=(4)
cfi=(178)
cfn=(6420)
calls=1 0 
0 233
0 5
cob=(4)
cfi=(178)
cfn=(6420)
calls=1 0 
0 234
0 4
cob=(4)
cfi=(178)
cfn=(6420)
calls=1 0 
0 236
0 5
cob=(4)
cfi=(178)
cfn=(6420)
calls=1 0 
0 234
0 3
cob=(4)
cfi=(178)
cfn=(6450)
calls=1 0 
0 399
0 5
cob=(4)
cfi=(178)
cfn=(6420)
calls=1 0 
0 231
0 11
cob=(4)
cfi=(178)
cfn=(6462)
calls=1 0 
0 2955
0 11
cob=(4)
cfi=(178)
cfn=(6532)
calls=1 0 
0 131
0 2
cob=(4)
cfi=(178)
cfn=(6546)
calls=1 0 
0 307
0 4
cob=(4)
cfi=(178)
cfn=(6420)
calls=1 0 
0 233
0 4
cob=(4)
cfi=(178)
cfn=(6420)
calls=1 0 
0 233
0 5
cob=(4)
cfi=(178)
cfn=(6420)
calls=1 0 
0 234
0 4
cob=(4)
cfi=(178)
cfn=(6420)
calls=1 0 
0 233
0 5
cob=(4)
cfi=(178)
cfn=(6420)
calls=1 0 
0 234
0 4
cob=(4)
cfi=(178)
cfn=(6420)
calls=1 0 
0 236
0 5
cob=(4)
cfi=(178)
cfn=(6420)
calls=1 0 
0 234
0 3
cob=(4)
cfi=(178)
cfn=(6450)
calls=1 0 
0 399
0 5
cob=(4)
cfi=(178)
cfn=(6420)
calls=1 0 
0 231
0 11
cob=(4)
cfi=(178)
cfn=(6462)
calls=1 0 
0 3003
0 11
cob=(4)
cfi=(178)
cfn=(6532)
calls=1 0 
0 131
0 9
cob=(4)
cfi=(178)
cfn=(6546)
calls=1 0 
0 307

fn=(1624)
0 19
cob=(4)
cfi=(178)
cfn=(1626)
calls=1 0 
0 210
0 28
cob=(4)
cfi=(178)
cfn=(1628)
calls=1 0 
0 78
0 8
cfn=(1630) std::vector<std::__cxx11::basic_string<char, std::char_traits<char>, std::allocator<char> >, std::allocator<std::__cxx11::basic_string<char, std::char_traits<char>, std::allocator<char> > > >::vector<char const* const*, void>(char const* const*, char const* const*, std::allocator<std::__cxx11::basic_string<char, std::char_traits<char>, std::allocator<char> > > const&) [clone .constprop.0]
calls=1 0 
0 455
0 5
cob=(4)
cfi=(178)
cfn=(1628)
calls=1 0 
0 78
0 13
cfn=(1630)
calls=1 0 
0 520
0 11
cob=(4)
cfi=(178)
cfn=(1628)
calls=1 0 
0 78

fn=(7014)
0 8
cob=(4)
cfi=(178)
cfn=(3548)
calls=1 0 
0 95

fn=(7020) 0x0000000000004bf0
0 9
cob=(4)
cfi=(178)
cfn=(7026)
calls=1 0 
0 204
0 1
cfn=(7036) 0x0000000000004b80
calls=1 0 
0 5
0 3

fn=(1630)
0 56
cob=(4)
cfi=(178)
cfn=(1626)
calls=2 0 
0 417
0 129
cob=(4)
cfi=(178)
cfn=(1632)
calls=7 0 
0 112
0 56
cob=(4)
cfi=(178)
cfn=(1634)
calls=7 0 
0 137
0 68

fn=(2658)
0 323
cob=(4)
cfi=(178)
cfn=(2660)
calls=19 0 
0 18229
0 324
cob=(4)
cfi=(178)
cfn=(2694)
calls=1 0 
0 22
0 4
cob=(4)
cfi=(178)
cfn=(1652)
calls=1 0 
0 802
0 4
cob=(4)
cfi=(178)
cfn=(2696)
calls=1 0 
0 11
0 2

fn=(2824)
0 23
cob=(4)
cfi=(178)
cfn=(2826)
calls=1 0 
0 79
0 42
cob=(4)
cfi=(178)
cfn=(2830)
calls=1 0 
0 106054
0 10
cob=(4)
cfi=(178)
cfn=(3548)
calls=1 0 
0 95
0 59
cob=(4)
cfi=(178)
cfn=(3520)
calls=1 0 
0 2098
0 44
cob=(4)
cfi=(178)
cfn=(2648)
calls=1 0 
0 49
0 20
cob=(4)
cfi=(178)
cfn=(2648)
calls=1 0 
0 35
0 25
cob=(4)
cfi=(178)
cfn=(3546)
calls=1 0 
0 134
0 8
cob=(4)
cfi=(178)
cfn=(3546)
calls=1 0 
0 134
0 20
cob=(4)
cfi=(178)
cfn=(3548)
calls=1 0 
0 95
0 21
cob=(4)
cfi=(178)
cfn=(2826)
calls=1 0 
0 79
0 7
cob=(4)
cfi=(178)
cfn=(1634)
calls=1 0 
0 13
0 14
cob=(4)
cfi=(178)
cfn=(2826)
calls=1 0 
0 79
0 7
cob=(4)
cfi=(178)
cfn=(1634)
calls=1 0 
0 13
0 6
cob=(4)
cfi=(178)
cfn=(1632)
calls=1 0 
0 16
0 6
cob=(4)
cfi=(178)
cfn=(3536)
calls=1 0 
0 1366
0 63

fn=(4146)
0 56
cob=(4)
cfi=(178)
cfn=(4148)
calls=2 0 
0 62
0 16
cob=(4)
cfi=(178)
cfn=(4148)
calls=2 0 
0 62
0 10
cob=(4)
cfi=(178)
cfn=(4148)
calls=2 0 
0 62
0 26
cob=(4)
cfi=(178)
cfn=(4150)
calls=2 0 
0 19540
0 20
cob=(4)
cfi=(178)
cfn=(4436)
calls=2 0 
0 12017
0 16
cob=(4)
cfi=(178)
cfn=(4148)
calls=2 0 
0 62
0 4

fn=(6406)
0 6
cob=(4)
cfi=(178)
cfn=(6408)
calls=1 0 
0 4
0 4
cob=(4)
cfi=(178)
cfn=(3548)
calls=1 0 
0 367

fn=(7036)
0 5

fn=(6124)
0 21
cob=(4)
cfi=(178)
cfn=(6034)
calls=1 0 
0 38
0 624
cob=(4)
cfi=(178)
cfn=(6034)
calls=104 0 
0 3952
0 161106
cob=(4)
cfi=(178)
cfn=(6352)
calls=53107 0 
0 1608429
0 1383503
cob=(4)
cfi=(178)
cfn=(6126)
calls=105 0 
0 30030
0 1059
cob=(4)
cfi=(178)
cfn=(6352)
calls=1 0 
0 29
0 26606
cob=(4)
cfi=(178)
cfn=(5980)
calls=26606 0 
0 824786
0 665150
cob=(4)
cfi=(178)
cfn=(6038)
calls=26606 0 
0 744968
0 239454
cob=(4)
cfi=(178)
cfn=(6034)
calls=26606 0 
0 1011028
0 160056
cob=(4)
cfi=(178)
cfn=(6038)
calls=105 0 
0 4095
0 159741

fn=(6394)
0 16627

fn=(7012)
0 68
cob=(4)
cfi=(178)
cfn=(3548)
calls=2 0 
0 220
0 23

fn=(6032)
0 64
cob=(4)
cfi=(178)
cfn=(4148)
calls=2 0 
0 62
0 44
cob=(4)
cfi=(178)
cfn=(6034)
calls=2 0 
0 76
0 8
cob=(4)
cfi=(178)
cfn=(1652)
calls=2 0 
0 1586
0 30
cob=(4)
cfi=(178)
cfn=(1626)
calls=2 0 
0 79368
0 32
cob=(4)
cfi=(178)
cfn=(3548)
calls=2 0 
0 164
0 4
cob=(4)
cfi=(178)
cfn=(6038)
calls=2 0 
0 56
0 14
cob=(4)
cfi=(178)
cfn=(4148)
calls=2 0 
0 62
0 53107
cob=(4)
cfi=(178)
cfn=(4148)
calls=53107 0 
0 1646317
0 531074
cob=(4)
cfi=(178)
cfn=(5980)
calls=53107 0 
0 1646317
0 1433889
cob=(4)
cfi=(178)
cfn=(6040)
calls=53107 0 
0 11283871
0 106242
cob=(4)
cfi=(178)
cfn=(4148)
calls=2 0 
0 62
0 16
cob=(4)
cfi=(178)
cfn=(6034)
calls=2 0 
0 76
0 13
cob=(4)
cfi=(178)
cfn=(4148)
calls=1 0 
0 31
0 2
cob=(4)
cfi=(178)
cfn=(4148)
calls=2 0 
0 62
0 30
cob=(4)
cfi=(178)
cfn=(4148)
calls=3 0 
0 93
0 94
cob=(4)
cfi=(178)
cfn=(6038)
calls=2 0 
0 78
0 47
cob=(4)
cfi=(178)
cfn=(4148)
calls=1 0 
0 31
0 10
cob=(4)
cfi=(178)
cfn=(6358)
calls=1 0 
0 4993
0 17
cob=(4)
cfi=(178)
cfn=(4148)
calls=1 0 
0 31
0 10
cob=(4)
cfi=(178)
cfn=(6358)
calls=1 0 
0 774
0 12
cob=(4)
cfi=(178)
cfn=(5980)
calls=1 0 
0 31
0 116
cob=(4)
cfi=(178)
cfn=(6354)
calls=4 0 
0 1209
0 4
cob=(4)
cfi=(178)
cfn=(4148)
calls=4 0 
0 124
0 265543
cob=(4)
cfi=(178)
cfn=(6042)
calls=53107 0 
0 2018066
0 212428
cob=(4)
cfi=(178)
cfn=(1634)
calls=53107 0 
0 743498
0 318642
cob=(4)
cfi=(178)
cfn=(6044)
calls=53107 0 
0 115690473
0 478588
cob=(4)
cfi=(178)
cfn=(4148)
calls=415 0 
0 12865
0 2986
cob=(4)
cfi=(178)
cfn=(6358)
calls=9 0 
0 6966
0 160576
cob=(4)
cfi=(178)
cfn=(4148)
calls=1 0 
0 31
0 9
cob=(4)
cfi=(178)
cfn=(4148)
calls=1 0 
0 31
0 52
cob=(4)
cfi=(178)
cfn=(6354)
calls=1 0 
0 294
0 1
cob=(4)
cfi=(178)
cfn=(4148)
calls=1 0 
0 31
0 16
cob=(4)
cfi=(178)
cfn=(6034)
calls=1 0 
0 38
0 27
cfn=(6392)
calls=1 0 
0 2513236
0 661619
cob=(4)
cfi=(178)
cfn=(6038)
calls=1 0 
0 28
0 5

fn=(1660)
0 51
cob=(4)
cfi=(178)
cfn=(1632)
calls=3 0 
0 48
0 78
cob=(4)
cfi=(178)
cfn=(1634)
calls=3 0 
0 57
0 3

ob=(5) /usr/libexec/valgrind/vgpreload_core-amd64-linux.so
fl=(181) ???
fn=(7046) 0x00000000000010d0
0 9
cob=(4)
cfi=(178)
cfn=(7052)
calls=1 0 
0 204
0 1
cfn=(7056) 0x0000000000001060
calls=1 0 
0 5
0 3

fn=(602) 0x0000000000001110
0 12

fn=(7056)
0 5

ob=(1)
fl=(8) ./elf/./elf/dl-setup_hash.c
fn=(14) _dl_setup_hash
25 10
+3 10
-3 10
+3 20
+3 30
+1 20
+2 10
-1 10
+3 30
+1 10
+1 20
+7 10
-5 10
-2 10
+3 20
+2 10
+2 20
+5 10

fl=(66) ./io/../sysdeps/unix/sysv/linux/fstatat64.c
fn=(216) fstatat
146 10
-55 10
+70 11
+1 1
-2 8
+1 8

fl=(140) ./misc/../sysdeps/unix/syscall-template.S
fn=(440) mprotect
117 50
+5 10

fn=(584) munmap
117 5
+5 1

fl=(78) ./elf/./elf/dl-lookup.c
fn=(274) _dl_lookup_symbol_x
772 28026
+3 4671
-3 14013
+3 4671
-3 18684
fi=(79) ./elf/../sysdeps/generic/dl-new-hash.h
74 4671
+3 9342
-8 4671
+1 9342
+10 4671
+1 9342
-1 113404
+1 226808
+20 115790
-2 115790
+6 115790
-3 231580
+2 115790
-30 115790
+3 231580
fe=(78)
774 4671
+1 4671
+3 4671
-4 4671
+1 4671
+7 14870
+5 4671
-2 4671
+2 4671
-2 4671
+6 65524
+1 65394
cfn=(278) do_lookup_x
calls=4671 347 
* 1859121
* 14013
+28 4671
-23 14013
+23 4671
-23 9342
+24 27854
+7 4645
-7 4645
+35 18580
+34 18580
-20 13935
+3 9290
-57 4671
+76 42039
fi=(79)
87 2285
+1 2285
+1 4570
+1 2285
fe=(78)
871 2
-72 156
+18 78
+11 104

fn=(280) check_match
70 70155
+3 28046
+13 4669
-13 4669
+13 4669
-13 4669
+13 14007
+3 13430
cfi=(32) ./string/../sysdeps/x86_64/multiarch/../multiarch/strcmp-sse2.S
cfn=(94) strcmp
calls=1023 +9 
* 61465
* 2046
+4 4669
+1 9338
+2 5576
+19 5576
+1 22304
+2 48
+43 4644
+1 37416
-18 3762
+2 3762
+1 1881
-1 3762
+1 5643
-1 3762
+4 2
+1 7
+2 3
-75 50
+39 8292
cfi=(32)
cfn=(94)
calls=2764 -19 
* 78936
* 5528
-44 34
+5 16

fn=(278)
347 42039
+1 4671
-1 18684
+6 4671
-6 4671
+65 4671
-58 4671
+11 4671
+50 4671
-3 9342
+3 9342
-50 4671
+50 18684
-19 59517
+8 19839
-4 19839
+1 19839
+3 79356
+1 39678
+3 19839
-3 19839
+4 39678
+4 39678
-2 19839
+5 79356
+3 138873
+99 45582
358 39678
+3 39678
+4 39678
+21 39678
+4 39678
+71 37152
fi=(4) ./elf/../sysdeps/generic/ldsodefs.h
139 9288
+1 13932
fe=(78)
476 9288
fi=(4)
139 2
+1 3
fe=(78)
476 2
fi=(80) ./elf/../sysdeps/generic/dl-protected.h
29 18580
fe=(78)
483 31432
+16 9126
+1 4563
+22 4563
-21 4563
+21 32023
-21 82
+21 574
-99 15045
-1 10030
+2 10030
+2 4973
+6 19892
-6 4973
+6 34811
+7 18225
-10 53595
+2 4677
+1 14031
-1 4677
+1 9354
-1 4677
+1 4677
+1 4677
-1 4677
+1 4677
-1 32739
cfn=(280)
calls=4677 70 
* 412836
+4 14031
+3 66
+31 2633
+2 2
+50 26
-1 26
+1 182
222 82
+2 82
-2 246
+2 82
-2 82
+2 82
-2 82
+2 246
+2 82
-2 246
cfi=(24) ./elf/../sysdeps/nptl/dl-tls_init_tp.c
cfn=(86) rtld_mutex_dummy
calls=82 42 
* 246
+2 82
+2 82
-1 82
+1 246
+2 162
+1 81
-1 567
+1 81
-1 162
+1 162
-1 162
+1 162
-1 1640
+24 352
+3 95
+1 285
-23 176
-1 352
487 4173
+4 1
fi=(28) ./elf/../include/rtld-malloc.h
44 4
cfi=(27) ./elf/./elf/dl-minimal-malloc.c
cfn=(74) __minimal_calloc
calls=1 +36 
* 41
* 1
fe=(78)
302 2
-72 1
+70 2
+5 1
+2 1
-7 1
+6 1
+1 1
170 12
+1 9
311 6
-1 2
+1 486
-1 162
+19 246
+2 82
-2 328
+2 82
cfi=(24)
cfn=(86)
calls=82 42 
* 246
+2 164
+1 82
-1 82
+1 82
176 518
-2 84
+1 252
-3 332
+7 82
+1 82
+1 82
+1 82
318 328
-56 1377
+7 10
cfi=(52) ./elf/./elf/dl-misc.c
cfn=(534) _dl_higher_prime_number
calls=2 87 
* 159
fi=(28)
44 2
fe=(78)
269 2
fi=(28)
44 4
cfi=(27)
cfn=(74)
calls=2 +36 
* 82
* 2
fe=(78)
272 4
171 4
279 2
171 4
279 296
+1 276
+1 140
170 70
281 140
170 70
281 70
170 70
+1 70
-1 70
+1 210
+1 440
+2 14
+1 42
-3 168
+7 70
+3 70
-2 70
+3 70
+76 322
-83 12
285 10
+2 2
-2 10
cfi=(27)
cfn=(144) __minimal_free
calls=2 97 
* 10
170 2
288 2
-2 2
+3 4
-1 2
+1 4
170 4
+1 2
-1 2
+1 8

fl=(372) ./elf/./elf/dl-call_fini.c
fn=(7018) _dl_call_fini
24 80
+4 20
+6 10
-2 10
+3 20
+3 8
+1 8
-1 8
+1 16
+3 32
+1 8
cob=(3)
cfi=(186)
cfn=(7228)
calls=1 -43 
* 222
cob=(6)
cfi=(187)
cfn=(7210)
calls=1 -43 
* 222
cob=(7)
cfi=(190)
cfn=(7192)
calls=1 -43 
* 222
cob=(8) /usr/lib/x86_64-linux-gnu/libgcc_s.so.1
cfi=(191) ???
cfn=(7162) 0x0000000000004940
calls=1 -43 
* 42
cob=(9)
cfi=(192)
cfn=(7092)
calls=1 -43 
* 6209
cob=(10)
cfi=(216)
cfn=(7064)
calls=1 -43 
* 840
cob=(5)
cfi=(181)
cfn=(7046)
calls=1 -43 
* 222
cob=(11)
cfi=(221)
cfn=(7020)
calls=1 -43 
* 222
* 1
cob=(8)
cfi=(191)
cfn=(7174) 0x0000000000005ad0
calls=1 -43 
* 222
-1 36
+5 10
+1 20
+1 16
+1 40
-1 8
cob=(4)
cfi=(178)
cfn=(7244)
calls=1 -49 
* 4
cob=(4)
cfi=(178)
cfn=(7226)
calls=1 -49 
* 4
cob=(4)
cfi=(178)
cfn=(7208)
calls=1 -49 
* 4
cob=(4)
cfi=(178)
cfn=(7190)
calls=1 -49 
* 4
cob=(4)
cfi=(178)
cfn=(7160)
calls=1 -49 
* 4
cob=(4)
cfi=(178)
cfn=(7090)
calls=1 -49 
* 4
cob=(4)
cfi=(178)
cfn=(7062)
calls=1 -49 
* 4
cob=(4)
cfi=(178)
cfn=(7042)
calls=1 -49 
* 4
+1 12

fl=(1) ???
fn=(0) 0x000000000001f540
0 2
cfi=(2) ./elf/./elf/rtld.c
cfn=(2) _dl_start
calls=1 517 
0 4394292
0 8
cfi=(76) ./elf/../sysdeps/x86_64/dl-cet.c
cfn=(590) _dl_cet_setup_features
calls=1 331 
0 4
0 10
cfi=(180) ./elf/./elf/dl-init.c
cfn=(594) _dl_init
calls=1 81 
0 118500
0 3
cob=(11)
cfi=(221)
cfn=(1610)
calls=1 0 
0 141206707

fl=(53) ./io/../sysdeps/unix/sysv/linux/open64_nocancel.c
fn=(176) __open_nocancel
28 46
+3 23
-3 46
+3 138
+8 161
+2 18
-2 42
+2 28

fl=(24)
fn=(68) __tls_pre_init_tp
53 3
+3 8
+5 1
-5 1
+5 1
+1 1
-6 1
+8 1

fn=(260) __tls_init_tp
68 2
fi=(392) ./elf/../include/list.h
-24 1
fe=(24)
+24 3
fi=(392)
-25 1
fe=(24)
+26 1
+3 1
fi=(392)
-29 1
+1 1
+1 1
+2 1
fe=(24)
+28 4
+1 2
+1 1
+5 2
+5 1
+6 1
-3 1
+3 1
-6 3
+6 1
+12 4
cfi=(11)
cfn=(28)
calls=1 387 
* 24
fi=(75) ./elf/../sysdeps/unix/sysv/linux/rseq-internal.h
-73 3
+8 1
fe=(24)
+81 3
+7 2
+1 3
fi=(75)
-95 7
+3 2
fe=(24)

fn=(86)
42 184
+2 368

fl=(166) ./elf/./elf/dl-find_object.c
fn=(544) _dlfo_process_initial
474 2
+3 2
-3 6
+1 2
+3 4
+26 14
+1 6
+1 20
-1 40
+3 76
+3 72
-7 10
+27 2
-2 2
+2 6
-18 54
+3 18
-1 18
cfi=(167) ./elf/./dl-find_object.h
cfn=(542) _dl_find_object_from_map
calls=9 95 
* 552
+2 36

fn=(546) _dlfo_sort_mappings
536 1
+1 2
+3 4
+4 1
+1 1
-1 1
+1 2
-1 7
+1 7
-1 7
+1 30
+1 180
+3 7
-1 7
-3 108
+8 24
+1 16
-1 8
-13 16
+14 24
+1 16
-15 16
+17 1

fn=(540) _dl_find_object_init
561 2
+3 1
-3 3
+5 2
+13 1
cfn=(544)
calls=1 474 
* 177
+1 1
-1 1
+1 1
fi=(28)
56 1
cfi=(27)
cfn=(78) __minimal_malloc
calls=1 -20 
* 30
fe=(166)
580 1
fi=(28)
56 1
fe=(166)
582 2
+3 2
+5 1
+1 1
cfn=(544)
calls=1 474 
* 765
+3 3
+10 4
-37 2
cfi=(167)
cfn=(542)
calls=1 95 
* 68
* 1
+29 2
cfn=(546)
calls=1 -60 
* 486
+3 6
+2 1

fl=(43) ./string/../sysdeps/x86_64/multiarch/../multiarch/memset-vec-unaligned-erms.S
fn=(130) memset
132 48
+1 240
+5 48
+1 48
+3 33
+1 33
+2 9
+1 9
+1 9
+34 1
+1 1
+2 1
+60 24
+1 24
+12 24
+3 24
+1 24
+12 23
+1 23
+13 23
+1 23
+2 23
+3 14
+3 28
+3 14
+1 14
+1 14
+1 14
+1 14
+1 14
+1 14
-6 184
+1 184
+1 184
+1 184
+1 184
+1 184
+1 184
+3 23
+1 23
+1 23
+1 23
+5 23
+34 15
+2 15
+1 15
+39 15
+1 15
+2 15

fl=(54) ./io/../sysdeps/unix/sysv/linux/read_nocancel.c
fn=(178) __read_nocancel
25 8
+1 32
+1 8

fl=(58) ./misc/../sysdeps/unix/sysv/linux/setvmaname.c
fn=(188) __set_vma_name
33 4
+2 15
-2 4
+7 1
-7 2
+7 1
-7 2
+7 1
-7 1
+7 1
cfi=(11)
cfn=(28)
calls=1 387 
* 24
* 3
+7 1
+2 6

fl=(29) ./string/../sysdeps/x86_64/multiarch/memmove-vec-unaligned-erms.S
fn=(82) memcpy
210 48
+1 48
+6 48
+1 48
+2 35
+1 35
+1 35
+2 14
+1 14
+1 14
+2 14
+80 13
+1 13
+2 2
+4 2
+1 2
+1 2
+1 2
+1 2
+4 2
+2 2
+39 11
+1 11
+1 11
+1 11
+1 11
+7 18
+1 18
+1 18
+1 18
+1 18
+1 18
+1 18
+11 21
+1 21
+2 21
+1 21
+1 21
+2 3
+1 3
+1 3
+1 3
+1 3
+1 3
+1 3
+1 3
+1 3
+1 3
+1 3
+1 3
+1 3
+1 3
+1 3

fn=(126) mempcpy
197 89
+1 89
+1 89
+1 89
+17 89
+1 89
+2 26
+1 26
+1 26
+2 15
+1 15
+1 15
+2 15
+80 63
+1 63
+2 38
+4 38
+1 38
+1 38
+8 38
+39 25
+1 25
+1 25
+1 25
+1 25
+7 11
+1 11
+1 11
+1 11
+1 11
+1 11
+1 11
+11 11
+1 11
+2 11
+1 11
+1 11

fl=(76)
fn=(264) _dl_cet_check
361 8
-76 1
-10 2
+2 2
-1 1
+6 1
+3 1
+8 1
-11 1
+1 1
-1 1
+1 1
-1 1
+1 1
+10 4
+3 1
+4 2
+2 2
-1 1
+2 2
+2 2
-1 2
+4 1
+2 1
+3 2
145 2
+12 2
+16 1
+6 1
363 6

fn=(590)
331 1
+3 2
+16 1

fl=(27)
fn=(74)
80 23
+4 23
-4 92
+7 23
+1 69
fi=(28)
-32 23
cfi=(27)
cfn=(78)
calls=23 -20 
* 852
fe=(27)

fn=(78)
36 488
+1 183
+11 180
+3 60
-3 60
+3 120
-3 2
+3 1
-3 1
+3 230
+19 61
+1 61
+2 366
-17 16
+1 8
+2 4
+1 28
cfi=(57) ./misc/../sysdeps/unix/sysv/linux/mmap64.c
cfn=(186) mmap
calls=4 -13 
* 104
* 4
+2 8
+2 16
cfi=(58)
cfn=(188)
calls=4 -31 
* 66
+1 12
+2 3
+4 3
-4 6
-24 1
-1 1
+1 1
+1 2
-2 2
+28 1
-3 2
+4 2

fn=(144)
97 5
+2 20

fl=(30) ./elf/./elf/dl-load.c
fn=(132) decompose_rpath
580 12
+11 1
-9 1
+9 2
+31 2
+7 1
cfi=(44) ./string/./string/strdup.c
cfn=(134) strdup
calls=1 40 
* 103
* 1
+1 2
+8 4
-1 2
+3 2
-2 1
+2 2
-2 3
+2 90
-2 45
+2 90
-2 135
+6 1
fi=(28)
56 1
cfi=(27)
cfn=(78)
calls=1 -20 
* 30
fe=(30)
646 2
+8 8
cfn=(136) fillin_rpath.isra.0
calls=1 468 
* 980
fi=(28)
50 2
cfi=(27)
cfn=(144)
calls=1 +47 
* 5
fe=(30)
661 3
+7 1
+3 1
-1 1
+2 8

fn=(106) _dl_init_paths
706 11
+14 1
-14 2
+14 2
cfi=(37) ./elf/./elf/dl-hwcaps.c
cfn=(108) _dl_important_hwcaps
calls=1 172 
* 1244
fi=(28)
56 1
fe=(30)
720 1
fi=(28)
56 1
cfi=(27)
cfn=(78)
calls=1 -20 
* 30
fe=(30)
725 1
+2 3
+8 2
-1 3
+5 3
fi=(28)
56 1
cfi=(27)
cfn=(78)
calls=1 -20 
* 30
fe=(30)
739 1
+2 4
+7 1
+8 1
+2 1
+12 2
-23 1
+9 1
+11 1
-4 1
-5 1
+3 2
+7 2
+2 2
-11 1
+11 3
-8 1
+4 1
+1 3
+1 16
cfi=(43)
cfn=(130)
calls=4 132 
* 56
+2 15
-14 3
+10 3
+4 9
-12 3
-2 3
+2 3
+4 3
-3 3
+3 3
+1 3
-2 3
+5 9
+1 6
+3 1
+15 1
-8 1
+5 1
-6 1
+9 2
+2 4
+2 3
+5 5
+1 1
-2 2
+2 1
-2 2
cfn=(132)
calls=1 580 
* 1542
+6 1
+3 1
+23 5
+2 2
cfi=(22) ./string/../sysdeps/x86_64/multiarch/../multiarch/strlen-sse2.S
cfn=(62) strlen
calls=1 57 
* 17
* 18
cfi=(29)
cfn=(82)
calls=1 210 
* 11
* 1
+5 4
-1 2
+2 1
+1 2
-2 4
+1 13
+1 26
-2 52
+5 1
fi=(28)
56 1
cfi=(27)
cfn=(78)
calls=1 -20 
* 30
fe=(30)
836 1
fi=(28)
56 1
fe=(30)
838 2
+6 6
cfn=(136)
calls=1 468 
* 586
+3 3
+6 1
+4 8
-30 2

fn=(170) _dl_map_object
1967 276
+8 46
+1 92
+3 574
+5 854
+2 366
cfi=(52)
cfn=(172) _dl_name_match_p
calls=122 68 
* 12602
* 244
+4 214
+1 321
+4 67
-1 335
+1 67
+1 67
-1 67
+1 134
cfi=(32)
cfn=(94)
calls=67 98 
* 2692
* 134
2270 215
2011 24
-1 16
+9 8
-50 8
+50 16
+17 16
-2 8
+2 8
cfi=(41) ./string/../sysdeps/x86_64/multiarch/../multiarch/strchr-sse2.S
cfn=(118) index
calls=8 32 
* 192
* 16
2202 2
-1 3
cfn=(140) expand_dynamic_string_token
calls=1 385 
* 175
+6 1
-7 1
+1 1
+2 2
+4 7
cfn=(174) open_verify.constprop.0
calls=1 1572 
* 106
+3 2
-3 1
+3 1
+12 4
+45 1
+1 5
-1 1
+1 8
cfn=(180) _dl_map_object_from_fd
calls=1 944 
* 1940
-1 7
+1 35
-1 7
+1 56
cfn=(180)
calls=7 944 
* 15127
* 24
2040 14
cfi=(22)
cfn=(62)
calls=7 57 
* 119
* 14
+2 14
+7 28
+50 8
+1 91
cfn=(212) open_path
calls=7 1812 
* 2044
+6 7
-6 7
+6 14
+88 2
+28 28
+46 14
682 7
2107 7
682 14
+3 12
2109 52
cfn=(212)
calls=4 1812 
* 1393
* 8
+4 8
+2 3
+14 6
+2 9
+4 12
cfi=(67) ./elf/./elf/dl-cache.c
cfn=(220) _dl_load_cache_lookup
calls=6 403 
* 8072
* 6
+2 12
+4 12
+31 6
-23 12
+23 42
cfn=(174)
calls=6 1572 
* 673
+4 12
-4 6
+4 6
+1 6
+17 12
2074 15
682 3
2075 3
682 9
2099 6
+1 6
-47 3
+1 3
696 15
2058 18
682 6
2059 6
682 12
+3 4
+3 6
+3 2
+1 2
2073 15
+1 6
688 6
2115 1
+14 2
+2 9
-47 6
691 2
2115 2
+14 4

fn=(180)
944 80
+15 8
-15 16
+15 8
-15 16
+15 16
+77 32
+10 16
+7 56
cfi=(26) ./elf/./elf/dl-object.c
cfn=(72) _dl_new_object
calls=8 59 
* 2931
* 8
+1 16
+11 8
+5 8
-4 8
-1 8
+2 8
+2 8
-2 8
+2 16
+1 24
+1 14
+19 14
-2 7
+2 72
-2 1
+2 82
+10 8
-10 8
+10 24
+27 8
-33 8
-3 8
+2 8
-1 8
+35 8
+9 8
-50 8
+41 8
+9 8
-36 8
+63 40
-62 314
+26 224
+8 64
+1 32
-1 32
+1 128
+1 32
-1 32
+1 32
+2 32
-2 32
+2 32
+2 32
-4 32
+1 32
+3 32
-4 32
+4 160
+2 64
+13 64
+1 120
+5 24
+1 216
-28 48
-35 72
+62 8
+1 72
-28 16
-35 186
+1 484
1213 8
1100 8
1213 16
1100 24
1218 56
+10 24
+1 8
-1 8
+1 8
-1 24
+1 24
-1 24
+1 24
-1 72
1066 16
1235 16
+10 32
+7 32
fi=(59) ./elf/./dl-map-segments.h
28 8
fe=(30)
1252 24
fi=(59)
28 16
+1 64
cfi=(57)
cfn=(186)
calls=8 +18 
* 224
+73 16
-1 8
-72 8
+73 8
+3 16
+1 8
+2 8
-3 8
+1 8
+2 8
+17 8
-44 8
fi=(60) ./elf/./dl-load.h
+10 64
fi=(59)
+58 128
+6 8
+2 8
-2 8
+1 8
+2 16
-1 16
+3 16
+5 16
+3 24
+8 48
cfi=(43)
cfn=(130)
calls=8 -44 
* 1005
* 8
+6 16
+12 32
-59 192
+2 96
+2 192
cfi=(57)
cfn=(186)
calls=24 -92 
* 504
* 48
fe=(30)
1264 8
fi=(56) ./elf/../sysdeps/posix/dl-fileid.h
37 16
cfi=(55) ./io/../sysdeps/unix/sysv/linux/fstat64.c
cfn=(182) fstat
calls=8 -7 
* 48
* 16
fe=(30)
989 16
fi=(56)
40 24
fe=(30)
989 8
fi=(56)
40 8
fe=(30)
989 164
+1 88
fi=(56)
49 144
fe=(30)
1519 72
1074 13
+1 2
-1 1
+1 1
-1 1
+1 1
cfi=(70) ./io/../sysdeps/unix/sysv/linux/pread64_nocancel.c
cfn=(230) __pread64_nocancel
calls=1 25 
* 7
* 2
+46 2
+1 1
-15 16
+7 8
+2 8
-2 8
+1 8
+1 8
-1 16
+1 64
+60 12
+5 4
-1 8
+5 4
-5 8
-66 4
+71 16
+1 4
+3 4
-3 4
+8 16
+15 16
+1 8
1008 16
1268 32
+1 24
fi=(61) ./elf/./elf/get-dynamic-info.h
39 16
+6 8
-2 8
+11 8
+1 8
-10 16
+8 6
+15 6
-23 24
+23 218
-23 872
+4 448
+3 58
-1 116
+3 208
+1 176
+1 40
+16 32
+12 26
+1 32
+1 32
+1 32
+1 26
+1 31
+1 31
+1 32
+12 8
+7 8
-7 56
+7 17
+5 14
+7 14
+1 24
+6 24
+1 6
+17 24
+5 8
+2 8
+2 8
+2 8
+4 24
+2 15
+1 10
+9 10
+6 10
+4 16
fe=(30)
1275 16
+1 16
+2 16
+10 24
+19 24
+2 48
+52 24
+1 8
+6 72
+1 156
+6 32
cfn=(88) _dl_process_pt_gnu_property
calls=8 868 
* 564
-7 196
+1 94
+6 94
-6 188
fi=(31) ./elf/../sysdeps/x86/dl-prop.h
149 32
fe=(30)
1380 16
cfi=(62) ./io/../sysdeps/unix/sysv/linux/close_nocancel.c
cfn=(198) __GI___close_nocancel
calls=8 25 
* 48
* 16
+13 16
+2 32
+2 16
+16 16
cfi=(8)
cfn=(14)
calls=8 25 
* 216
+4 16
+1 16
+17 16
+1 1
+3 1
+5 1
-5 1
+5 1
-5 7
+5 7
-5 7
+5 7
+5 16
+12 64
+10 16
+1 16
+5 8
cfi=(46)
cfn=(218) _dl_assign_tls_modid
calls=4 125 
* 48
+7 24
cfi=(26)
cfn=(84) _dl_add_to_namespace_list
calls=8 31 
* 520
+3 16
+4 16
cfi=(45) ./elf/./elf/dl-debug.c
cfn=(200) _dl_debug_update
calls=8 38 
* 56
* 8
+1 24
+22 56
+1 24
cfi=(48)
cfn=(202) _dl_audit_objopen
calls=8 77 
* 40
* 8
fi=(60)
92 28
+2 7
-1 7
+1 7
-1 7
+1 7
-1 7
+1 7
-1 14
+3 28
fi=(61)
-37 32
+3 32
+2 32
181 12
-15 4
-7 8
fe=(30)
1510 16
1074 2
fi=(59)
186 32
cfi=(57)
cfn=(186)
calls=4 47 
* 84
+3 8
fe=(30)
1462 15
+2 4
-1 20
+1 4
-1 4
+1 4
-1 4
cfi=(32)
cfn=(94)
calls=4 98 
* 148
* 8
+2 5
1275 6

fn=(208) _dl_dst_count
238 44
+3 22
-3 110
+7 22
-7 44
+3 22
cfi=(41)
cfn=(118)
calls=22 32 
* 648
+3 44
+20 198

fn=(212)
1812 88
+1 11
-1 33
+1 11
+6 22
+5 187
+67 22
-74 11
+7 33
+57 11
-65 11
+65 11
+10 22
-64 22
+8 66
+7 22
-11 11
+12 11
-1 44
cfi=(29)
cfn=(126)
calls=11 197 
* 175
+1 110
+50 18
-2 36
-48 118
+3 66
+5 105
cfi=(29)
cfn=(126)
calls=15 197 
* 195
* 60
cfi=(29)
cfn=(126)
calls=15 197 
* 195
+3 30
+6 45
+3 105
cfn=(174)
calls=15 1572 
* 890
* 15
+2 45
+2 12
+1 4
+25 1
fi=(28)
56 2
cfi=(27)
cfn=(78)
calls=1 -20 
* 30
fe=(30)
1919 2
-1 1
fi=(28)
56 1
fe=(30)
1919 1
+2 3
cfi=(29)
cfn=(82)
calls=1 210 
* 19
+1 1
+38 99
-88 10
+1 35
+6 5
+2 10
-2 10
+2 5
cfi=(65) ./io/../sysdeps/unix/sysv/linux/stat64.c
cfn=(214) stat
calls=5 28 
* 78
* 5
+3 5
-3 10
+1 2
+9 8
+2 1
-2 4
+2 14
+44 80
+6 20
-2 10
+2 20
+3 30
1822 20
+2 22

fn=(174)
1572 220
+32 22
-32 44
+32 44
+19 88
cfi=(53)
cfn=(176)
calls=22 28 
* 482
* 22
+2 44
+8 8
+1 16
+5 8
-5 8
+5 40
cfi=(54)
cfn=(178)
calls=8 25 
* 48
+2 16
+2 16
+2 16
+6 16
+17 104
+81 16
+5 16
+6 32
+6 16
+6 8
+1 8
-1 24
+1 24
+26 198
-22 13
+1 2
-1 1
+1 1
cfi=(70)
cfn=(230)
calls=1 25 
* 7
* 2
1668 9
-59 28
1777 2

fn=(88)
868 9
+8 9
-8 18
+8 9
-6 9
+12 18
-13 9
+13 9
-13 9
+13 18
+3 27
+1 18
+1 18
+3 27
+1 27
+4 9
+1 18
+22 9
+2 9
-2 18
+2 27
-20 24
+1 12
+3 24
+3 12
+1 48
fi=(31)
95 48
+7 24
+16 12
-3 24
254 18
+1 9
+2 36
+3 9
-8 6
+5 3
-4 3
+4 9
+3 3
-2 6
fe=(30)

fn=(140)
385 27
241 6
385 3
241 3
cfi=(41)
cfn=(118)
calls=3 32 
* 120
+3 6
410 3
-11 3
+11 18
-11 3
cfi=(44)
cfn=(134)
calls=3 40 
* 283

fn=(136)
468 18
+4 2
-4 16
+6 6
cfi=(7) ./elf/./elf/dl-minimal.c
cfn=(138) strsep
calls=2 239 
* 762
* 6
cfi=(7)
cfn=(138)
calls=2 239 
* 16
* 12
+7 4
+2 6
cfn=(140)
calls=2 -98 
* 300
* 2
+4 4
+5 4
cfi=(22)
cfn=(62)
calls=2 57 
* 52
* 2
+1 4
+7 10
+9 33
+1 18
fi=(28)
50 4
cfi=(27)
cfn=(144)
calls=2 +47 
* 10
+1 2
fe=(30)
528 10
cfi=(22)
cfn=(62)
calls=1 57 
* 17
* 2
+4 4
fi=(28)
56 1
cfi=(27)
cfn=(78)
calls=1 -20 
* 30
fe=(30)
532 4
fi=(28)
56 1
cfi=(27)
cfn=(78)
calls=1 -20 
* 30
* 2
fe=(30)
534 4
+5 2
+1 4
-1 2
-1 2
+2 2
cfi=(29)
cfn=(126)
calls=2 197 
* 34
+3 2
-3 2
+1 2
+2 2
+1 1
+5 1
+1 1
-1 3
+1 2
-1 1
+1 1
-1 3
+1 8
+1 2
-1 2
+1 2
-1 6
+1 2
-1 4
+1 2
+2 4
+1 6
+2 1
-1 4
cfi=(29)
cfn=(82)
calls=1 210 
* 14
* 2
+6 4
+1 2
+3 6
-60 4
-22 4
+88 2
+3 16
-24 4

fl=(44)
fn=(134)
40 60
+1 10
cfi=(22)
cfn=(62)
calls=10 +16 
* 332
* 10
fi=(393) ./string/../include/rtld-malloc.h
+15 20
cfi=(27)
cfn=(78)
calls=10 -20 
* 355
fe=(44)
-12 20
+3 30
+1 30
-1 10
cfi=(29)
cfn=(82)
calls=10 210 
* 166

fl=(167)
fn=(542)
95 20
+1 20
+1 10
+6 50
+1 284
+1 196
+2 30
+5 10

fl=(171) ./elf/./elf/dl-lookup-direct.c
fn=(558) _dl_lookup_direct
74 30
+2 3
-2 6
+4 3
-4 3
+2 3
+2 9
+37 3
-37 9
+1 6
+2 12
+3 25
+2 6
-54 3
+54 3
-54 3
+54 3
-54 9
+1 9
+2 6
+1 6
+12 9
+3 3
+2 6
-2 3
+2 9
cfi=(32)
cfn=(94)
calls=3 +45 
* 209
* 6
+4 6
+1 3
-1 3
+1 18
+1 9
cfi=(32)
cfn=(94)
calls=3 +39 
* 198
* 6
+57 27
-23 6

fl=(70)
fn=(230)
25 4
+1 8
+1 2

fl=(9) ./elf/../sysdeps/unix/sysv/linux/dl-sysdep.c
fn=(578) _dl_sysdep_start_cleanup
147 1
+1 1

fn=(16) _dl_sysdep_start
102 5
+4 1
-4 1
+1 1
+3 1
cfn=(18) _dl_sysdep_parse_arguments
calls=1 -28 
* 501
+4 2
cfi=(11)
cfn=(22) __GI___tunables_init
calls=1 261 
* 43299
+3 1
cfi=(13) ./elf/./elf/dl-sort-maps.c
cfn=(26) _dl_sort_maps_init
calls=1 289 
* 38
+2 2
cfi=(14) ./elf/../sysdeps/unix/sysv/linux/brk.c
cfn=(30) brk
calls=1 -79 
* 8
fi=(6) ./elf/../sysdeps/x86_64/dl-machine.h
220 1
cfi=(15) ./elf/../sysdeps/x86/dl-get-cpu-features.c
cfn=(34) _dl_x86_init_cpu_features
calls=1 37 
* 7349
fe=(9)
-98 3
+1 1
cfi=(22)
cfn=(62)
calls=1 -66 
* 17
* 1
+2 2
cfi=(23) ./elf/../misc/sbrk.c
cfn=(64) sbrk
calls=1 -88 
* 16
* 3
+12 3
+3 5
cfi=(2)
cfn=(66) dl_main
calls=1 1346 
* 4342354
+3 4

fn=(18)
78 1
+2 1
-2 6
+1 1
+1 1
-1 1
+2 2
+2 1
-2 1
+2 2
-1 1
+1 2
-1 68
+1 136
+7 56
fi=(10) ./elf/../sysdeps/unix/sysv/linux/dl-parse_auxv.h
-49 1
fe=(9)
+45 1
fi=(10)
-54 1
fe=(9)
+54 1
fi=(10)
-54 1
+1 1
+1 1
+7 3
+1 44
+1 22
-2 22
+2 22
-2 67
fe=(9)
+52 3
+1 1
+1 2
fi=(10)
-49 1
+1 1
fe=(9)
+46 1
fi=(10)
-45 1
+3 1
+1 1
+1 1
+1 1
+2 1
-5 1
-4 1
+1 1
+4 1
+1 1
+3 1
-7 1
-4 1
+1 1
+8 1
fe=(9)
+40 1
-1 1
+2 1
+1 6

fl=(77) ./elf/./elf/dl-reloc.c
fn=(266) _dl_relocate_object
207 121
+1 22
+12 10
+4 40
-4 10
+6 30
+3 10
-1 10
+1 20
+22 50
+4 10
+7 15
fi=(6)
81 26
+6 12
+4 9
+17 3
-11 3
+11 6
+21 6
+5 12
-2 6
fi=(4)
-53 3
fe=(77)
301 6
fi=(4)
79 6
fe=(77)
301 6
fi=(4)
79 7
fe=(77)
301 14
fi=(4)
79 14
fe=(77)
301 9903
fi=(4)
79 2
fe=(77)
301 2
fi=(4)
79 4
fe=(77)
301 446
-80 20
fi=(6)
393 20
fe=(77)
190 10
+31 10
-31 10
fi=(6)
393 30
fi=(5) ./elf/./elf/do-rel.h
49 10
fe=(77)
301 10
fi=(5)
50 10
+30 10
-31 20
+4 10
-3 10
+3 10
-3 10
+3 30
+27 20
-31 10
fe=(77)
301 10
fi=(5)
50 10
+30 10
-31 20
+4 10
-3 10
+3 10
-3 10
+3 30
+27 20
-7 3
-1 3
+11 24
fi=(6)
514 6006
+4 6006
+3 9009
+1 3003
fi=(5)
83 9009
+2 12012
+11 18
fe=(77)
301 60
fi=(5)
51 10
fi=(4)
+28 50
fi=(6)
730 20
+4 12
fe=(77)
304 50
+24 10
+3 20
+17 30
+2 88
-98 20
+3 10
+7 5
-9 5
+9 10
fi=(6)
81 10
fi=(5)
+33 51
+9 37
+1 7
fi=(6)
498 7
fi=(5)
124 7
fi=(6)
498 14
fi=(5)
124 22711
fi=(6)
498 22711
fi=(5)
124 22711
fi=(6)
498 45422
+5 45436
+1 22718
fi=(5)
123 22718
fi=(6)
504 22718
-5 22718
fi=(5)
123 45436
+3 51
+3 60
+2 54
fe=(77)
+59 18
fi=(5)
73 9
fe=(77)
190 9
fi=(5)
72 9
fe=(77)
190 81
fi=(5)
-57 18
+1 9
+1 9
-2 9
+2 9
+3 9
-5 9
+2 9
-2 9
+1 18
+2 9
-2 9
+2 27
+2 18
-5 13986
+1 6993
+1 6993
-2 6993
+2 6993
+3 6993
-5 6993
+2 6993
-2 6993
+1 13986
+2 6993
-2 6993
+2 20979
+2 13986
+9 6934
fi=(6)
267 13868
+7 13868
+4 13868
fe=(77)
170 27736
fi=(4)
-30 20748
fe=(77)
+31 13832
+3 13832
+8 7768
-8 34878
+12 7742
-3 3871
+1 3871
+2 15510
-3 13
+1 13
+2 3936
+1 3884
-1 3884
+2 7768
-1 15536
+3 23304
cfi=(78)
cfn=(274)
calls=3884 772 
* 3178987
+3 3884
+1 7768
-4 3884
+4 19420
fi=(6)
+93 27641
+3 6893
-3 20697
+3 6911
-3 6911
+5 13900
+25 41604
423 15138
fi=(5)
150 15138
fi=(6)
423 3692
fi=(5)
150 5622
-19 28035
+33 36
+1 72
+1 252
+3 136
+4 68
-1 68
-3 68
+2 136
+2 68
-2 136
fe=(77)
-1 272
fi=(6)
287 68
+3 68
-3 68
+4 136
476 136
+2 68
cfi=(15)
cfn=(560) __x86_cpu_features
calls=1 71 
* 6
cob=(3)
cfi=(162)
cfn=(522)
calls=1 26 
* 8
cob=(3)
cfi=(146)
cfn=(518)
calls=1 27 
* 9
cob=(3)
cfi=(161)
cfn=(514)
calls=1 26 
* 9
cob=(3)
cfi=(160)
cfn=(510)
calls=1 27 
* 9
cob=(3)
cfi=(159)
cfn=(506)
calls=1 26 
* 9
cob=(3)
cfi=(156)
cfn=(502)
calls=1 27 
* 8
cob=(3)
cfi=(158)
cfn=(500)
calls=1 49 
* 6
cob=(3)
cfi=(157)
cfn=(496)
calls=1 26 
* 9
cob=(3)
cfi=(156)
cfn=(492)
calls=1 35 
* 8
cob=(3)
cfi=(155)
cfn=(488)
calls=1 27 
* 9
cob=(3)
cfi=(154)
cfn=(484)
calls=1 26 
* 9
cob=(3)
cfi=(153)
cfn=(480)
calls=1 27 
* 9
cob=(3)
cfi=(151)
cfn=(476)
calls=1 27 
* 8
cob=(3)
cfi=(150)
cfn=(472)
calls=1 30 
* 9
cob=(3)
cfi=(149)
cfn=(468)
calls=1 26 
* 9
cob=(3)
cfi=(148)
cfn=(464)
calls=1 27 
* 9
cob=(3)
cfi=(147)
cfn=(460)
calls=1 27 
* 9
cob=(3)
cfi=(146)
cfn=(456)
calls=1 34 
* 9
cob=(3)
cfi=(145)
cfn=(452)
calls=1 27 
* 9
cob=(3)
cfi=(143)
cfn=(448)
calls=1 27 
* 9
cob=(3)
cfi=(141)
cfn=(444)
calls=1 26 
* 9
cob=(2)
cfi=(139)
cfn=(436)
calls=1 31 
* 21
cob=(2)
cfi=(138)
cfn=(432)
calls=1 33 
* 22
cob=(2)
cfi=(137)
cfn=(428)
calls=1 31 
* 18
cob=(2)
cfi=(136)
cfn=(426)
calls=1 29 
* 7
cob=(2)
cfi=(134)
cfn=(422)
calls=1 29 
* 23
cob=(2)
cfi=(133)
cfn=(418)
calls=1 29 
* 22
cob=(2)
cfi=(132)
cfn=(414)
calls=1 33 
* 17
cob=(2)
cfi=(131)
cfn=(410)
calls=1 29 
* 22
cob=(2)
cfi=(129)
cfn=(406)
calls=1 29 
* 24
cob=(2)
cfi=(128)
cfn=(402)
calls=1 29 
* 19
cob=(2)
cfi=(127)
cfn=(398)
calls=1 29 
* 25
cob=(2)
cfi=(100)
cfn=(394)
calls=1 31 
* 18
cob=(2)
cfi=(126)
cfn=(390)
calls=1 31 
* 21
cob=(2)
cfi=(125)
cfn=(386)
calls=1 29 
* 17
cob=(2)
cfi=(123)
cfn=(382)
calls=2 31 
* 20
cob=(2)
cfi=(121)
cfn=(378)
calls=1 29 
* 24
cob=(2)
cfi=(120)
cfn=(374)
calls=1 31 
* 25
cob=(2)
cfi=(119)
cfn=(370)
calls=1 31 
* 21
cob=(2)
cfi=(117)
cfn=(366)
calls=1 29 
* 17
cob=(2)
cfi=(116)
cfn=(364)
calls=1 60 
* 16
cob=(2)
cfi=(115)
cfn=(362)
calls=1 29 
* 7
cob=(2)
cfi=(113)
cfn=(358)
calls=1 31 
* 21
cob=(2)
cfi=(112)
cfn=(356)
calls=1 67 
* 21
cob=(2)
cfi=(110)
cfn=(352)
calls=2 31 
* 46
cob=(2)
cfi=(108)
cfn=(348)
calls=1 31 
* 19
cob=(2)
cfi=(107)
cfn=(344)
calls=1 30 
* 25
cob=(2)
cfi=(106)
cfn=(340)
calls=1 28 
* 25
cob=(2)
cfi=(104)
cfn=(336)
calls=1 29 
* 24
cob=(2)
cfi=(103)
cfn=(334)
calls=1 65 
* 19
cob=(2)
cfi=(100)
cfn=(328)
calls=2 31 
* 50
cob=(2)
cfi=(98)
cfn=(324)
calls=1 29 
* 22
cob=(2)
cfi=(96)
cfn=(320)
calls=1 31 
* 18
cob=(2)
cfi=(95)
cfn=(316)
calls=1 29 
* 25
cob=(2)
cfi=(94)
cfn=(312)
calls=1 29 
* 22
cob=(2)
cfi=(92)
cfn=(308)
calls=1 29 
* 22
cob=(2)
cfi=(91)
cfn=(304)
calls=1 29 
* 19
cob=(2)
cfi=(89)
cfn=(300)
calls=1 29 
* 24
cob=(2)
cfi=(87)
cfn=(296)
calls=1 30 
* 19
cob=(2)
cfi=(86)
cfn=(294)
calls=1 79 
* 19
cob=(2)
cfi=(85)
cfn=(292)
calls=1 29 
* 7
cob=(2)
cfi=(83)
cfn=(288)
calls=2 31 
* 50
cob=(2)
cfi=(81)
cfn=(284)
calls=1 86 
* 28
fi=(5)
165 68
fi=(6)
479 68
fi=(5)
165 145
-14 2289
fi=(6)
400 51
+2 68
+4 17
+9 17
-9 34
+9 17
fi=(5)
150 34
fi=(6)
320 763
+3 763
+29 33
+11 11
-9 22
+9 11
fi=(5)
150 22
fi=(6)
346 28
+1 42
fi=(5)
150 28
fi=(6)
287 90
fi=(5)
141 68
+1 68
-1 204
+2 68
fi=(6)
287 340
fe=(77)
175 27277
+3 3032
-1 3032
+19 3032
-18 6064
fi=(6)
295 78
+1 117
+11 78
+7 39
cob=(2)
cfi=(165)
cfn=(530)
calls=2 38 
* 14
cob=(2)
cfi=(98)
cfn=(324)
calls=3 29 
* 66
cob=(2)
cfi=(115)
cfn=(362)
calls=1 29 
* 7
cob=(2)
cfi=(128)
cfn=(402)
calls=1 29 
* 19
cob=(2)
cfi=(121)
cfn=(378)
calls=3 29 
* 72
cob=(2)
cfi=(125)
cfn=(386)
calls=2 29 
* 34
cob=(2)
cfi=(104)
cfn=(336)
calls=1 29 
* 24
cob=(2)
cfi=(103)
cfn=(334)
calls=2 65 
* 38
cob=(2)
cfi=(133)
cfn=(418)
calls=3 29 
* 66
cob=(2)
cfi=(136)
cfn=(426)
calls=1 29 
* 7
cob=(2)
cfi=(117)
cfn=(366)
calls=1 29 
* 17
cob=(2)
cfi=(164)
cfn=(528)
calls=1 64 
* 10
cob=(2)
cfi=(106)
cfn=(340)
calls=1 28 
* 25
cob=(2)
cfi=(127)
cfn=(398)
calls=3 29 
* 75
cob=(2)
cfi=(94)
cfn=(312)
calls=2 29 
* 44
cob=(2)
cfi=(112)
cfn=(356)
calls=2 67 
* 42
cob=(2)
cfi=(163)
cfn=(526)
calls=2 42 
* 14
cob=(2)
cfi=(134)
cfn=(422)
calls=2 29 
* 46
cob=(2)
cfi=(89)
cfn=(300)
calls=3 29 
* 72
cob=(2)
cfi=(86)
cfn=(294)
calls=3 79 
* 57
* 156
fe=(77)
-13 9
+55 50
+3 10
-3 10
+3 10
+4 20
+1 40
cfi=(140)
cfn=(440)
calls=10 117 
* 60
* 20
-63 15
fi=(5)
180 7
fe=(77)
+10 2
fi=(5)
73 1
fe=(77)
190 3
fi=(6)
436 7
fi=(5)
182 2
+1 2
-1 1
+3 1
-3 4
+3 2
-3 10
+1 10
-1 5
+3 5
-3 20
+3 10
+8 6
fi=(6)
+74 12
+7 12
+4 12
fe=(77)
170 24
fi=(4)
-30 18
fe=(77)
+31 12
+3 12
+8 12
-8 54
+12 12
-3 6
+1 6
+2 36
+4 24
-4 6
+4 18
cfi=(78)
cfn=(274)
calls=6 772 
* 4286
+3 6
+1 12
-4 6
+4 30
fi=(6)
+93 21
+3 3
-3 9
+3 3
-3 3
+5 6
+25 36
423 6
fi=(5)
196 18
-16 24
+31 7
fe=(77)
-33 3021
-3 9063

fl=(348)
fn=(6316)
214 2
+4 1
-4 8
+4 2
+1 3
+1 12
+1 2
-2 6
+5 2
+4 7

fl=(32)
fn=(94)
98 4549
+33 4549
+1 4549
+2 4549
+1 4549
+21 4549
+1 4549
+1 3922
+1 3922
+1 3539
+1 3539
+1 3539
+1 3539
+17 3539
+1 3539
+1 3539
+1 3539
+1 3539
+1 3539
+1 3539
+5 302
+1 906
+9 302
+1 302
+1 302
+1 302
+1 302
+1 302
+1 302
+1 302
-7 1010
+1 1010
+1 1010
+1 1010
+1 1010
+1 1010
+1 1010
+1 1010
+1 1185
+1 583
+1 583
+1 583
+2 583
+1 583
+1 583
+1 583
+1 583
+1 583
-5 602
+1 602
+1 602
+1 602
+1 602
+1 602
+10 127
+1 127
+1 127
+2 127
+6 127
+1 127
+1 127
+1 127
+1 127
+5 127
+2 106
+1 106
+1 212
+8 106
+1 106
+3 106
+1 106
+1 106
+1 106
+1 106
+1 106
-9 3
+1 3
+3 3
+1 3
+1 3
+1 3
+1 3
+1 3
+6 9
+1 9
+1 9
+3 9
+1 9
+1 9
+1 9
+1 9
+1 9
+5 3
+1 3
+9 23
+1 23
+1 23
+1 23
+1 23
+2 23
+1 23
+1 23
+1 23
+1 23
+1 23
+1 23
+1 21
+3 21
+1 21
+1 21
+6 21
+1 21
+1 42
+4 21
+1 21
+3 21
+1 21
+1 21
+2 21
+1 21
+1 21
+4 21
+1 21
+1 21
+1 21
+1 21
+1 21
+6 2
+1 2
+2 2
+1 2
+2 2
+1 2
+1 2
+2 2
+1 2
+1 2
+4 2
+1 2
+1 2
+1 2
+1 2
+1 2
+48 8
+1 8
+1 8
+1 8
+1 8
+2 8
+1 8
+1 8
+1 8
+1 8
+1 8
+1 8
+1 7
+3 7
+1 7
+1 7
+6 7
+1 7
+1 14
+4 7
+1 7
-1 2
+1 2
+3 9
+1 9
+1 9
+2 9
+1 9
+1 9
+4 9
+1 9
+1 9
+1 9
+1 9
+1 9
+7 2
+1 2
+2 2
+1 2
+2 2
+1 2
+1 2
+2 2
+1 2
+1 2
+4 2
+1 2
+1 2
+1 2
+1 2
+1 2
+7 2
+1 2
+1 2
+32 25
+1 25
+1 25
+1 25
+1 25
+2 25
+1 25
+1 25
+1 25
+1 25
+1 25
+1 25
+1 17
+4 17
+1 17
+1 17
+6 17
+1 17
+1 34
+4 17
+1 17
-1 2
+1 2
+3 19
+1 19
+1 19
+2 19
+1 19
+1 19
+4 19
+1 19
+1 19
+1 19
+1 19
+1 19
+7 6
+1 6
+2 6
+1 6
+2 6
+1 6
+1 6
+2 6
+1 6
+1 6
+4 6
+1 6
+1 6
+1 6
+1 6
+1 6
+7 2
+1 2
+1 2
+32 33
+1 33
+1 33
+1 33
+1 33
+2 33
+1 33
+1 33
+1 33
+1 33
+1 33
+1 33
+1 29
+4 29
+1 29
+1 29
+6 29
+1 29
+1 58
+4 29
+1 29
-1 2
+1 2
+3 31
+1 31
+1 31
+2 31
+1 31
+1 31
+4 31
+1 31
+1 31
+1 31
+1 31
+1 31
+7 13
+1 13
+2 13
+1 13
+2 13
+1 13
+1 13
+2 13
+1 13
+1 13
+4 13
+1 13
+1 13
+1 13
+1 13
+1 13
+7 2
+1 2
+1 2
+32 60
+1 60
+1 60
+1 60
+1 60
+2 60
+1 60
+1 60
+1 60
+1 60
+1 60
+1 60
+1 42
+4 42
+1 42
+1 42
+6 42
+1 42
+1 84
+4 42
+1 42
-1 1
+1 1
+3 43
+1 43
+1 43
+2 43
+1 43
+1 43
+4 43
+1 43
+1 43
+1 43
+1 43
+1 43
+7 9
+1 9
+2 9
+1 9
+2 9
+1 9
+1 9
+2 9
+1 9
+1 9
+4 9
+1 9
+1 9
+1 9
+1 9
+1 9
+7 1
+1 1
+1 1
+32 38
+1 38
+1 38
+1 38
+1 38
+2 38
+1 38
+1 38
+1 38
+1 38
+1 38
+1 38
+1 30
+4 30
+1 30
+1 30
+6 30
+1 30
+1 60
+4 30
+1 30
+3 30
+1 30
+1 30
+2 30
+1 30
+1 30
+4 30
+1 30
+1 30
+1 30
+1 30
+1 30
+7 7
+1 7
+2 7
+1 7
+2 7
+1 7
+1 7
+2 7
+1 7
+1 7
+4 7
+1 7
+1 7
+1 7
+1 7
+1 7
+41 45
+1 45
+1 45
+1 45
+1 45
+2 45
+1 45
+1 45
+1 45
+1 45
+1 45
+1 45
+1 38
+4 38
+1 38
+1 38
+6 38
+1 38
+1 76
+4 38
+1 38
-1 2
+1 2
+3 40
+1 40
+1 40
+2 40
+1 40
+1 40
+4 40
+1 40
+1 40
+1 40
+1 40
+1 40
+7 7
+1 7
+2 7
+1 7
+2 7
+1 7
+1 7
+2 7
+1 7
+1 7
+4 7
+1 7
+1 7
+1 7
+1 7
+1 7
+7 2
+1 2
+1 2
+32 71
+1 71
+1 71
+1 71
+1 71
+2 71
+1 71
+1 71
+1 71
+1 71
+1 71
+1 71
+1 52
+4 52
+1 52
+1 52
+6 52
+1 52
+1 104
+4 52
+1 52
-1 3
+1 3
+3 53
+1 53
+1 53
+2 53
+1 53
+1 53
+4 53
+1 53
+1 53
+1 53
+1 53
+1 53
+7 15
+1 15
+2 15
+1 15
+2 15
+1 15
+1 15
+2 15
+1 15
+1 15
+4 15
+1 15
+1 15
+1 15
+1 15
+1 15
+7 3
+1 3
+1 3
+4 2
+1 2
+1 2
+1 2
+13 2
+1 2
+1 2
+1 2
+9 89
+1 89
+1 89
+1 89
+1 89
+2 89
+1 89
+1 89
+1 89
+1 89
+1 89
+1 89
+1 61
+4 61
+1 61
+1 61
+6 61
+1 61
+1 122
+4 61
+1 61
-1 5
+1 5
+3 65
+1 65
+1 65
+2 65
+1 65
+1 65
+4 65
+1 65
+1 65
+1 65
+1 65
+1 65
+7 13
+1 13
+2 13
+1 13
+2 13
+1 13
+1 13
+2 13
+1 13
+1 13
+4 13
+1 13
+1 13
+1 13
+1 13
+1 13
+7 5
+1 5
+1 5
+4 1
+1 1
+1 1
+1 1
+13 1
+1 1
+1 1
+1 1
+9 72
+1 72
+1 72
+1 72
+1 72
+2 72
+1 72
+1 72
+1 72
+1 72
+1 72
+1 72
+1 62
+4 62
+1 62
+1 62
+6 62
+1 62
+1 124
+4 62
+1 62
-1 4
+1 4
+3 66
+1 66
+1 66
+2 66
+1 66
+1 66
+4 66
+1 66
+1 66
+1 66
+1 66
+1 66
+7 13
+1 13
+2 13
+1 13
+2 13
+1 13
+1 13
+2 13
+1 13
+1 13
+4 13
+1 13
+1 13
+1 13
+1 13
+1 13
+7 4
+1 4
+1 4
+4 2
+1 2
+1 2
+1 2
+7 2
+1 2
+1 2
+16 178
+1 178
+1 178
+1 178
+1 178
+2 178
+1 178
+1 178
+1 178
+1 178
+1 178
+1 178
+1 120
+4 120
+1 120
+1 120
+6 120
+1 120
+1 240
+4 120
+1 120
-1 6
+1 6
+3 126
+1 126
+1 126
+2 126
+1 126
+1 126
+4 126
+1 126
+1 126
+1 126
+1 126
+1 126
+7 15
+1 15
+2 15
+1 15
+2 15
+1 15
+1 15
+2 15
+1 15
+1 15
+4 15
+1 15
+1 15
+1 15
+1 15
+1 15
+7 6
+1 6
+1 6
+32 131
+1 131
+1 131
+1 131
+1 131
+2 131
+1 131
+1 131
+1 131
+1 131
+1 131
+1 131
+1 58
+4 58
+1 58
+1 58
+6 58
+1 58
+1 116
+4 58
+1 58
-1 3
+1 3
+3 61
+1 61
+1 61
+2 61
+1 61
+1 61
+4 61
+1 61
+1 61
+1 61
+1 61
+1 61
+7 12
+1 12
+2 12
+1 12
+2 12
+1 12
+1 12
+2 12
+1 12
+1 12
+4 12
+1 12
+1 12
+1 12
+1 12
+1 12
+7 3
+1 3
+1 3
+4 1
+1 1
+1 1
+1 1
+7 1
+1 1
+1 1
+16 148
+1 148
+1 148
+1 148
+1 148
+2 148
+1 148
+1 148
+1 148
+1 148
+1 148
+1 148
+1 93
+4 93
+1 93
+1 93
+6 93
+1 93
+1 186
+4 93
+1 93
-1 5
+1 5
+3 98
+1 98
+1 98
+2 98
+1 98
+1 98
+4 98
+1 98
+1 98
+1 98
+1 98
+1 98
+7 13
+1 13
+2 13
+1 13
+2 13
+1 13
+1 13
+2 13
+1 13
+1 13
+4 13
+1 13
+1 13
+1 13
+1 13
+1 13
+7 5
+1 5
+1 5
+32 112
+1 112
+1 112
+1 112
+1 112
+2 112
+1 112
+1 112
+1 112
+1 112
+1 112
+1 112
+1 76
+4 76
+1 76
+1 76
+6 76
+1 76
+1 152
+4 76
+1 76
-1 2
+1 2
+3 78
+1 78
+1 78
+2 78
+1 78
+1 78
+4 78
+1 78
+1 78
+1 78
+1 78
+1 78
+7 9
+1 9
+2 9
+1 9
+2 9
+1 9
+1 9
+2 9
+1 9
+1 9
+4 9
+1 9
+1 9
+1 9
+1 9
+1 9
+7 2
+1 2
+1 2
+32 152
+1 152
+1 152
+1 152
+1 152
+2 152
+1 152
+1 152
+1 152
+1 152
+1 152
+1 152
+2 102
+4 102
+1 102
+1 102
+6 102
+1 102
+2 204
+4 102
+1 102
-1 4
+1 4
+3 106
+1 106
+1 106
+2 106
+1 106
+1 106
+4 106
+1 106
+1 106
+1 106
+1 106
+1 106
+7 17
+1 17
+2 17
+1 17
+2 17
+1 17
+1 17
+2 17
+1 17
+1 17
+4 17
+1 17
+1 17
+1 17
+1 17
+1 17
+7 4
+1 4
+1 4
+4 4
+1 4
+1 4
+1 4
+7 4
+1 4
+1 4
+11 3
+1 3
+1 3
+1 6
+4 3
+2 3
+1 3
+1 3
+1 3
-5 911
+2 911
+1 911
+1 911
+1 911
-3 398
+1 398
+1 398
+1 398
+1 1166
+5 583
+6 583
+1 583
+8 583
+1 583
-16 3966
+6 3966
+1 3966
+8 3966
+1 3966

fn=(248) strncmp
98 1
+27 1
+1 1
+1 1
+1 1
+1 1
+2 1
+1 1
+2 1
+1 1
+21 1
+1 1
+1 1
+1 1
+1 1
+1 1
+1 1
+1 1
+17 1
+1 1
+1 1
+1 1
+1 1
+1 1
+1 1
2104 1
+3 1
+1 1
+2 1
+1 1
+8 1
+1 1

fl=(20) ./elf/../sysdeps/x86/dl-cacheinfo.h
fn=(50) handle_intel.constprop.0
255 24
-5 12
+17 12
-17 96
+11 12
+1 12
+5 36
+4 24
+34 96
-29 12
+3 24
-3 12
+3 36
cfn=(52) intel_check_word.constprop.0
calls=12 123 
* 4092
+2 24
+3 60
cfn=(52)
calls=12 123 
* 1272
+2 24

fn=(52)
123 48
-4 72
+10 24
-10 96
+10 48
-10 24
+10 24
-10 24
+10 24
+2 48
+71 48
fi=(21) ./elf/../bits/stdlib-bsearch.h
32 24
fe=(20)
202 120
-71 96
+2 60
+2 120
+8 120
+51 96
+22 48
fi=(21)
28 48
-1 96
+2 216
+2 168
+1 84
fe=(20)
+78 168
+3 324
fi=(21)
-78 264
-6 528
+2 480
+1 240
fe=(20)
+78 480
+15 12
246 144
fi=(21)
37 120
fe=(20)
155 36
+3 36
-6 12
+3 39
+9 18
+23 21
-32 63
+3 63
+4 58
+2 116
+3 84
+1 48
+1 48
+1 30
+2 11
+2 22
+6 14
+3 8
+1 12
-20 15
+12 4
+2 4
+1 4
-2 4
-1 4
+2 8
-2 4
+3 4
-2 12
+2 12
+11 2
-9 12

fn=(56) get_common_cache_info.constprop.0
571 11
+17 1
+1 1
+9 1
-12 1
+2 1
+2 1
+8 1
-11 1
+3 1
+11 2
-5 3
+17 1
+5 3
+4 2
770 5
+1 5
+4 2
+8 1
-1 1
+1 1
+1 1
+1 7
627 5
+3 6
-32 5
+75 4
+8 5
+2 2
-2 1
+6 3
+3 1
+1 5
-4 4
+21 2
-21 4
+2 1
+2 4
-4 1
+6 4
+3 2
+5 1
+2 2
+1 1
+1 1
-2 2
+1 1
-19 4
+46 2
+1 1
+1 2
+1 1
+25 3
630 3
+10 6
+14 2
+4 1
+3 1
+1 1
-4 2
+3 3
+6 4
-37 12
+7 6
-7 3
+7 2
+3 20
+5 2
+4 1
+1 1
-1 2
+1 1
+61 2
+7 1
+2 2
-16 1
+22 1
-6 2
+1 1
+5 1
-30 5

fl=(16) ./elf/../sysdeps/x86/cpu-features.c
fn=(42) update_active.constprop.0
72 8
+4 1
+10 1
+9 1
+9 1
-19 1
-1 1
+29 1
-4 1
-24 1
+9 1
+9 1
+9 1
-28 2
+25 1
-15 1
-9 1
+9 1
+9 1
+9 1
-3 1
+7 1
-13 1
+9 1
+4 2
-22 1
+22 2
-13 1
+6 1
+3 1
+5 1
+12 1
-8 1
-4 1
+7 1
-3 4
+1 1
+2 1
-2 2
+1 3
+5 1
+2 1
-2 4
+1 1
+1 1
-1 2
+1 1
-1 1
+3 2
+1 4
+14 2
356 2
+4 3
fi=(18) ./elf/../sysdeps/unix/sysv/linux/x86/dl-hwcap2.h
25 2
fi=(19) ./elf/../sysdeps/x86/get-isa-level.h
+5 1
-2 1
+2 3
fe=(16)
369 1
+1 8
151 2
+1 2
-1 5
+1 2
+2 3
+90 1
+1 1
-1 2
+17 4
+16 2
+5 1
-1 2
+4 4
+4 2
+4 3
+1 2
+3 1
-1 1
+9 1
-5 1
+2 1
-2 1
+5 1
+51 1
fi=(19)
31 1
fe=(16)
356 2
fi=(19)
32 3
+4 3
fe=(16)
158 4
+3 1
+3 2
+14 1
+2 1
+10 3
-12 1
+12 1
-12 1
+2 2
-2 1
+2 1
+8 1
-8 1
+6 3
+2 1
-2 1
+2 3
+7 5
fi=(19)
39 2
+1 4
-2 1
+7 4
+2 1
+1 2
+3 5
+2 4
+1 2
+1 2
+3 1
-1 1
+1 3
fe=(16)
171 1
-5 2
+4 1

fn=(36) init_cpu_features.constprop.0
682 1
+17 1
-17 7
+3 1
+1 1
+1 1
+3 1
+9 2
+3 6
1001 3
+1 2
+3 2
+1 2
+6 1
+1 1
+1 1
+1 1
fi=(20)
792 1
+1 1
+2 1
+14 2
+85 1
+1 1
+15 1
-5 1
+5 1
-10 1
-6 1
+2 1
+14 1
-15 1
+2 1
-1 1
+2 1
-1 1
+2 1
-1 1
+1 1
+2 1
+1 1
+1 1
+1 1
+35 2
-15 3
+8 2
+27 6
+9 2
+19 2
+8 6
cfi=(11)
cfn=(28)
calls=1 387 
* 23
* 1
+2 2
+3 4
cfi=(11)
cfn=(28)
calls=1 387 
* 23
* 1
+2 2
+3 4
cfi=(11)
cfn=(28)
calls=1 387 
* 23
* 1
+1 5
+16 2
-12 5
cfi=(11)
cfn=(28)
calls=1 387 
* 23
* 1
+1 3
+6 3
+3 1
-3 2
cfi=(11)
cfn=(28)
calls=1 387 
* 23
* 1
+3 5
-3 1
+3 5
cfi=(11)
cfn=(58) __GI___tunable_set_val
calls=1 153 
* 62
+1 10
cfi=(11)
cfn=(58)
calls=1 153 
* 62
+1 11
cfi=(11)
cfn=(58)
calls=1 153 
* 62
+3 10
cfi=(11)
cfn=(58)
calls=1 153 
* 62
+2 10
cfi=(11)
cfn=(58)
calls=1 153 
* 62
+13 1
+2 1
fe=(16)
-23 1
fi=(20)
+21 1
+3 1
fe=(16)
-24 1
fi=(20)
+26 1
-5 1
+2 1
-2 1
+3 1
fe=(16)
-24 1
fi=(20)
+25 1
+3 1
-1 1
fe=(16)
-27 1
cfi=(11)
cfn=(28)
calls=1 387 
* 22
+3 4
cfi=(11)
cfn=(28)
calls=1 387 
* 24
+6 3
+54 1
-1 1
+1 1
+45 4
cfi=(11)
cfn=(28)
calls=1 387 
* 22
+2 4
cfi=(11)
cfn=(28)
calls=1 387 
* 22
+6 4
cfi=(11)
cfn=(28)
calls=1 387 
* 24
+7 8
fi=(20)
974 12
fe=(16)
+68 1
-1 2
+1 3
+44 3
+27 2
-10 2
+1 2
+2 3
+1 2
+2 3
+1 2
fi=(20)
811 2
cfn=(50)
calls=1 255 
* 455
+1 1
-1 1
+1 1
cfn=(50)
calls=1 255 
* 503
+1 1
-1 1
+1 1
cfn=(50)
calls=1 255 
* 530
+4 1
-4 1
+1 2
+3 1
cfn=(50)
calls=1 255 
* 476
+2 1
-2 1
+2 1
cfn=(50)
calls=1 255 
* 468
+3 1
-3 1
+1 2
+2 1
cfn=(50)
calls=1 255 
* 446
+2 1
-2 1
+2 1
cfn=(50)
calls=1 255 
* 447
+3 1
-2 1
-1 1
+3 1
cfn=(50)
calls=1 255 
* 494
+2 1
-2 1
+2 1
cfn=(50)
calls=1 255 
* 495
+1 1
+2 1
-3 1
+1 1
+2 1
cfn=(50)
calls=1 255 
* 521
+2 1
-2 1
+2 1
cfn=(50)
calls=1 255 
* 522
+2 1
-2 1
+2 1
cfn=(50)
calls=1 255 
* 523
+2 4
-2 1
+2 1
cfn=(56)
calls=1 571 
* 223
+93 1
-6 3
+6 1
-6 2
+6 2
-6 2
+6 2
-1 2
fe=(16)
708 6
cfn=(38) get_common_indices.constprop.0
calls=1 398 
* 74
376 3
+1 2
+1 6
+5 2
713 1
cfn=(42)
calls=1 72 
* 222
+2 1
+2 1
1015 1
715 2
878 2
+7 2
+2 2
+4 2
+6 2
+2 1
706 2
-3 1
384 6
+5 2
+1 7
717 1
fi=(20)
987 1
-48 1
fe=(16)
717 1
fi=(20)
987 2
fe=(16)
717 6
+4 7
+78 1
-25 3
+92 2
+3 2
fi=(20)
+38 1
fe=(16)
-37 1
-89 2
+51 2

fn=(38)
398 3
+4 4
+3 3
+5 2
-5 1
+5 1
-5 1
+4 1
+1 1
+1 4
+1 4
+1 3
+1 2
+7 2
+2 5
+5 1
-5 1
+5 1
-5 1
+5 1
-5 2
+5 1
+7 1
-7 4
+7 1
+1 3
+6 1
-6 4
+6 1
fi=(17) ./elf/../sysdeps/unix/sysv/linux/x86/dl-minsigstacksize.h
24 2
+3 2
+1 2
+37 3
+7 1
+2 1
fe=(16)
457 3

fl=(65)
fn=(214)
28 10
+1 20
cfi=(66)
cfn=(216)
calls=5 146 
* 48

fl=(14)
fn=(30)
36 1
fi=(394) ./elf/../sysdeps/unix/sysv/linux/brk_call.h
-12 2
fe=(14)
+13 1
+1 2
+6 1
+1 1

fl=(172) ./elf/./elf/dl-call-libc-early-init.c
fn=(562) _dl_call_libc_early_init
27 1
+2 2
-2 1
+6 3
-6 3
+6 1
-6 2
+6 1
cfi=(171)
cfn=(558)
calls=1 +41 
* 225
+4 2
+2 3
+2 1
-1 1
-1 1
+2 2
-1 1
cob=(2)
cfi=(173)
cfn=(564)
calls=1 -7 
* 353

fl=(180)
fn=(596) call_init.part.0
26 120
+17 10
+3 10
-3 20
+3 20
+5 18
+8 27
+1 42
cob=(4)
cfi=(178)
cfn=(1384)
calls=1 -60 
* 7
cob=(4)
cfi=(178)
cfn=(716)
calls=1 -60 
* 7
cob=(4)
cfi=(178)
cfn=(704)
calls=1 -60 
* 7
cob=(4)
cfi=(178)
cfn=(694)
calls=1 -60 
* 7
cob=(4)
cfi=(178)
cfn=(628)
calls=1 -60 
* 592
cob=(4)
cfi=(178)
cfn=(618)
calls=1 -60 
* 7
cob=(4)
cfi=(178)
cfn=(598)
calls=1 -60 
* 7
+3 9
+1 18
+6 16
+2 16
-2 8
+3 67
+1 76
cob=(10)
cfi=(216)
cfn=(1394)
calls=1 -74 
* 21704
cob=(9)
cfi=(192)
cfn=(1382)
calls=1 -74 
* 83
cob=(9)
cfi=(192)
cfn=(1376)
calls=1 -74 
* 255
cob=(9)
cfi=(192)
cfn=(1350)
calls=1 -74 
* 50
cob=(9)
cfi=(192)
cfn=(1324)
calls=1 -74 
* 50
cob=(9)
cfi=(192)
cfn=(1306)
calls=1 -74 
* 34
cob=(9)
cfi=(192)
cfn=(1288)
calls=1 -74 
* 34
cob=(9)
cfi=(192)
cfn=(1284)
calls=1 -74 
* 173
cob=(9)
cfi=(192)
cfn=(1282)
calls=1 -74 
* 83
cob=(9)
cfi=(192)
cfn=(1280)
calls=1 -74 
* 83
cob=(9)
cfi=(192)
cfn=(1278)
calls=1 -74 
* 48
cob=(9)
cfi=(192)
cfn=(1252)
calls=1 -74 
* 78
cob=(9)
cfi=(192)
cfn=(1198)
calls=1 -74 
* 4537
cob=(9)
cfi=(192)
cfn=(1188)
calls=1 -74 
* 801
cob=(9)
cfi=(192)
cfn=(1186)
calls=1 -74 
* 3
cob=(9)
cfi=(192)
cfn=(1172)
calls=1 -74 
* 991
cob=(9)
cfi=(192)
cfn=(1166)
calls=1 -74 
* 12
cob=(8)
cfi=(191)
cfn=(710) 0x0000000000005b10
calls=1 -74 
* 12
cob=(2)
cfi=(185)
cfn=(616)
calls=1 545 
* 12
* 32
cob=(10)
cfi=(216)
cfn=(1388)
calls=1 -74 
* 12
cob=(9)
cfi=(192)
cfn=(720)
calls=1 -74 
* 87438
cob=(8)
cfi=(191)
cfn=(708) __cpu_indicator_init
calls=1 -74 
* 364
cob=(7)
cfi=(190)
cfn=(698)
calls=1 -74 
* 12
cob=(6)
cfi=(187)
cfn=(688)
calls=1 -74 
* 12
cob=(3)
cfi=(186)
cfn=(622)
calls=1 -74 
* 12
cob=(2)
cfi=(182)
cfn=(608)
calls=1 -28 
* 83
cob=(5)
cfi=(181)
cfn=(602)
calls=1 -74 
* 12
-1 81
+3 80
-29 2

fn=(594)
81 13
+1 1
+1 1
+3 3
+8 2
+25 1
+1 8
+1 20
-92 20
+6 30
+2 47
+83 18
cfn=(596)
calls=9 -94 
* 118217
* 18
+7 8
-98 2
+60 2
-54 3
+2 7
cfn=(596)
calls=1 -11 
* 77
* 2

fl=(13)
fn=(26)
289 2
+1 2
-1 2
+1 2
cfi=(11)
cfn=(28)
calls=1 +97 
* 24
+2 3
-1 1
+2 2

fn=(238) dfs_traversal.part.0
135 144
+10 16
-2 16
+2 32
+2 60
-7 116
+7 224
+9 32
+15 48
+1 16
+1 102
cfn=(239) dfs_traversal.part.0'2
calls=2 -38 
* 147
-26 10
+9 24

fn=(239)
135 36
+10 4
-2 4
+2 8
+2 8
-7 8
+7 8
+9 4
+15 12
+1 4
+1 30
cfn=(239)
calls=2 -38 
* 53
-26 10
+9 11

fn=(236) _dl_sort_maps
298 24
+8 2
-8 2
+8 4
+4 16
-99 2
-28 2
-2 2
+1 4
+29 2
-28 8
+1 2
-1 2
+1 2
-1 4
+1 18
-1 18
+1 18
-1 36
+28 30
+8 6
-3 2
+2 2
+1 4
-3 2
+5 62
+2 20
-83 88
cfn=(238)
calls=16 -5 
* 987
+86 56
+18 8
+32 8
+7 2
+27 2
-47 6
cfi=(29)
cfn=(82)
calls=2 -53 
* 54
* 2

fl=(25) ./elf/./elf/dl-environ.c
fn=(70) _dl_next_ld_env_entry
28 3
+1 3
+3 77
+13 67
-13 134
+2 138
+1 22
+5 2
-3 2
+3 2
+2 2

fl=(170) ./elf/../sysdeps/nptl/dl-mutex.c
fn=(556) __rtld_mutex_init
30 2
+10 3
-10 3
+10 1
-10 1
+10 1
-10 1
+7 1
+3 2
cfi=(171)
cfn=(558)
calls=1 +34 
* 233
+4 2
+1 8
+2 3
-2 1
+2 3
cfi=(171)
cfn=(558)
calls=1 +27 
* 223
+4 2
+1 7
+1 6

fl=(71) ./malloc/./malloc/scratch_buffer_set_array_size.c
fn=(232) __libc_scratch_buffer_set_array_size
30 104
+4 8
+1 16
+10 16
+18 8
-17 8
+17 40

fl=(22)
fn=(62)
57 47
+44 47
+1 47
+1 47
+1 47
+1 47
+1 47
+1 47
+2 47
+2 47
+31 47
+1 47
+1 47
+1 47
+1 47
+1 22
+2 22
+4 25
+1 25
+1 25
+1 25
+1 25
+1 25
+1 25
+1 25
+1 25
+1 25
+1 25
+1 25
+5 200

fl=(64) ./elf/./elf/dl-deps.c
fn=(206) _dl_map_object_deps
143 4
+1 2
-1 1
+1 1
-1 2
+1 1
-1 1
+1 1
-1 4
+1 3
-1 1
+1 7
-8 1
+8 2
-8 1
-6 1
-2 1
+16 1
-8 1
-7 1
+1 1
+6 1
+24 4
-28 3
-2 1
+31 1
-33 2
+2 2
+30 2
-30 1
-1 4
+7 4
+24 3
+28 3
-6 1
+46 1
fi=(72) ./elf/../include/scratch_buffer.h
77 1
fe=(64)
+87 1
fi=(72)
-87 1
+1 1
fe=(64)
184 1
+44 4
-31 1
-4 1
+4 11
-4 9
+4 18
+11 24
-18 2
+18 4
417 20
+2 8
+3 8
-3 24
+3 8
-3 8
fi=(28)
56 8
cfi=(27)
cfn=(78)
calls=8 -20 
* 240
fe=(64)
423 24
fi=(28)
56 8
fe=(64)
423 8
+6 8
+1 40
cfi=(29)
cfn=(82)
calls=8 210 
* 104
+1 40
cfi=(29)
cfn=(82)
calls=8 210 
* 104
+3 8
+1 16
+4 30
188 18
442 27
-1 10
+1 20
183 6
+27 32
+7 8
+4 8
-6 8
+1 8
+1 8
+1 16
+3 24
-2 8
-29 40
+32 474
+6 88
cfi=(30)
cfn=(208)
calls=22 +10 
* 1154
* 66
+4 44
-2 22
+2 44
cfi=(50) ./elf/./elf/dl-catch.c
cfn=(164) _dl_catch_exception
calls=22 -28 
* 49473
+1 44
+9 22
+2 44
+5 40
+6 8
+2 8
-8 16
+3 8
+1 8
+1 8
+1 8
+4 8
-3 8
+3 24
+4 66
+1 54
-43 972
+7 44
+38 645
fi=(72)
85 3
fe=(64)
448 5
+1 1
+3 4
+11 5
fi=(28)
56 1
cfi=(27)
cfn=(78)
calls=1 -20 
* 30
fe=(64)
465 3
fi=(28)
56 1
fe=(64)
465 1
+5 2
+1 1
-1 3
+4 3
-2 2
+13 9
+5 9
-16 27
+11 9
-7 9
+7 9
-2 18
-5 1
+7 1
-2 2
+2 1
-11 1
+11 1
+5 1
-16 3
+21 3
+37 2
+15 2
-14 2
+20 1
-1 4
+1 4
-1 5
cfi=(13)
cfn=(236)
calls=1 298 
* 707
+5 1
+2 1
+1 1
+1 2
-2 1
+2 1
+7 3
+3 2
+3 8
198 67
+3 8
fi=(72)
-70 32
cfi=(71)
cfn=(232)
calls=8 30 
* 200
fe=(64)
+70 24
+4 16
547 4
cfi=(29)
cfn=(82)
calls=1 210 
* 27
* 3
-53 2
144 2

fn=(210) openaux
61 132
+7 22
-4 66
+1 22
-1 154
cfi=(30)
cfn=(170)
calls=22 1967 
* 47537
* 22
+5 66

fl=(23)
fn=(64)
37 4
+3 1
-3 2
+21 2
+4 2
+16 5

fl=(73) ./elf/./elf/dl-version.c
fn=(244) _dl_check_all_versions
392 7
+4 5
-2 1
+4 60
cfn=(246) _dl_check_map_versions
calls=10 155 
* 51534
-2 10
+2 30
-1 10
-1 20
+5 7

fn=(246)
155 100
+15 30
+2 50
+2 10
+1 10
+2 20
+3 16
-16 16
+20 8
-4 8
-24 8
+28 56
+16 16
36 8
200 8
36 56
200 26
36 13
200 13
36 91
+1 122
-1 244
+2 429
cfi=(52)
cfn=(172)
calls=143 +30 
* 14145
* 307
208 63
+5 21
fi=(395) ./elf/../sysdeps/generic/_itoa.h
76 63
fe=(73)
213 42
+4 42
+1 42
-1 42
+4 21
-3 21
+3 21
-3 63
-1 194
+1 194
-1 194
+4 97
-3 97
+3 97
-3 386
56 472
+8 354
+6 354
+16 118
+1 236
+2 118
+5 826
+14 4284
+12 6072
+4 2024
-30 4048
231 472
+3 354
+5 97
-24 97
110 118
+3 590
cfi=(32)
cfn=(94)
calls=118 -15 
* 4921
* 354
224 354
+1 3
cfi=(32)
cfn=(94)
calls=1 98 
* 71
* 2
+3 44
+15 63
+5 13
-50 13
+59 40
+3 14
+3 49
+3 28
+4 7
-7 28
+3 21
+4 127
-7 508
+3 388
+8 21
+6 18
fi=(28)
44 9
fe=(73)
280 18
fi=(28)
44 9
cfi=(27)
cfn=(74)
calls=9 +36 
* 424
fe=(73)
281 18
-2 9
fi=(28)
44 9
fe=(73)
281 9
+13 9
-3 9
+3 36
+2 18
+3 32
+4 63
+7 118
+1 118
-1 354
+1 118
+1 118
-2 118
+2 236
+1 354
+3 354
+5 97
-15 97
+2 97
-2 97
+2 97
-2 97
+2 194
-2 21
+2 21
-2 21
+2 21
-2 21
+2 42
+16 63
+5 13
-28 13
+33 16
+3 14
+4 134
+6 134
+1 134
+1 134
-1 402
+1 134
-1 134
+1 134
+1 134
+3 402
+4 134
-14 282
+10 21
+12 14
+1 16
+1 16
+1 4
+19 90
164 2
-8 2
257 5
+17 6
+60 2
-40 2
+76 4
+2 4
+4 2
-4 120
+1 60
+2 1
+1 2
-1 1
+1 1
cfi=(32)
cfn=(248)
calls=1 98 
* 32
* 2

fl=(194) ./elf/./elf/dl-runtime.c
fn=(730) _dl_fixup
46 8547
+2 3885
+1 777
+6 777
fi=(396) ./elf/../sysdeps/x86_64/dl-runtime.h
-27 777
fe=(194)
+21 777
+5 777
+1 777
-6 777
+6 1554
+1 777
+2 777
-2 777
+2 777
-2 3885
+7 1554
+4 1554
+4 777
-2 777
+2 1554
+4 2331
+1 3108
+1 2331
-8 567
+16 567
-1 567
+1 1344
-1 210
+1 420
+2 652
+1 652
+7 6520
cfi=(78)
cfn=(274)
calls=652 772 
* 467784
* 1250
cfi=(78)
cfn=(274)
calls=125 772 
* 90139
* 777
+4 3885
+10 7770
+15 3108
+9 2331
+26 2331
fi=(6)
+75 777
fe=(194)
-71 6216
-63 2608
fi=(240) ./elf/../sysdeps/x86_64/dl-irel.h
-68 12
cob=(2)
cfi=(165)
cfn=(530)
calls=1 +6 
* 7
cob=(2)
cfi=(106)
cfn=(340)
calls=1 -4 
* 25
cob=(2)
cfi=(86)
cfn=(294)
calls=1 +47 
* 19
cob=(2)
cfi=(121)
cfn=(378)
calls=2 -3 
* 48
cob=(2)
cfi=(134)
cfn=(422)
calls=1 -3 
* 23
cob=(2)
cfi=(127)
cfn=(398)
calls=1 -3 
* 25
cob=(2)
cfi=(98)
cfn=(324)
calls=2 -3 
* 44
cob=(2)
cfi=(133)
cfn=(418)
calls=1 -3 
* 22
cob=(2)
cfi=(128)
cfn=(402)
calls=1 -3 
* 19
cob=(2)
cfi=(89)
cfn=(300)
calls=1 -3 
* 24
fe=(194)
+93 24

fl=(46)
fn=(252) _dl_tls_static_surplus_init
97 2
+3 1
-3 3
+3 1
-3 1
+3 1
-3 1
+3 1
-3 1
+3 1
cfi=(11)
cfn=(28)
calls=1 387 
* 23
* 1
+1 4
cfi=(11)
cfn=(28)
calls=1 387 
* 23
+1 1
+2 1
-3 1
+1 2
+2 3
+3 1
+2 1
-26 3
+28 3
+1 6

fn=(442) _dl_add_to_slotinfo
1017 32
+9 4
-9 4
+6 4
+4 4
+4 12
+34 8
+3 8
+1 12
+3 24

fn=(254) _dl_determine_tlsoffset
216 9
+6 4
+3 2
+36 3
+2 1
-2 1
-2 1
-40 1
-1 1
-1 1
+46 2
+23 9
+3 3
-3 15
+2 6
+4 1
-1 1
+1 1
+2 1
-33 2
+20 1
-20 5
+33 2
-33 4
+20 2
-20 12
+20 1
-20 5
+2 8
+3 4
-1 4
+5 8
-5 4
+1 4
-1 4
+3 8
+2 12
+2 8
+3 2
+6 1
-4 1
+5 1
+20 2
-1 1
+53 1
-52 5
+2 2
+51 8

fn=(218)
125 4
+16 4
-13 4
-3 12
+3 4
+55 4
-2 4
+5 4
+1 8

fn=(150) _dl_count_modids
192 1
+2 2
+1 1
+15 2

fn=(6954)
636 18
+1 2
+3 8
+1 6
fi=(28)
50 4
cob=(2)
cfi=(209)
cfn=(2430)
calls=2 3359 
* 8
fe=(46)
641 102
fi=(28)
50 68
cob=(2)
cfi=(209)
cfn=(2430)
calls=34 3359 
* 136
fe=(46)
640 72
+4 4
+1 2
fi=(28)
50 2
cob=(2)
cfi=(209)
cfn=(2430)
calls=2 3359 
* 170
fe=(46)
647 4
+2 12

fn=(538)
523 33
+1 6
+4 3
+6 3
-6 3
+6 3
cob=(2)
cfi=(235)
cfn=(1808)
calls=2 77 
* 88
cfi=(24)
cfn=(86)
calls=1 42 
* 3
+3 9
+12 3
-18 3
+42 9
-19 36
+9 36
+1 24
+6 36
+3 12
-2 12
+2 12
-2 12
+2 48
+4 12
-4 12
+4 12
-1 24
+4 24
+1 48
+2 24
+1 24
+17 12
-8 12
+8 12
+2 48
cfi=(29)
cfn=(126)
calls=12 197 
* 156
* 72
cfi=(43)
cfn=(130)
calls=12 132 
* 429
-49 12
+55 12
-55 48
+6 33
+55 6
cob=(2)
cfi=(239)
cfn=(1842)
calls=2 367 
* 74
cfi=(24)
cfn=(86)
calls=1 42 
* 3
+3 6
+3 27

fn=(2134)
626 60
+1 12
365 6
fi=(28)
44 6
fe=(46)
369 6
+1 6
fi=(28)
44 6
cob=(2)
cfi=(209)
cfn=(2136)
calls=6 3699 
* 1588
fe=(46)
371 12
+9 6
-6 6
+6 12
534 12
cob=(2)
cfi=(235)
cfn=(1808)
calls=6 77 
* 264
+3 18
+12 6
+24 6
-42 6
-1 12
+24 48
+9 72
+1 48
+6 72
+3 24
-2 24
+6 24
-6 24
+2 24
+4 24
-4 72
+3 48
+4 48
+1 96
+2 48
+1 24
+19 96
-19 24
+19 24
-10 24
+10 48
cfi=(29)
cfn=(126)
calls=24 197 
* 312
* 144
cfi=(43)
cfn=(130)
calls=24 132 
* 858
-49 24
+55 72
-55 96
+6 60
+55 12
cob=(2)
cfi=(239)
cfn=(1842)
calls=6 367 
* 222
+3 6
+2 6
+10 48

fn=(256) _dl_allocate_tls_storage
417 7
+2 1
+11 1
+1 1
fi=(28)
56 1
cfi=(27)
cfn=(78)
calls=1 -20 
* 86
fe=(46)
432 2
+8 3
fi=(28)
44 1
fe=(46)
440 2
+5 1
-5 1
+1 1
+4 304
+19 1
-99 1
+4 1
+1 1
fi=(28)
44 1
cfi=(27)
cfn=(74)
calls=1 +36 
* 41
fe=(46)
371 2
+3 1
+6 2
+90 7

fl=(67)
fn=(220)
403 60
+2 12
+3 18
+69 15
+5 6
205 6
482 12
+3 18
fi=(69) ./elf/../sysdeps/x86/dl-procinfo.h
39 12
+3 18
cfi=(32)
cfn=(94)
calls=6 +56 
* 150
* 24
fe=(67)
208 36
cfi=(11)
cfn=(28)
calls=6 387 
* 138
* 6
+12 6
-10 6
-2 6
+12 12
-7 30
+9 30
+1 6
-32 12
+36 6
-4 6
+4 12
-5 190
+1 38
-32 76
+36 38
-4 38
+4 76
+4 132
cfn=(228) _dl_cache_libcmp
calls=44 357 
* 3790
+1 88
346 38
+3 18
220 36
347 20
220 52
+2 60
+20 18
+3 18
+2 36
cfn=(228)
calls=9 357 
* 1044
* 18
+2 3
-9 18
-30 18
+1 6
fi=(397) ./elf/../sysdeps/x86/dl-isa-level.h
28 12
fe=(67)
210 12
fi=(397)
28 6
fe=(67)
210 6
+1 6
-1 18
+76 18
fi=(397)
28 18
fe=(67)
259 12
+10 18
+1 24
+16 6
fi=(68) ./elf/../sysdeps/generic/dl-cache.h
125 6
fe=(67)
286 18
+9 12
+3 12
+3 6
+1 18
+28 12
500 12
+12 12
cfi=(22)
cfn=(62)
calls=6 57 
* 210
+1 6
-1 6
+1 72
+1 6
-1 6
+1 6
-1 6
+1 6
cfi=(29)
cfn=(82)
calls=6 210 
* 98
* 6
+1 6
cfi=(44)
cfn=(134)
calls=6 40 
* 657
+1 48
411 4
cfi=(52)
cfn=(222) _dl_sysdep_read_whole_file
calls=1 36 
* 103
* 1
+8 5
+1 8
+3 3
+1 1
-1 3
fi=(68)
194 1
+1 5
fe=(67)
431 1
+1 2

fn=(582) _dl_unload_cache
525 1
+1 4
-1 1
+3 1
-3 1
+3 1
cfi=(140)
cfn=(584)
calls=1 117 
* 6
+7 1
-6 1
+4 1
+2 1

fn=(228)
357 53
+1 53
+32 53
-33 53
+1 124
+2 323
+2 323
-2 646
+20 628
+2 628
-12 270
+2 270
+14 270
+1 270
-29 540
+32 27
-28 18
+6 9
+2 9
-2 9
+1 9
-1 9
+1 9
-1 9
+2 27
+2 9
-3 9
+3 27
+2 18
+9 132

fl=(26)
fn=(84)
31 36
+2 9
-2 18
+2 9
-2 27
+2 9
cfi=(24)
cfn=(86)
calls=9 +9 
* 27
+2 80
+3 176
+2 8
+2 8
+4 8
+4 8
-4 16
+1 16
+1 16
+3 40
-1 8
cfi=(24)
cfn=(86)
calls=8 -8 
* 24
-4 1
+4 1
-4 2
+1 2
+1 2
+3 5
-1 1
cfi=(24)
cfn=(86)
calls=1 -8 
* 3
-5 2

fn=(72)
59 135
+3 18
+18 16
+3 8
cfi=(22)
cfn=(62)
calls=8 -26 
* 154
+4 8
-4 8
+4 8
+5 8
-9 24
fi=(28)
-39 16
cfi=(27)
cfn=(74)
calls=8 +36 
* 429
fe=(26)
+39 1
fi=(28)
-39 2
cfi=(27)
cfn=(74)
calls=1 +36 
* 47
* 9
fe=(26)
+51 18
+5 9
+4 9
-6 9
+2 9
+4 9
-5 9
+4 9
+1 9
-1 9
+1 18
cfi=(29)
cfn=(82)
calls=9 210 
* 110
* 9
+15 9
-15 9
+2 9
+13 18
+6 1
+2 7
+3 2
-3 56
+3 16
+2 9
+4 9
+3 22
+2 12
-2 8
+2 8
-2 16
+16 18
-5 9
+5 9
-6 9
+6 9
-6 9
+6 18
+2 16
+3 16
-3 16
+7 44
+4 24
+8 1
+13 1
-10 2
+10 11
-10 16
+10 24
+2 8
cfi=(22)
cfn=(62)
calls=8 57 
* 280
+21 8
-21 24
+17 8
-13 24
+50 24
cfi=(29)
cfn=(126)
calls=8 -48 
* 152
* 8
+5 16
+1 16
-1 240
+1 240
+4 16
+1 8
+3 8
+4 81
131 18
-8 8
-4 16
+34 1
+7 4
+8 32
fi=(28)
56 16
cfi=(27)
cfn=(78)
calls=8 -20 
* 240
* 8
fe=(26)
200 16
-1 16
64 2
+2 3
+1 2
+4 6
+6 2

fl=(38) ./elf/../sysdeps/x86_64/dl-hwcaps-subdirs.c
fn=(110) _dl_hwcaps_subdirs_active
29 1
fi=(19)
+2 1
fe=(38)
+7 1
fi=(19)
-8 4
fe=(38)
+22 1
fi=(19)
-20 3
+4 1
fe=(38)
+2 1
fi=(19)
-2 2
+3 4
+1 4
+5 1
fe=(38)
-7 1
fi=(19)
+7 3
fe=(38)
-2 1
fi=(19)
+5 2
+3 5
+2 4
+1 2
+1 2
+3 1
fe=(38)
-10 1
fi=(19)
+10 3
fe=(38)

fl=(49) ./string/../string/strcspn.c
fn=(160) strcspn
32 6
+1 3
+1 2
+5 6
+1 4
+1 4
+1 4
+2 1
+3 3
+1 2
-1 6
+1 4
+3 4
+1 4
+1 4
+1 4
+2 3
+6 1
-1 1
+1 1
+2 2
-1 2
+2 1
+2 6
-5 12
-1 12
+1 12
+2 24
-1 24
+2 12
+2 72
+2 1
+1 4
+1 3

fl=(7)
fn=(12) __rtld_malloc_init_stubs
42 1
+1 2
+1 2
+1 2
+1 2
+1 1

fn=(552) lookup_malloc_symbol
61 8
+3 4
-3 12
+3 4
-3 12
+3 4
-3 4
+2 4
+1 16
cfi=(78)
cfn=(274)
calls=4 772 
* 2892
+4 28
+1 28
+2 4
fi=(169) ./elf/./dl-sym-post.h
-30 8
+12 12
fe=(7)
+19 24

fn=(548) __rtld_malloc_init_real
76 2
+10 1
fi=(168) ./elf/../sysdeps/generic/dl-hash.h
-41 1
-1 1
fe=(7)
+32 8
+11 1
-1 1
fi=(168)
-43 1
+5 3
+14 4
-17 3
+3 15
+14 20
-17 15
fe=(7)
+46 2
fi=(168)
-24 1
fe=(7)
+22 1
+2 2
fi=(168)
-19 1
fe=(7)
+19 1
cfn=(552)
calls=1 -30 
* 739
+1 3
-1 1
+1 1
cfn=(552)
calls=1 -31 
* 776
+1 3
-1 1
+1 1
cfn=(552)
calls=1 -32 
* 837
+1 3
-1 1
+1 1
cfn=(552)
calls=1 -33 
* 712
+5 1
+1 1
+1 1
+1 1
+1 8

fn=(138)
239 4
+3 8
+2 4
+1 8
+4 6
-2 4
+4 120
+5 222
-2 148
+13 2
+4 8
-22 60
+15 60
-15 124

fl=(42) ./string/../sysdeps/x86_64/multiarch/../multiarch/memcmp-sse2.S
fn=(122) bcmp
59 1
+12 1
+1 1
+22 1
+1 1
+45 1
+1 1
+2 1
+1 1
+2 1
+1 1
+2 1
+1 1
+47 1
+1 1
+1 1
+1 1
+1 1
+1 1

fl=(2)
fn=(158) handle_preload_list
869 11
+5 1
-5 2
+5 2
-4 3
+7 3
cfi=(49)
cfn=(160)
calls=1 32 
* 254
* 1
+1 3
+9 1
183 1
889 2
183 2
891 2
-80 1
+5 1
-6 1
-4 1
+10 2
-6 1
+4 1
+2 2
-5 1
+1 1
+4 1
cfi=(50)
cfn=(162) _dl_catch_error
calls=1 254 
* 2754
+1 3
+8 3
+67 1
-18 2
+21 9
-15 4
cfi=(29)
cfn=(82)
calls=1 210 
* 19
+1 2

fn=(2)
517 16
85 1
547 4
85 1
543 1
fi=(6)
55 1
fe=(2)
+30 1
546 1
85 1
fi=(3) ./elf/./get-dynamic-info.h
-40 1
fe=(2)
546 1
fi=(3)
45 2
+23 18
-23 72
+4 36
+3 5
-1 10
+3 20
+1 16
+1 5
fi=(4)
+23 1
fi=(3)
+31 1
-38 3
+12 4
+1 3
+1 4
+1 4
+1 5
+1 3
+1 4
+1 4
+12 7
+7 2
-51 4
+64 3
+6 3
+1 3
+3 2
+1 3
+5 5
+3 5
fe=(2)
563 154
fi=(4)
79 1
fe=(2)
563 1
fi=(4)
79 2
fe=(2)
563 27
fi=(6)
287 3
fi=(5)
49 1
fe=(2)
563 1
fi=(5)
50 1
-1 2
+4 1
-3 1
+3 4
+3 2
-7 1
fe=(2)
563 1
fi=(5)
50 1
-1 2
+4 1
-3 1
+3 4
+3 2
+7 3
+2 3
-2 6
fi=(6)
278 3
fi=(5)
64 6
fi=(6)
278 6
+9 24
+3 6
+1 6
+26 8
+6 2
fi=(5)
61 13
fe=(2)
563 6
fi=(5)
51 1
fi=(4)
+28 2
fi=(3)
-17 4
+2 4
fe=(2)
565 1
+13 1
cfi=(7)
cfn=(12)
calls=1 42 
* 10
458 2
85 1
476 2
85 3
476 1
cfi=(8)
cfn=(14)
calls=1 25 
* 27
+2 1
+16 2
-17 1
+11 1
-10 1
+16 1
cfi=(9)
cfn=(16)
calls=1 102 
* 4393619
* 1
+2 2
+89 9
fi=(3)
103 3
fe=(2)

fn=(168) map_doit
641 2
+2 1
-2 4
+2 1
+1 2
-1 2
+1 3
cfi=(30)
cfn=(170)
calls=1 1967 
* 2643
* 1
+2 3

fn=(66)
1346 2
197 1
1346 11
199 1
302 1
+1 1
197 1
+99 3
1357 1
cfi=(24)
cfn=(68)
calls=1 53 
* 17
2749 1
2538 1
2749 2
2598 1
+2 2
+15 1
-13 2
cfi=(25)
cfn=(70)
calls=1 28 
* 65
* 4
cfi=(25)
cfn=(70)
calls=2 28 
* 387
* 9
+4 6
-2 2
+2 6
+1 2
-1 6
+1 17
-1 89
+9 12
2727 3
1373 1
+1 2
-1 2
+1 2
2687 3
-47 2
+10 2
1637 9
cfi=(26)
cfn=(72)
calls=1 59 
* 210
* 1
+2 2
+1 3
+6 1
-5 2
+1 3
+4 1
cfi=(26)
cfn=(84)
calls=1 31 
* 42
+1 2
1116 1
-1 1
1351 1
1143 1
-21 2
+21 2
-19 1
+1 1
-3 1
+21 2
+57 1
-82 1
+25 1
-3 1
+4 1
+19 1
+37 4
-56 102
+56 4
-1 4
+1 8
-1 4
+2 8
+1 1
+2 12
+1 14
+4 8
+1 8
+1 4
+4 12
-72 27
1253 2
+1 22
+6 4
cfi=(30)
cfn=(88)
calls=1 868 
* 90
-7 26
+1 13
+6 13
-6 26
fi=(31)
235 4
+1 2
-87 4
fe=(2)
1148 1
-5 1
+5 2
-5 2
+30 1
-9 2
+2 1
-3 1
+10 2
+18 2
-38 2
-10 1
+10 1
+1 9
-11 2
+1 14
1247 1
1143 1
1247 2
1143 3
1266 4
+3 3
+2 3
1672 3
+2 2
-1 1
+1 1
+1 3
-2 2
cfi=(32)
cfn=(94)
calls=1 98 
* 25
* 2
+7 1
+3 1
-5 1
+3 1
+2 1
+1 2
+4 2
+2 2
fi=(3)
39 4
+4 1
+2 1
+9 1
+1 1
-10 2
+23 30
-23 120
+4 60
+3 6
-1 12
+3 24
+1 20
fe=(2)
1243 1
1143 1
1243 1
1143 2
fi=(3)
72 4
+43 2
+7 3
+1 4
+6 3
+18 4
+5 2
+2 2
+2 2
+2 2
+1 2
+3 4
+2 3
+1 2
+9 2
+6 2
+1 3
+3 3
+2 1
fe=(2)
1698 4
+7 2
cfi=(8)
cfn=(14)
calls=1 25 
* 27
+3 2
fi=(33) ./elf/./setup-vdso.h
24 2
fi=(36) ./elf/./dl-main.h
+85 2
fi=(35) ./elf/../sysdeps/unix/sysv/linux/dl-vdso-setup.h
-64 1
fi=(36)
+64 3
cfi=(30)
cfn=(106)
calls=1 706 
* 3876
fe=(2)
1733 3
cfi=(45)
cfn=(148) _dl_debug_initialize
calls=1 56 
* 34
+7 1
-5 1
-2 1
+7 1
+4 1
+1 1
+2 1
-3 3
+1 2
+3 1
+11 1
-13 1
+13 1
+1 2
+5 1
-3 2
+2 1
+1 2
+5 3
+1 5
-1 2
224 1
+1 1
-1 1
+1 3
+1 2
1788 2
+5 1
-1 1
1352 1
1793 1
+24 1
cfi=(46)
cfn=(150)
calls=1 192 
* 6
* 1
fi=(47) ./elf/../sysdeps/generic/dl-debug.h
29 4
+1 1
fe=(2)
1823 1
+1 1
cfi=(45)
cfn=(154) _dl_debug_state
calls=1 116 
* 2
+1 1
+4 3
cfi=(48)
cfn=(156) _dl_audit_activity_map
calls=1 29 
* 17
+5 3
+2 1
+2 2
+9 2
+16 4
cfi=(63) ./io/../sysdeps/unix/sysv/linux/access.c
cfn=(204) access
calls=1 25 
* 9
* 2
+76 4
+16 3
85 1
1965 1
85 2
1965 1
85 1
1965 5
85 1
1965 2
cfi=(64)
cfn=(206)
calls=1 143 
* 55806
92 1
+9 1
1971 1
92 2
+9 2
1971 2
+1 6
-1 4
+1 18
-1 36
+4 3
+1 2
+1 1
+2 34
+1 16
+46 1
-42 2
+8 3
+1 2
+2 1
+2 4
+2 1
-4 1
+5 1
-1 2
+14 2
+1 2
+1 3
+2 2
+1 2
-28 1
+36 2
+2 1
-2 1
+2 2
-2 1
+1 2
+1 1
-1 2
+1 1
cfi=(50)
cfn=(240) _dl_receive_error
calls=1 186 
* 51721
+10 1
+1 1
-1 1
+1 1
+3 2
837 1
fi=(398) ./elf/../sysdeps/unix/sysv/linux/dl-osinfo.h
39 2
fe=(2)
839 1
fi=(398)
52 1
fe=(2)
848 1
+7 1
-5 1
2047 3
2246 2
+4 1
-4 1
+10 1
-6 1
+6 1
-6 1
+9 2
+8 2
fi=(31)
36 2
+1 3
+3 3
+13 12
-13 9
+9 18
-9 1
+9 40
+4 36
-16 30
+34 1
fe=(2)
2279 1
fi=(31)
71 1
cfi=(76)
cfn=(264)
calls=1 361 
* 55
fe=(2)
2282 1
-3 2
+5 1
-2 2
+2 2
+1 6
cfi=(77)
cfn=(266)
calls=1 207 
* 80903
85 2
2292 1
85 2
2292 1
+1 26
+2 20
+5 20
+2 20
+6 10
+2 20
+1 72
cfi=(77)
cfn=(266)
calls=9 207 
* 4134517
+4 28
+1 8
-23 4
+23 4
cfi=(46)
cfn=(442)
calls=4 1017 
* 112
-23 9
92 3
+1 1
2325 1
93 1
2325 1
+4 4
+2 1
+7 4
cfi=(46)
cfn=(538)
calls=1 523 
* 462
+3 2
+4 3
+2 2
+33 3
cfi=(172)
cfn=(562)
calls=1 27 
* 603
+7 1
cfi=(9)
cfn=(578)
calls=1 147 
* 2
+3 3
cfi=(48)
cfn=(580) _dl_audit_activity_nsid
calls=1 41 
* 11
+4 2
cfi=(45)
cfn=(200)
calls=1 38 
* 7
+1 1
-1 1
+2 1
cfi=(45)
cfn=(154)
calls=1 116 
* 2
+1 1
+4 1
cfi=(67)
cfn=(582)
calls=1 525 
* 19
+5 8
2304 1
+1 1
-3 2
226 2
-2 1
+1 1
1773 1
+6 1
-6 2
+6 1
fi=(3)
56 5
+3 4
fi=(34) ./elf/../sysdeps/unix/sysv/linux/dl-vdso.h
-19 2
+1 5
fi=(35)
-11 1
+3 1
+3 1
+3 1
fi=(34)
+16 2
fi=(3)
+17 3
+12 3
+1 5
+1 5
+1 5
+1 4
+1 5
+1 5
+1 5
+12 2
+7 1
-7 7
+7 2
fe=(2)
1743 4
2357 1
cfi=(166)
cfn=(540)
calls=1 561 
* 1566
+5 3
cfi=(7)
cfn=(548)
calls=1 76 
* 3175
+3 1
cfi=(170)
cfn=(556)
calls=1 30 
* 503
85 1
2371 1
+1 3
85 3
2372 2
cfi=(77)
cfn=(266)
calls=1 207 
* 2043
92 3
+9 3
2687 2
+2 1
+1 1
-1 1
+1 1
+1 1
2040 2
cfn=(250) init_tls
calls=1 734 
* 980
* 2
2650 2
+2 2
+1 1
fi=(3)
62 4
+2 4
fe=(2)
1943 10
85 1
1842 2
85 3
1842 2
cfn=(158)
calls=1 869 
* 3098
* 1
92 3
+9 3
1943 6
+1 1
-1 1
+4 3
+1 1
+1 2
+1 2
-7 2

fn=(242) version_check_doit
674 2
+2 1
-2 4
+2 3
cfi=(73)
cfn=(244)
calls=1 392 
* 51684
* 2
+4 3

fn=(250)
734 1
+6 1
-6 3
+2 2
+4 2
+11 1
fi=(28)
44 1
fe=(2)
746 1
+4 1
fi=(28)
44 1
cfi=(27)
cfn=(74)
calls=1 +36 
* 41
fe=(2)
761 1
-12 1
+6 1
-9 1
+11 1
+4 1
+2 3
-1 2
+3 20
+4 4
+2 4
-2 8
-5 4
-1 8
+10 3
+3 2
cfi=(46)
cfn=(252)
calls=1 97 
* 86
+3 1
cfi=(46)
cfn=(254)
calls=1 216 
* 185
+7 1
cfi=(46)
cfn=(256)
calls=1 417 
* 470
* 1
+1 2
+6 1
fi=(74) ./elf/../sysdeps/generic/dl-call_tls_init_tp.h
31 2
fe=(2)
793 1
fi=(74)
31 6
+2 1
cfi=(24)
cfn=(260)
calls=1 +35 
* 79
fe=(2)
800 1
-3 1
+3 4
-36 6
-1 13

fl=(371)
fn=(7016)
26 5
+17 1
-17 6
+20 13
+3 2
cob=(2)
cfi=(235)
cfn=(1808)
calls=1 +28 
* 44
+2 1
+3 2
+2 5
+7 3
-2 1
+2 1
cfi=(48)
cfn=(580)
calls=1 -22 
* 11
+5 15
+5 1
-5 1
+5 3
+2 20
+2 20
+2 20
+1 10
+1 10
+4 10
-12 30
+14 6
+1 4
+6 6
cfi=(13)
cfn=(236)
calls=1 298 
* 802
+9 2
cob=(2)
cfi=(239)
cfn=(1842)
calls=1 367 
* 37
+5 6
+2 1
+2 2
-2 9
+2 18
+2 40
cfi=(372)
cfn=(7018)
calls=10 -90 
* 8818
+3 20
cfi=(48)
cfn=(7044) _dl_audit_objclose
calls=10 -20 
* 50
-9 20
+14 10
-14 30
+18 3
cfi=(48)
cfn=(580)
calls=1 -85 
* 11
* 2
+6 4
+2 1
-2 2
+6 2
+7 8
-77 2

fl=(39) ./elf/./elf/dl-hwcaps_split.c
fn=(120) _dl_hwcaps_split
25 5
+1 3
+21 1
-20 1
+20 3

fn=(114) _dl_hwcaps_split_masked
51 110
-25 44
+36 5
-7 5
+7 35
-26 24
+5 27
cfi=(41)
cfn=(118)
calls=9 -9 
* 216
* 9
+1 18
+3 6
+11 12
+1 18
+1 12
-2 6
+1 9
+1 6
-28 24
+4 48
+1 12
-1 30
+24 6
+9 12
-5 6
-2 6
+2 42
-19 6
cfi=(22)
cfn=(62)
calls=3 +14 
* 51
* 6

fl=(193)
fn=(728)
71 777
+5 777
+3 777
+2 777
+10 777
+6 777
+1 777
+1 777
+1 777
+1 777
+1 777
+1 777
+4 777
+1 777
+3 777
+1 777
+2 777
+1 777
+1 777
+1 777
+1 777
+1 777
+2 777
+7 777
+1 777
+1 777
cfi=(194)
cfn=(730)
calls=777 -84 
* 641171
+1 777
+5 777
+1 777
+1 777
+2 777
+1 777
+1 777
+1 777
+1 777
+1 777
+1 777
+2 777
+2 777
+4 777
+2 777

fl=(45)
fn=(148)
56 3
+3 2
+4 1
+22 1
+10 1
-32 2
+1 1
+21 2
+5 2
+1 1
+4 1
-4 1
-1 1
+2 1
+3 1
+4 2
+8 2
-50 1
+4 2
+35 6

fn=(200)
38 9
+3 9
-1 18
+4 18
+4 9

fn=(154)
116 2
+1 2

fl=(41)
fn=(118)
32 42
+1 42
+1 42
+1 42
+1 42
+1 42
+1 42
+1 42
+1 42
+1 42
+1 42
+1 42
+1 42
+1 42
+1 42
+1 42
+1 42
+1 42
+1 35
+4 35
+1 35
+1 35
+1 35
+2 35
+4 7
+1 7
+1 7
+1 7
+1 7
+1 7
+1 7
+1 7
+1 7
+1 7
+1 7
+1 7
+1 7
+1 7
+1 7
+1 7
+1 7
+1 7
+1 7
+1 7
+1 7
+1 7
+1 7
+1 7
+52 7
+4 7
+1 7
+1 7
+1 7
+2 7

fl=(50)
fn=(164)
204 138
58 23
204 46
+3 46
+22 23
-1 23
+1 23
58 46
235 69
cfi=(51) ./setjmp/../sysdeps/x86_64/setjmp.S
cfn=(166) __sigsetjmp
calls=23 31 
* 552
* 69
+2 69
cfi=(64)
cfn=(210)
calls=22 61 
* 48021
cfi=(2)
cfn=(168)
calls=1 641 
* 2662
69 23
+1 23
-1 23
+1 23
239 92
-25 23
+34 69
59 46
+11 69

fn=(162)
254 6
+2 1
-2 6
+2 1
cfn=(164)
calls=1 -52 
* 2728
+1 2
+1 1
+1 1
-1 1
+1 1
+2 6

fn=(240)
186 2
58 1
186 4
+2 1
-2 1
58 1
+1 1
+11 1
192 1
+2 1
cfi=(2)
cfn=(242)
calls=1 674 
* 51699
69 2
+1 1
198 1
-1 1
+1 3

fl=(63)
fn=(204)
25 1
+2 7
+4 1

fl=(51)
fn=(166)
31 23
+2 23
+9 23
+1 46
+1 23
+4 23
+1 23
+1 23
+1 23
+1 23
+2 46
+2 23
+1 23
+1 23
+2 46
+2 23
+8 23
+3 23
+1 23
+7 23
+1 23

fl=(11)
fn=(58)
153 15
-81 40
+81 15
-81 10
+10 5
fi=(399) ./elf/./dl-tunable-types.h
+2 5
fe=(11)
+9 40
+1 25
fi=(12) ./elf/./elf/dl-tunables.h
+47 10
fe=(11)
-26 25
+1 5
+1 5
+1 5
+39 15
fi=(12)
-15 10
fe=(11)
-45 10
+3 5
fi=(12)
+51 5
fe=(11)
-51 5
+4 10
+7 10
+1 10
-12 25

fn=(22)
261 8
+22 1
-22 1
128 1
283 1
-22 1
+6 4
42 350
+6 69
-3 69
+3 7540
+4 138
+4 138
fi=(12)
160 69
fe=(11)
56 138
fi=(12)
161 36
-1 177
+1 243
-1 138
fe=(11)
281 11316
+6 20493
fi=(12)
160 690
+1 1380
-1 29
+1 116
-1 145
fe=(11)
304 8

fn=(28)
387 42
+3 84
-3 42
+3 336
+9 39
-9 78
+19 27
+7 252
+2 42
-19 15
+1 15
+9 6

fl=(15)
fn=(560)
71 1
-32 3
+32 2

fn=(34)
37 1
+2 3
+2 1
cfi=(16)
cfn=(36)
calls=1 682 
* 7344

fl=(62)
fn=(198)
25 9
+1 36
+1 9

fl=(246)
fn=(2024)
29 1231238
+1 1231238
+1 1231238
+2 1231238
+1 1231238
+1 1231238
+3 1231238
+1 1231238
+4 1231238
+1 1231238
+1 1231238
+1 1231238

fl=(37)
fn=(108)
172 6
+3 1
-3 3
+3 1
-3 5
+2 1
cfi=(38)
cfn=(110)
calls=1 29 
* 49
+1 1
fi=(40) ./elf/./dl-hwcaps.h
43 1
fe=(37)
174 1
fi=(40)
45 2
+32 1
+1 1
+1 1
fe=(37)
-27 2
cfi=(39)
cfn=(114)
calls=1 -1 
* 23
* 2
fi=(40)
-9 1
+2 1
-2 1
+34 2
+1 2
+1 1
fe=(37)
-24 2
-1 2
+1 2
+1 2
+1 2
-5 4
cfi=(39)
cfn=(114)
calls=2 -1 
* 130
* 2
cfi=(39)
cfn=(114)
calls=1 -1 
* 125
* 6
+48 4
fi=(28)
-44 2
cfi=(27)
cfn=(78)
calls=1 -20 
* 30
fe=(37)
+46 2
-2 1
+2 1
+3 1
+3 1
fi=(40)
-65 1
+2 1
fe=(37)
+67 1
fi=(40)
-66 1
fe=(37)
+66 2
cfi=(39)
cfn=(120)
calls=1 -87 
* 13
* 2
fi=(40)
-69 1
+2 1
-2 1
+34 2
+1 2
+1 1
fe=(37)
+48 10
+1 4
+1 2
+1 2
-1 2
-4 4
cfi=(39)
cfn=(114)
calls=2 -74 
* 130
* 2
cfi=(39)
cfn=(114)
calls=1 -74 
* 125
* 6
+8 3
+9 5
+3 8
-2 6
+14 1
+4 1
+1 1
+1 1
-20 3
+19 1
+1 1
-20 2
+8 2
+4 2
-4 3
+4 2
cfi=(42)
cfn=(122)
calls=1 -96 
* 19
+1 3
-14 8
+47 1
-4 2
+4 2
-3 1
+7 1
-7 2
+7 1
fi=(28)
56 1
cfi=(27)
cfn=(78)
calls=1 -20 
* 30
* 1
fe=(37)
194 2
+8 1
fi=(40)
43 1
fe=(37)
201 1
80 1
fi=(40)
-35 1
fe=(37)
+35 1
202 1
fi=(40)
77 1
+1 1
fe=(37)
202 3
fi=(40)
79 1
fe=(37)
-2 2
cfi=(39)
cfn=(114)
calls=1 -26 
* 23
* 2
fi=(40)
-34 1
+2 1
fe=(37)
+35 2
fi=(40)
-37 1
+34 2
+1 2
+1 3
fe=(37)
+1 4
+7 2
-7 8
cfi=(29)
cfn=(126)
calls=2 197 
* 26
+4 2
+2 2
+2 2
-2 4
-9 4
cfi=(39)
cfn=(114)
calls=2 -26 
* 130
* 2
cfi=(39)
cfn=(114)
calls=1 -26 
* 125
* 6
213 2
-5 1
+1 1
-1 1
+5 1
+3 9

fl=(48)
fn=(580)
41 3
+4 12
+1 3
+1 15

fn=(156)
29 2
+2 1
-2 5
+1 1
+1 2
+6 6

fn=(202)
77 8
+1 32

fn=(1640)
118 1
+1 4

fn=(7044)
97 10
+1 40

fl=(52)
fn=(222)
36 2
+3 1
-3 7
+3 1
-3 2
+3 1
cfi=(53)
cfn=(176)
calls=1 -11 
* 20
+1 2
+23 8
-21 4
cfi=(55)
cfn=(182)
calls=1 -12 
* 6
* 2
+2 2
+3 2
+13 2
cfi=(62)
cfn=(198)
calls=1 -35 
* 6
* 1
-11 6
cfi=(57)
cfn=(186)
calls=1 -2 
* 26
* 2

fn=(534)
87 2
+38 2
-1 2
+3 2
+2 80
+1 30
+3 7
-6 24
+18 2
+1 2
-15 6

fn=(172)
68 1855
+1 530
cfi=(32)
cfn=(94)
calls=265 +29 
* 9082
* 530
+3 265
+2 530
+6 258
-6 516
+1 882
cfi=(32)
cfn=(94)
calls=294 +23 
* 10386
* 588
+8 36
-13 36
+13 337
-1 229
+1 687

fl=(57)
fn=(186)
47 41
+3 82
-3 246
+6 82
+5 246
+2 164
-7 81

fl=(55)
fn=(182)
30 9
+9 36
+33 9

ob=(8)
fl=(191)
fn=(7184) 0x0000000000005a60
0 5

fn=(7164) 0x00000000000048f0
0 32

fn=(710)
0 12

fn=(708)
0 364

fn=(7174)
0 9
cob=(4)
cfi=(178)
cfn=(7180)
calls=1 0 
0 204
0 1
cfn=(7184)
calls=1 0 
0 5
0 3

fn=(7162)
0 5
cfn=(7164)
calls=1 0 
0 16
0 2
cfn=(7164)
calls=1 0 
0 16
0 3

totals: 427660838
