{
  "PAIR": {
    "tcp|64|throughput": 5156528.665,
    "tcp|64|latency": 53.269999999999996,
    "tcp|256|throughput": 2207514.68,
    "tcp|256|latency": 45.675,
    "tcp|1024|throughput": 890459.345,
    "tcp|1024|latency": 46.035,
    "tcp|65536|throughput": 59761.465,
    "tcp|65536|latency": 93.015,
    "tcp|131072|throughput": 35609.479999999996,
    "tcp|131072|latency": 94.655,
    "tcp|262144|throughput": 20183.795,
    "tcp|262144|latency": 132.81
  },
  "PUBSUB": {
    "tcp|64|throughput": 4956393.17,
    "tcp|64|latency": 0.2,
    "tcp|256|throughput": 2202380.87,
    "tcp|256|latency": 0.455,
    "tcp|1024|throughput": 890898.35,
    "tcp|1024|latency": 1.125,
    "tcp|65536|throughput": 60004.41499999999,
    "tcp|65536|latency": 16.67,
    "tcp|131072|throughput": 35337.385,
    "tcp|131072|latency": 28.299999999999997,
    "tcp|262144|throughput": 20144.49,
    "tcp|262144|latency": 49.644999999999996
  },
  "DEALER_DEALER": {
    "tcp|64|throughput": 5246594.295,
    "tcp|64|latency": 41.989999999999995,
    "tcp|256|throughput": 2173702.425,
    "tcp|256|latency": 44.19,
    "tcp|1024|throughput": 836515.535,
    "tcp|1024|latency": 43.385,
    "tcp|65536|throughput": 53716.465,
    "tcp|65536|latency": 95.025,
    "tcp|131072|throughput": 34466.805,
    "tcp|131072|latency": 120.38,
    "tcp|262144|throughput": 20022.9,
    "tcp|262144|latency": 120.05000000000001
  },
  "DEALER_ROUTER": {
    "tcp|64|throughput": 4973456.52,
    "tcp|64|latency": 50.565,
    "tcp|256|throughput": 2213627.7350000003,
    "tcp|256|latency": 51.480000000000004,
    "tcp|1024|throughput": 918914.3300000001,
    "tcp|1024|latency": 44.05,
    "tcp|65536|throughput": 51904.19,
    "tcp|65536|latency": 60.15,
    "tcp|131072|throughput": 33448.350000000006,
    "tcp|131072|latency": 85.0,
    "tcp|262144|throughput": 19410.64,
    "tcp|262144|latency": 104.33500000000001
  },
  "ROUTER_ROUTER": {
    "tcp|64|throughput": 4672740.904999999,
    "tcp|64|latency": 22.445,
    "tcp|256|throughput": 2118155.3,
    "tcp|256|latency": 20.74,
    "tcp|1024|throughput": 911899.015,
    "tcp|1024|latency": 21.560000000000002,
    "tcp|65536|throughput": 65603.89,
    "tcp|65536|latency": 43.435,
    "tcp|131072|throughput": 36698.259999999995,
    "tcp|131072|latency": 50.41,
    "tcp|262144|throughput": 21043.285,
    "tcp|262144|latency": 119.095
  },
  "ROUTER_ROUTER_POLL": {
    "tcp|64|throughput": 4705950.99,
    "tcp|64|latency": 20.825,
    "tcp|256|throughput": 2119659.78,
    "tcp|256|latency": 26.035,
    "tcp|1024|throughput": 921270.5149999999,
    "tcp|1024|latency": 21.545,
    "tcp|65536|throughput": 65369.625,
    "tcp|65536|latency": 43.11,
    "tcp|131072|throughput": 38650.649999999994,
    "tcp|131072|latency": 59.480000000000004,
    "tcp|262144|throughput": 21401.715,
    "tcp|262144|latency": 111.05
  },
  "STREAM": {
    "tcp|64|throughput": 4920173.7,
    "tcp|64|latency": 43.22,
    "tcp|256|throughput": 2874889.435,
    "tcp|256|latency": 48.525000000000006,
    "tcp|1024|throughput": 1270555.5550000002,
    "tcp|1024|latency": 43.57,
    "tcp|65536|throughput": 58299.58,
    "tcp|65536|latency": 81.245,
    "tcp|131072|throughput": 33178.065,
    "tcp|131072|latency": 89.455,
    "tcp|262144|throughput": 18718.405,
    "tcp|262144|latency": 114.87
  }
}