{
  "PAIR": {
    "tcp|64|throughput": 4349824.14,
    "tcp|64|latency": 4.984999999999999,
    "tcp|256|throughput": 2390021.025,
    "tcp|256|latency": 5.035,
    "tcp|1024|throughput": 882862.6,
    "tcp|1024|latency": 5.215,
    "tcp|65536|throughput": 34030.08,
    "tcp|65536|latency": 12.344999999999999,
    "tcp|131072|throughput": 19777.605,
    "tcp|131072|latency": 20.085,
    "tcp|262144|throughput": 10927.585,
    "tcp|262144|latency": 33.905,
    "ipc|64|throughput": 4298631.25,
    "ipc|64|latency": 4.525,
    "ipc|256|throughput": 2518948.5999999996,
    "ipc|256|latency": 4.484999999999999,
    "ipc|1024|throughput": 960681.9299999999,
    "ipc|1024|latency": 4.585,
    "ipc|65536|throughput": 32448.940000000002,
    "ipc|65536|latency": 12.035,
    "ipc|131072|throughput": 19031.53,
    "ipc|131072|latency": 19.055,
    "ipc|262144|throughput": 10302.720000000001,
    "ipc|262144|latency": 32.385000000000005,
    "inproc|64|throughput": 6917442.67,
    "inproc|64|latency": 0.07,
    "inproc|256|throughput": 5369725.525,
    "inproc|256|latency": 0.08,
    "inproc|1024|throughput": 3165230.3049999997,
    "inproc|1024|latency": 0.1,
    "inproc|65536|throughput": 166149.58000000002,
    "inproc|65536|latency": 1.94,
    "inproc|131072|throughput": 107350.745,
    "inproc|131072|latency": 3.545,
    "inproc|262144|throughput": 63752.81,
    "inproc|262144|latency": 7.135
  },
  "PUBSUB": {
    "tcp|64|throughput": 3733992.4299999997,
    "tcp|64|latency": 0.265,
    "tcp|256|throughput": 2232956.935,
    "tcp|256|latency": 0.45,
    "tcp|1024|throughput": 777967.2150000001,
    "tcp|1024|latency": 1.29,
    "tcp|65536|throughput": 58468.31,
    "tcp|65536|latency": 17.104999999999997,
    "tcp|131072|throughput": 35893.06,
    "tcp|131072|latency": 27.755000000000003,
    "tcp|262144|throughput": 19438.97,
    "tcp|262144|latency": 51.445,
    "ipc|64|throughput": 3775682.045,
    "ipc|64|latency": 0.265,
    "ipc|256|throughput": 2345509.79,
    "ipc|256|latency": 0.425,
    "ipc|1024|throughput": 848218.775,
    "ipc|1024|latency": 1.1749999999999998,
    "ipc|65536|throughput": 54140.485,
    "ipc|65536|latency": 18.47,
    "ipc|131072|throughput": 31237.155,
    "ipc|131072|latency": 32.01,
    "ipc|262144|throughput": 17648.5,
    "ipc|262144|latency": 55.675,
    "inproc|64|throughput": 3840963.38,
    "inproc|64|latency": 0.26,
    "inproc|256|throughput": 3358911.9699999997,
    "inproc|256|latency": 0.3,
    "inproc|1024|throughput": 1820113.2200000002,
    "inproc|1024|latency": 0.55,
    "inproc|65536|throughput": 176658.495,
    "inproc|65536|latency": 5.66,
    "inproc|131072|throughput": 101773.125,
    "inproc|131072|latency": 9.835,
    "inproc|262144|throughput": 55518.085,
    "inproc|262144|latency": 17.755
  },
  "DEALER_DEALER": {
    "tcp|64|throughput": 3870148.54,
    "tcp|64|latency": 39.375,
    "tcp|256|throughput": 2207053.23,
    "tcp|256|latency": 37.765,
    "tcp|1024|throughput": 780529.7050000001,
    "tcp|1024|latency": 36.364999999999995,
    "tcp|65536|throughput": 53722.685,
    "tcp|65536|latency": 97.165,
    "tcp|131072|throughput": 34102.365000000005,
    "tcp|131072|latency": 137.15,
    "tcp|262144|throughput": 19857.705,
    "tcp|262144|latency": 161.035,
    "ipc|64|throughput": 3832471.86,
    "ipc|64|latency": 32.72,
    "ipc|256|throughput": 2375260.48,
    "ipc|256|latency": 39.480000000000004,
    "ipc|1024|throughput": 836185.8200000001,
    "ipc|1024|latency": 35.385000000000005,
    "ipc|65536|throughput": 52518.585,
    "ipc|65536|latency": 94.775,
    "ipc|131072|throughput": 29404.35,
    "ipc|131072|latency": 112.66499999999999,
    "ipc|262144|throughput": 17372.565000000002,
    "ipc|262144|latency": 161.86,
    "inproc|64|throughput": 4277935.005,
    "inproc|64|latency": 0.09,
    "inproc|256|throughput": 3825242.165,
    "inproc|256|latency": 0.09,
    "inproc|1024|throughput": 1973116.12,
    "inproc|1024|latency": 0.11,
    "inproc|65536|throughput": 163949.89500000002,
    "inproc|65536|latency": 2.09,
    "inproc|131072|throughput": 89797.125,
    "inproc|131072|latency": 3.88,
    "inproc|262144|throughput": 55016.479999999996,
    "inproc|262144|latency": 7.77
  },
  "DEALER_ROUTER": {
    "tcp|64|throughput": 4004619.635,
    "tcp|64|latency": 61.295,
    "tcp|256|throughput": 2171438.555,
    "tcp|256|latency": 56.94,
    "tcp|1024|throughput": 782986.075,
    "tcp|1024|latency": 55.055,
    "tcp|65536|throughput": 52686.91,
    "tcp|65536|latency": 98.02,
    "tcp|131072|throughput": 32323.805,
    "tcp|131072|latency": 101.86500000000001,
    "tcp|262144|throughput": 19717.385000000002,
    "tcp|262144|latency": 113.025,
    "ipc|64|throughput": 3851547.985,
    "ipc|64|latency": 47.665,
    "ipc|256|throughput": 2246620.365,
    "ipc|256|latency": 53.61,
    "ipc|1024|throughput": 838073.875,
    "ipc|1024|latency": 57.82,
    "ipc|65536|throughput": 51091.009999999995,
    "ipc|65536|latency": 97.815,
    "ipc|131072|throughput": 30173.605,
    "ipc|131072|latency": 109.06,
    "ipc|262144|throughput": 17413.199999999997,
    "ipc|262144|latency": 153.895,
    "inproc|64|throughput": 3999939.455,
    "inproc|64|latency": 0.12,
    "inproc|256|throughput": 3025171.7800000003,
    "inproc|256|latency": 0.13,
    "inproc|1024|throughput": 1585934.5499999998,
    "inproc|1024|latency": 0.14,
    "inproc|65536|throughput": 144444.16,
    "inproc|65536|latency": 2.0300000000000002,
    "inproc|131072|throughput": 84887.955,
    "inproc|131072|latency": 3.84,
    "inproc|262144|throughput": 53329.425,
    "inproc|262144|latency": 7.275
  },
  "ROUTER_ROUTER": {
    "tcp|64|throughput": 3316776.045,
    "tcp|64|latency": 18.700000000000003,
    "tcp|256|throughput": 2065690.07,
    "tcp|256|latency": 19.380000000000003,
    "tcp|1024|throughput": 756002.13,
    "tcp|1024|latency": 20.025,
    "tcp|65536|throughput": 56316.615,
    "tcp|65536|latency": 40.025,
    "tcp|131072|throughput": 34582.03,
    "tcp|131072|latency": 65.16,
    "tcp|262144|throughput": 19696.745,
    "tcp|262144|latency": 139.09,
    "ipc|64|throughput": 3236258.5300000003,
    "ipc|64|latency": 17.314999999999998,
    "ipc|256|throughput": 2036531.5550000002,
    "ipc|256|latency": 18.105,
    "ipc|1024|throughput": 840642.97,
    "ipc|1024|latency": 18.740000000000002,
    "ipc|65536|throughput": 53541.05,
    "ipc|65536|latency": 36.64,
    "ipc|131072|throughput": 32052.894999999997,
    "ipc|131072|latency": 97.275,
    "ipc|262144|throughput": 17732.620000000003,
    "ipc|262144|latency": 110.43,
    "inproc|64|throughput": 3130661.5999999996,
    "inproc|64|latency": 0.19,
    "inproc|256|throughput": 2574996.915,
    "inproc|256|latency": 0.18,
    "inproc|1024|throughput": 1528945.28,
    "inproc|1024|latency": 0.21,
    "inproc|65536|throughput": 209412.85499999998,
    "inproc|65536|latency": 2.22,
    "inproc|131072|throughput": 95452.39499999999,
    "inproc|131072|latency": 4.075,
    "inproc|262144|throughput": 71637.695,
    "inproc|262144|latency": 7.55
  },
  "ROUTER_ROUTER_POLL": {
    "tcp|64|throughput": 3354914.7,
    "tcp|64|latency": 19.29,
    "tcp|256|throughput": 2077025.67,
    "tcp|256|latency": 19.785,
    "tcp|1024|throughput": 777340.665,
    "tcp|1024|latency": 19.58,
    "tcp|65536|throughput": 59569.61,
    "tcp|65536|latency": 39.94,
    "tcp|131072|throughput": 35250.32,
    "tcp|131072|latency": 50.46,
    "tcp|262144|throughput": 20063.515,
    "tcp|262144|latency": 132.84,
    "ipc|64|throughput": 3352179.425,
    "ipc|64|latency": 18.455,
    "ipc|256|throughput": 2104769.37,
    "ipc|256|latency": 18.549999999999997,
    "ipc|1024|throughput": 848464.6699999999,
    "ipc|1024|latency": 17.955,
    "ipc|65536|throughput": 54052.39,
    "ipc|65536|latency": 37.39,
    "ipc|131072|throughput": 31646.09,
    "ipc|131072|latency": 105.97,
    "ipc|262144|throughput": 17884.5,
    "ipc|262144|latency": 102.065,
    "inproc|64|throughput": 3177762.0949999997,